"ANNEE";"MOIS";"NAT_SERIES";"DESTINATION";"SDP_AUT";"SDP_COM"
2026;8;"Brute";"Ensemble des locaux non-residentiels";2834683;1235412
2026;8;"Brute";"Exploitation agricole";812482;242157
2026;8;"Brute";"Commerce";362024;171522
2026;8;"Brute";"Commerce - hotels";34647;25838
2026;8;"Brute";"Services publics";378695;279090
2026;8;"Brute";"Autres activites";1281482;542642
2026;8;"Brute";"Autres activites - industrie";455799;250944
2026;8;"Brute";"Autres activites - entrepot";629512;202934
2026;8;"Brute";"Autres activites - bureau";195208;88492
2026;8;"CVS-CJO";"Ensemble des locaux non-residentiels";2824913;1507528
2026;8;"CVS-CJO";"Exploitation agricole";815561;292199
2026;8;"CVS-CJO";"Commerce";379447;240809
2026;8;"CVS-CJO";"Commerce - hotels";34647;25838
2026;8;"CVS-CJO";"Services publics";374438;334041
2026;8;"CVS-CJO";"Autres activites";1255467;640479
2026;8;"CVS-CJO";"Autres activites - industrie";453751;356482
2026;8;"CVS-CJO";"Autres activites - entrepot";656887;249006
2026;8;"CVS-CJO";"Autres activites - bureau";228611;118485
2026;7;"Brute";"Ensemble des locaux non-residentiels";3234879;1822346
2026;7;"Brute";"Exploitation agricole";865845;446589
2026;7;"Brute";"Commerce";597987;257131
2026;7;"Brute";"Commerce - hotels";91079;34992
2026;7;"Brute";"Services publics";317518;352861
2026;7;"Brute";"Autres activites";1453525;765764
2026;7;"Brute";"Autres activites - industrie";478094;222585
2026;7;"Brute";"Autres activites - entrepot";687504;379729
2026;7;"Brute";"Autres activites - bureau";281882;163269
2026;7;"CVS-CJO";"Ensemble des locaux non-residentiels";2819022;1684002
2026;7;"CVS-CJO";"Exploitation agricole";728611;394506
2026;7;"CVS-CJO";"Commerce";520202;294227
2026;7;"CVS-CJO";"Commerce - hotels";91079;34992
2026;7;"CVS-CJO";"Services publics";299025;362499
2026;7;"CVS-CJO";"Autres activites";1271184;632770
2026;7;"CVS-CJO";"Autres activites - industrie";447760;199906
2026;7;"CVS-CJO";"Autres activites - entrepot";569276;348118
2026;7;"CVS-CJO";"Autres activites - bureau";247642;148565
2026;6;"Brute";"Ensemble des locaux non-residentiels";2810009;1832536
2026;6;"Brute";"Exploitation agricole";694387;412191
2026;6;"Brute";"Commerce";584314;295301
2026;6;"Brute";"Commerce - hotels";104762;32959
2026;6;"Brute";"Services publics";373199;379763
2026;6;"Brute";"Autres activites";1158112;745281
2026;6;"Brute";"Autres activites - industrie";321600;192091
2026;6;"Brute";"Autres activites - entrepot";581626;391951
2026;6;"Brute";"Autres activites - bureau";251115;161239
2026;6;"CVS-CJO";"Ensemble des locaux non-residentiels";2714256;1778371
2026;6;"CVS-CJO";"Exploitation agricole";604705;387925
2026;6;"CVS-CJO";"Commerce";529260;286672
2026;6;"CVS-CJO";"Commerce - hotels";104762;32959
2026;6;"CVS-CJO";"Services publics";359767;351265
2026;6;"CVS-CJO";"Autres activites";1220524;752509
2026;6;"CVS-CJO";"Autres activites - industrie";325534;182356
2026;6;"CVS-CJO";"Autres activites - entrepot";608674;346713
2026;6;"CVS-CJO";"Autres activites - bureau";250670;155491
2026;5;"Brute";"Ensemble des locaux non-residentiels";2388995;1428814
2026;5;"Brute";"Exploitation agricole";712139;266408
2026;5;"Brute";"Commerce";447309;311182
2026;5;"Brute";"Commerce - hotels";35390;48176
2026;5;"Brute";"Services publics";250732;256913
2026;5;"Brute";"Autres activites";978817;594311
2026;5;"Brute";"Autres activites - industrie";334062;186427
2026;5;"Brute";"Autres activites - entrepot";449283;281189
2026;5;"Brute";"Autres activites - bureau";193824;126428
2026;5;"CVS-CJO";"Ensemble des locaux non-residentiels";2686958;1493404
2026;5;"CVS-CJO";"Exploitation agricole";763913;295102
2026;5;"CVS-CJO";"Commerce";522098;279099
2026;5;"CVS-CJO";"Commerce - hotels";35390;48176
2026;5;"CVS-CJO";"Services publics";264368;259300
2026;5;"CVS-CJO";"Autres activites";1136579;659903
2026;5;"CVS-CJO";"Autres activites - industrie";426233;198084
2026;5;"CVS-CJO";"Autres activites - entrepot";506702;343223
2026;5;"CVS-CJO";"Autres activites - bureau";222665;159606
2026;4;"Brute";"Ensemble des locaux non-residentiels";2772010;1725706
2026;4;"Brute";"Exploitation agricole";650920;222713
2026;4;"Brute";"Commerce";432533;374981
2026;4;"Brute";"Commerce - hotels";37202;91169
2026;4;"Brute";"Services publics";472195;343223
2026;4;"Brute";"Autres activites";1216363;784789
2026;4;"Brute";"Autres activites - industrie";454903;174972
2026;4;"Brute";"Autres activites - entrepot";533932;370132
2026;4;"Brute";"Autres activites - bureau";223598;238692
2026;4;"CVS-CJO";"Ensemble des locaux non-residentiels";2977768;1841333
2026;4;"CVS-CJO";"Exploitation agricole";632167;284382
2026;4;"CVS-CJO";"Commerce";434126;372561
2026;4;"CVS-CJO";"Commerce - hotels";37202;91169
2026;4;"CVS-CJO";"Services publics";537436;389193
2026;4;"CVS-CJO";"Autres activites";1374039;795197
2026;4;"CVS-CJO";"Autres activites - industrie";459792;205405
2026;4;"CVS-CJO";"Autres activites - entrepot";697312;387831
2026;4;"CVS-CJO";"Autres activites - bureau";271836;222330
2026;3;"Brute";"Ensemble des locaux non-residentiels";3306367;2056632
2026;3;"Brute";"Exploitation agricole";857974;391415
2026;3;"Brute";"Commerce";702615;368224
2026;3;"Brute";"Commerce - hotels";82920;37420
2026;3;"Brute";"Services publics";302483;432159
2026;3;"Brute";"Autres activites";1443291;864834
2026;3;"Brute";"Autres activites - industrie";495119;261921
2026;3;"Brute";"Autres activites - entrepot";628340;376027
2026;3;"Brute";"Autres activites - bureau";317712;226252
2026;3;"CVS-CJO";"Ensemble des locaux non-residentiels";3284398;1885060
2026;3;"CVS-CJO";"Exploitation agricole";808774;374873
2026;3;"CVS-CJO";"Commerce";713336;348491
2026;3;"CVS-CJO";"Commerce - hotels";82920;37420
2026;3;"CVS-CJO";"Services publics";324475;392231
2026;3;"CVS-CJO";"Autres activites";1437813;769465
2026;3;"CVS-CJO";"Autres activites - industrie";419616;202568
2026;3;"CVS-CJO";"Autres activites - entrepot";616542;367424
2026;3;"CVS-CJO";"Autres activites - bureau";286423;177551
2026;2;"Brute";"Ensemble des locaux non-residentiels";2874103;1463966
2026;2;"Brute";"Exploitation agricole";540819;247983
2026;2;"Brute";"Commerce";536097;282613
2026;2;"Brute";"Commerce - hotels";67550;34367
2026;2;"Brute";"Services publics";403299;328775
2026;2;"Brute";"Autres activites";1393889;604595
2026;2;"Brute";"Autres activites - industrie";393374;141031
2026;2;"Brute";"Autres activites - entrepot";740828;293211
2026;2;"Brute";"Autres activites - bureau";258375;170353
2026;2;"CVS-CJO";"Ensemble des locaux non-residentiels";3225490;1495935
2026;2;"CVS-CJO";"Exploitation agricole";688560;207596
2026;2;"CVS-CJO";"Commerce";609462;283556
2026;2;"CVS-CJO";"Commerce - hotels";67550;34367
2026;2;"CVS-CJO";"Services publics";458976;335337
2026;2;"CVS-CJO";"Autres activites";1468492;669446
2026;2;"CVS-CJO";"Autres activites - industrie";504327;152557
2026;2;"CVS-CJO";"Autres activites - entrepot";672470;328561
2026;2;"CVS-CJO";"Autres activites - bureau";301591;184487
2026;1;"Brute";"Ensemble des locaux non-residentiels";2478378;1797515
2026;1;"Brute";"Exploitation agricole";723903;300615
2026;1;"Brute";"Commerce";461110;325907
2026;1;"Brute";"Commerce - hotels";43082;37782
2026;1;"Brute";"Services publics";355631;443844
2026;1;"Brute";"Autres activites";937737;727149
2026;1;"Brute";"Autres activites - industrie";246435;184662
2026;1;"Brute";"Autres activites - entrepot";444484;375303
2026;1;"Brute";"Autres activites - bureau";246817;167185
2026;1;"CVS-CJO";"Ensemble des locaux non-residentiels";2698214;1828673
2026;1;"CVS-CJO";"Exploitation agricole";760458;344161
2026;1;"CVS-CJO";"Commerce";528770;329724
2026;1;"CVS-CJO";"Commerce - hotels";43082;37782
2026;1;"CVS-CJO";"Services publics";402014;426116
2026;1;"CVS-CJO";"Autres activites";1006972;728672
2026;1;"CVS-CJO";"Autres activites - industrie";249208;197498
2026;1;"CVS-CJO";"Autres activites - entrepot";485448;309424
2026;1;"CVS-CJO";"Autres activites - bureau";268279;174951
2025;12;"Brute";"Ensemble des locaux non-residentiels";2963921;1728459
2025;12;"Brute";"Exploitation agricole";580790;268038
2025;12;"Brute";"Commerce";682596;390505
2025;12;"Brute";"Commerce - hotels";142167;51871
2025;12;"Brute";"Services publics";605959;410302
2025;12;"Brute";"Autres activites";1094574;659614
2025;12;"Brute";"Autres activites - industrie";320957;132539
2025;12;"Brute";"Autres activites - entrepot";483233;280386
2025;12;"Brute";"Autres activites - bureau";290384;246689
2025;12;"CVS-CJO";"Ensemble des locaux non-residentiels";2955749;1858006
2025;12;"CVS-CJO";"Exploitation agricole";689178;284878
2025;12;"CVS-CJO";"Commerce";614976;345219
2025;12;"CVS-CJO";"Commerce - hotels";142167;51871
2025;12;"CVS-CJO";"Services publics";577442;405079
2025;12;"CVS-CJO";"Autres activites";1074153;822830
2025;12;"CVS-CJO";"Autres activites - industrie";371491;166340
2025;12;"CVS-CJO";"Autres activites - entrepot";476629;356063
2025;12;"CVS-CJO";"Autres activites - bureau";261099;244524
2025;11;"Brute";"Ensemble des locaux non-residentiels";2824215;1779069
2025;11;"Brute";"Exploitation agricole";686771;372699
2025;11;"Brute";"Commerce";515066;331765
2025;11;"Brute";"Commerce - hotels";93313;43849
2025;11;"Brute";"Services publics";485351;295990
2025;11;"Brute";"Autres activites";1137028;778615
2025;11;"Brute";"Autres activites - industrie";372534;160828
2025;11;"Brute";"Autres activites - entrepot";510646;437565
2025;11;"Brute";"Autres activites - bureau";253665;180222
2025;11;"CVS-CJO";"Ensemble des locaux non-residentiels";2950525;1756802
2025;11;"CVS-CJO";"Exploitation agricole";710899;387309
2025;11;"CVS-CJO";"Commerce";562312;339103
2025;11;"CVS-CJO";"Commerce - hotels";93313;43849
2025;11;"CVS-CJO";"Services publics";479330;318648
2025;11;"CVS-CJO";"Autres activites";1197984;711742
2025;11;"CVS-CJO";"Autres activites - industrie";404825;160010
2025;11;"CVS-CJO";"Autres activites - entrepot";529740;405322
2025;11;"CVS-CJO";"Autres activites - bureau";263318;160982
2025;10;"Brute";"Ensemble des locaux non-residentiels";3605015;1764257
2025;10;"Brute";"Exploitation agricole";832959;367012
2025;10;"Brute";"Commerce";578717;334479
2025;10;"Brute";"Commerce - hotels";72635;40611
2025;10;"Brute";"Services publics";619040;367906
2025;10;"Brute";"Autres activites";1574300;694860
2025;10;"Brute";"Autres activites - industrie";691635;227957
2025;10;"Brute";"Autres activites - entrepot";592806;300022
2025;10;"Brute";"Autres activites - bureau";289859;166881
2025;10;"CVS-CJO";"Ensemble des locaux non-residentiels";3233166;1746006
2025;10;"CVS-CJO";"Exploitation agricole";795179;352659
2025;10;"CVS-CJO";"Commerce";546138;358313
2025;10;"CVS-CJO";"Commerce - hotels";72635;40611
2025;10;"CVS-CJO";"Services publics";498391;362061
2025;10;"CVS-CJO";"Autres activites";1393458;672973
2025;10;"CVS-CJO";"Autres activites - industrie";531037;201639
2025;10;"CVS-CJO";"Autres activites - entrepot";631093;289374
2025;10;"CVS-CJO";"Autres activites - bureau";249417;143857
2025;9;"Brute";"Ensemble des locaux non-residentiels";3750060;2142985
2025;9;"Brute";"Exploitation agricole";763434;463940
2025;9;"Brute";"Commerce";709269;384359
2025;9;"Brute";"Commerce - hotels";71545;41439
2025;9;"Brute";"Services publics";828946;459260
2025;9;"Brute";"Autres activites";1448412;835426
2025;9;"Brute";"Autres activites - industrie";358695;192892
2025;9;"Brute";"Autres activites - entrepot";815543;413369
2025;9;"Brute";"Autres activites - bureau";274174;229165
2025;9;"CVS-CJO";"Ensemble des locaux non-residentiels";3298594;1931237
2025;9;"CVS-CJO";"Exploitation agricole";699752;407669
2025;9;"CVS-CJO";"Commerce";614157;361895
2025;9;"CVS-CJO";"Commerce - hotels";71545;41439
2025;9;"CVS-CJO";"Services publics";755391;422776
2025;9;"CVS-CJO";"Autres activites";1229294;738897
2025;9;"CVS-CJO";"Autres activites - industrie";317901;153065
2025;9;"CVS-CJO";"Autres activites - entrepot";646579;354378
2025;9;"CVS-CJO";"Autres activites - bureau";228541;245240
2025;8;"Brute";"Ensemble des locaux non-residentiels";2838510;1445449
2025;8;"Brute";"Exploitation agricole";633700;295801
2025;8;"Brute";"Commerce";516111;229676
2025;8;"Brute";"Commerce - hotels";56042;19516
2025;8;"Brute";"Services publics";545396;269656
2025;8;"Brute";"Autres activites";1143304;650313
2025;8;"Brute";"Autres activites - industrie";364193;122755
2025;8;"Brute";"Autres activites - entrepot";546525;393643
2025;8;"Brute";"Autres activites - bureau";232586;133915
2025;8;"CVS-CJO";"Ensemble des locaux non-residentiels";2939265;1679615
2025;8;"CVS-CJO";"Exploitation agricole";686094;321897
2025;8;"CVS-CJO";"Commerce";573602;276379
2025;8;"CVS-CJO";"Commerce - hotels";56042;19516
2025;8;"CVS-CJO";"Services publics";544669;301994
2025;8;"CVS-CJO";"Autres activites";1134900;779345
2025;8;"CVS-CJO";"Autres activites - industrie";365783;171401
2025;8;"CVS-CJO";"Autres activites - entrepot";572348;483336
2025;8;"CVS-CJO";"Autres activites - bureau";272259;186374
2025;7;"Brute";"Ensemble des locaux non-residentiels";3630690;1903316
2025;7;"Brute";"Exploitation agricole";894486;411208
2025;7;"Brute";"Commerce";660245;308029
2025;7;"Brute";"Commerce - hotels";137065;52978
2025;7;"Brute";"Services publics";666821;282569
2025;7;"Brute";"Autres activites";1409134;901510
2025;7;"Brute";"Autres activites - industrie";355920;206639
2025;7;"Brute";"Autres activites - entrepot";719252;505799
2025;7;"Brute";"Autres activites - bureau";333962;189072
2025;7;"CVS-CJO";"Ensemble des locaux non-residentiels";3205598;1749698
2025;7;"CVS-CJO";"Exploitation agricole";765349;346207
2025;7;"CVS-CJO";"Commerce";581347;324498
2025;7;"CVS-CJO";"Commerce - hotels";137065;52978
2025;7;"CVS-CJO";"Services publics";633697;272434
2025;7;"CVS-CJO";"Autres activites";1225205;806559
2025;7;"CVS-CJO";"Autres activites - industrie";328568;191339
2025;7;"CVS-CJO";"Autres activites - entrepot";590654;474227
2025;7;"CVS-CJO";"Autres activites - bureau";294357;191289
2025;6;"Brute";"Ensemble des locaux non-residentiels";2967689;1678684
2025;6;"Brute";"Exploitation agricole";751562;344901
2025;6;"Brute";"Commerce";509476;341553
2025;6;"Brute";"Commerce - hotels";63054;57340
2025;6;"Brute";"Services publics";520859;328815
2025;6;"Brute";"Autres activites";1185796;663415
2025;6;"Brute";"Autres activites - industrie";402761;241130
2025;6;"Brute";"Autres activites - entrepot";543324;219760
2025;6;"Brute";"Autres activites - bureau";239711;202525
2025;6;"CVS-CJO";"Ensemble des locaux non-residentiels";2997897;1614773
2025;6;"CVS-CJO";"Exploitation agricole";726087;324512
2025;6;"CVS-CJO";"Commerce";506752;329107
2025;6;"CVS-CJO";"Commerce - hotels";63054;57340
2025;6;"CVS-CJO";"Services publics";507691;302557
2025;6;"CVS-CJO";"Autres activites";1257367;658597
2025;6;"CVS-CJO";"Autres activites - industrie";407645;229646
2025;6;"CVS-CJO";"Autres activites - entrepot";559883;197244
2025;6;"CVS-CJO";"Autres activites - bureau";239070;182984
2025;5;"Brute";"Ensemble des locaux non-residentiels";2754837;1557660
2025;5;"Brute";"Exploitation agricole";714644;254559
2025;5;"Brute";"Commerce";492964;316348
2025;5;"Brute";"Commerce - hotels";64433;38260
2025;5;"Brute";"Services publics";454620;276327
2025;5;"Brute";"Autres activites";1092612;710426
2025;5;"Brute";"Autres activites - industrie";291468;214658
2025;5;"Brute";"Autres activites - entrepot";574483;305240
2025;5;"Brute";"Autres activites - bureau";226661;190528
2025;5;"CVS-CJO";"Ensemble des locaux non-residentiels";2925626;1617376
2025;5;"CVS-CJO";"Exploitation agricole";693717;281451
2025;5;"CVS-CJO";"Commerce";519670;280453
2025;5;"CVS-CJO";"Commerce - hotels";64433;38260
2025;5;"CVS-CJO";"Services publics";478981;279367
2025;5;"CVS-CJO";"Autres activites";1233258;776105
2025;5;"CVS-CJO";"Autres activites - industrie";371975;227346
2025;5;"CVS-CJO";"Autres activites - entrepot";647973;356021
2025;5;"CVS-CJO";"Autres activites - bureau";259784;225516
2025;4;"Brute";"Ensemble des locaux non-residentiels";2865460;1492388
2025;4;"Brute";"Exploitation agricole";720315;298763
2025;4;"Brute";"Commerce";557519;342062
2025;4;"Brute";"Commerce - hotels";128846;69270
2025;4;"Brute";"Services publics";476621;238616
2025;4;"Brute";"Autres activites";1111007;612947
2025;4;"Brute";"Autres activites - industrie";397803;142843
2025;4;"Brute";"Autres activites - entrepot";447436;302123
2025;4;"Brute";"Autres activites - bureau";265768;167981
2025;4;"CVS-CJO";"Ensemble des locaux non-residentiels";3097486;1588050
2025;4;"CVS-CJO";"Exploitation agricole";697775;342685
2025;4;"CVS-CJO";"Commerce";567275;330187
2025;4;"CVS-CJO";"Commerce - hotels";128846;69270
2025;4;"CVS-CJO";"Services publics";545516;263611
2025;4;"CVS-CJO";"Autres activites";1286920;651567
2025;4;"CVS-CJO";"Autres activites - industrie";406079;167712
2025;4;"CVS-CJO";"Autres activites - entrepot";588493;315893
2025;4;"CVS-CJO";"Autres activites - bureau";326619;162790
2025;3;"Brute";"Ensemble des locaux non-residentiels";2966072;1808339
2025;3;"Brute";"Exploitation agricole";596914;283615
2025;3;"Brute";"Commerce";517182;331357
2025;3;"Brute";"Commerce - hotels";77591;29684
2025;3;"Brute";"Services publics";510200;339753
2025;3;"Brute";"Autres activites";1341776;853608
2025;3;"Brute";"Autres activites - industrie";302274;294024
2025;3;"Brute";"Autres activites - entrepot";766355;326319
2025;3;"Brute";"Autres activites - bureau";273147;233265
2025;3;"CVS-CJO";"Ensemble des locaux non-residentiels";3023148;1676846
2025;3;"CVS-CJO";"Exploitation agricole";590078;268309
2025;3;"CVS-CJO";"Commerce";551797;312810
2025;3;"CVS-CJO";"Commerce - hotels";77591;29684
2025;3;"CVS-CJO";"Services publics";540685;305299
2025;3;"CVS-CJO";"Autres activites";1340588;790428
2025;3;"CVS-CJO";"Autres activites - industrie";251353;227976
2025;3;"CVS-CJO";"Autres activites - entrepot";745180;326111
2025;3;"CVS-CJO";"Autres activites - bureau";247784;197528
2025;2;"Brute";"Ensemble des locaux non-residentiels";2927480;1566328
2025;2;"Brute";"Exploitation agricole";600681;348654
2025;2;"Brute";"Commerce";458874;279249
2025;2;"Brute";"Commerce - hotels";93553;33467
2025;2;"Brute";"Services publics";425143;286941
2025;2;"Brute";"Autres activites";1442785;651484
2025;2;"Brute";"Autres activites - industrie";295365;217293
2025;2;"Brute";"Autres activites - entrepot";899417;261150
2025;2;"Brute";"Autres activites - bureau";248003;173041
2025;2;"CVS-CJO";"Ensemble des locaux non-residentiels";3469052;1602790
2025;2;"CVS-CJO";"Exploitation agricole";795490;298537
2025;2;"CVS-CJO";"Commerce";543950;284134
2025;2;"CVS-CJO";"Commerce - hotels";93553;33467
2025;2;"CVS-CJO";"Services publics";505004;293704
2025;2;"CVS-CJO";"Autres activites";1624608;726415
2025;2;"CVS-CJO";"Autres activites - industrie";384330;230652
2025;2;"CVS-CJO";"Autres activites - entrepot";827147;295244
2025;2;"CVS-CJO";"Autres activites - bureau";294319;187777
2025;1;"Brute";"Ensemble des locaux non-residentiels";3171885;1967780
2025;1;"Brute";"Exploitation agricole";861729;310358
2025;1;"Brute";"Commerce";494505;331840
2025;1;"Brute";"Commerce - hotels";70341;67254
2025;1;"Brute";"Services publics";466329;361693
2025;1;"Brute";"Autres activites";1349321;963889
2025;1;"Brute";"Autres activites - industrie";437692;228843
2025;1;"Brute";"Autres activites - entrepot";624998;514790
2025;1;"Brute";"Autres activites - bureau";286631;220256
2025;1;"CVS-CJO";"Ensemble des locaux non-residentiels";3448448;2013700
2025;1;"CVS-CJO";"Exploitation agricole";892063;375096
2025;1;"CVS-CJO";"Commerce";547883;362011
2025;1;"CVS-CJO";"Commerce - hotels";70341;67254
2025;1;"CVS-CJO";"Services publics";539219;370228
2025;1;"CVS-CJO";"Autres activites";1469283;906365
2025;1;"CVS-CJO";"Autres activites - industrie";452566;245883
2025;1;"CVS-CJO";"Autres activites - entrepot";678286;416388
2025;1;"CVS-CJO";"Autres activites - bureau";313794;216940
2024;12;"Brute";"Ensemble des locaux non-residentiels";3744374;1444297
2024;12;"Brute";"Exploitation agricole";520853;308497
2024;12;"Brute";"Commerce";563721;345790
2024;12;"Brute";"Commerce - hotels";58450;39621
2024;12;"Brute";"Services publics";525579;261843
2024;12;"Brute";"Autres activites";2134218;528167
2024;12;"Brute";"Autres activites - industrie";988628;80180
2024;12;"Brute";"Autres activites - entrepot";841159;284256
2024;12;"Brute";"Autres activites - bureau";304431;163731
2024;12;"CVS-CJO";"Ensemble des locaux non-residentiels";3964201;1509419
2024;12;"CVS-CJO";"Exploitation agricole";675388;314159
2024;12;"CVS-CJO";"Commerce";561865;305885
2024;12;"CVS-CJO";"Commerce - hotels";58450;39621
2024;12;"CVS-CJO";"Services publics";525645;264880
2024;12;"CVS-CJO";"Autres activites";2201303;624495
2024;12;"CVS-CJO";"Autres activites - industrie";1154173;98141
2024;12;"CVS-CJO";"Autres activites - entrepot";831021;355972
2024;12;"CVS-CJO";"Autres activites - bureau";269715;164772
2024;11;"Brute";"Ensemble des locaux non-residentiels";2899308;1545072
2024;11;"Brute";"Exploitation agricole";683516;191820
2024;11;"Brute";"Commerce";458447;311853
2024;11;"Brute";"Commerce - hotels";74145;43289
2024;11;"Brute";"Services publics";469415;297073
2024;11;"Brute";"Autres activites";1287934;744321
2024;11;"Brute";"Autres activites - industrie";317110;205758
2024;11;"Brute";"Autres activites - entrepot";684226;267464
2024;11;"Brute";"Autres activites - bureau";286598;271099
2024;11;"CVS-CJO";"Ensemble des locaux non-residentiels";3025053;1498125
2024;11;"CVS-CJO";"Exploitation agricole";710615;188678
2024;11;"CVS-CJO";"Commerce";501945;295911
2024;11;"CVS-CJO";"Commerce - hotels";74145;43289
2024;11;"CVS-CJO";"Services publics";462390;301186
2024;11;"CVS-CJO";"Autres activites";1350103;712350
2024;11;"CVS-CJO";"Autres activites - industrie";335460;205039
2024;11;"CVS-CJO";"Autres activites - entrepot";707459;245483
2024;11;"CVS-CJO";"Autres activites - bureau";292184;274356
2024;10;"Brute";"Ensemble des locaux non-residentiels";3353474;1739563
2024;10;"Brute";"Exploitation agricole";655334;342819
2024;10;"Brute";"Commerce";541772;270985
2024;10;"Brute";"Commerce - hotels";78391;44238
2024;10;"Brute";"Services publics";562304;334798
2024;10;"Brute";"Autres activites";1594059;790960
2024;10;"Brute";"Autres activites - industrie";526789;209918
2024;10;"Brute";"Autres activites - entrepot";578308;371337
2024;10;"Brute";"Autres activites - bureau";488962;209705
2024;10;"CVS-CJO";"Ensemble des locaux non-residentiels";3027780;1715778
2024;10;"CVS-CJO";"Exploitation agricole";628874;324163
2024;10;"CVS-CJO";"Commerce";509048;283172
2024;10;"CVS-CJO";"Commerce - hotels";78391;44238
2024;10;"CVS-CJO";"Services publics";457796;316313
2024;10;"CVS-CJO";"Autres activites";1432062;792130
2024;10;"CVS-CJO";"Autres activites - industrie";402729;183978
2024;10;"CVS-CJO";"Autres activites - entrepot";621311;362385
2024;10;"CVS-CJO";"Autres activites - bureau";419077;189645
2024;9;"Brute";"Ensemble des locaux non-residentiels";3508139;1811996
2024;9;"Brute";"Exploitation agricole";626688;331976
2024;9;"Brute";"Commerce";633815;289706
2024;9;"Brute";"Commerce - hotels";130078;44518
2024;9;"Brute";"Services publics";491210;369605
2024;9;"Brute";"Autres activites";1756424;820708
2024;9;"Brute";"Autres activites - industrie";512725;357840
2024;9;"Brute";"Autres activites - entrepot";836786;297054
2024;9;"Brute";"Autres activites - bureau";406913;165814
2024;9;"CVS-CJO";"Ensemble des locaux non-residentiels";3038725;1625178
2024;9;"CVS-CJO";"Exploitation agricole";574954;287463
2024;9;"CVS-CJO";"Commerce";565626;274122
2024;9;"CVS-CJO";"Commerce - hotels";130078;44518
2024;9;"CVS-CJO";"Services publics";439787;346860
2024;9;"CVS-CJO";"Autres activites";1458358;716733
2024;9;"CVS-CJO";"Autres activites - industrie";456276;289639
2024;9;"CVS-CJO";"Autres activites - entrepot";673645;253422
2024;9;"CVS-CJO";"Autres activites - bureau";338355;169936
2024;8;"Brute";"Ensemble des locaux non-residentiels";3189510;1090660
2024;8;"Brute";"Exploitation agricole";542988;221590
2024;8;"Brute";"Commerce";468787;181687
2024;8;"Brute";"Commerce - hotels";91727;12077
2024;8;"Brute";"Services publics";442108;207736
2024;8;"Brute";"Autres activites";1735626;479647
2024;8;"Brute";"Autres activites - industrie";570172;154548
2024;8;"Brute";"Autres activites - entrepot";906696;186648
2024;8;"Brute";"Autres activites - bureau";258758;138451
2024;8;"CVS-CJO";"Ensemble des locaux non-residentiels";3175858;1303620
2024;8;"CVS-CJO";"Exploitation agricole";560826;260604
2024;8;"CVS-CJO";"Commerce";490182;234971
2024;8;"CVS-CJO";"Commerce - hotels";91727;12077
2024;8;"CVS-CJO";"Services publics";436139;238812
2024;8;"CVS-CJO";"Autres activites";1688711;569233
2024;8;"CVS-CJO";"Autres activites - industrie";577559;212648
2024;8;"CVS-CJO";"Autres activites - entrepot";946077;232577
2024;8;"CVS-CJO";"Autres activites - bureau";303501;180740
2024;7;"Brute";"Ensemble des locaux non-residentiels";3663465;1895527
2024;7;"Brute";"Exploitation agricole";780152;313172
2024;7;"Brute";"Commerce";716866;354957
2024;7;"Brute";"Commerce - hotels";117987;57687
2024;7;"Brute";"Services publics";579214;364479
2024;7;"Brute";"Autres activites";1587233;862919
2024;7;"Brute";"Autres activites - industrie";407112;288275
2024;7;"Brute";"Autres activites - entrepot";835794;381874
2024;7;"Brute";"Autres activites - bureau";344327;192770
2024;7;"CVS-CJO";"Ensemble des locaux non-residentiels";3156755;1796743
2024;7;"CVS-CJO";"Exploitation agricole";644277;270869
2024;7;"CVS-CJO";"Commerce";602305;371092
2024;7;"CVS-CJO";"Commerce - hotels";117987;57687
2024;7;"CVS-CJO";"Services publics";545093;353423
2024;7;"CVS-CJO";"Autres activites";1365080;801359
2024;7;"CVS-CJO";"Autres activites - industrie";376831;275299
2024;7;"CVS-CJO";"Autres activites - entrepot";686687;359938
2024;7;"CVS-CJO";"Autres activites - bureau";304613;195855
2024;6;"Brute";"Ensemble des locaux non-residentiels";3138124;1706356
2024;6;"Brute";"Exploitation agricole";703423;313545
2024;6;"Brute";"Commerce";592806;282133
2024;6;"Brute";"Commerce - hotels";87609;38351
2024;6;"Brute";"Services publics";612090;373035
2024;6;"Brute";"Autres activites";1229802;737643
2024;6;"Brute";"Autres activites - industrie";322844;195086
2024;6;"Brute";"Autres activites - entrepot";575998;344419
2024;6;"Brute";"Autres activites - bureau";330960;198138
2024;6;"CVS-CJO";"Ensemble des locaux non-residentiels";3109200;1603924
2024;6;"CVS-CJO";"Exploitation agricole";668037;289996
2024;6;"CVS-CJO";"Commerce";580500;253478
2024;6;"CVS-CJO";"Commerce - hotels";87609;38351
2024;6;"CVS-CJO";"Services publics";588661;332959
2024;6;"CVS-CJO";"Autres activites";1272002;727491
2024;6;"CVS-CJO";"Autres activites - industrie";318771;185675
2024;6;"CVS-CJO";"Autres activites - entrepot";578012;315196
2024;6;"CVS-CJO";"Autres activites - bureau";331436;195806
2024;5;"Brute";"Ensemble des locaux non-residentiels";2795952;1595519
2024;5;"Brute";"Exploitation agricole";601713;230655
2024;5;"Brute";"Commerce";497783;297154
2024;5;"Brute";"Commerce - hotels";91797;33079
2024;5;"Brute";"Services publics";513514;342994
2024;5;"Brute";"Autres activites";1182937;724705
2024;5;"Brute";"Autres activites - industrie";237531;327164
2024;5;"Brute";"Autres activites - entrepot";619474;215171
2024;5;"Brute";"Autres activites - bureau";325932;182370
2024;5;"CVS-CJO";"Ensemble des locaux non-residentiels";2957872;1629283
2024;5;"CVS-CJO";"Exploitation agricole";591174;257836
2024;5;"CVS-CJO";"Commerce";523642;271456
2024;5;"CVS-CJO";"Commerce - hotels";91797;33079
2024;5;"CVS-CJO";"Services publics";550273;358824
2024;5;"CVS-CJO";"Autres activites";1292783;741167
2024;5;"CVS-CJO";"Autres activites - industrie";296826;345087
2024;5;"CVS-CJO";"Autres activites - entrepot";701403;246205
2024;5;"CVS-CJO";"Autres activites - bureau";375588;203541
2024;4;"Brute";"Ensemble des locaux non-residentiels";2617575;1414197
2024;4;"Brute";"Exploitation agricole";641507;240652
2024;4;"Brute";"Commerce";534740;256386
2024;4;"Brute";"Commerce - hotels";65096;30599
2024;4;"Brute";"Services publics";424608;301749
2024;4;"Brute";"Autres activites";1016725;615410
2024;4;"Brute";"Autres activites - industrie";326698;187599
2024;4;"Brute";"Autres activites - entrepot";449655;276066
2024;4;"Brute";"Autres activites - bureau";240372;151745
2024;4;"CVS-CJO";"Ensemble des locaux non-residentiels";2892556;1511927
2024;4;"CVS-CJO";"Exploitation agricole";617801;280467
2024;4;"CVS-CJO";"Commerce";552623;256679
2024;4;"CVS-CJO";"Commerce - hotels";65096;30599
2024;4;"CVS-CJO";"Services publics";490973;317733
2024;4;"CVS-CJO";"Autres activites";1231159;657048
2024;4;"CVS-CJO";"Autres activites - industrie";346152;218304
2024;4;"CVS-CJO";"Autres activites - entrepot";597584;291424
2024;4;"CVS-CJO";"Autres activites - bureau";297453;152626
2024;3;"Brute";"Ensemble des locaux non-residentiels";3113531;1809070
2024;3;"Brute";"Exploitation agricole";632469;327829
2024;3;"Brute";"Commerce";565909;300474
2024;3;"Brute";"Commerce - hotels";97433;19595
2024;3;"Brute";"Services publics";476062;360915
2024;3;"Brute";"Autres activites";1439092;819852
2024;3;"Brute";"Autres activites - industrie";398735;205289
2024;3;"Brute";"Autres activites - entrepot";627877;320790
2024;3;"Brute";"Autres activites - bureau";412480;293774
2024;3;"CVS-CJO";"Ensemble des locaux non-residentiels";3130682;1704173
2024;3;"CVS-CJO";"Exploitation agricole";617028;318967
2024;3;"CVS-CJO";"Commerce";596899;281732
2024;3;"CVS-CJO";"Commerce - hotels";97433;19595
2024;3;"CVS-CJO";"Services publics";493125;342099
2024;3;"CVS-CJO";"Autres activites";1423630;761375
2024;3;"CVS-CJO";"Autres activites - industrie";325346;158833
2024;3;"CVS-CJO";"Autres activites - entrepot";604441;318712
2024;3;"CVS-CJO";"Autres activites - bureau";376238;243952
2024;2;"Brute";"Ensemble des locaux non-residentiels";2743448;2024762
2024;2;"Brute";"Exploitation agricole";480714;395062
2024;2;"Brute";"Commerce";520089;301738
2024;2;"Brute";"Commerce - hotels";124666;35255
2024;2;"Brute";"Services publics";519262;287711
2024;2;"Brute";"Autres activites";1223382;1040251
2024;2;"Brute";"Autres activites - industrie";215095;282766
2024;2;"Brute";"Autres activites - entrepot";698582;549952
2024;2;"Brute";"Autres activites - bureau";309704;207533
2024;2;"CVS-CJO";"Ensemble des locaux non-residentiels";3112013;2084598
2024;2;"CVS-CJO";"Exploitation agricole";589230;370766
2024;2;"CVS-CJO";"Commerce";573572;338161
2024;2;"CVS-CJO";"Commerce - hotels";124666;35255
2024;2;"CVS-CJO";"Services publics";587152;318410
2024;2;"CVS-CJO";"Autres activites";1362059;1057261
2024;2;"CVS-CJO";"Autres activites - industrie";288142;296300
2024;2;"CVS-CJO";"Autres activites - entrepot";643719;617557
2024;2;"CVS-CJO";"Autres activites - bureau";367690;215446
2024;1;"Brute";"Ensemble des locaux non-residentiels";2731307;1523383
2024;1;"Brute";"Exploitation agricole";458141;214404
2024;1;"Brute";"Commerce";476115;304542
2024;1;"Brute";"Commerce - hotels";44227;49308
2024;1;"Brute";"Services publics";398774;296349
2024;1;"Brute";"Autres activites";1398278;708080
2024;1;"Brute";"Autres activites - industrie";344083;180492
2024;1;"Brute";"Autres activites - entrepot";780719;294730
2024;1;"Brute";"Autres activites - bureau";273476;232858
2024;1;"CVS-CJO";"Ensemble des locaux non-residentiels";2938407;1557305
2024;1;"CVS-CJO";"Exploitation agricole";474674;253255
2024;1;"CVS-CJO";"Commerce";516163;315320
2024;1;"CVS-CJO";"Commerce - hotels";44227;49308
2024;1;"CVS-CJO";"Services publics";450010;296423
2024;1;"CVS-CJO";"Autres activites";1497560;692307
2024;1;"CVS-CJO";"Autres activites - industrie";366951;195627
2024;1;"CVS-CJO";"Autres activites - entrepot";837564;235670
2024;1;"CVS-CJO";"Autres activites - bureau";299457;242155
2023;12;"Brute";"Ensemble des locaux non-residentiels";2974515;1430164
2023;12;"Brute";"Exploitation agricole";470273;280939
2023;12;"Brute";"Commerce";576042;270907
2023;12;"Brute";"Commerce - hotels";72984;14776
2023;12;"Brute";"Services publics";433962;266730
2023;12;"Brute";"Autres activites";1494239;611435
2023;12;"Brute";"Autres activites - industrie";296491;177830
2023;12;"Brute";"Autres activites - entrepot";816197;234953
2023;12;"Brute";"Autres activites - bureau";381551;198652
2023;12;"CVS-CJO";"Ensemble des locaux non-residentiels";3089138;1500693
2023;12;"CVS-CJO";"Exploitation agricole";607335;276485
2023;12;"CVS-CJO";"Commerce";581397;234647
2023;12;"CVS-CJO";"Commerce - hotels";72984;14776
2023;12;"CVS-CJO";"Services publics";419041;269493
2023;12;"CVS-CJO";"Autres activites";1481365;720068
2023;12;"CVS-CJO";"Autres activites - industrie";349136;212350
2023;12;"CVS-CJO";"Autres activites - entrepot";808861;292046
2023;12;"CVS-CJO";"Autres activites - bureau";337442;195065
2023;11;"Brute";"Ensemble des locaux non-residentiels";2789639;2191366
2023;11;"Brute";"Exploitation agricole";510046;260331
2023;11;"Brute";"Commerce";551849;274506
2023;11;"Brute";"Commerce - hotels";69318;30877
2023;11;"Brute";"Services publics";504825;429661
2023;11;"Brute";"Autres activites";1222918;1226788
2023;11;"Brute";"Autres activites - industrie";299327;211012
2023;11;"Brute";"Autres activites - entrepot";632024;714959
2023;11;"Brute";"Autres activites - bureau";291567;300817
2023;11;"CVS-CJO";"Ensemble des locaux non-residentiels";2772002;2124613
2023;11;"CVS-CJO";"Exploitation agricole";479735;286699
2023;11;"CVS-CJO";"Commerce";547060;285362
2023;11;"CVS-CJO";"Commerce - hotels";69318;30877
2023;11;"CVS-CJO";"Services publics";490388;474165
2023;11;"CVS-CJO";"Autres activites";1254819;1078387
2023;11;"CVS-CJO";"Autres activites - industrie";306852;211668
2023;11;"CVS-CJO";"Autres activites - entrepot";657978;653342
2023;11;"CVS-CJO";"Autres activites - bureau";292113;259226
2023;10;"Brute";"Ensemble des locaux non-residentiels";3534989;1987693
2023;10;"Brute";"Exploitation agricole";772448;329118
2023;10;"Brute";"Commerce";582982;302046
2023;10;"Brute";"Commerce - hotels";73604;25757
2023;10;"Brute";"Services publics";689935;332816
2023;10;"Brute";"Autres activites";1489626;1023490
2023;10;"Brute";"Autres activites - industrie";462063;302409
2023;10;"Brute";"Autres activites - entrepot";635625;427813
2023;10;"Brute";"Autres activites - bureau";391938;293268
2023;10;"CVS-CJO";"Ensemble des locaux non-residentiels";3190781;1943096
2023;10;"CVS-CJO";"Exploitation agricole";764989;299161
2023;10;"CVS-CJO";"Commerce";552689;308901
2023;10;"CVS-CJO";"Commerce - hotels";73604;25757
2023;10;"CVS-CJO";"Services publics";549853;300315
2023;10;"CVS-CJO";"Autres activites";1323250;1034719
2023;10;"CVS-CJO";"Autres activites - industrie";355634;261892
2023;10;"CVS-CJO";"Autres activites - entrepot";683301;422005
2023;10;"CVS-CJO";"Autres activites - bureau";333552;255957
2023;9;"Brute";"Ensemble des locaux non-residentiels";3593239;1943765
2023;9;"Brute";"Exploitation agricole";783562;337931
2023;9;"Brute";"Commerce";639668;309168
2023;9;"Brute";"Commerce - hotels";117755;72464
2023;9;"Brute";"Services publics";522235;306046
2023;9;"Brute";"Autres activites";1647777;990618
2023;9;"Brute";"Autres activites - industrie";379862;338785
2023;9;"Brute";"Autres activites - entrepot";879213;448911
2023;9;"Brute";"Autres activites - bureau";388702;202922
2023;9;"CVS-CJO";"Ensemble des locaux non-residentiels";3160157;1777733
2023;9;"CVS-CJO";"Exploitation agricole";715548;301935
2023;9;"CVS-CJO";"Commerce";584718;289295
2023;9;"CVS-CJO";"Commerce - hotels";117755;72464
2023;9;"CVS-CJO";"Services publics";482954;287041
2023;9;"CVS-CJO";"Autres activites";1376937;899462
2023;9;"CVS-CJO";"Autres activites - industrie";329973;280481
2023;9;"CVS-CJO";"Autres activites - entrepot";723319;383243
2023;9;"CVS-CJO";"Autres activites - bureau";323874;221053
2023;8;"Brute";"Ensemble des locaux non-residentiels";2806721;1472709
2023;8;"Brute";"Exploitation agricole";565516;239043
2023;8;"Brute";"Commerce";499990;303126
2023;8;"Brute";"Commerce - hotels";109779;36484
2023;8;"Brute";"Services publics";381907;265014
2023;8;"Brute";"Autres activites";1359310;665526
2023;8;"Brute";"Autres activites - industrie";327891;139584
2023;8;"Brute";"Autres activites - entrepot";711189;320735
2023;8;"Brute";"Autres activites - bureau";320230;205207
2023;8;"CVS-CJO";"Ensemble des locaux non-residentiels";2746228;1743501
2023;8;"CVS-CJO";"Exploitation agricole";561942;296102
2023;8;"CVS-CJO";"Commerce";498044;371697
2023;8;"CVS-CJO";"Commerce - hotels";109779;36484
2023;8;"CVS-CJO";"Services publics";379971;296036
2023;8;"CVS-CJO";"Autres activites";1306271;779666
2023;8;"CVS-CJO";"Autres activites - industrie";328447;190332
2023;8;"CVS-CJO";"Autres activites - entrepot";733296;407334
2023;8;"CVS-CJO";"Autres activites - bureau";376360;252265
2023;7;"Brute";"Ensemble des locaux non-residentiels";3608970;1741346
2023;7;"Brute";"Exploitation agricole";568276;318725
2023;7;"Brute";"Commerce";577463;258406
2023;7;"Brute";"Commerce - hotels";87481;25363
2023;7;"Brute";"Services publics";492651;315370
2023;7;"Brute";"Autres activites";1970577;848839
2023;7;"Brute";"Autres activites - industrie";570643;308555
2023;7;"Brute";"Autres activites - entrepot";1002050;301569
2023;7;"Brute";"Autres activites - bureau";397884;238715
2023;7;"CVS-CJO";"Ensemble des locaux non-residentiels";3305963;1647254
2023;7;"CVS-CJO";"Exploitation agricole";554498;276330
2023;7;"CVS-CJO";"Commerce";566394;263100
2023;7;"CVS-CJO";"Commerce - hotels";87481;25363
2023;7;"CVS-CJO";"Services publics";461811;292562
2023;7;"CVS-CJO";"Autres activites";1723260;815262
2023;7;"CVS-CJO";"Autres activites - industrie";532479;300619
2023;7;"CVS-CJO";"Autres activites - entrepot";835288;283865
2023;7;"CVS-CJO";"Autres activites - bureau";352671;261659
2023;6;"Brute";"Ensemble des locaux non-residentiels";3336857;2109456
2023;6;"Brute";"Exploitation agricole";581089;298480
2023;6;"Brute";"Commerce";635716;434520
2023;6;"Brute";"Commerce - hotels";56085;86424
2023;6;"Brute";"Services publics";534801;370876
2023;6;"Brute";"Autres activites";1585251;1005580
2023;6;"Brute";"Autres activites - industrie";400128;270976
2023;6;"Brute";"Autres activites - entrepot";816923;424162
2023;6;"Brute";"Autres activites - bureau";368200;310442
2023;6;"CVS-CJO";"Ensemble des locaux non-residentiels";3127465;1975340
2023;6;"CVS-CJO";"Exploitation agricole";485533;301222
2023;6;"CVS-CJO";"Commerce";554609;416483
2023;6;"CVS-CJO";"Commerce - hotels";56085;86424
2023;6;"CVS-CJO";"Services publics";503622;353443
2023;6;"CVS-CJO";"Autres activites";1583701;904192
2023;6;"CVS-CJO";"Autres activites - industrie";385283;258607
2023;6;"CVS-CJO";"Autres activites - entrepot";795368;391970
2023;6;"CVS-CJO";"Autres activites - bureau";371942;276216
2023;5;"Brute";"Ensemble des locaux non-residentiels";3057999;1485137
2023;5;"Brute";"Exploitation agricole";460610;273907
2023;5;"Brute";"Commerce";579272;306866
2023;5;"Brute";"Commerce - hotels";92916;63640
2023;5;"Brute";"Services publics";520456;318394
2023;5;"Brute";"Autres activites";1497663;585827
2023;5;"Brute";"Autres activites - industrie";454419;177463
2023;5;"Brute";"Autres activites - entrepot";723169;226590
2023;5;"Brute";"Autres activites - bureau";320075;181774
2023;5;"CVS-CJO";"Ensemble des locaux non-residentiels";3237067;1482165
2023;5;"CVS-CJO";"Exploitation agricole";456816;260355
2023;5;"CVS-CJO";"Commerce";607998;258927
2023;5;"CVS-CJO";"Commerce - hotels";92916;63640
2023;5;"CVS-CJO";"Services publics";566420;316971
2023;5;"CVS-CJO";"Autres activites";1605833;645912
2023;5;"CVS-CJO";"Autres activites - industrie";566619;187809
2023;5;"CVS-CJO";"Autres activites - entrepot";825213;257488
2023;5;"CVS-CJO";"Autres activites - bureau";373270;212547
2023;4;"Brute";"Ensemble des locaux non-residentiels";2574864;1725805
2023;4;"Brute";"Exploitation agricole";477809;321719
2023;4;"Brute";"Commerce";509225;235901
2023;4;"Brute";"Commerce - hotels";56102;20804
2023;4;"Brute";"Services publics";397645;317833
2023;4;"Brute";"Autres activites";1190187;850352
2023;4;"Brute";"Autres activites - industrie";336745;205850
2023;4;"Brute";"Autres activites - entrepot";573406;373632
2023;4;"Brute";"Autres activites - bureau";280036;270870
2023;4;"CVS-CJO";"Ensemble des locaux non-residentiels";2989348;1856462
2023;4;"CVS-CJO";"Exploitation agricole";492421;356644
2023;4;"CVS-CJO";"Commerce";568985;241723
2023;4;"CVS-CJO";"Commerce - hotels";56102;20804
2023;4;"CVS-CJO";"Services publics";452208;314479
2023;4;"CVS-CJO";"Autres activites";1475734;943616
2023;4;"CVS-CJO";"Autres activites - industrie";378861;236654
2023;4;"CVS-CJO";"Autres activites - entrepot";757196;402252
2023;4;"CVS-CJO";"Autres activites - bureau";348344;289359
2023;3;"Brute";"Ensemble des locaux non-residentiels";3190611;2148214
2023;3;"Brute";"Exploitation agricole";589964;330496
2023;3;"Brute";"Commerce";545458;371971
2023;3;"Brute";"Commerce - hotels";82033;81677
2023;3;"Brute";"Services publics";492838;340886
2023;3;"Brute";"Autres activites";1562351;1104832
2023;3;"Brute";"Autres activites - industrie";524484;326961
2023;3;"Brute";"Autres activites - entrepot";597998;443311
2023;3;"Brute";"Autres activites - bureau";439869;334560
2023;3;"CVS-CJO";"Ensemble des locaux non-residentiels";3072940;2043263
2023;3;"CVS-CJO";"Exploitation agricole";519991;342012
2023;3;"CVS-CJO";"Commerce";523861;377118
2023;3;"CVS-CJO";"Commerce - hotels";82033;81677
2023;3;"CVS-CJO";"Services publics";504545;352167
2023;3;"CVS-CJO";"Autres activites";1524543;971966
2023;3;"CVS-CJO";"Autres activites - industrie";422898;251788
2023;3;"CVS-CJO";"Autres activites - entrepot";570907;433850
2023;3;"CVS-CJO";"Autres activites - bureau";401083;263262
2023;2;"Brute";"Ensemble des locaux non-residentiels";2594523;1872558
2023;2;"Brute";"Exploitation agricole";413905;403234
2023;2;"Brute";"Commerce";539786;289618
2023;2;"Brute";"Commerce - hotels";81312;31425
2023;2;"Brute";"Services publics";437038;395221
2023;2;"Brute";"Autres activites";1203794;784482
2023;2;"Brute";"Autres activites - industrie";294641;183795
2023;2;"Brute";"Autres activites - entrepot";614695;358082
2023;2;"Brute";"Autres activites - bureau";294458;242605
2023;2;"CVS-CJO";"Ensemble des locaux non-residentiels";3079889;1879396
2023;2;"CVS-CJO";"Exploitation agricole";536658;338383
2023;2;"CVS-CJO";"Commerce";631013;294015
2023;2;"CVS-CJO";"Commerce - hotels";81312;31425
2023;2;"CVS-CJO";"Services publics";499288;390412
2023;2;"CVS-CJO";"Autres activites";1412930;856586
2023;2;"CVS-CJO";"Autres activites - industrie";400928;189615
2023;2;"CVS-CJO";"Autres activites - entrepot";569981;397121
2023;2;"CVS-CJO";"Autres activites - bureau";344431;267959
2023;1;"Brute";"Ensemble des locaux non-residentiels";3028572;1882897
2023;1;"Brute";"Exploitation agricole";611555;293785
2023;1;"Brute";"Commerce";518785;363803
2023;1;"Brute";"Commerce - hotels";81776;71858
2023;1;"Brute";"Services publics";537020;345161
2023;1;"Brute";"Autres activites";1361210;880148
2023;1;"Brute";"Autres activites - industrie";305013;198252
2023;1;"Brute";"Autres activites - entrepot";658741;452567
2023;1;"Brute";"Autres activites - bureau";397456;229329
2023;1;"CVS-CJO";"Ensemble des locaux non-residentiels";3256538;1925367
2023;1;"CVS-CJO";"Exploitation agricole";646529;331325
2023;1;"CVS-CJO";"Commerce";560438;379971
2023;1;"CVS-CJO";"Commerce - hotels";81776;71858
2023;1;"CVS-CJO";"Services publics";601047;367694
2023;1;"CVS-CJO";"Autres activites";1448524;846377
2023;1;"CVS-CJO";"Autres activites - industrie";333125;216570
2023;1;"CVS-CJO";"Autres activites - entrepot";700356;354846
2023;1;"CVS-CJO";"Autres activites - bureau";430973;240584
2022;12;"Brute";"Ensemble des locaux non-residentiels";2987565;1923282
2022;12;"Brute";"Exploitation agricole";534471;344975
2022;12;"Brute";"Commerce";525809;429055
2022;12;"Brute";"Commerce - hotels";76228;82816
2022;12;"Brute";"Services publics";511566;361990
2022;12;"Brute";"Autres activites";1415714;787262
2022;12;"Brute";"Autres activites - industrie";344526;222222
2022;12;"Brute";"Autres activites - entrepot";656995;248171
2022;12;"Brute";"Autres activites - bureau";414193;316869
2022;12;"CVS-CJO";"Ensemble des locaux non-residentiels";3086297;2021940
2022;12;"CVS-CJO";"Exploitation agricole";634617;354762
2022;12;"CVS-CJO";"Commerce";499287;407776
2022;12;"CVS-CJO";"Commerce - hotels";76228;82816
2022;12;"CVS-CJO";"Services publics";513248;382353
2022;12;"CVS-CJO";"Autres activites";1439145;877049
2022;12;"CVS-CJO";"Autres activites - industrie";405036;260945
2022;12;"CVS-CJO";"Autres activites - entrepot";657655;304958
2022;12;"CVS-CJO";"Autres activites - bureau";369338;318019
2022;11;"Brute";"Ensemble des locaux non-residentiels";3751941;2011653
2022;11;"Brute";"Exploitation agricole";646477;340724
2022;11;"Brute";"Commerce";606610;365714
2022;11;"Brute";"Commerce - hotels";103442;40132
2022;11;"Brute";"Services publics";547550;327498
2022;11;"Brute";"Autres activites";1951305;977707
2022;11;"Brute";"Autres activites - industrie";445693;289530
2022;11;"Brute";"Autres activites - entrepot";1078975;439756
2022;11;"Brute";"Autres activites - bureau";426637;248422
2022;11;"CVS-CJO";"Ensemble des locaux non-residentiels";3810315;1933012
2022;11;"CVS-CJO";"Exploitation agricole";654475;348364
2022;11;"CVS-CJO";"Commerce";632593;350289
2022;11;"CVS-CJO";"Commerce - hotels";103442;40132
2022;11;"CVS-CJO";"Services publics";533401;328550
2022;11;"CVS-CJO";"Autres activites";1989846;905809
2022;11;"CVS-CJO";"Autres activites - industrie";443166;291488
2022;11;"CVS-CJO";"Autres activites - entrepot";1142658;410173
2022;11;"CVS-CJO";"Autres activites - bureau";425018;236336
2022;10;"Brute";"Ensemble des locaux non-residentiels";3881915;2044651
2022;10;"Brute";"Exploitation agricole";616188;333198
2022;10;"Brute";"Commerce";690913;349771
2022;10;"Brute";"Commerce - hotels";134124;44140
2022;10;"Brute";"Services publics";711047;474455
2022;10;"Brute";"Autres activites";1863768;887092
2022;10;"Brute";"Autres activites - industrie";445239;212911
2022;10;"Brute";"Autres activites - entrepot";935616;391951
2022;10;"Brute";"Autres activites - bureau";482913;282230
2022;10;"CVS-CJO";"Ensemble des locaux non-residentiels";3612451;1990334
2022;10;"CVS-CJO";"Exploitation agricole";653143;294142
2022;10;"CVS-CJO";"Commerce";686817;356621
2022;10;"CVS-CJO";"Commerce - hotels";134124;44140
2022;10;"CVS-CJO";"Services publics";572312;436494
2022;10;"CVS-CJO";"Autres activites";1700179;903077
2022;10;"CVS-CJO";"Autres activites - industrie";342019;183216
2022;10;"CVS-CJO";"Autres activites - entrepot";984483;387329
2022;10;"CVS-CJO";"Autres activites - bureau";412382;253856
2022;9;"Brute";"Ensemble des locaux non-residentiels";3931371;2102281
2022;9;"Brute";"Exploitation agricole";775520;267458
2022;9;"Brute";"Commerce";698501;384906
2022;9;"Brute";"Commerce - hotels";109523;83356
2022;9;"Brute";"Services publics";579762;312557
2022;9;"Brute";"Autres activites";1877587;1137321
2022;9;"Brute";"Autres activites - industrie";422096;293259
2022;9;"Brute";"Autres activites - entrepot";931072;568036
2022;9;"Brute";"Autres activites - bureau";524419;276026
2022;9;"CVS-CJO";"Ensemble des locaux non-residentiels";3325171;1926507
2022;9;"CVS-CJO";"Exploitation agricole";646418;251616
2022;9;"CVS-CJO";"Commerce";602385;379911
2022;9;"CVS-CJO";"Commerce - hotels";109523;83356
2022;9;"CVS-CJO";"Services publics";535575;313775
2022;9;"CVS-CJO";"Autres activites";1540793;981205
2022;9;"CVS-CJO";"Autres activites - industrie";359493;247280
2022;9;"CVS-CJO";"Autres activites - entrepot";774109;486688
2022;9;"CVS-CJO";"Autres activites - bureau";437977;282555
2022;8;"Brute";"Ensemble des locaux non-residentiels";3290266;1780746
2022;8;"Brute";"Exploitation agricole";532439;322313
2022;8;"Brute";"Commerce";648929;273473
2022;8;"Brute";"Commerce - hotels";102070;38468
2022;8;"Brute";"Services publics";528455;346044
2022;8;"Brute";"Autres activites";1580443;838914
2022;8;"Brute";"Autres activites - industrie";377232;169512
2022;8;"Brute";"Autres activites - entrepot";596972;413939
2022;8;"Brute";"Autres activites - bureau";606239;255463
2022;8;"CVS-CJO";"Ensemble des locaux non-residentiels";3271524;2045709
2022;8;"CVS-CJO";"Exploitation agricole";537621;357326
2022;8;"CVS-CJO";"Commerce";651816;325566
2022;8;"CVS-CJO";"Commerce - hotels";102070;38468
2022;8;"CVS-CJO";"Services publics";542075;341115
2022;8;"CVS-CJO";"Autres activites";1540012;1021702
2022;8;"CVS-CJO";"Autres activites - industrie";378243;228572
2022;8;"CVS-CJO";"Autres activites - entrepot";600167;531003
2022;8;"CVS-CJO";"Autres activites - bureau";708744;317874
2022;7;"Brute";"Ensemble des locaux non-residentiels";3246393;1792814
2022;7;"Brute";"Exploitation agricole";549700;313048
2022;7;"Brute";"Commerce";567519;312720
2022;7;"Brute";"Commerce - hotels";79985;50900
2022;7;"Brute";"Services publics";407633;219098
2022;7;"Brute";"Autres activites";1721539;947932
2022;7;"Brute";"Autres activites - industrie";440650;241056
2022;7;"Brute";"Autres activites - entrepot";897625;390618
2022;7;"Brute";"Autres activites - bureau";383264;316258
2022;7;"CVS-CJO";"Ensemble des locaux non-residentiels";3006114;1723663
2022;7;"CVS-CJO";"Exploitation agricole";538098;281903
2022;7;"CVS-CJO";"Commerce";563024;310947
2022;7;"CVS-CJO";"Commerce - hotels";79985;50900
2022;7;"CVS-CJO";"Services publics";378336;201476
2022;7;"CVS-CJO";"Autres activites";1526656;929337
2022;7;"CVS-CJO";"Autres activites - industrie";421392;240032
2022;7;"CVS-CJO";"Autres activites - entrepot";770292;370088
2022;7;"CVS-CJO";"Autres activites - bureau";337572;309087
2022;6;"Brute";"Ensemble des locaux non-residentiels";3204228;2328945
2022;6;"Brute";"Exploitation agricole";609146;366388
2022;6;"Brute";"Commerce";670158;478931
2022;6;"Brute";"Commerce - hotels";100521;65202
2022;6;"Brute";"Services publics";432869;320703
2022;6;"Brute";"Autres activites";1492057;1162863
2022;6;"Brute";"Autres activites - industrie";392244;211164
2022;6;"Brute";"Autres activites - entrepot";629555;632410
2022;6;"Brute";"Autres activites - bureau";470258;319289
2022;6;"CVS-CJO";"Ensemble des locaux non-residentiels";3027814;2143373
2022;6;"CVS-CJO";"Exploitation agricole";533027;364320
2022;6;"CVS-CJO";"Commerce";615448;437886
2022;6;"CVS-CJO";"Commerce - hotels";100521;65202
2022;6;"CVS-CJO";"Services publics";413094;288906
2022;6;"CVS-CJO";"Autres activites";1466245;1052261
2022;6;"CVS-CJO";"Autres activites - industrie";368486;200479
2022;6;"CVS-CJO";"Autres activites - entrepot";603985;585758
2022;6;"CVS-CJO";"Autres activites - bureau";476413;292828
2022;5;"Brute";"Ensemble des locaux non-residentiels";3171341;2351289
2022;5;"Brute";"Exploitation agricole";701611;463017
2022;5;"Brute";"Commerce";568810;481101
2022;5;"Brute";"Commerce - hotels";95609;58327
2022;5;"Brute";"Services publics";527534;273179
2022;5;"Brute";"Autres activites";1373385;1133666
2022;5;"Brute";"Autres activites - industrie";299607;221377
2022;5;"Brute";"Autres activites - entrepot";653546;676241
2022;5;"Brute";"Autres activites - bureau";420232;236050
2022;5;"CVS-CJO";"Ensemble des locaux non-residentiels";3264152;2343070
2022;5;"CVS-CJO";"Exploitation agricole";649867;415711
2022;5;"CVS-CJO";"Commerce";554953;425260
2022;5;"CVS-CJO";"Commerce - hotels";95609;58327
2022;5;"CVS-CJO";"Services publics";587372;286589
2022;5;"CVS-CJO";"Autres activites";1471960;1215510
2022;5;"CVS-CJO";"Autres activites - industrie";362833;235048
2022;5;"CVS-CJO";"Autres activites - entrepot";742151;772365
2022;5;"CVS-CJO";"Autres activites - bureau";490402;287359
2022;4;"Brute";"Ensemble des locaux non-residentiels";3089636;2718536
2022;4;"Brute";"Exploitation agricole";713490;514364
2022;4;"Brute";"Commerce";552882;561489
2022;4;"Brute";"Commerce - hotels";73668;75064
2022;4;"Brute";"Services publics";364972;404838
2022;4;"Brute";"Autres activites";1458292;1236776
2022;4;"Brute";"Autres activites - industrie";354875;336129
2022;4;"Brute";"Autres activites - entrepot";599659;595490
2022;4;"Brute";"Autres activites - bureau";503758;305157
2022;4;"CVS-CJO";"Ensemble des locaux non-residentiels";3578817;2998534
2022;4;"CVS-CJO";"Exploitation agricole";704886;578684
2022;4;"CVS-CJO";"Commerce";592627;594633
2022;4;"CVS-CJO";"Commerce - hotels";73668;75064
2022;4;"CVS-CJO";"Services publics";414092;417798
2022;4;"CVS-CJO";"Autres activites";1867212;1407419
2022;4;"CVS-CJO";"Autres activites - industrie";425722;381848
2022;4;"CVS-CJO";"Autres activites - entrepot";795056;659006
2022;4;"CVS-CJO";"Autres activites - bureau";628203;322395
2022;3;"Brute";"Ensemble des locaux non-residentiels";3536816;2311795
2022;3;"Brute";"Exploitation agricole";708000;399679
2022;3;"Brute";"Commerce";723731;364628
2022;3;"Brute";"Commerce - hotels";115905;39784
2022;3;"Brute";"Services publics";505725;527329
2022;3;"Brute";"Autres activites";1599360;1019911
2022;3;"Brute";"Autres activites - industrie";484001;328718
2022;3;"Brute";"Autres activites - entrepot";705397;375406
2022;3;"Brute";"Autres activites - bureau";409962;315787
2022;3;"CVS-CJO";"Ensemble des locaux non-residentiels";3425911;2194088
2022;3;"CVS-CJO";"Exploitation agricole";636484;396361
2022;3;"CVS-CJO";"Commerce";703077;355555
2022;3;"CVS-CJO";"Commerce - hotels";115905;39784
2022;3;"CVS-CJO";"Services publics";515924;539282
2022;3;"CVS-CJO";"Autres activites";1570426;902890
2022;3;"CVS-CJO";"Autres activites - industrie";393563;255737
2022;3;"CVS-CJO";"Autres activites - entrepot";673822;351828
2022;3;"CVS-CJO";"Autres activites - bureau";380510;275160
2022;2;"Brute";"Ensemble des locaux non-residentiels";2554651;2114672
2022;2;"Brute";"Exploitation agricole";468117;322459
2022;2;"Brute";"Commerce";522382;398677
2022;2;"Brute";"Commerce - hotels";68478;49738
2022;2;"Brute";"Services publics";362811;359854
2022;2;"Brute";"Autres activites";1201339;1033592
2022;2;"Brute";"Autres activites - industrie";300905;258793
2022;2;"Brute";"Autres activites - entrepot";630631;534050
2022;2;"Brute";"Autres activites - bureau";269803;240749
2022;2;"CVS-CJO";"Ensemble des locaux non-residentiels";2986135;2122675
2022;2;"CVS-CJO";"Exploitation agricole";585313;265714
2022;2;"CVS-CJO";"Commerce";601707;396929
2022;2;"CVS-CJO";"Commerce - hotels";68478;49738
2022;2;"CVS-CJO";"Services publics";401615;349801
2022;2;"CVS-CJO";"Autres activites";1397500;1110231
2022;2;"CVS-CJO";"Autres activites - industrie";403884;259985
2022;2;"CVS-CJO";"Autres activites - entrepot";586929;589104
2022;2;"CVS-CJO";"Autres activites - bureau";312532;267209
2022;1;"Brute";"Ensemble des locaux non-residentiels";2648922;2417175
2022;1;"Brute";"Exploitation agricole";466387;379568
2022;1;"Brute";"Commerce";541807;278297
2022;1;"Brute";"Commerce - hotels";91755;31771
2022;1;"Brute";"Services publics";310790;283863
2022;1;"Brute";"Autres activites";1329935;1475389
2022;1;"Brute";"Autres activites - industrie";294621;286001
2022;1;"Brute";"Autres activites - entrepot";688800;935479
2022;1;"Brute";"Autres activites - bureau";346514;253909
2022;1;"CVS-CJO";"Ensemble des locaux non-residentiels";2900141;2489986
2022;1;"CVS-CJO";"Exploitation agricole";525292;425912
2022;1;"CVS-CJO";"Commerce";612120;301190
2022;1;"CVS-CJO";"Commerce - hotels";91755;31771
2022;1;"CVS-CJO";"Services publics";346532;331847
2022;1;"CVS-CJO";"Autres activites";1416197;1431037
2022;1;"CVS-CJO";"Autres activites - industrie";330099;316151
2022;1;"CVS-CJO";"Autres activites - entrepot";723889;724182
2022;1;"CVS-CJO";"Autres activites - bureau";375223;252837
2021;12;"Brute";"Ensemble des locaux non-residentiels";3058168;2079291
2021;12;"Brute";"Exploitation agricole";464137;417039
2021;12;"Brute";"Commerce";602408;369380
2021;12;"Brute";"Commerce - hotels";99625;50202
2021;12;"Brute";"Services publics";536239;286846
2021;12;"Brute";"Autres activites";1455383;1005961
2021;12;"Brute";"Autres activites - industrie";271591;183976
2021;12;"Brute";"Autres activites - entrepot";660696;539603
2021;12;"Brute";"Autres activites - bureau";523096;282381
2021;12;"CVS-CJO";"Ensemble des locaux non-residentiels";3072196;2157211
2021;12;"CVS-CJO";"Exploitation agricole";512048;453778
2021;12;"CVS-CJO";"Commerce";543626;366309
2021;12;"CVS-CJO";"Commerce - hotels";99625;50202
2021;12;"CVS-CJO";"Services publics";542057;320897
2021;12;"CVS-CJO";"Autres activites";1474465;1016227
2021;12;"CVS-CJO";"Autres activites - industrie";313211;214540
2021;12;"CVS-CJO";"Autres activites - entrepot";672530;653035
2021;12;"CVS-CJO";"Autres activites - bureau";468109;229063
2021;11;"Brute";"Ensemble des locaux non-residentiels";3230473;2207698
2021;11;"Brute";"Exploitation agricole";772025;365904
2021;11;"Brute";"Commerce";554989;397259
2021;11;"Brute";"Commerce - hotels";82799;39279
2021;11;"Brute";"Services publics";376800;378928
2021;11;"Brute";"Autres activites";1526661;1065607
2021;11;"Brute";"Autres activites - industrie";409126;293399
2021;11;"Brute";"Autres activites - entrepot";777391;427719
2021;11;"Brute";"Autres activites - bureau";340144;344488
2021;11;"CVS-CJO";"Ensemble des locaux non-residentiels";3208170;2113049
2021;11;"CVS-CJO";"Exploitation agricole";779222;359340
2021;11;"CVS-CJO";"Commerce";565889;368129
2021;11;"CVS-CJO";"Commerce - hotels";82799;39279
2021;11;"CVS-CJO";"Services publics";357279;359936
2021;11;"CVS-CJO";"Autres activites";1505780;1025644
2021;11;"CVS-CJO";"Autres activites - industrie";400010;294697
2021;11;"CVS-CJO";"Autres activites - entrepot";836737;411993
2021;11;"CVS-CJO";"Autres activites - bureau";338237;323374
2021;10;"Brute";"Ensemble des locaux non-residentiels";3312933;2194058
2021;10;"Brute";"Exploitation agricole";706062;308554
2021;10;"Brute";"Commerce";522105;405802
2021;10;"Brute";"Commerce - hotels";81778;97631
2021;10;"Brute";"Services publics";546696;372356
2021;10;"Brute";"Autres activites";1538069;1106829
2021;10;"Brute";"Autres activites - industrie";571282;287704
2021;10;"Brute";"Autres activites - entrepot";580277;467048
2021;10;"Brute";"Autres activites - bureau";386510;352077
2021;10;"CVS-CJO";"Ensemble des locaux non-residentiels";3072472;2094283
2021;10;"CVS-CJO";"Exploitation agricole";750616;249362
2021;10;"CVS-CJO";"Commerce";503451;419008
2021;10;"CVS-CJO";"Commerce - hotels";81778;97631
2021;10;"CVS-CJO";"Services publics";433544;317368
2021;10;"CVS-CJO";"Autres activites";1384861;1108545
2021;10;"CVS-CJO";"Autres activites - industrie";442326;247621
2021;10;"CVS-CJO";"Autres activites - entrepot";591381;454465
2021;10;"CVS-CJO";"Autres activites - bureau";330390;297945
2021;9;"Brute";"Ensemble des locaux non-residentiels";3934591;2370010
2021;9;"Brute";"Exploitation agricole";996153;457541
2021;9;"Brute";"Commerce";630205;354936
2021;9;"Brute";"Commerce - hotels";89408;63024
2021;9;"Brute";"Services publics";557542;385534
2021;9;"Brute";"Autres activites";1750692;1171997
2021;9;"Brute";"Autres activites - industrie";399494;286688
2021;9;"Brute";"Autres activites - entrepot";848138;552049
2021;9;"Brute";"Autres activites - bureau";503060;333260
2021;9;"CVS-CJO";"Ensemble des locaux non-residentiels";3374748;2229164
2021;9;"CVS-CJO";"Exploitation agricole";831576;458026
2021;9;"CVS-CJO";"Commerce";558149;346061
2021;9;"CVS-CJO";"Commerce - hotels";89408;63024
2021;9;"CVS-CJO";"Services publics";530687;388151
2021;9;"CVS-CJO";"Autres activites";1454336;1036926
2021;9;"CVS-CJO";"Autres activites - industrie";329982;244565
2021;9;"CVS-CJO";"Autres activites - entrepot";708018;478643
2021;9;"CVS-CJO";"Autres activites - bureau";413799;355817
2021;8;"Brute";"Ensemble des locaux non-residentiels";3469734;2099320
2021;8;"Brute";"Exploitation agricole";709656;265832
2021;8;"Brute";"Commerce";521727;356583
2021;8;"Brute";"Commerce - hotels";75741;63434
2021;8;"Brute";"Services publics";483631;371538
2021;8;"Brute";"Autres activites";1754720;1105367
2021;8;"Brute";"Autres activites - industrie";354849;203732
2021;8;"Brute";"Autres activites - entrepot";1080449;610777
2021;8;"Brute";"Autres activites - bureau";319422;290858
2021;8;"CVS-CJO";"Ensemble des locaux non-residentiels";3496595;2441077
2021;8;"CVS-CJO";"Exploitation agricole";728942;313998
2021;8;"CVS-CJO";"Commerce";528148;406926
2021;8;"CVS-CJO";"Commerce - hotels";75741;63434
2021;8;"CVS-CJO";"Services publics";508543;369007
2021;8;"CVS-CJO";"Autres activites";1730962;1351146
2021;8;"CVS-CJO";"Autres activites - industrie";354742;266846
2021;8;"CVS-CJO";"Autres activites - entrepot";1056482;783727
2021;8;"CVS-CJO";"Autres activites - bureau";374277;364661
2021;7;"Brute";"Ensemble des locaux non-residentiels";3437572;1836342
2021;7;"Brute";"Exploitation agricole";793014;401566
2021;7;"Brute";"Commerce";557701;320058
2021;7;"Brute";"Commerce - hotels";108355;45635
2021;7;"Brute";"Services publics";458915;360278
2021;7;"Brute";"Autres activites";1627942;754347
2021;7;"Brute";"Autres activites - industrie";285396;168368
2021;7;"Brute";"Autres activites - entrepot";893878;356166
2021;7;"Brute";"Autres activites - bureau";448668;229813
2021;7;"CVS-CJO";"Ensemble des locaux non-residentiels";3182317;1811988
2021;7;"CVS-CJO";"Exploitation agricole";733515;394890
2021;7;"CVS-CJO";"Commerce";534743;342198
2021;7;"CVS-CJO";"Commerce - hotels";108355;45635
2021;7;"CVS-CJO";"Services publics";426709;348336
2021;7;"CVS-CJO";"Autres activites";1487350;726564
2021;7;"CVS-CJO";"Autres activites - industrie";275540;171952
2021;7;"CVS-CJO";"Autres activites - entrepot";789083;348838
2021;7;"CVS-CJO";"Autres activites - bureau";394721;232502
2021;6;"Brute";"Ensemble des locaux non-residentiels";3536141;1972453
2021;6;"Brute";"Exploitation agricole";959323;370450
2021;6;"Brute";"Commerce";638465;339381
2021;6;"Brute";"Commerce - hotels";84465;43542
2021;6;"Brute";"Services publics";522975;373911
2021;6;"Brute";"Autres activites";1415376;888711
2021;6;"Brute";"Autres activites - industrie";373062;251333
2021;6;"Brute";"Autres activites - entrepot";688393;313950
2021;6;"Brute";"Autres activites - bureau";353921;323428
2021;6;"CVS-CJO";"Ensemble des locaux non-residentiels";3185274;1820597
2021;6;"CVS-CJO";"Exploitation agricole";782633;365057
2021;6;"CVS-CJO";"Commerce";550717;288687
2021;6;"CVS-CJO";"Commerce - hotels";84465;43542
2021;6;"CVS-CJO";"Services publics";496181;338700
2021;6;"CVS-CJO";"Autres activites";1355743;828153
2021;6;"CVS-CJO";"Autres activites - industrie";349469;235472
2021;6;"CVS-CJO";"Autres activites - entrepot";651655;285487
2021;6;"CVS-CJO";"Autres activites - bureau";357644;311762
2021;5;"Brute";"Ensemble des locaux non-residentiels";2999688;2313147
2021;5;"Brute";"Exploitation agricole";687372;441481
2021;5;"Brute";"Commerce";508295;430064
2021;5;"Brute";"Commerce - hotels";82141;96050
2021;5;"Brute";"Services publics";397750;304449
2021;5;"Brute";"Autres activites";1406269;1137153
2021;5;"Brute";"Autres activites - industrie";327323;248473
2021;5;"Brute";"Autres activites - entrepot";648780;464580
2021;5;"Brute";"Autres activites - bureau";430166;424100
2021;5;"CVS-CJO";"Ensemble des locaux non-residentiels";3181405;2281273
2021;5;"CVS-CJO";"Exploitation agricole";688368;374611
2021;5;"CVS-CJO";"Commerce";541268;383747
2021;5;"CVS-CJO";"Commerce - hotels";82141;96050
2021;5;"CVS-CJO";"Services publics";436274;331096
2021;5;"CVS-CJO";"Autres activites";1515495;1191819
2021;5;"CVS-CJO";"Autres activites - industrie";398197;266215
2021;5;"CVS-CJO";"Autres activites - entrepot";740641;534040
2021;5;"CVS-CJO";"Autres activites - bureau";500665;437239
2021;4;"Brute";"Ensemble des locaux non-residentiels";2518712;1903205
2021;4;"Brute";"Exploitation agricole";713103;369916
2021;4;"Brute";"Commerce";452053;382618
2021;4;"Brute";"Commerce - hotels";108399;43476
2021;4;"Brute";"Services publics";467659;372644
2021;4;"Brute";"Autres activites";885899;778027
2021;4;"Brute";"Autres activites - industrie";181977;175470
2021;4;"Brute";"Autres activites - entrepot";415475;312122
2021;4;"Brute";"Autres activites - bureau";288447;290435
2021;4;"CVS-CJO";"Ensemble des locaux non-residentiels";2883883;2103891
2021;4;"CVS-CJO";"Exploitation agricole";704434;458801
2021;4;"CVS-CJO";"Commerce";477690;427545
2021;4;"CVS-CJO";"Commerce - hotels";108399;43476
2021;4;"CVS-CJO";"Services publics";544332;399576
2021;4;"CVS-CJO";"Autres activites";1157427;817969
2021;4;"CVS-CJO";"Autres activites - industrie";226921;197576
2021;4;"CVS-CJO";"Autres activites - entrepot";544926;349361
2021;4;"CVS-CJO";"Autres activites - bureau";363226;289192
2021;3;"Brute";"Ensemble des locaux non-residentiels";3058522;2032977
2021;3;"Brute";"Exploitation agricole";628499;489101
2021;3;"Brute";"Commerce";464052;365459
2021;3;"Brute";"Commerce - hotels";32412;45091
2021;3;"Brute";"Services publics";490852;276764
2021;3;"Brute";"Autres activites";1475117;901406
2021;3;"Brute";"Autres activites - industrie";359159;232215
2021;3;"Brute";"Autres activites - entrepot";730183;362549
2021;3;"Brute";"Autres activites - bureau";385774;306643
2021;3;"CVS-CJO";"Ensemble des locaux non-residentiels";2930477;1953697
2021;3;"CVS-CJO";"Exploitation agricole";568329;484835
2021;3;"CVS-CJO";"Commerce";447512;364482
2021;3;"CVS-CJO";"Commerce - hotels";32412;45091
2021;3;"CVS-CJO";"Services publics";492017;277892
2021;3;"CVS-CJO";"Autres activites";1422619;826488
2021;3;"CVS-CJO";"Autres activites - industrie";302149;183562
2021;3;"CVS-CJO";"Autres activites - entrepot";705120;329669
2021;3;"CVS-CJO";"Autres activites - bureau";362789;272838
2021;2;"Brute";"Ensemble des locaux non-residentiels";2416521;1977659
2021;2;"Brute";"Exploitation agricole";451862;504999
2021;2;"Brute";"Commerce";432406;354320
2021;2;"Brute";"Commerce - hotels";68724;37470
2021;2;"Brute";"Services publics";346372;299332
2021;2;"Brute";"Autres activites";1185880;819008
2021;2;"Brute";"Autres activites - industrie";182902;214551
2021;2;"Brute";"Autres activites - entrepot";717394;268649
2021;2;"Brute";"Autres activites - bureau";285584;335808
2021;2;"CVS-CJO";"Ensemble des locaux non-residentiels";2769055;1958511
2021;2;"CVS-CJO";"Exploitation agricole";545356;456642
2021;2;"CVS-CJO";"Commerce";493642;349135
2021;2;"CVS-CJO";"Commerce - hotels";68724;37470
2021;2;"CVS-CJO";"Services publics";374974;289951
2021;2;"CVS-CJO";"Autres activites";1355083;862783
2021;2;"CVS-CJO";"Autres activites - industrie";233089;211483
2021;2;"CVS-CJO";"Autres activites - entrepot";679879;296807
2021;2;"CVS-CJO";"Autres activites - bureau";329437;368042
2021;1;"Brute";"Ensemble des locaux non-residentiels";2527508;1479051
2021;1;"Brute";"Exploitation agricole";504370;409892
2021;1;"Brute";"Commerce";447493;286211
2021;1;"Brute";"Commerce - hotels";71416;38171
2021;1;"Brute";"Services publics";389605;267206
2021;1;"Brute";"Autres activites";1186041;515742
2021;1;"Brute";"Autres activites - industrie";273938;146995
2021;1;"Brute";"Autres activites - entrepot";601936;177042
2021;1;"Brute";"Autres activites - bureau";310167;191705
2021;1;"CVS-CJO";"Ensemble des locaux non-residentiels";2750974;1543725
2021;1;"CVS-CJO";"Exploitation agricole";585151;427462
2021;1;"CVS-CJO";"Commerce";513026;291330
2021;1;"CVS-CJO";"Commerce - hotels";71416;38171
2021;1;"CVS-CJO";"Services publics";425247;302294
2021;1;"CVS-CJO";"Autres activites";1227550;522639
2021;1;"CVS-CJO";"Autres activites - industrie";311324;164472
2021;1;"CVS-CJO";"Autres activites - entrepot";626943;136128
2021;1;"CVS-CJO";"Autres activites - bureau";338415;207521
2020;12;"Brute";"Ensemble des locaux non-residentiels";2833787;2047855
2020;12;"Brute";"Exploitation agricole";504503;413236
2020;12;"Brute";"Commerce";520905;387059
2020;12;"Brute";"Commerce - hotels";90894;129317
2020;12;"Brute";"Services publics";427935;338319
2020;12;"Brute";"Autres activites";1380445;909228
2020;12;"Brute";"Autres activites - industrie";265966;194816
2020;12;"Brute";"Autres activites - entrepot";575456;376799
2020;12;"Brute";"Autres activites - bureau";539023;337613
2020;12;"CVS-CJO";"Ensemble des locaux non-residentiels";2919967;2151505
2020;12;"CVS-CJO";"Exploitation agricole";579188;442430
2020;12;"CVS-CJO";"Commerce";494956;368219
2020;12;"CVS-CJO";"Commerce - hotels";90894;129317
2020;12;"CVS-CJO";"Services publics";438382;351554
2020;12;"CVS-CJO";"Autres activites";1407441;989302
2020;12;"CVS-CJO";"Autres activites - industrie";294204;224641
2020;12;"CVS-CJO";"Autres activites - entrepot";593077;454815
2020;12;"CVS-CJO";"Autres activites - bureau";485215;330526
2020;11;"Brute";"Ensemble des locaux non-residentiels";3094665;2338034
2020;11;"Brute";"Exploitation agricole";755302;499004
2020;11;"Brute";"Commerce";471615;370959
2020;11;"Brute";"Commerce - hotels";51349;43976
2020;11;"Brute";"Services publics";488547;346664
2020;11;"Brute";"Autres activites";1379202;1121392
2020;11;"Brute";"Autres activites - industrie";316168;170604
2020;11;"Brute";"Autres activites - entrepot";534080;699763
2020;11;"Brute";"Autres activites - bureau";528954;251025
2020;11;"CVS-CJO";"Ensemble des locaux non-residentiels";3047693;2246357
2020;11;"CVS-CJO";"Exploitation agricole";772909;517164
2020;11;"CVS-CJO";"Commerce";472775;356206
2020;11;"CVS-CJO";"Commerce - hotels";51349;43976
2020;11;"CVS-CJO";"Services publics";451790;340557
2020;11;"CVS-CJO";"Autres activites";1350219;1032430
2020;11;"CVS-CJO";"Autres activites - industrie";309363;170057
2020;11;"CVS-CJO";"Autres activites - entrepot";581084;686871
2020;11;"CVS-CJO";"Autres activites - bureau";526704;230655
2020;10;"Brute";"Ensemble des locaux non-residentiels";3226654;2518795
2020;10;"Brute";"Exploitation agricole";756128;655593
2020;10;"Brute";"Commerce";616438;346982
2020;10;"Brute";"Commerce - hotels";125216;44514
2020;10;"Brute";"Services publics";476043;415765
2020;10;"Brute";"Autres activites";1378041;1099764
2020;10;"Brute";"Autres activites - industrie";331401;263542
2020;10;"Brute";"Autres activites - entrepot";481116;449392
2020;10;"Brute";"Autres activites - bureau";565524;386829
2020;10;"CVS-CJO";"Ensemble des locaux non-residentiels";2946735;2423020
2020;10;"CVS-CJO";"Exploitation agricole";777494;612461
2020;10;"CVS-CJO";"Commerce";560904;370563
2020;10;"CVS-CJO";"Commerce - hotels";125216;44514
2020;10;"CVS-CJO";"Services publics";378675;372512
2020;10;"CVS-CJO";"Autres activites";1229662;1067484
2020;10;"CVS-CJO";"Autres activites - industrie";254275;227467
2020;10;"CVS-CJO";"Autres activites - entrepot";469807;434311
2020;10;"CVS-CJO";"Autres activites - bureau";482721;334414
2020;9;"Brute";"Ensemble des locaux non-residentiels";3776928;2050207
2020;9;"Brute";"Exploitation agricole";848279;454807
2020;9;"Brute";"Commerce";570346;336872
2020;9;"Brute";"Commerce - hotels";91149;48449
2020;9;"Brute";"Services publics";428093;306490
2020;9;"Brute";"Autres activites";1930208;952007
2020;9;"Brute";"Autres activites - industrie";417662;171651
2020;9;"Brute";"Autres activites - entrepot";1033295;531626
2020;9;"Brute";"Autres activites - bureau";479252;248730
2020;9;"CVS-CJO";"Ensemble des locaux non-residentiels";3271279;1919592
2020;9;"CVS-CJO";"Exploitation agricole";716009;438266
2020;9;"CVS-CJO";"Commerce";521364;311451
2020;9;"CVS-CJO";"Commerce - hotels";91149;48449
2020;9;"CVS-CJO";"Services publics";412044;286933
2020;9;"CVS-CJO";"Autres activites";1621862;882942
2020;9;"CVS-CJO";"Autres activites - industrie";340528;149306
2020;9;"CVS-CJO";"Autres activites - entrepot";870173;456057
2020;9;"CVS-CJO";"Autres activites - bureau";387106;273535
2020;8;"Brute";"Ensemble des locaux non-residentiels";2802029;1783127
2020;8;"Brute";"Exploitation agricole";751844;422144
2020;8;"Brute";"Commerce";467825;260813
2020;8;"Brute";"Commerce - hotels";75940;35458
2020;8;"Brute";"Services publics";406355;306095
2020;8;"Brute";"Autres activites";1176005;793849
2020;8;"Brute";"Autres activites - industrie";347524;154051
2020;8;"Brute";"Autres activites - entrepot";541157;374119
2020;8;"Brute";"Autres activites - bureau";287324;265679
2020;8;"CVS-CJO";"Ensemble des locaux non-residentiels";2900750;2048028
2020;8;"CVS-CJO";"Exploitation agricole";814105;461644
2020;8;"CVS-CJO";"Commerce";492025;319138
2020;8;"CVS-CJO";"Commerce - hotels";75940;35458
2020;8;"CVS-CJO";"Services publics";430306;319669
2020;8;"CVS-CJO";"Autres activites";1164314;947577
2020;8;"CVS-CJO";"Autres activites - industrie";351953;195471
2020;8;"CVS-CJO";"Autres activites - entrepot";520616;474820
2020;8;"CVS-CJO";"Autres activites - bureau";335135;316924
2020;7;"Brute";"Ensemble des locaux non-residentiels";3356775;2067329
2020;7;"Brute";"Exploitation agricole";904848;516132
2020;7;"Brute";"Commerce";607732;375024
2020;7;"Brute";"Commerce - hotels";73299;53360
2020;7;"Brute";"Services publics";550417;283252
2020;7;"Brute";"Autres activites";1293779;892920
2020;7;"Brute";"Autres activites - industrie";278191;133280
2020;7;"Brute";"Autres activites - entrepot";654560;505647
2020;7;"Brute";"Autres activites - bureau";361028;253993
2020;7;"CVS-CJO";"Ensemble des locaux non-residentiels";3116110;2024323
2020;7;"CVS-CJO";"Exploitation agricole";791179;525825
2020;7;"CVS-CJO";"Commerce";567377;410114
2020;7;"CVS-CJO";"Commerce - hotels";73299;53360
2020;7;"CVS-CJO";"Services publics";523302;281069
2020;7;"CVS-CJO";"Autres activites";1234252;807315
2020;7;"CVS-CJO";"Autres activites - industrie";273615;140445
2020;7;"CVS-CJO";"Autres activites - entrepot";589263;517574
2020;7;"CVS-CJO";"Autres activites - bureau";315589;222315
2020;6;"Brute";"Ensemble des locaux non-residentiels";3217134;2540245
2020;6;"Brute";"Exploitation agricole";731012;595938
2020;6;"Brute";"Commerce";519095;354670
2020;6;"Brute";"Commerce - hotels";77466;58903
2020;6;"Brute";"Services publics";392970;594842
2020;6;"Brute";"Autres activites";1574057;994780
2020;6;"Brute";"Autres activites - industrie";349024;273749
2020;6;"Brute";"Autres activites - entrepot";723545;448941
2020;6;"Brute";"Autres activites - bureau";501489;272090
2020;6;"CVS-CJO";"Ensemble des locaux non-residentiels";2933255;2358254
2020;6;"CVS-CJO";"Exploitation agricole";610502;585395
2020;6;"CVS-CJO";"Commerce";465225;299110
2020;6;"CVS-CJO";"Commerce - hotels";77466;58903
2020;6;"CVS-CJO";"Services publics";374693;550508
2020;6;"CVS-CJO";"Autres activites";1482835;923241
2020;6;"CVS-CJO";"Autres activites - industrie";328279;246708
2020;6;"CVS-CJO";"Autres activites - entrepot";674541;406629
2020;6;"CVS-CJO";"Autres activites - bureau";502253;262755
2020;5;"Brute";"Ensemble des locaux non-residentiels";1872558;1360440
2020;5;"Brute";"Exploitation agricole";504112;452281
2020;5;"Brute";"Commerce";405975;253379
2020;5;"Brute";"Commerce - hotels";98839;30193
2020;5;"Brute";"Services publics";283762;220583
2020;5;"Brute";"Autres activites";678712;434186
2020;5;"Brute";"Autres activites - industrie";149243;119581
2020;5;"Brute";"Autres activites - entrepot";290557;164684
2020;5;"Brute";"Autres activites - bureau";238912;149921
2020;5;"CVS-CJO";"Ensemble des locaux non-residentiels";2040932;1334027
2020;5;"CVS-CJO";"Exploitation agricole";526337;361643
2020;5;"CVS-CJO";"Commerce";458160;210906
2020;5;"CVS-CJO";"Commerce - hotels";98839;30193
2020;5;"CVS-CJO";"Services publics";312428;246467
2020;5;"CVS-CJO";"Autres activites";744007;515011
2020;5;"CVS-CJO";"Autres activites - industrie";179079;129300
2020;5;"CVS-CJO";"Autres activites - entrepot";331930;192285
2020;5;"CVS-CJO";"Autres activites - bureau";278981;190159
2020;4;"Brute";"Ensemble des locaux non-residentiels";1571929;942143
2020;4;"Brute";"Exploitation agricole";500065;170265
2020;4;"Brute";"Commerce";257247;79983
2020;4;"Brute";"Commerce - hotels";39126;16391
2020;4;"Brute";"Services publics";239032;103001
2020;4;"Brute";"Autres activites";575586;588894
2020;4;"Brute";"Autres activites - industrie";120215;97732
2020;4;"Brute";"Autres activites - entrepot";284497;361046
2020;4;"Brute";"Autres activites - bureau";170874;130116
2020;4;"CVS-CJO";"Ensemble des locaux non-residentiels";1834710;1083226
2020;4;"CVS-CJO";"Exploitation agricole";520802;244494
2020;4;"CVS-CJO";"Commerce";277736;108659
2020;4;"CVS-CJO";"Commerce - hotels";39126;16391
2020;4;"CVS-CJO";"Services publics";284976;121301
2020;4;"CVS-CJO";"Autres activites";751196;608772
2020;4;"CVS-CJO";"Autres activites - industrie";152734;109106
2020;4;"CVS-CJO";"Autres activites - entrepot";372213;401543
2020;4;"CVS-CJO";"Autres activites - bureau";216660;136022
2020;3;"Brute";"Ensemble des locaux non-residentiels";2480266;1195768
2020;3;"Brute";"Exploitation agricole";619573;221932
2020;3;"Brute";"Commerce";446079;201346
2020;3;"Brute";"Commerce - hotels";87907;23025
2020;3;"Brute";"Services publics";562283;258481
2020;3;"Brute";"Autres activites";852330;514009
2020;3;"Brute";"Autres activites - industrie";181053;130248
2020;3;"Brute";"Autres activites - entrepot";363643;183045
2020;3;"Brute";"Autres activites - bureau";307634;200716
2020;3;"CVS-CJO";"Ensemble des locaux non-residentiels";2451649;1129198
2020;3;"CVS-CJO";"Exploitation agricole";601126;195717
2020;3;"CVS-CJO";"Commerce";451213;198217
2020;3;"CVS-CJO";"Commerce - hotels";87907;23025
2020;3;"CVS-CJO";"Services publics";562895;258076
2020;3;"CVS-CJO";"Autres activites";836415;477188
2020;3;"CVS-CJO";"Autres activites - industrie";159293;105115
2020;3;"CVS-CJO";"Autres activites - entrepot";355737;163084
2020;3;"CVS-CJO";"Autres activites - bureau";296252;184976
2020;2;"Brute";"Ensemble des locaux non-residentiels";3099324;2445187
2020;2;"Brute";"Exploitation agricole";646347;557789
2020;2;"Brute";"Commerce";560104;366835
2020;2;"Brute";"Commerce - hotels";129954;94107
2020;2;"Brute";"Services publics";556309;398229
2020;2;"Brute";"Autres activites";1336564;1122334
2020;2;"Brute";"Autres activites - industrie";292614;418926
2020;2;"Brute";"Autres activites - entrepot";607671;460479
2020;2;"Brute";"Autres activites - bureau";436279;242929
2020;2;"CVS-CJO";"Ensemble des locaux non-residentiels";3560597;2416185
2020;2;"CVS-CJO";"Exploitation agricole";776609;538342
2020;2;"CVS-CJO";"Commerce";660987;365943
2020;2;"CVS-CJO";"Commerce - hotels";129954;94107
2020;2;"CVS-CJO";"Services publics";607823;401389
2020;2;"CVS-CJO";"Autres activites";1515178;1110511
2020;2;"CVS-CJO";"Autres activites - industrie";360569;412990
2020;2;"CVS-CJO";"Autres activites - entrepot";582229;498422
2020;2;"CVS-CJO";"Autres activites - bureau";504816;271051
2020;1;"Brute";"Ensemble des locaux non-residentiels";3049758;2350964
2020;1;"Brute";"Exploitation agricole";695407;590803
2020;1;"Brute";"Commerce";529322;325269
2020;1;"Brute";"Commerce - hotels";65594;53262
2020;1;"Brute";"Services publics";453270;336836
2020;1;"Brute";"Autres activites";1371759;1097972
2020;1;"Brute";"Autres activites - industrie";311681;212364
2020;1;"Brute";"Autres activites - entrepot";575738;565939
2020;1;"Brute";"Autres activites - bureau";484340;319669
2020;1;"CVS-CJO";"Ensemble des locaux non-residentiels";3156411;2445089
2020;1;"CVS-CJO";"Exploitation agricole";721859;653175
2020;1;"CVS-CJO";"Commerce";541000;351081
2020;1;"CVS-CJO";"Commerce - hotels";65594;53262
2020;1;"CVS-CJO";"Services publics";485743;394012
2020;1;"CVS-CJO";"Autres activites";1407809;1046821
2020;1;"CVS-CJO";"Autres activites - industrie";353179;237964
2020;1;"CVS-CJO";"Autres activites - entrepot";602012;436629
2020;1;"CVS-CJO";"Autres activites - bureau";533153;309857
2019;12;"Brute";"Ensemble des locaux non-residentiels";3340064;2008798
2019;12;"Brute";"Exploitation agricole";695876;427523
2019;12;"Brute";"Commerce";580627;309860
2019;12;"Brute";"Commerce - hotels";109674;52695
2019;12;"Brute";"Services publics";494316;323739
2019;12;"Brute";"Autres activites";1569244;947675
2019;12;"Brute";"Autres activites - industrie";313954;260896
2019;12;"Brute";"Autres activites - entrepot";770538;352298
2019;12;"Brute";"Autres activites - bureau";484752;334480
2019;12;"CVS-CJO";"Ensemble des locaux non-residentiels";3436375;2098791
2019;12;"CVS-CJO";"Exploitation agricole";817299;464181
2019;12;"CVS-CJO";"Commerce";566999;289323
2019;12;"CVS-CJO";"Commerce - hotels";109674;52695
2019;12;"CVS-CJO";"Services publics";491419;322528
2019;12;"CVS-CJO";"Autres activites";1560658;1022759
2019;12;"CVS-CJO";"Autres activites - industrie";326436;301009
2019;12;"CVS-CJO";"Autres activites - entrepot";796246;428915
2019;12;"CVS-CJO";"Autres activites - bureau";437938;307052
2019;11;"Brute";"Ensemble des locaux non-residentiels";3394230;3045756
2019;11;"Brute";"Exploitation agricole";665616;498541
2019;11;"Brute";"Commerce";564963;466214
2019;11;"Brute";"Commerce - hotels";88998;90569
2019;11;"Brute";"Services publics";600847;371523
2019;11;"Brute";"Autres activites";1562800;1709380
2019;11;"Brute";"Autres activites - industrie";330790;208541
2019;11;"Brute";"Autres activites - entrepot";669910;1076138
2019;11;"Brute";"Autres activites - bureau";562100;424702
2019;11;"CVS-CJO";"Ensemble des locaux non-residentiels";3444696;2914013
2019;11;"CVS-CJO";"Exploitation agricole";732307;492576
2019;11;"CVS-CJO";"Commerce";596875;423395
2019;11;"CVS-CJO";"Commerce - hotels";88998;90569
2019;11;"CVS-CJO";"Services publics";555228;341968
2019;11;"CVS-CJO";"Autres activites";1560286;1656074
2019;11;"CVS-CJO";"Autres activites - industrie";335264;204901
2019;11;"CVS-CJO";"Autres activites - entrepot";727052;1066720
2019;11;"CVS-CJO";"Autres activites - bureau";562458;416095
2019;10;"Brute";"Ensemble des locaux non-residentiels";3767292;2473110
2019;10;"Brute";"Exploitation agricole";728962;569897
2019;10;"Brute";"Commerce";677100;402242
2019;10;"Brute";"Commerce - hotels";90817;55798
2019;10;"Brute";"Services publics";646640;507082
2019;10;"Brute";"Autres activites";1714593;993819
2019;10;"Brute";"Autres activites - industrie";440008;241239
2019;10;"Brute";"Autres activites - entrepot";741435;352679
2019;10;"Brute";"Autres activites - bureau";533150;399901
2019;10;"CVS-CJO";"Ensemble des locaux non-residentiels";3382400;2327822
2019;10;"CVS-CJO";"Exploitation agricole";739482;483343
2019;10;"CVS-CJO";"Commerce";592064;425204
2019;10;"CVS-CJO";"Commerce - hotels";90817;55798
2019;10;"CVS-CJO";"Services publics";529332;470243
2019;10;"CVS-CJO";"Autres activites";1521522;949032
2019;10;"CVS-CJO";"Autres activites - industrie";337335;209123
2019;10;"CVS-CJO";"Autres activites - entrepot";693264;340509
2019;10;"CVS-CJO";"Autres activites - bureau";453091;341289
2019;9;"Brute";"Ensemble des locaux non-residentiels";3414581;2552139
2019;9;"Brute";"Exploitation agricole";804857;636286
2019;9;"Brute";"Commerce";599384;441700
2019;9;"Brute";"Commerce - hotels";115072;60315
2019;9;"Brute";"Services publics";475721;389781
2019;9;"Brute";"Autres activites";1534620;1084369
2019;9;"Brute";"Autres activites - industrie";402769;263819
2019;9;"Brute";"Autres activites - entrepot";607533;534955
2019;9;"Brute";"Autres activites - bureau";524318;285594
2019;9;"CVS-CJO";"Ensemble des locaux non-residentiels";3075483;2430759
2019;9;"CVS-CJO";"Exploitation agricole";738066;642306
2019;9;"CVS-CJO";"Commerce";592817;428343
2019;9;"CVS-CJO";"Commerce - hotels";115072;60315
2019;9;"CVS-CJO";"Services publics";459001;364708
2019;9;"CVS-CJO";"Autres activites";1285599;995402
2019;9;"CVS-CJO";"Autres activites - industrie";319321;234516
2019;9;"CVS-CJO";"Autres activites - entrepot";524699;452131
2019;9;"CVS-CJO";"Autres activites - bureau";413609;301132
2019;8;"Brute";"Ensemble des locaux non-residentiels";2588528;1688167
2019;8;"Brute";"Exploitation agricole";569167;452590
2019;8;"Brute";"Commerce";580010;296902
2019;8;"Brute";"Commerce - hotels";100490;35290
2019;8;"Brute";"Services publics";336510;299695
2019;8;"Brute";"Autres activites";1102840;638673
2019;8;"Brute";"Autres activites - industrie";238522;169501
2019;8;"Brute";"Autres activites - entrepot";398597;226519
2019;8;"Brute";"Autres activites - bureau";465721;242653
2019;8;"CVS-CJO";"Ensemble des locaux non-residentiels";2727866;1941715
2019;8;"CVS-CJO";"Exploitation agricole";627600;481505
2019;8;"CVS-CJO";"Commerce";617624;350440
2019;8;"CVS-CJO";"Commerce - hotels";100490;35290
2019;8;"CVS-CJO";"Services publics";364336;327050
2019;8;"CVS-CJO";"Autres activites";1118306;782720
2019;8;"CVS-CJO";"Autres activites - industrie";240609;206193
2019;8;"CVS-CJO";"Autres activites - entrepot";384112;285193
2019;8;"CVS-CJO";"Autres activites - bureau";543890;307915
2019;7;"Brute";"Ensemble des locaux non-residentiels";4410297;2607351
2019;7;"Brute";"Exploitation agricole";1088045;459716
2019;7;"Brute";"Commerce";750795;514135
2019;7;"Brute";"Commerce - hotels";148584;105469
2019;7;"Brute";"Services publics";880119;452284
2019;7;"Brute";"Autres activites";1691338;1181216
2019;7;"Brute";"Autres activites - industrie";309192;223098
2019;7;"Brute";"Autres activites - entrepot";770320;562262
2019;7;"Brute";"Autres activites - bureau";611826;395856
2019;7;"CVS-CJO";"Ensemble des locaux non-residentiels";4056331;2595463
2019;7;"CVS-CJO";"Exploitation agricole";880512;455479
2019;7;"CVS-CJO";"Commerce";667357;529203
2019;7;"CVS-CJO";"Commerce - hotels";148584;105469
2019;7;"CVS-CJO";"Services publics";841656;437906
2019;7;"CVS-CJO";"Autres activites";1666806;1172875
2019;7;"CVS-CJO";"Autres activites - industrie";307619;242961
2019;7;"CVS-CJO";"Autres activites - entrepot";706043;592273
2019;7;"CVS-CJO";"Autres activites - bureau";527586;387805
2019;6;"Brute";"Ensemble des locaux non-residentiels";3603426;2304009
2019;6;"Brute";"Exploitation agricole";889654;541772
2019;6;"Brute";"Commerce";532806;422896
2019;6;"Brute";"Commerce - hotels";100640;60381
2019;6;"Brute";"Services publics";535587;413606
2019;6;"Brute";"Autres activites";1645379;925719
2019;6;"Brute";"Autres activites - industrie";301382;236544
2019;6;"Brute";"Autres activites - entrepot";851886;366182
2019;6;"Brute";"Autres activites - bureau";492111;322993
2019;6;"CVS-CJO";"Ensemble des locaux non-residentiels";3371995;2141279
2019;6;"CVS-CJO";"Exploitation agricole";799746;530749
2019;6;"CVS-CJO";"Commerce";520209;361454
2019;6;"CVS-CJO";"Commerce - hotels";100640;60381
2019;6;"CVS-CJO";"Services publics";511160;368442
2019;6;"CVS-CJO";"Autres activites";1540880;880634
2019;6;"CVS-CJO";"Autres activites - industrie";287808;206173
2019;6;"CVS-CJO";"Autres activites - entrepot";779266;332932
2019;6;"CVS-CJO";"Autres activites - bureau";485926;322785
2019;5;"Brute";"Ensemble des locaux non-residentiels";3681044;2248592
2019;5;"Brute";"Exploitation agricole";1024185;666719
2019;5;"Brute";"Commerce";722334;417829
2019;5;"Brute";"Commerce - hotels";114648;67499
2019;5;"Brute";"Services publics";423968;345346
2019;5;"Brute";"Autres activites";1510557;818698
2019;5;"Brute";"Autres activites - industrie";327871;249811
2019;5;"Brute";"Autres activites - entrepot";751945;314063
2019;5;"Brute";"Autres activites - bureau";430741;254824
2019;5;"CVS-CJO";"Ensemble des locaux non-residentiels";3915705;2214314
2019;5;"CVS-CJO";"Exploitation agricole";968905;588825
2019;5;"CVS-CJO";"Commerce";756588;382914
2019;5;"CVS-CJO";"Commerce - hotels";114648;67499
2019;5;"CVS-CJO";"Services publics";474878;379417
2019;5;"CVS-CJO";"Autres activites";1715334;863158
2019;5;"CVS-CJO";"Autres activites - industrie";398955;271332
2019;5;"CVS-CJO";"Autres activites - entrepot";864249;370459
2019;5;"CVS-CJO";"Autres activites - bureau";514006;275013
2019;4;"Brute";"Ensemble des locaux non-residentiels";3078113;1809911
2019;4;"Brute";"Exploitation agricole";772174;429217
2019;4;"Brute";"Commerce";534535;313557
2019;4;"Brute";"Commerce - hotels";80265;56188
2019;4;"Brute";"Services publics";402727;256970
2019;4;"Brute";"Autres activites";1368676;810156
2019;4;"Brute";"Autres activites - industrie";346952;301435
2019;4;"Brute";"Autres activites - entrepot";574995;207663
2019;4;"Brute";"Autres activites - bureau";446729;301058
2019;4;"CVS-CJO";"Ensemble des locaux non-residentiels";3508732;2010869
2019;4;"CVS-CJO";"Exploitation agricole";801257;499777
2019;4;"CVS-CJO";"Commerce";562177;339915
2019;4;"CVS-CJO";"Commerce - hotels";80265;56188
2019;4;"CVS-CJO";"Services publics";468547;281465
2019;4;"CVS-CJO";"Autres activites";1676751;889712
2019;4;"CVS-CJO";"Autres activites - industrie";436310;334460
2019;4;"CVS-CJO";"Autres activites - entrepot";730864;230094
2019;4;"CVS-CJO";"Autres activites - bureau";569249;334170
2019;3;"Brute";"Ensemble des locaux non-residentiels";3338181;2595108
2019;3;"Brute";"Exploitation agricole";740103;536244
2019;3;"Brute";"Commerce";524841;421303
2019;3;"Brute";"Commerce - hotels";96315;57479
2019;3;"Brute";"Services publics";461785;352999
2019;3;"Brute";"Autres activites";1611451;1284469
2019;3;"Brute";"Autres activites - industrie";334341;325176
2019;3;"Brute";"Autres activites - entrepot";842450;637971
2019;3;"Brute";"Autres activites - bureau";434660;321323
2019;3;"CVS-CJO";"Ensemble des locaux non-residentiels";3294364;2476294
2019;3;"CVS-CJO";"Exploitation agricole";738248;500309
2019;3;"CVS-CJO";"Commerce";539810;422006
2019;3;"CVS-CJO";"Commerce - hotels";96315;57479
2019;3;"CVS-CJO";"Services publics";448871;341904
2019;3;"CVS-CJO";"Autres activites";1567435;1212075
2019;3;"CVS-CJO";"Autres activites - industrie";310769;264960
2019;3;"CVS-CJO";"Autres activites - entrepot";833134;571372
2019;3;"CVS-CJO";"Autres activites - bureau";429138;307717
2019;2;"Brute";"Ensemble des locaux non-residentiels";3492561;2110846
2019;2;"Brute";"Exploitation agricole";717325;466530
2019;2;"Brute";"Commerce";470204;392304
2019;2;"Brute";"Commerce - hotels";98109;50595
2019;2;"Brute";"Services publics";418318;375849
2019;2;"Brute";"Autres activites";1886713;876163
2019;2;"Brute";"Autres activites - industrie";337540;209259
2019;2;"Brute";"Autres activites - entrepot";1093059;454357
2019;2;"Brute";"Autres activites - bureau";456114;212547
2019;2;"CVS-CJO";"Ensemble des locaux non-residentiels";3988844;2090780
2019;2;"CVS-CJO";"Exploitation agricole";830657;443521
2019;2;"CVS-CJO";"Commerce";555287;377682
2019;2;"CVS-CJO";"Commerce - hotels";98109;50595
2019;2;"CVS-CJO";"Services publics";464135;376841
2019;2;"CVS-CJO";"Autres activites";2138765;892736
2019;2;"CVS-CJO";"Autres activites - industrie";408406;208020
2019;2;"CVS-CJO";"Autres activites - entrepot";1043936;471331
2019;2;"CVS-CJO";"Autres activites - bureau";528861;230368
2019;1;"Brute";"Ensemble des locaux non-residentiels";3760682;2481413
2019;1;"Brute";"Exploitation agricole";928331;531814
2019;1;"Brute";"Commerce";612152;391526
2019;1;"Brute";"Commerce - hotels";111578;78339
2019;1;"Brute";"Services publics";543336;376923
2019;1;"Brute";"Autres activites";1676861;1181081
2019;1;"Brute";"Autres activites - industrie";321873;230354
2019;1;"Brute";"Autres activites - entrepot";904242;544653
2019;1;"Brute";"Autres activites - bureau";450746;406074
2019;1;"CVS-CJO";"Ensemble des locaux non-residentiels";3822800;2568293
2019;1;"CVS-CJO";"Exploitation agricole";952165;577142
2019;1;"CVS-CJO";"Commerce";611867;420155
2019;1;"CVS-CJO";"Commerce - hotels";111578;78339
2019;1;"CVS-CJO";"Services publics";570402;420499
2019;1;"CVS-CJO";"Autres activites";1688366;1150497
2019;1;"CVS-CJO";"Autres activites - industrie";358273;257493
2019;1;"CVS-CJO";"Autres activites - entrepot";958043;422993
2019;1;"CVS-CJO";"Autres activites - bureau";501311;406495
2018;12;"Brute";"Ensemble des locaux non-residentiels";3129959;2167578
2018;12;"Brute";"Exploitation agricole";617956;489318
2018;12;"Brute";"Commerce";575654;383062
2018;12;"Brute";"Commerce - hotels";128718;100179
2018;12;"Brute";"Services publics";513950;381935
2018;12;"Brute";"Autres activites";1422400;913240
2018;12;"Brute";"Autres activites - industrie";345631;179748
2018;12;"Brute";"Autres activites - entrepot";593273;324868
2018;12;"Brute";"Autres activites - bureau";483496;408624
2018;12;"CVS-CJO";"Ensemble des locaux non-residentiels";3311652;2263861
2018;12;"CVS-CJO";"Exploitation agricole";777746;543571
2018;12;"CVS-CJO";"Commerce";595975;367986
2018;12;"CVS-CJO";"Commerce - hotels";128718;100179
2018;12;"CVS-CJO";"Services publics";510423;380877
2018;12;"CVS-CJO";"Autres activites";1427508;971427
2018;12;"CVS-CJO";"Autres activites - industrie";339274;210986
2018;12;"CVS-CJO";"Autres activites - entrepot";615724;400323
2018;12;"CVS-CJO";"Autres activites - bureau";435603;370166
2018;11;"Brute";"Ensemble des locaux non-residentiels";3139136;2162710
2018;11;"Brute";"Exploitation agricole";712360;551073
2018;11;"Brute";"Commerce";659796;318582
2018;11;"Brute";"Commerce - hotels";131268;23527
2018;11;"Brute";"Services publics";512487;398955
2018;11;"Brute";"Autres activites";1254495;894051
2018;11;"Brute";"Autres activites - industrie";289834;243155
2018;11;"Brute";"Autres activites - entrepot";536153;297839
2018;11;"Brute";"Autres activites - bureau";428508;353057
2018;11;"CVS-CJO";"Ensemble des locaux non-residentiels";3114520;2090336
2018;11;"CVS-CJO";"Exploitation agricole";729374;583643
2018;11;"CVS-CJO";"Commerce";632661;291940
2018;11;"CVS-CJO";"Commerce - hotels";131268;23527
2018;11;"CVS-CJO";"Services publics";472206;384571
2018;11;"CVS-CJO";"Autres activites";1280279;830182
2018;11;"CVS-CJO";"Autres activites - industrie";306520;239208
2018;11;"CVS-CJO";"Autres activites - entrepot";583803;298170
2018;11;"CVS-CJO";"Autres activites - bureau";430228;307638
2018;10;"Brute";"Ensemble des locaux non-residentiels";3674814;2803036
2018;10;"Brute";"Exploitation agricole";688403;735777
2018;10;"Brute";"Commerce";714404;455329
2018;10;"Brute";"Commerce - hotels";95005;61340
2018;10;"Brute";"Services publics";646509;447986
2018;10;"Brute";"Autres activites";1625497;1163842
2018;10;"Brute";"Autres activites - industrie";456733;334609
2018;10;"Brute";"Autres activites - entrepot";607993;358674
2018;10;"Brute";"Autres activites - bureau";560771;470559
2018;10;"CVS-CJO";"Ensemble des locaux non-residentiels";3313163;2579923
2018;10;"CVS-CJO";"Exploitation agricole";717899;627760
2018;10;"CVS-CJO";"Commerce";630718;458244
2018;10;"CVS-CJO";"Commerce - hotels";95005;61340
2018;10;"CVS-CJO";"Services publics";544293;401319
2018;10;"CVS-CJO";"Autres activites";1420253;1092600
2018;10;"CVS-CJO";"Autres activites - industrie";341371;284502
2018;10;"CVS-CJO";"Autres activites - entrepot";549910;348817
2018;10;"CVS-CJO";"Autres activites - bureau";468804;403078
2018;9;"Brute";"Ensemble des locaux non-residentiels";3719082;1979503
2018;9;"Brute";"Exploitation agricole";943563;436631
2018;9;"Brute";"Commerce";629206;342744
2018;9;"Brute";"Commerce - hotels";75905;39523
2018;9;"Brute";"Services publics";492384;395590
2018;9;"Brute";"Autres activites";1653928;804420
2018;9;"Brute";"Autres activites - industrie";422261;229441
2018;9;"Brute";"Autres activites - entrepot";673123;314176
2018;9;"Brute";"Autres activites - bureau";558544;260803
2018;9;"CVS-CJO";"Ensemble des locaux non-residentiels";3457645;1846363
2018;9;"CVS-CJO";"Exploitation agricole";933691;423176
2018;9;"CVS-CJO";"Commerce";664184;316519
2018;9;"CVS-CJO";"Commerce - hotels";75905;39523
2018;9;"CVS-CJO";"Services publics";471643;336599
2018;9;"CVS-CJO";"Autres activites";1388127;770069
2018;9;"CVS-CJO";"Autres activites - industrie";331183;210898
2018;9;"CVS-CJO";"Autres activites - entrepot";596211;262627
2018;9;"CVS-CJO";"Autres activites - bureau";436188;293741
2018;8;"Brute";"Ensemble des locaux non-residentiels";2914766;1384459
2018;8;"Brute";"Exploitation agricole";621970;353306
2018;8;"Brute";"Commerce";529240;207020
2018;8;"Brute";"Commerce - hotels";90740;43573
2018;8;"Brute";"Services publics";387575;241575
2018;8;"Brute";"Autres activites";1375978;582323
2018;8;"Brute";"Autres activites - industrie";309294;114512
2018;8;"Brute";"Autres activites - entrepot";701721;263397
2018;8;"Brute";"Autres activites - bureau";364963;204414
2018;8;"CVS-CJO";"Ensemble des locaux non-residentiels";3031159;1594609
2018;8;"CVS-CJO";"Exploitation agricole";649745;386016
2018;8;"CVS-CJO";"Commerce";538338;274490
2018;8;"CVS-CJO";"Commerce - hotels";90740;43573
2018;8;"CVS-CJO";"Services publics";423599;293075
2018;8;"CVS-CJO";"Autres activites";1419477;641028
2018;8;"CVS-CJO";"Autres activites - industrie";320662;133312
2018;8;"CVS-CJO";"Autres activites - entrepot";680538;324894
2018;8;"CVS-CJO";"Autres activites - bureau";429510;244214
2018;7;"Brute";"Ensemble des locaux non-residentiels";3505575;2399516
2018;7;"Brute";"Exploitation agricole";950619;698594
2018;7;"Brute";"Commerce";564314;379454
2018;7;"Brute";"Commerce - hotels";119146;34377
2018;7;"Brute";"Services publics";666063;437324
2018;7;"Brute";"Autres activites";1324582;884123
2018;7;"Brute";"Autres activites - industrie";380082;221452
2018;7;"Brute";"Autres activites - entrepot";412108;316499
2018;7;"Brute";"Autres activites - bureau";532391;346171
2018;7;"CVS-CJO";"Ensemble des locaux non-residentiels";3288745;2402162
2018;7;"CVS-CJO";"Exploitation agricole";797410;694601
2018;7;"CVS-CJO";"Commerce";527255;409868
2018;7;"CVS-CJO";"Commerce - hotels";119146;34377
2018;7;"CVS-CJO";"Services publics";636961;442852
2018;7;"CVS-CJO";"Autres activites";1327119;854841
2018;7;"CVS-CJO";"Autres activites - industrie";382091;248325
2018;7;"CVS-CJO";"Autres activites - entrepot";385542;327547
2018;7;"CVS-CJO";"Autres activites - bureau";448827;308432
2018;6;"Brute";"Ensemble des locaux non-residentiels";3404546;2212527
2018;6;"Brute";"Exploitation agricole";924837;452298
2018;6;"Brute";"Commerce";610340;516783
2018;6;"Brute";"Commerce - hotels";74782;94989
2018;6;"Brute";"Services publics";487345;378021
2018;6;"Brute";"Autres activites";1382021;865409
2018;6;"Brute";"Autres activites - industrie";329583;267279
2018;6;"Brute";"Autres activites - entrepot";664975;353959
2018;6;"Brute";"Autres activites - bureau";387463;244173
2018;6;"CVS-CJO";"Ensemble des locaux non-residentiels";3121380;2064704
2018;6;"CVS-CJO";"Exploitation agricole";763454;458880
2018;6;"CVS-CJO";"Commerce";559798;471914
2018;6;"CVS-CJO";"Commerce - hotels";74782;94989
2018;6;"CVS-CJO";"Services publics";478256;334671
2018;6;"CVS-CJO";"Autres activites";1319872;799239
2018;6;"CVS-CJO";"Autres activites - industrie";319082;225195
2018;6;"CVS-CJO";"Autres activites - entrepot";595087;325996
2018;6;"CVS-CJO";"Autres activites - bureau";379248;237025
2018;5;"Brute";"Ensemble des locaux non-residentiels";2688680;2402297
2018;5;"Brute";"Exploitation agricole";734189;588123
2018;5;"Brute";"Commerce";593670;482176
2018;5;"Brute";"Commerce - hotels";60630;82334
2018;5;"Brute";"Services publics";429268;496840
2018;5;"Brute";"Autres activites";931555;834272
2018;5;"Brute";"Autres activites - industrie";215214;212367
2018;5;"Brute";"Autres activites - entrepot";405889;293527
2018;5;"Brute";"Autres activites - bureau";310452;328378
2018;5;"CVS-CJO";"Ensemble des locaux non-residentiels";2945383;2431322
2018;5;"CVS-CJO";"Exploitation agricole";721483;538656
2018;5;"CVS-CJO";"Commerce";657466;458580
2018;5;"CVS-CJO";"Commerce - hotels";60630;82334
2018;5;"CVS-CJO";"Services publics";492077;536892
2018;5;"CVS-CJO";"Autres activites";1074357;897194
2018;5;"CVS-CJO";"Autres activites - industrie";258823;229493
2018;5;"CVS-CJO";"Autres activites - entrepot";463877;353686
2018;5;"CVS-CJO";"Autres activites - bureau";384063;337624
2018;4;"Brute";"Ensemble des locaux non-residentiels";2574168;1592759
2018;4;"Brute";"Exploitation agricole";608210;281579
2018;4;"Brute";"Commerce";426007;328417
2018;4;"Brute";"Commerce - hotels";84268;66478
2018;4;"Brute";"Services publics";410098;229019
2018;4;"Brute";"Autres activites";1129849;753489
2018;4;"Brute";"Autres activites - industrie";261009;225928
2018;4;"Brute";"Autres activites - entrepot";516369;196881
2018;4;"Brute";"Autres activites - bureau";352471;330681
2018;4;"CVS-CJO";"Ensemble des locaux non-residentiels";2959366;1774952
2018;4;"CVS-CJO";"Exploitation agricole";669517;338852
2018;4;"CVS-CJO";"Commerce";469372;352902
2018;4;"CVS-CJO";"Commerce - hotels";84268;66478
2018;4;"CVS-CJO";"Services publics";478430;264067
2018;4;"CVS-CJO";"Autres activites";1342047;819131
2018;4;"CVS-CJO";"Autres activites - industrie";318411;253069
2018;4;"CVS-CJO";"Autres activites - entrepot";646368;218426
2018;4;"CVS-CJO";"Autres activites - bureau";452948;363505
2018;3;"Brute";"Ensemble des locaux non-residentiels";3690571;2469179
2018;3;"Brute";"Exploitation agricole";732301;591924
2018;3;"Brute";"Commerce";657620;377386
2018;3;"Brute";"Commerce - hotels";121180;47408
2018;3;"Brute";"Services publics";632367;512115
2018;3;"Brute";"Autres activites";1668283;987019
2018;3;"Brute";"Autres activites - industrie";301519;285368
2018;3;"Brute";"Autres activites - entrepot";773934;368502
2018;3;"Brute";"Autres activites - bureau";592830;333149
2018;3;"CVS-CJO";"Ensemble des locaux non-residentiels";3601812;2335565
2018;3;"CVS-CJO";"Exploitation agricole";693370;551211
2018;3;"CVS-CJO";"Commerce";639534;377263
2018;3;"CVS-CJO";"Commerce - hotels";121180;47408
2018;3;"CVS-CJO";"Services publics";611153;511720
2018;3;"CVS-CJO";"Autres activites";1657755;895371
2018;3;"CVS-CJO";"Autres activites - industrie";290440;233393
2018;3;"CVS-CJO";"Autres activites - entrepot";768218;332223
2018;3;"CVS-CJO";"Autres activites - bureau";601208;331961
2018;2;"Brute";"Ensemble des locaux non-residentiels";3044371;2289896
2018;2;"Brute";"Exploitation agricole";709116;542025
2018;2;"Brute";"Commerce";524170;431945
2018;2;"Brute";"Commerce - hotels";73406;37924
2018;2;"Brute";"Services publics";608702;325668
2018;2;"Brute";"Autres activites";1202383;990165
2018;2;"Brute";"Autres activites - industrie";339444;311197
2018;2;"Brute";"Autres activites - entrepot";367683;317550
2018;2;"Brute";"Autres activites - bureau";495256;361418
2018;2;"CVS-CJO";"Ensemble des locaux non-residentiels";3296359;2319315
2018;2;"CVS-CJO";"Exploitation agricole";759264;540546
2018;2;"CVS-CJO";"Commerce";595320;423407
2018;2;"CVS-CJO";"Commerce - hotels";73406;37924
2018;2;"CVS-CJO";"Services publics";647944;340661
2018;2;"CVS-CJO";"Autres activites";1293831;1014701
2018;2;"CVS-CJO";"Autres activites - industrie";412654;311204
2018;2;"CVS-CJO";"Autres activites - entrepot";346130;317074
2018;2;"CVS-CJO";"Autres activites - bureau";564210;392452
2018;1;"Brute";"Ensemble des locaux non-residentiels";3382311;2210929
2018;1;"Brute";"Exploitation agricole";1137774;465481
2018;1;"Brute";"Commerce";540927;378869
2018;1;"Brute";"Commerce - hotels";118201;57345
2018;1;"Brute";"Services publics";427641;401223
2018;1;"Brute";"Autres activites";1275967;965339
2018;1;"Brute";"Autres activites - industrie";284433;170349
2018;1;"Brute";"Autres activites - entrepot";507177;509693
2018;1;"Brute";"Autres activites - bureau";484357;285297
2018;1;"CVS-CJO";"Ensemble des locaux non-residentiels";3472002;2248225
2018;1;"CVS-CJO";"Exploitation agricole";1182689;472393
2018;1;"CVS-CJO";"Commerce";540725;385844
2018;1;"CVS-CJO";"Commerce - hotels";118201;57345
2018;1;"CVS-CJO";"Services publics";443023;405544
2018;1;"CVS-CJO";"Autres activites";1305565;984444
2018;1;"CVS-CJO";"Autres activites - industrie";314877;191753
2018;1;"CVS-CJO";"Autres activites - entrepot";553098;407377
2018;1;"CVS-CJO";"Autres activites - bureau";541523;291536
2017;12;"Brute";"Ensemble des locaux non-residentiels";3132155;2040139
2017;12;"Brute";"Exploitation agricole";617730;393149
2017;12;"Brute";"Commerce";735245;374905
2017;12;"Brute";"Commerce - hotels";150875;56350
2017;12;"Brute";"Services publics";463840;379869
2017;12;"Brute";"Autres activites";1315337;892129
2017;12;"Brute";"Autres activites - industrie";395807;215368
2017;12;"Brute";"Autres activites - entrepot";446423;338976
2017;12;"Brute";"Autres activites - bureau";473107;337784
2017;12;"CVS-CJO";"Ensemble des locaux non-residentiels";3299075;2146954
2017;12;"CVS-CJO";"Exploitation agricole";791578;445993
2017;12;"CVS-CJO";"Commerce";749656;355035
2017;12;"CVS-CJO";"Commerce - hotels";150875;56350
2017;12;"CVS-CJO";"Services publics";452395;370599
2017;12;"CVS-CJO";"Autres activites";1305446;975327
2017;12;"CVS-CJO";"Autres activites - industrie";377531;257299
2017;12;"CVS-CJO";"Autres activites - entrepot";462705;422743
2017;12;"CVS-CJO";"Autres activites - bureau";426105;292159
2017;11;"Brute";"Ensemble des locaux non-residentiels";3222543;2307035
2017;11;"Brute";"Exploitation agricole";714809;414365
2017;11;"Brute";"Commerce";750472;481585
2017;11;"Brute";"Commerce - hotels";152197;56152
2017;11;"Brute";"Services publics";607478;395184
2017;11;"Brute";"Autres activites";1149781;1015901
2017;11;"Brute";"Autres activites - industrie";305719;334665
2017;11;"Brute";"Autres activites - entrepot";375272;284111
2017;11;"Brute";"Autres activites - bureau";468790;397124
2017;11;"CVS-CJO";"Ensemble des locaux non-residentiels";3266355;2254142
2017;11;"CVS-CJO";"Exploitation agricole";759800;465506
2017;11;"CVS-CJO";"Commerce";732634;473684
2017;11;"CVS-CJO";"Commerce - hotels";152197;56152
2017;11;"CVS-CJO";"Services publics";566149;391382
2017;11;"CVS-CJO";"Autres activites";1207772;923570
2017;11;"CVS-CJO";"Autres activites - industrie";336208;333190
2017;11;"CVS-CJO";"Autres activites - entrepot";412030;286132
2017;11;"CVS-CJO";"Autres activites - bureau";469709;332858
2017;10;"Brute";"Ensemble des locaux non-residentiels";3970248;2359403
2017;10;"Brute";"Exploitation agricole";834394;632176
2017;10;"Brute";"Commerce";757190;386558
2017;10;"Brute";"Commerce - hotels";91436;40130
2017;10;"Brute";"Services publics";640046;349726
2017;10;"Brute";"Autres activites";1738620;990872
2017;10;"Brute";"Autres activites - industrie";279570;276304
2017;10;"Brute";"Autres activites - entrepot";934091;473984
2017;10;"Brute";"Autres activites - bureau";524959;240584
2017;10;"CVS-CJO";"Ensemble des locaux non-residentiels";3633295;2182263
2017;10;"CVS-CJO";"Exploitation agricole";919575;532761
2017;10;"CVS-CJO";"Commerce";695148;388480
2017;10;"CVS-CJO";"Commerce - hotels";91436;40130
2017;10;"CVS-CJO";"Services publics";546555;316150
2017;10;"CVS-CJO";"Autres activites";1472017;944872
2017;10;"CVS-CJO";"Autres activites - industrie";204577;230812
2017;10;"CVS-CJO";"Autres activites - entrepot";815469;456834
2017;10;"CVS-CJO";"Autres activites - bureau";431615;207853
2017;9;"Brute";"Ensemble des locaux non-residentiels";3775242;2767979
2017;9;"Brute";"Exploitation agricole";866335;495733
2017;9;"Brute";"Commerce";651352;471177
2017;9;"Brute";"Commerce - hotels";118172;50293
2017;9;"Brute";"Services publics";487658;439372
2017;9;"Brute";"Autres activites";1769898;1361501
2017;9;"Brute";"Autres activites - industrie";391369;216839
2017;9;"Brute";"Autres activites - entrepot";840979;886144
2017;9;"Brute";"Autres activites - bureau";537550;258518
2017;9;"CVS-CJO";"Ensemble des locaux non-residentiels";3475573;2604521
2017;9;"CVS-CJO";"Exploitation agricole";841263;492534
2017;9;"CVS-CJO";"Commerce";668141;447847
2017;9;"CVS-CJO";"Commerce - hotels";118172;50293
2017;9;"CVS-CJO";"Services publics";471309;368890
2017;9;"CVS-CJO";"Autres activites";1494860;1295250
2017;9;"CVS-CJO";"Autres activites - industrie";306674;203050
2017;9;"CVS-CJO";"Autres activites - entrepot";759907;742139
2017;9;"CVS-CJO";"Autres activites - bureau";419153;279092
2017;8;"Brute";"Ensemble des locaux non-residentiels";3955370;2217732
2017;8;"Brute";"Exploitation agricole";833759;529230
2017;8;"Brute";"Commerce";814538;485645
2017;8;"Brute";"Commerce - hotels";136237;51674
2017;8;"Brute";"Services publics";577034;446267
2017;8;"Brute";"Autres activites";1730039;755796
2017;8;"Brute";"Autres activites - industrie";590496;190125
2017;8;"Brute";"Autres activites - entrepot";776832;317077
2017;8;"Brute";"Autres activites - bureau";362711;248593
2017;8;"CVS-CJO";"Ensemble des locaux non-residentiels";4131651;2461553
2017;8;"CVS-CJO";"Exploitation agricole";855801;551329
2017;8;"CVS-CJO";"Commerce";825247;553603
2017;8;"CVS-CJO";"Commerce - hotels";136237;51674
2017;8;"CVS-CJO";"Services publics";635474;508932
2017;8;"CVS-CJO";"Autres activites";1815129;847689
2017;8;"CVS-CJO";"Autres activites - industrie";625368;211773
2017;8;"CVS-CJO";"Autres activites - entrepot";755909;383121
2017;8;"CVS-CJO";"Autres activites - bureau";434240;315260
2017;7;"Brute";"Ensemble des locaux non-residentiels";3399456;1513395
2017;7;"Brute";"Exploitation agricole";917751;332133
2017;7;"Brute";"Commerce";698318;301402
2017;7;"Brute";"Commerce - hotels";102935;34157
2017;7;"Brute";"Services publics";537112;244835
2017;7;"Brute";"Autres activites";1246273;634996
2017;7;"Brute";"Autres activites - industrie";314367;156802
2017;7;"Brute";"Autres activites - entrepot";461519;178577
2017;7;"Brute";"Autres activites - bureau";470387;299617
2017;7;"CVS-CJO";"Ensemble des locaux non-residentiels";3299975;1529236
2017;7;"CVS-CJO";"Exploitation agricole";836585;318476
2017;7;"CVS-CJO";"Commerce";711089;316231
2017;7;"CVS-CJO";"Commerce - hotels";102935;34157
2017;7;"CVS-CJO";"Services publics";505868;254238
2017;7;"CVS-CJO";"Autres activites";1246433;640291
2017;7;"CVS-CJO";"Autres activites - industrie";311706;178461
2017;7;"CVS-CJO";"Autres activites - entrepot";444352;178892
2017;7;"CVS-CJO";"Autres activites - bureau";389937;318228
2017;6;"Brute";"Ensemble des locaux non-residentiels";3672070;2316315
2017;6;"Brute";"Exploitation agricole";988206;487253
2017;6;"Brute";"Commerce";950700;397319
2017;6;"Brute";"Commerce - hotels";85432;80211
2017;6;"Brute";"Services publics";435538;423504
2017;6;"Brute";"Autres activites";1297625;1008048
2017;6;"Brute";"Autres activites - industrie";305157;239628
2017;6;"Brute";"Autres activites - entrepot";550327;484499
2017;6;"Brute";"Autres activites - bureau";442141;283921
2017;6;"CVS-CJO";"Ensemble des locaux non-residentiels";3332827;2174894
2017;6;"CVS-CJO";"Exploitation agricole";805112;520151
2017;6;"CVS-CJO";"Commerce";878539;374786
2017;6;"CVS-CJO";"Commerce - hotels";85432;80211
2017;6;"CVS-CJO";"Services publics";426977;389818
2017;6;"CVS-CJO";"Autres activites";1222199;890139
2017;6;"CVS-CJO";"Autres activites - industrie";293219;198734
2017;6;"CVS-CJO";"Autres activites - entrepot";484726;442909
2017;6;"CVS-CJO";"Autres activites - bureau";427033;249627
2017;5;"Brute";"Ensemble des locaux non-residentiels";3161392;1712648
2017;5;"Brute";"Exploitation agricole";884955;421739
2017;5;"Brute";"Commerce";600229;351792
2017;5;"Brute";"Commerce - hotels";70318;38991
2017;5;"Brute";"Services publics";540975;297248
2017;5;"Brute";"Autres activites";1135231;641809
2017;5;"Brute";"Autres activites - industrie";270101;166209
2017;5;"Brute";"Autres activites - entrepot";505728;227594
2017;5;"Brute";"Autres activites - bureau";359402;248006
2017;5;"CVS-CJO";"Ensemble des locaux non-residentiels";3329588;1770071
2017;5;"CVS-CJO";"Exploitation agricole";795148;377537
2017;5;"CVS-CJO";"Commerce";623033;321086
2017;5;"CVS-CJO";"Commerce - hotels";70318;38991
2017;5;"CVS-CJO";"Services publics";607931;329323
2017;5;"CVS-CJO";"Autres activites";1303476;742125
2017;5;"CVS-CJO";"Autres activites - industrie";331329;179622
2017;5;"CVS-CJO";"Autres activites - entrepot";576640;287655
2017;5;"CVS-CJO";"Autres activites - bureau";458062;266335
2017;4;"Brute";"Ensemble des locaux non-residentiels";2697686;2074018
2017;4;"Brute";"Exploitation agricole";643596;500714
2017;4;"Brute";"Commerce";587457;368244
2017;4;"Brute";"Commerce - hotels";162704;68382
2017;4;"Brute";"Services publics";449242;365419
2017;4;"Brute";"Autres activites";1017389;839614
2017;4;"Brute";"Autres activites - industrie";216531;166040
2017;4;"Brute";"Autres activites - entrepot";294818;472514
2017;4;"Brute";"Autres activites - bureau";506040;201060
2017;4;"CVS-CJO";"Ensemble des locaux non-residentiels";3046641;2250816
2017;4;"CVS-CJO";"Exploitation agricole";723727;523501
2017;4;"CVS-CJO";"Commerce";664351;370731
2017;4;"CVS-CJO";"Commerce - hotels";162704;68382
2017;4;"CVS-CJO";"Services publics";516724;390857
2017;4;"CVS-CJO";"Autres activites";1141839;965727
2017;4;"CVS-CJO";"Autres activites - industrie";252120;188011
2017;4;"CVS-CJO";"Autres activites - entrepot";360426;526986
2017;4;"CVS-CJO";"Autres activites - bureau";654361;248349
2017;3;"Brute";"Ensemble des locaux non-residentiels";3474993;2333362
2017;3;"Brute";"Exploitation agricole";1014256;584381
2017;3;"Brute";"Commerce";750722;301988
2017;3;"Brute";"Commerce - hotels";129830;41836
2017;3;"Brute";"Services publics";560216;276357
2017;3;"Brute";"Autres activites";1149801;1170636
2017;3;"Brute";"Autres activites - industrie";319830;192900
2017;3;"Brute";"Autres activites - entrepot";531878;595588
2017;3;"Brute";"Autres activites - bureau";298093;382146
2017;3;"CVS-CJO";"Ensemble des locaux non-residentiels";3242994;2194980
2017;3;"CVS-CJO";"Exploitation agricole";892795;562335
2017;3;"CVS-CJO";"Commerce";676635;310730
2017;3;"CVS-CJO";"Commerce - hotels";129830;41836
2017;3;"CVS-CJO";"Services publics";529467;274469
2017;3;"CVS-CJO";"Autres activites";1144097;1047446
2017;3;"CVS-CJO";"Autres activites - industrie";318271;157109
2017;3;"CVS-CJO";"Autres activites - entrepot";534589;534349
2017;3;"CVS-CJO";"Autres activites - bureau";309371;348078
2017;2;"Brute";"Ensemble des locaux non-residentiels";2636491;1873414
2017;2;"Brute";"Exploitation agricole";757338;433477
2017;2;"Brute";"Commerce";443546;385843
2017;2;"Brute";"Commerce - hotels";60128;64185
2017;2;"Brute";"Services publics";360647;343625
2017;2;"Brute";"Autres activites";1074960;710267
2017;2;"Brute";"Autres activites - industrie";204081;220868
2017;2;"Brute";"Autres activites - entrepot";645871;252666
2017;2;"Brute";"Autres activites - bureau";225008;236732
2017;2;"CVS-CJO";"Ensemble des locaux non-residentiels";2821571;1922213
2017;2;"CVS-CJO";"Exploitation agricole";787673;441972
2017;2;"CVS-CJO";"Commerce";501817;383751
2017;2;"CVS-CJO";"Commerce - hotels";60128;64185
2017;2;"CVS-CJO";"Services publics";381288;368614
2017;2;"CVS-CJO";"Autres activites";1150793;727876
2017;2;"CVS-CJO";"Autres activites - industrie";252189;221715
2017;2;"CVS-CJO";"Autres activites - entrepot";600387;243448
2017;2;"CVS-CJO";"Autres activites - bureau";249913;258662
2017;1;"Brute";"Ensemble des locaux non-residentiels";2874476;1960330
2017;1;"Brute";"Exploitation agricole";771324;490146
2017;1;"Brute";"Commerce";640567;439005
2017;1;"Brute";"Commerce - hotels";80913;35240
2017;1;"Brute";"Services publics";459598;361344
2017;1;"Brute";"Autres activites";1002983;669761
2017;1;"Brute";"Autres activites - industrie";249252;171630
2017;1;"Brute";"Autres activites - entrepot";453522;240580
2017;1;"Brute";"Autres activites - bureau";300209;257550
2017;1;"CVS-CJO";"Ensemble des locaux non-residentiels";2962487;1955724
2017;1;"CVS-CJO";"Exploitation agricole";820682;489547
2017;1;"CVS-CJO";"Commerce";634175;440150
2017;1;"CVS-CJO";"Commerce - hotels";80913;35240
2017;1;"CVS-CJO";"Services publics";466455;341747
2017;1;"CVS-CJO";"Autres activites";1041175;684280
2017;1;"CVS-CJO";"Autres activites - industrie";273070;194343
2017;1;"CVS-CJO";"Autres activites - entrepot";504907;199439
2017;1;"CVS-CJO";"Autres activites - bureau";337486;264535
2016;12;"Brute";"Ensemble des locaux non-residentiels";3064909;2213757
2016;12;"Brute";"Exploitation agricole";628072;472849
2016;12;"Brute";"Commerce";665157;472994
2016;12;"Brute";"Commerce - hotels";104480;91047
2016;12;"Brute";"Services publics";478919;431963
2016;12;"Brute";"Autres activites";1292761;833879
2016;12;"Brute";"Autres activites - industrie";372254;258317
2016;12;"Brute";"Autres activites - entrepot";483535;262349
2016;12;"Brute";"Autres activites - bureau";436972;313213
2016;12;"CVS-CJO";"Ensemble des locaux non-residentiels";3118387;2332482
2016;12;"CVS-CJO";"Exploitation agricole";757841;547213
2016;12;"CVS-CJO";"Commerce";615605;470332
2016;12;"CVS-CJO";"Commerce - hotels";104480;91047
2016;12;"CVS-CJO";"Services publics";468152;442198
2016;12;"CVS-CJO";"Autres activites";1276789;872739
2016;12;"CVS-CJO";"Autres activites - industrie";359590;315906
2016;12;"CVS-CJO";"Autres activites - entrepot";500360;331502
2016;12;"CVS-CJO";"Autres activites - bureau";395901;274108
2016;11;"Brute";"Ensemble des locaux non-residentiels";2868002;1846815
2016;11;"Brute";"Exploitation agricole";675960;446837
2016;11;"Brute";"Commerce";506898;323857
2016;11;"Brute";"Commerce - hotels";63512;25428
2016;11;"Brute";"Services publics";497694;367000
2016;11;"Brute";"Autres activites";1187448;708823
2016;11;"Brute";"Autres activites - industrie";235251;180046
2016;11;"Brute";"Autres activites - entrepot";571423;277635
2016;11;"Brute";"Autres activites - bureau";380774;251143
2016;11;"CVS-CJO";"Ensemble des locaux non-residentiels";3034287;1821837
2016;11;"CVS-CJO";"Exploitation agricole";780540;482712
2016;11;"CVS-CJO";"Commerce";524533;291511
2016;11;"CVS-CJO";"Commerce - hotels";63512;25428
2016;11;"CVS-CJO";"Services publics";468825;338383
2016;11;"CVS-CJO";"Autres activites";1260389;709231
2016;11;"CVS-CJO";"Autres activites - industrie";261639;181833
2016;11;"CVS-CJO";"Autres activites - entrepot";630459;285071
2016;11;"CVS-CJO";"Autres activites - bureau";383066;232997
2016;10;"Brute";"Ensemble des locaux non-residentiels";3446200;2346430
2016;10;"Brute";"Exploitation agricole";651379;606570
2016;10;"Brute";"Commerce";711143;334384
2016;10;"Brute";"Commerce - hotels";75213;46486
2016;10;"Brute";"Services publics";558353;358147
2016;10;"Brute";"Autres activites";1525323;1046930
2016;10;"Brute";"Autres activites - industrie";388332;177669
2016;10;"Brute";"Autres activites - entrepot";744111;630819
2016;10;"Brute";"Autres activites - bureau";392879;238442
2016;10;"CVS-CJO";"Ensemble des locaux non-residentiels";3177316;2172253
2016;10;"CVS-CJO";"Exploitation agricole";750582;520287
2016;10;"CVS-CJO";"Commerce";683031;324392
2016;10;"CVS-CJO";"Commerce - hotels";75213;46486
2016;10;"CVS-CJO";"Services publics";480074;335208
2016;10;"CVS-CJO";"Autres activites";1263629;992366
2016;10;"CVS-CJO";"Autres activites - industrie";272085;147152
2016;10;"CVS-CJO";"Autres activites - entrepot";631020;599426
2016;10;"CVS-CJO";"Autres activites - bureau";318795;220647
2016;9;"Brute";"Ensemble des locaux non-residentiels";3542356;2069746
2016;9;"Brute";"Exploitation agricole";860303;514177
2016;9;"Brute";"Commerce";599679;337801
2016;9;"Brute";"Commerce - hotels";81717;38197
2016;9;"Brute";"Services publics";493076;466119
2016;9;"Brute";"Autres activites";1589296;748098
2016;9;"Brute";"Autres activites - industrie";379781;217980
2016;9;"Brute";"Autres activites - entrepot";669739;285151
2016;9;"Brute";"Autres activites - bureau";539776;244967
2016;9;"CVS-CJO";"Ensemble des locaux non-residentiels";3262496;1916815
2016;9;"CVS-CJO";"Exploitation agricole";812881;526535
2016;9;"CVS-CJO";"Commerce";598085;327597
2016;9;"CVS-CJO";"Commerce - hotels";81717;38197
2016;9;"CVS-CJO";"Services publics";481950;396213
2016;9;"CVS-CJO";"Autres activites";1369580;666470
2016;9;"CVS-CJO";"Autres activites - industrie";302030;205482
2016;9;"CVS-CJO";"Autres activites - entrepot";613177;238607
2016;9;"CVS-CJO";"Autres activites - bureau";420990;244323
2016;8;"Brute";"Ensemble des locaux non-residentiels";3557120;1818961
2016;8;"Brute";"Exploitation agricole";944931;497067
2016;8;"Brute";"Commerce";898484;410201
2016;8;"Brute";"Commerce - hotels";83308;61398
2016;8;"Brute";"Services publics";513093;297203
2016;8;"Brute";"Autres activites";1200612;614450
2016;8;"Brute";"Autres activites - industrie";313024;195487
2016;8;"Brute";"Autres activites - entrepot";597028;247032
2016;8;"Brute";"Autres activites - bureau";290560;171931
2016;8;"CVS-CJO";"Ensemble des locaux non-residentiels";3794351;1968923
2016;8;"CVS-CJO";"Exploitation agricole";966551;475372
2016;8;"CVS-CJO";"Commerce";926390;453488
2016;8;"CVS-CJO";"Commerce - hotels";83308;61398
2016;8;"CVS-CJO";"Services publics";582318;345803
2016;8;"CVS-CJO";"Autres activites";1319092;694260
2016;8;"CVS-CJO";"Autres activites - industrie";339794;211344
2016;8;"CVS-CJO";"Autres activites - entrepot";580258;291130
2016;8;"CVS-CJO";"Autres activites - bureau";351686;231174
2016;7;"Brute";"Ensemble des locaux non-residentiels";2878403;1346292
2016;7;"Brute";"Exploitation agricole";789569;335794
2016;7;"Brute";"Commerce";620133;204473
2016;7;"Brute";"Commerce - hotels";63922;14389
2016;7;"Brute";"Services publics";410273;238119
2016;7;"Brute";"Autres activites";1058427;567498
2016;7;"Brute";"Autres activites - industrie";226550;149892
2016;7;"Brute";"Autres activites - entrepot";515002;188879
2016;7;"Brute";"Autres activites - bureau";316875;228727
2016;7;"CVS-CJO";"Ensemble des locaux non-residentiels";2731290;1363391
2016;7;"CVS-CJO";"Exploitation agricole";705048;306285
2016;7;"CVS-CJO";"Commerce";621361;231566
2016;7;"CVS-CJO";"Commerce - hotels";63922;14389
2016;7;"CVS-CJO";"Services publics";380179;254340
2016;7;"CVS-CJO";"Autres activites";1024702;571200
2016;7;"CVS-CJO";"Autres activites - industrie";224797;169460
2016;7;"CVS-CJO";"Autres activites - entrepot";508863;184765
2016;7;"CVS-CJO";"Autres activites - bureau";257948;219513
2016;6;"Brute";"Ensemble des locaux non-residentiels";3200902;2216334
2016;6;"Brute";"Exploitation agricole";932263;519870
2016;6;"Brute";"Commerce";669827;386015
2016;6;"Brute";"Commerce - hotels";133802;57618
2016;6;"Brute";"Services publics";464665;396969
2016;6;"Brute";"Autres activites";1134148;912008
2016;6;"Brute";"Autres activites - industrie";272551;260754
2016;6;"Brute";"Autres activites - entrepot";500004;402682
2016;6;"Brute";"Autres activites - bureau";361593;248572
2016;6;"CVS-CJO";"Ensemble des locaux non-residentiels";2827719;2104193
2016;6;"CVS-CJO";"Exploitation agricole";717684;558957
2016;6;"CVS-CJO";"Commerce";597138;372683
2016;6;"CVS-CJO";"Commerce - hotels";133802;57618
2016;6;"CVS-CJO";"Services publics";453620;358092
2016;6;"CVS-CJO";"Autres activites";1059277;814461
2016;6;"CVS-CJO";"Autres activites - industrie";259924;212717
2016;6;"CVS-CJO";"Autres activites - entrepot";439800;362178
2016;6;"CVS-CJO";"Autres activites - bureau";346152;227775
2016;5;"Brute";"Ensemble des locaux non-residentiels";2644429;2066069
2016;5;"Brute";"Exploitation agricole";753367;533607
2016;5;"Brute";"Commerce";544993;371085
2016;5;"Brute";"Commerce - hotels";74611;40108
2016;5;"Brute";"Services publics";440011;294987
2016;5;"Brute";"Autres activites";906055;865839
2016;5;"Brute";"Autres activites - industrie";242959;187819
2016;5;"Brute";"Autres activites - entrepot";347813;382808
2016;5;"Brute";"Autres activites - bureau";315282;295211
2016;5;"CVS-CJO";"Ensemble des locaux non-residentiels";2753581;2181386
2016;5;"CVS-CJO";"Exploitation agricole";665559;510460
2016;5;"CVS-CJO";"Commerce";566058;349245
2016;5;"CVS-CJO";"Commerce - hotels";74611;40108
2016;5;"CVS-CJO";"Services publics";488191;331730
2016;5;"CVS-CJO";"Autres activites";1033773;989951
2016;5;"CVS-CJO";"Autres activites - industrie";299335;202483
2016;5;"CVS-CJO";"Autres activites - entrepot";390768;508942
2016;5;"CVS-CJO";"Autres activites - bureau";408494;314527
2016;4;"Brute";"Ensemble des locaux non-residentiels";3206020;1835979
2016;4;"Brute";"Exploitation agricole";1106098;493949
2016;4;"Brute";"Commerce";553785;437049
2016;4;"Brute";"Commerce - hotels";82146;40694
2016;4;"Brute";"Services publics";348994;305611
2016;4;"Brute";"Autres activites";1197145;598766
2016;4;"Brute";"Autres activites - industrie";279841;170847
2016;4;"Brute";"Autres activites - entrepot";455443;211459
2016;4;"Brute";"Autres activites - bureau";461861;216460
2016;4;"CVS-CJO";"Ensemble des locaux non-residentiels";3426879;1928924
2016;4;"CVS-CJO";"Exploitation agricole";1115158;502902
2016;4;"CVS-CJO";"Commerce";570836;430456
2016;4;"CVS-CJO";"Commerce - hotels";82146;40694
2016;4;"CVS-CJO";"Services publics";404449;335773
2016;4;"CVS-CJO";"Autres activites";1336436;659793
2016;4;"CVS-CJO";"Autres activites - industrie";316881;195042
2016;4;"CVS-CJO";"Autres activites - entrepot";546575;238520
2016;4;"CVS-CJO";"Autres activites - bureau";601340;265939
2016;3;"Brute";"Ensemble des locaux non-residentiels";2936540;2199497
2016;3;"Brute";"Exploitation agricole";1036892;648277
2016;3;"Brute";"Commerce";484985;374259
2016;3;"Brute";"Commerce - hotels";65599;33369
2016;3;"Brute";"Services publics";460927;383577
2016;3;"Brute";"Autres activites";953735;792903
2016;3;"Brute";"Autres activites - industrie";243748;226564
2016;3;"Brute";"Autres activites - entrepot";399271;316337
2016;3;"Brute";"Autres activites - bureau";310716;250005
2016;3;"CVS-CJO";"Ensemble des locaux non-residentiels";2788562;2072116
2016;3;"CVS-CJO";"Exploitation agricole";949174;599983
2016;3;"CVS-CJO";"Commerce";450817;368692
2016;3;"CVS-CJO";"Commerce - hotels";65599;33369
2016;3;"CVS-CJO";"Services publics";434228;376221
2016;3;"CVS-CJO";"Autres activites";954343;727220
2016;3;"CVS-CJO";"Autres activites - industrie";244266;185257
2016;3;"CVS-CJO";"Autres activites - entrepot";409178;278674
2016;3;"CVS-CJO";"Autres activites - bureau";329403;242238
2016;2;"Brute";"Ensemble des locaux non-residentiels";2932210;1758939
2016;2;"Brute";"Exploitation agricole";938770;507054
2016;2;"Brute";"Commerce";602088;305268
2016;2;"Brute";"Commerce - hotels";123036;32665
2016;2;"Brute";"Services publics";425148;260580
2016;2;"Brute";"Autres activites";966206;685429
2016;2;"Brute";"Autres activites - industrie";204912;139152
2016;2;"Brute";"Autres activites - entrepot";476613;243983
2016;2;"Brute";"Autres activites - bureau";284681;302294
2016;2;"CVS-CJO";"Ensemble des locaux non-residentiels";3102917;1839395
2016;2;"CVS-CJO";"Exploitation agricole";944574;555647
2016;2;"CVS-CJO";"Commerce";664793;328042
2016;2;"CVS-CJO";"Commerce - hotels";123036;32665
2016;2;"CVS-CJO";"Services publics";451926;313443
2016;2;"CVS-CJO";"Autres activites";1041624;642263
2016;2;"CVS-CJO";"Autres activites - industrie";263239;142456
2016;2;"CVS-CJO";"Autres activites - entrepot";440208;229945
2016;2;"CVS-CJO";"Autres activites - bureau";308551;311949
2016;1;"Brute";"Ensemble des locaux non-residentiels";2837700;2400693
2016;1;"Brute";"Exploitation agricole";748920;542973
2016;1;"Brute";"Commerce";654643;472741
2016;1;"Brute";"Commerce - hotels";58636;78565
2016;1;"Brute";"Services publics";399611;390404
2016;1;"Brute";"Autres activites";1034525;994249
2016;1;"Brute";"Autres activites - industrie";267758;180605
2016;1;"Brute";"Autres activites - entrepot";484510;425715
2016;1;"Brute";"Autres activites - bureau";282257;387930
2016;1;"CVS-CJO";"Ensemble des locaux non-residentiels";3077546;2380972
2016;1;"CVS-CJO";"Exploitation agricole";894468;529927
2016;1;"CVS-CJO";"Commerce";697326;451600
2016;1;"CVS-CJO";"Commerce - hotels";58636;78565
2016;1;"CVS-CJO";"Services publics";395291;347466
2016;1;"CVS-CJO";"Autres activites";1090461;1051979
2016;1;"CVS-CJO";"Autres activites - industrie";282495;205526
2016;1;"CVS-CJO";"Autres activites - entrepot";547647;365156
2016;1;"CVS-CJO";"Autres activites - bureau";319096;411500
2015;12;"Brute";"Ensemble des locaux non-residentiels";2780161;1583367
2015;12;"Brute";"Exploitation agricole";732187;387328
2015;12;"Brute";"Commerce";593015;360843
2015;12;"Brute";"Commerce - hotels";145646;33240
2015;12;"Brute";"Services publics";482775;260882
2015;12;"Brute";"Autres activites";972181;574135
2015;12;"Brute";"Autres activites - industrie";182757;146808
2015;12;"Brute";"Autres activites - entrepot";477147;196415
2015;12;"Brute";"Autres activites - bureau";312276;230912
2015;12;"CVS-CJO";"Ensemble des locaux non-residentiels";2813914;1669555
2015;12;"CVS-CJO";"Exploitation agricole";891595;448425
2015;12;"CVS-CJO";"Commerce";534811;348043
2015;12;"CVS-CJO";"Commerce - hotels";145646;33240
2015;12;"CVS-CJO";"Services publics";461955;264222
2015;12;"CVS-CJO";"Autres activites";925553;608865
2015;12;"CVS-CJO";"Autres activites - industrie";182857;184886
2015;12;"CVS-CJO";"Autres activites - entrepot";495175;252665
2015;12;"CVS-CJO";"Autres activites - bureau";286250;200625
2015;11;"Brute";"Ensemble des locaux non-residentiels";2840522;2166555
2015;11;"Brute";"Exploitation agricole";783164;486130
2015;11;"Brute";"Commerce";614509;495273
2015;11;"Brute";"Commerce - hotels";100802;94439
2015;11;"Brute";"Services publics";484712;423973
2015;11;"Brute";"Autres activites";958137;758406
2015;11;"Brute";"Autres activites - industrie";262139;194884
2015;11;"Brute";"Autres activites - entrepot";399455;247066
2015;11;"Brute";"Autres activites - bureau";296542;316453
2015;11;"CVS-CJO";"Ensemble des locaux non-residentiels";3006478;2146983
2015;11;"CVS-CJO";"Exploitation agricole";917886;530152
2015;11;"CVS-CJO";"Commerce";635736;471631
2015;11;"CVS-CJO";"Commerce - hotels";100802;94439
2015;11;"CVS-CJO";"Services publics";457128;397023
2015;11;"CVS-CJO";"Autres activites";995728;748177
2015;11;"CVS-CJO";"Autres activites - industrie";293197;196011
2015;11;"CVS-CJO";"Autres activites - entrepot";443567;259143
2015;11;"CVS-CJO";"Autres activites - bureau";303411;288804
2015;10;"Brute";"Ensemble des locaux non-residentiels";3484013;1904934
2015;10;"Brute";"Exploitation agricole";866138;510855
2015;10;"Brute";"Commerce";639154;322991
2015;10;"Brute";"Commerce - hotels";113485;21369
2015;10;"Brute";"Services publics";505574;392338
2015;10;"Brute";"Autres activites";1473149;678174
2015;10;"Brute";"Autres activites - industrie";467970;200549
2015;10;"Brute";"Autres activites - entrepot";527991;257950
2015;10;"Brute";"Autres activites - bureau";477188;219676
2015;10;"CVS-CJO";"Ensemble des locaux non-residentiels";3165587;1785616
2015;10;"CVS-CJO";"Exploitation agricole";941736;456922
2015;10;"CVS-CJO";"Commerce";583834;320397
2015;10;"CVS-CJO";"Commerce - hotels";113485;21369
2015;10;"CVS-CJO";"Services publics";434411;390156
2015;10;"CVS-CJO";"Autres activites";1205606;618141
2015;10;"CVS-CJO";"Autres activites - industrie";319000;165698
2015;10;"CVS-CJO";"Autres activites - entrepot";433643;240808
2015;10;"CVS-CJO";"Autres activites - bureau";384174;202866
2015;9;"Brute";"Ensemble des locaux non-residentiels";3269531;2237939
2015;9;"Brute";"Exploitation agricole";882018;639203
2015;9;"Brute";"Commerce";560918;384627
2015;9;"Brute";"Commerce - hotels";100044;38687
2015;9;"Brute";"Services publics";533948;451161
2015;9;"Brute";"Autres activites";1292646;760948
2015;9;"Brute";"Autres activites - industrie";379177;182509
2015;9;"Brute";"Autres activites - entrepot";394057;375369
2015;9;"Brute";"Autres activites - bureau";519412;203069
2015;9;"CVS-CJO";"Ensemble des locaux non-residentiels";3057634;2076944
2015;9;"CVS-CJO";"Exploitation agricole";842243;628419
2015;9;"CVS-CJO";"Commerce";565427;361119
2015;9;"CVS-CJO";"Commerce - hotels";100044;38687
2015;9;"CVS-CJO";"Services publics";519748;358420
2015;9;"CVS-CJO";"Autres activites";1130216;728986
2015;9;"CVS-CJO";"Autres activites - industrie";304614;171458
2015;9;"CVS-CJO";"Autres activites - entrepot";361357;313522
2015;9;"CVS-CJO";"Autres activites - bureau";401397;212796
2015;8;"Brute";"Ensemble des locaux non-residentiels";2520812;1465677
2015;8;"Brute";"Exploitation agricole";896135;454456
2015;8;"Brute";"Commerce";523475;246609
2015;8;"Brute";"Commerce - hotels";52601;20950
2015;8;"Brute";"Services publics";352410;292608
2015;8;"Brute";"Autres activites";748793;471201
2015;8;"Brute";"Autres activites - industrie";187062;112364
2015;8;"Brute";"Autres activites - entrepot";234631;195608
2015;8;"Brute";"Autres activites - bureau";327100;163229
2015;8;"CVS-CJO";"Ensemble des locaux non-residentiels";2771766;1597798
2015;8;"CVS-CJO";"Exploitation agricole";941635;435254
2015;8;"CVS-CJO";"Commerce";568145;310534
2015;8;"CVS-CJO";"Commerce - hotels";52601;20950
2015;8;"CVS-CJO";"Services publics";406212;346866
2015;8;"CVS-CJO";"Autres activites";855774;505144
2015;8;"CVS-CJO";"Autres activites - industrie";202737;118633
2015;8;"CVS-CJO";"Autres activites - entrepot";228740;223607
2015;8;"CVS-CJO";"Autres activites - bureau";397412;219825
2015;7;"Brute";"Ensemble des locaux non-residentiels";3378749;1921006
2015;7;"Brute";"Exploitation agricole";1122155;519509
2015;7;"Brute";"Commerce";588280;255517
2015;7;"Brute";"Commerce - hotels";81634;18348
2015;7;"Brute";"Services publics";390550;332158
2015;7;"Brute";"Autres activites";1277762;812236
2015;7;"Brute";"Autres activites - industrie";300289;191123
2015;7;"Brute";"Autres activites - entrepot";524564;375395
2015;7;"Brute";"Autres activites - bureau";452909;245719
2015;7;"CVS-CJO";"Ensemble des locaux non-residentiels";3099255;1953268
2015;7;"CVS-CJO";"Exploitation agricole";924559;505849
2015;7;"CVS-CJO";"Commerce";553184;319256
2015;7;"CVS-CJO";"Commerce - hotels";81634;18348
2015;7;"CVS-CJO";"Services publics";374582;385436
2015;7;"CVS-CJO";"Autres activites";1246930;742727
2015;7;"CVS-CJO";"Autres activites - industrie";300364;213369
2015;7;"CVS-CJO";"Autres activites - entrepot";526913;367975
2015;7;"CVS-CJO";"Autres activites - bureau";362701;212860
2015;6;"Brute";"Ensemble des locaux non-residentiels";3479706;2114529
2015;6;"Brute";"Exploitation agricole";1284271;495876
2015;6;"Brute";"Commerce";572015;412005
2015;6;"Brute";"Commerce - hotels";69884;32337
2015;6;"Brute";"Services publics";413814;473453
2015;6;"Brute";"Autres activites";1209606;732631
2015;6;"Brute";"Autres activites - industrie";336725;275350
2015;6;"Brute";"Autres activites - entrepot";521050;210313
2015;6;"Brute";"Autres activites - bureau";351830;246967
2015;6;"CVS-CJO";"Ensemble des locaux non-residentiels";3079121;2021622
2015;6;"CVS-CJO";"Exploitation agricole";1004100;516911
2015;6;"CVS-CJO";"Commerce";521041;392843
2015;6;"CVS-CJO";"Commerce - hotels";69884;32337
2015;6;"CVS-CJO";"Services publics";411778;426642
2015;6;"CVS-CJO";"Autres activites";1142202;685226
2015;6;"CVS-CJO";"Autres activites - industrie";317969;220431
2015;6;"CVS-CJO";"Autres activites - entrepot";460624;185485
2015;6;"CVS-CJO";"Autres activites - bureau";332102;234138
2015;5;"Brute";"Ensemble des locaux non-residentiels";2553516;1481003
2015;5;"Brute";"Exploitation agricole";970170;454093
2015;5;"Brute";"Commerce";389184;230493
2015;5;"Brute";"Commerce - hotels";50347;6184
2015;5;"Brute";"Services publics";314228;284065
2015;5;"Brute";"Autres activites";879936;511598
2015;5;"Brute";"Autres activites - industrie";215622;146847
2015;5;"Brute";"Autres activites - entrepot";429474;165157
2015;5;"Brute";"Autres activites - bureau";234841;199595
2015;5;"CVS-CJO";"Ensemble des locaux non-residentiels";2809259;1585922
2015;5;"CVS-CJO";"Exploitation agricole";988414;437482
2015;5;"CVS-CJO";"Commerce";470216;213766
2015;5;"CVS-CJO";"Commerce - hotels";50347;6184
2015;5;"CVS-CJO";"Services publics";344436;315513
2015;5;"CVS-CJO";"Autres activites";1006193;619161
2015;5;"CVS-CJO";"Autres activites - industrie";271845;159543
2015;5;"CVS-CJO";"Autres activites - entrepot";476294;228218
2015;5;"CVS-CJO";"Autres activites - bureau";307662;222689
2015;4;"Brute";"Ensemble des locaux non-residentiels";2626911;1701626
2015;4;"Brute";"Exploitation agricole";996663;461312
2015;4;"Brute";"Commerce";528870;265789
2015;4;"Brute";"Commerce - hotels";95987;28052
2015;4;"Brute";"Services publics";326773;293355
2015;4;"Brute";"Autres activites";774603;680085
2015;4;"Brute";"Autres activites - industrie";222503;224262
2015;4;"Brute";"Autres activites - entrepot";321430;262311
2015;4;"Brute";"Autres activites - bureau";230670;193512
2015;4;"CVS-CJO";"Ensemble des locaux non-residentiels";2770746;1752290
2015;4;"CVS-CJO";"Exploitation agricole";987767;466561
2015;4;"CVS-CJO";"Commerce";541808;255964
2015;4;"CVS-CJO";"Commerce - hotels";95987;28052
2015;4;"CVS-CJO";"Services publics";379351;326590
2015;4;"CVS-CJO";"Autres activites";861820;703175
2015;4;"CVS-CJO";"Autres activites - industrie";245363;259504
2015;4;"CVS-CJO";"Autres activites - entrepot";376608;293555
2015;4;"CVS-CJO";"Autres activites - bureau";302747;225044
2015;3;"Brute";"Ensemble des locaux non-residentiels";2894310;1772545
2015;3;"Brute";"Exploitation agricole";850122;497423
2015;3;"Brute";"Commerce";583422;355338
2015;3;"Brute";"Commerce - hotels";96332;39700
2015;3;"Brute";"Services publics";398268;336243
2015;3;"Brute";"Autres activites";1062499;582260
2015;3;"Brute";"Autres activites - industrie";305794;154974
2015;3;"Brute";"Autres activites - entrepot";416639;208952
2015;3;"Brute";"Autres activites - bureau";340064;218333
2015;3;"CVS-CJO";"Ensemble des locaux non-residentiels";2764056;1650845
2015;3;"CVS-CJO";"Exploitation agricole";782303;443972
2015;3;"CVS-CJO";"Commerce";536995;346601
2015;3;"CVS-CJO";"Commerce - hotels";96332;39700
2015;3;"CVS-CJO";"Services publics";374997;321839
2015;3;"CVS-CJO";"Autres activites";1069761;538433
2015;3;"CVS-CJO";"Autres activites - industrie";310361;127962
2015;3;"CVS-CJO";"Autres activites - entrepot";437258;184723
2015;3;"CVS-CJO";"Autres activites - bureau";367491;212696
2015;2;"Brute";"Ensemble des locaux non-residentiels";2605901;1790069
2015;2;"Brute";"Exploitation agricole";797440;359788
2015;2;"Brute";"Commerce";390708;388253
2015;2;"Brute";"Commerce - hotels";55023;24229
2015;2;"Brute";"Services publics";473379;371235
2015;2;"Brute";"Autres activites";944371;668956
2015;2;"Brute";"Autres activites - industrie";193730;135923
2015;2;"Brute";"Autres activites - entrepot";443963;342455
2015;2;"Brute";"Autres activites - bureau";306678;190577
2015;2;"CVS-CJO";"Ensemble des locaux non-residentiels";2824685;1901112
2015;2;"CVS-CJO";"Exploitation agricole";837658;383749
2015;2;"CVS-CJO";"Commerce";447489;398802
2015;2;"CVS-CJO";"Commerce - hotels";55023;24229
2015;2;"CVS-CJO";"Services publics";508851;418100
2015;2;"CVS-CJO";"Autres activites";1030687;700461
2015;2;"CVS-CJO";"Autres activites - industrie";255776;141028
2015;2;"CVS-CJO";"Autres activites - entrepot";411572;316704
2015;2;"CVS-CJO";"Autres activites - bureau";330469;207463
2015;1;"Brute";"Ensemble des locaux non-residentiels";2166709;2099825
2015;1;"Brute";"Exploitation agricole";583322;546562
2015;1;"Brute";"Commerce";424623;359216
2015;1;"Brute";"Commerce - hotels";58267;29927
2015;1;"Brute";"Services publics";414141;400010
2015;1;"Brute";"Autres activites";744624;792586
2015;1;"Brute";"Autres activites - industrie";184546;152329
2015;1;"Brute";"Autres activites - entrepot";282203;258996
2015;1;"Brute";"Autres activites - bureau";277875;381261
2015;1;"CVS-CJO";"Ensemble des locaux non-residentiels";2359779;2087246
2015;1;"CVS-CJO";"Exploitation agricole";698482;547882
2015;1;"CVS-CJO";"Commerce";438206;340590
2015;1;"CVS-CJO";"Commerce - hotels";58267;29927
2015;1;"CVS-CJO";"Services publics";415785;356083
2015;1;"CVS-CJO";"Autres activites";807306;842691
2015;1;"CVS-CJO";"Autres activites - industrie";184819;173202
2015;1;"CVS-CJO";"Autres activites - entrepot";326478;227791
2015;1;"CVS-CJO";"Autres activites - bureau";317124;393905
2014;12;"Brute";"Ensemble des locaux non-residentiels";2792030;1566250
2014;12;"Brute";"Exploitation agricole";607049;443545
2014;12;"Brute";"Commerce";593092;374198
2014;12;"Brute";"Commerce - hotels";75815;67033
2014;12;"Brute";"Services publics";512544;218829
2014;12;"Brute";"Autres activites";1079345;528865
2014;12;"Brute";"Autres activites - industrie";233376;108423
2014;12;"Brute";"Autres activites - entrepot";512992;145662
2014;12;"Brute";"Autres activites - bureau";332978;274781
2014;12;"CVS-CJO";"Ensemble des locaux non-residentiels";2876170;1675330
2014;12;"CVS-CJO";"Exploitation agricole";772865;500972
2014;12;"CVS-CJO";"Commerce";549538;356128
2014;12;"CVS-CJO";"Commerce - hotels";75815;67033
2014;12;"CVS-CJO";"Services publics";504382;225611
2014;12;"CVS-CJO";"Autres activites";1049385;592619
2014;12;"CVS-CJO";"Autres activites - industrie";245223;141481
2014;12;"CVS-CJO";"Autres activites - entrepot";533432;190433
2014;12;"CVS-CJO";"Autres activites - bureau";304994;224081
2014;11;"Brute";"Ensemble des locaux non-residentiels";2214983;2275796
2014;11;"Brute";"Exploitation agricole";560510;674876
2014;11;"Brute";"Commerce";386931;424420
2014;11;"Brute";"Commerce - hotels";39580;55328
2014;11;"Brute";"Services publics";363268;371800
2014;11;"Brute";"Autres activites";904276;803151
2014;11;"Brute";"Autres activites - industrie";329018;282511
2014;11;"Brute";"Autres activites - entrepot";345446;276795
2014;11;"Brute";"Autres activites - bureau";229812;243842
2014;11;"CVS-CJO";"Ensemble des locaux non-residentiels";2428609;2263852
2014;11;"CVS-CJO";"Exploitation agricole";708697;728391
2014;11;"CVS-CJO";"Commerce";430627;400765
2014;11;"CVS-CJO";"Commerce - hotels";39580;55328
2014;11;"CVS-CJO";"Services publics";353341;343192
2014;11;"CVS-CJO";"Autres activites";935944;791504
2014;11;"CVS-CJO";"Autres activites - industrie";364984;281510
2014;11;"CVS-CJO";"Autres activites - entrepot";382021;296090
2014;11;"CVS-CJO";"Autres activites - bureau";239777;211042
2014;10;"Brute";"Ensemble des locaux non-residentiels";3057482;2048565
2014;10;"Brute";"Exploitation agricole";844581;554098
2014;10;"Brute";"Commerce";549268;357464
2014;10;"Brute";"Commerce - hotels";59070;49980
2014;10;"Brute";"Services publics";499288;346025
2014;10;"Brute";"Autres activites";1164347;789106
2014;10;"Brute";"Autres activites - industrie";251896;227198
2014;10;"Brute";"Autres activites - entrepot";570234;289667
2014;10;"Brute";"Autres activites - bureau";342217;272243
2014;10;"CVS-CJO";"Ensemble des locaux non-residentiels";2648338;1968118
2014;10;"CVS-CJO";"Exploitation agricole";842569;544531
2014;10;"CVS-CJO";"Commerce";466279;368817
2014;10;"CVS-CJO";"Commerce - hotels";59070;49980
2014;10;"CVS-CJO";"Services publics";418930;356579
2014;10;"CVS-CJO";"Autres activites";920560;698191
2014;10;"CVS-CJO";"Autres activites - industrie";166555;187886
2014;10;"CVS-CJO";"Autres activites - entrepot";455683;266132
2014;10;"CVS-CJO";"Autres activites - bureau";274212;235808
2014;9;"Brute";"Ensemble des locaux non-residentiels";3120536;2131061
2014;9;"Brute";"Exploitation agricole";877010;533191
2014;9;"Brute";"Commerce";598584;363686
2014;9;"Brute";"Commerce - hotels";64597;87432
2014;9;"Brute";"Services publics";583774;436725
2014;9;"Brute";"Autres activites";1061171;794156
2014;9;"Brute";"Autres activites - industrie";299621;220983
2014;9;"Brute";"Autres activites - entrepot";365635;311969
2014;9;"Brute";"Autres activites - bureau";395917;261204
2014;9;"CVS-CJO";"Ensemble des locaux non-residentiels";2971314;1959946
2014;9;"CVS-CJO";"Exploitation agricole";843409;521865
2014;9;"CVS-CJO";"Commerce";611201;342287
2014;9;"CVS-CJO";"Commerce - hotels";64597;87432
2014;9;"CVS-CJO";"Services publics";561045;344162
2014;9;"CVS-CJO";"Autres activites";955659;751632
2014;9;"CVS-CJO";"Autres activites - industrie";243537;205952
2014;9;"CVS-CJO";"Autres activites - entrepot";333005;259173
2014;9;"CVS-CJO";"Autres activites - bureau";301751;273105
2014;8;"Brute";"Ensemble des locaux non-residentiels";2582705;1868344
2014;8;"Brute";"Exploitation agricole";872837;534505
2014;8;"Brute";"Commerce";508711;341488
2014;8;"Brute";"Commerce - hotels";55607;32476
2014;8;"Brute";"Services publics";404163;252362
2014;8;"Brute";"Autres activites";796994;739034
2014;8;"Brute";"Autres activites - industrie";217382;191767
2014;8;"Brute";"Autres activites - entrepot";316252;395294
2014;8;"Brute";"Autres activites - bureau";263359;151968
2014;8;"CVS-CJO";"Ensemble des locaux non-residentiels";2899819;1970929
2014;8;"CVS-CJO";"Exploitation agricole";937484;487899
2014;8;"CVS-CJO";"Commerce";570355;380564
2014;8;"CVS-CJO";"Commerce - hotels";55607;32476
2014;8;"CVS-CJO";"Services publics";459146;299513
2014;8;"CVS-CJO";"Autres activites";932834;802953
2014;8;"CVS-CJO";"Autres activites - industrie";239105;196822
2014;8;"CVS-CJO";"Autres activites - entrepot";312322;437257
2014;8;"CVS-CJO";"Autres activites - bureau";321864;224499
2014;7;"Brute";"Ensemble des locaux non-residentiels";3581276;2310436
2014;7;"Brute";"Exploitation agricole";1022456;567932
2014;7;"Brute";"Commerce";615081;510022
2014;7;"Brute";"Commerce - hotels";84398;39548
2014;7;"Brute";"Services publics";507588;471477
2014;7;"Brute";"Autres activites";1436150;758160
2014;7;"Brute";"Autres activites - industrie";311961;272141
2014;7;"Brute";"Autres activites - entrepot";688350;225739
2014;7;"Brute";"Autres activites - bureau";435840;260280
2014;7;"CVS-CJO";"Ensemble des locaux non-residentiels";3217765;2343767
2014;7;"CVS-CJO";"Exploitation agricole";819185;517216
2014;7;"CVS-CJO";"Commerce";567857;564921
2014;7;"CVS-CJO";"Commerce - hotels";84398;39548
2014;7;"CVS-CJO";"Services publics";487254;505512
2014;7;"CVS-CJO";"Autres activites";1343469;756118
2014;7;"CVS-CJO";"Autres activites - industrie";315965;302961
2014;7;"CVS-CJO";"Autres activites - entrepot";688485;223235
2014;7;"CVS-CJO";"Autres activites - bureau";343796;251419
2014;6;"Brute";"Ensemble des locaux non-residentiels";3458337;2234733
2014;6;"Brute";"Exploitation agricole";1007349;530414
2014;6;"Brute";"Commerce";641536;360241
2014;6;"Brute";"Commerce - hotels";75560;35679
2014;6;"Brute";"Services publics";532449;483106
2014;6;"Brute";"Autres activites";1277003;859261
2014;6;"Brute";"Autres activites - industrie";330279;250884
2014;6;"Brute";"Autres activites - entrepot";521152;234229
2014;6;"Brute";"Autres activites - bureau";425571;374148
2014;6;"CVS-CJO";"Ensemble des locaux non-residentiels";3104215;2104477
2014;6;"CVS-CJO";"Exploitation agricole";832850;541376
2014;6;"CVS-CJO";"Commerce";612098;341618
2014;6;"CVS-CJO";"Commerce - hotels";75560;35679
2014;6;"CVS-CJO";"Services publics";504817;432761
2014;6;"CVS-CJO";"Autres activites";1154450;788722
2014;6;"CVS-CJO";"Autres activites - industrie";313609;196651
2014;6;"CVS-CJO";"Autres activites - entrepot";465761;203673
2014;6;"CVS-CJO";"Autres activites - bureau";394165;330006
2014;5;"Brute";"Ensemble des locaux non-residentiels";2485553;1586100
2014;5;"Brute";"Exploitation agricole";820976;404114
2014;5;"Brute";"Commerce";443517;368158
2014;5;"Brute";"Commerce - hotels";47111;76435
2014;5;"Brute";"Services publics";388451;348676
2014;5;"Brute";"Autres activites";832607;463256
2014;5;"Brute";"Autres activites - industrie";193453;137994
2014;5;"Brute";"Autres activites - entrepot";417946;119853
2014;5;"Brute";"Autres activites - bureau";221207;205405
2014;5;"CVS-CJO";"Ensemble des locaux non-residentiels";2589667;1709847
2014;5;"CVS-CJO";"Exploitation agricole";746468;401593
2014;5;"CVS-CJO";"Commerce";491937;365421
2014;5;"CVS-CJO";"Commerce - hotels";47111;76435
2014;5;"CVS-CJO";"Services publics";417523;388092
2014;5;"CVS-CJO";"Autres activites";933739;554741
2014;5;"CVS-CJO";"Autres activites - industrie";246195;150168
2014;5;"CVS-CJO";"Autres activites - entrepot";456714;170013
2014;5;"CVS-CJO";"Autres activites - bureau";291080;209184
2014;4;"Brute";"Ensemble des locaux non-residentiels";2571174;1730862
2014;4;"Brute";"Exploitation agricole";757900;463906
2014;4;"Brute";"Commerce";420810;402221
2014;4;"Brute";"Commerce - hotels";39948;35225
2014;4;"Brute";"Services publics";360872;309993
2014;4;"Brute";"Autres activites";1031594;553291
2014;4;"Brute";"Autres activites - industrie";287564;160473
2014;4;"Brute";"Autres activites - entrepot";449589;232638
2014;4;"Brute";"Autres activites - bureau";294441;160180
2014;4;"CVS-CJO";"Ensemble des locaux non-residentiels";2695726;1796839
2014;4;"CVS-CJO";"Exploitation agricole";727245;462685
2014;4;"CVS-CJO";"Commerce";420351;372069
2014;4;"CVS-CJO";"Commerce - hotels";39948;35225
2014;4;"CVS-CJO";"Services publics";411379;344443
2014;4;"CVS-CJO";"Autres activites";1136751;617642
2014;4;"CVS-CJO";"Autres activites - industrie";311446;190199
2014;4;"CVS-CJO";"Autres activites - entrepot";521596;253503
2014;4;"CVS-CJO";"Autres activites - bureau";391436;193180
2014;3;"Brute";"Ensemble des locaux non-residentiels";2947964;2308738
2014;3;"Brute";"Exploitation agricole";854607;604769
2014;3;"Brute";"Commerce";581815;490811
2014;3;"Brute";"Commerce - hotels";73234;40923
2014;3;"Brute";"Services publics";597608;458129
2014;3;"Brute";"Autres activites";913934;753290
2014;3;"Brute";"Autres activites - industrie";259653;305972
2014;3;"Brute";"Autres activites - entrepot";335022;230269
2014;3;"Brute";"Autres activites - bureau";319259;217050
2014;3;"CVS-CJO";"Ensemble des locaux non-residentiels";2903396;2208718
2014;3;"CVS-CJO";"Exploitation agricole";843767;565621
2014;3;"CVS-CJO";"Commerce";564262;481789
2014;3;"CVS-CJO";"Commerce - hotels";73234;40923
2014;3;"CVS-CJO";"Services publics";571908;446509
2014;3;"CVS-CJO";"Autres activites";923459;714799
2014;3;"CVS-CJO";"Autres activites - industrie";264023;255077
2014;3;"CVS-CJO";"Autres activites - entrepot";360083;207498
2014;3;"CVS-CJO";"Autres activites - bureau";352805;223041
2014;2;"Brute";"Ensemble des locaux non-residentiels";2648906;2060374
2014;2;"Brute";"Exploitation agricole";591977;551811
2014;2;"Brute";"Commerce";593084;327283
2014;2;"Brute";"Commerce - hotels";92042;59120
2014;2;"Brute";"Services publics";411187;400131
2014;2;"Brute";"Autres activites";1052655;778575
2014;2;"Brute";"Autres activites - industrie";217877;217315
2014;2;"Brute";"Autres activites - entrepot";510744;352126
2014;2;"Brute";"Autres activites - bureau";324034;209134
2014;2;"CVS-CJO";"Ensemble des locaux non-residentiels";2840695;2203959
2014;2;"CVS-CJO";"Exploitation agricole";612812;584529
2014;2;"CVS-CJO";"Commerce";661908;343617
2014;2;"CVS-CJO";"Commerce - hotels";92042;59120
2014;2;"CVS-CJO";"Services publics";438008;452005
2014;2;"CVS-CJO";"Autres activites";1127967;823808
2014;2;"CVS-CJO";"Autres activites - industrie";290076;229727
2014;2;"CVS-CJO";"Autres activites - entrepot";472988;322421
2014;2;"CVS-CJO";"Autres activites - bureau";351837;226092
2014;1;"Brute";"Ensemble des locaux non-residentiels";2800219;2062170
2014;1;"Brute";"Exploitation agricole";632154;524340
2014;1;"Brute";"Commerce";553627;362085
2014;1;"Brute";"Commerce - hotels";72960;40834
2014;1;"Brute";"Services publics";545576;536177
2014;1;"Brute";"Autres activites";1068865;634928
2014;1;"Brute";"Autres activites - industrie";304333;189283
2014;1;"Brute";"Autres activites - entrepot";324962;240414
2014;1;"Brute";"Autres activites - bureau";439570;205237
2014;1;"CVS-CJO";"Ensemble des locaux non-residentiels";2993256;2026908
2014;1;"CVS-CJO";"Exploitation agricole";740537;543033
2014;1;"CVS-CJO";"Commerce";543220;348248
2014;1;"CVS-CJO";"Commerce - hotels";72960;40834
2014;1;"CVS-CJO";"Services publics";546791;501571
2014;1;"CVS-CJO";"Autres activites";1162708;634056
2014;1;"CVS-CJO";"Autres activites - industrie";291510;214595
2014;1;"CVS-CJO";"Autres activites - entrepot";385895;219111
2014;1;"CVS-CJO";"Autres activites - bureau";511997;198964
2013;12;"Brute";"Ensemble des locaux non-residentiels";3185814;2020592
2013;12;"Brute";"Exploitation agricole";646531;489807
2013;12;"Brute";"Commerce";633316;375575
2013;12;"Brute";"Commerce - hotels";71677;63108
2013;12;"Brute";"Services publics";495057;491668
2013;12;"Brute";"Autres activites";1410907;659501
2013;12;"Brute";"Autres activites - industrie";213324;150632
2013;12;"Brute";"Autres activites - entrepot";388944;186283
2013;12;"Brute";"Autres activites - bureau";808640;322583
2013;12;"CVS-CJO";"Ensemble des locaux non-residentiels";3313635;2145745
2013;12;"CVS-CJO";"Exploitation agricole";862852;551566
2013;12;"CVS-CJO";"Commerce";611456;358710
2013;12;"CVS-CJO";"Commerce - hotels";71677;63108
2013;12;"CVS-CJO";"Services publics";480265;504463
2013;12;"CVS-CJO";"Autres activites";1359062;731006
2013;12;"CVS-CJO";"Autres activites - industrie";232986;201304
2013;12;"CVS-CJO";"Autres activites - entrepot";399336;249133
2013;12;"CVS-CJO";"Autres activites - bureau";733054;266692
2013;11;"Brute";"Ensemble des locaux non-residentiels";2843689;2074961
2013;11;"Brute";"Exploitation agricole";644741;518846
2013;11;"Brute";"Commerce";556375;365422
2013;11;"Brute";"Commerce - hotels";67245;48821
2013;11;"Brute";"Services publics";495654;514488
2013;11;"Brute";"Autres activites";1146921;671642
2013;11;"Brute";"Autres activites - industrie";253635;204218
2013;11;"Brute";"Autres activites - entrepot";464417;247685
2013;11;"Brute";"Autres activites - bureau";428869;219741
2013;11;"CVS-CJO";"Ensemble des locaux non-residentiels";3154920;2067040
2013;11;"CVS-CJO";"Exploitation agricole";829290;544345
2013;11;"CVS-CJO";"Commerce";636603;330018
2013;11;"CVS-CJO";"Commerce - hotels";67245;48821
2013;11;"CVS-CJO";"Services publics";495123;474810
2013;11;"CVS-CJO";"Autres activites";1193904;717867
2013;11;"CVS-CJO";"Autres activites - industrie";281943;202918
2013;11;"CVS-CJO";"Autres activites - entrepot";503461;261915
2013;11;"CVS-CJO";"Autres activites - bureau";450564;217761
2013;10;"Brute";"Ensemble des locaux non-residentiels";3984239;2454218
2013;10;"Brute";"Exploitation agricole";908852;538451
2013;10;"Brute";"Commerce";890432;462993
2013;10;"Brute";"Commerce - hotels";112689;70460
2013;10;"Brute";"Services publics";747079;481104
2013;10;"Brute";"Autres activites";1437877;967882
2013;10;"Brute";"Autres activites - industrie";446281;303984
2013;10;"Brute";"Autres activites - entrepot";450421;295398
2013;10;"Brute";"Autres activites - bureau";541176;368494
2013;10;"CVS-CJO";"Ensemble des locaux non-residentiels";3554667;2346647
2013;10;"CVS-CJO";"Exploitation agricole";939581;518092
2013;10;"CVS-CJO";"Commerce";781595;465119
2013;10;"CVS-CJO";"Commerce - hotels";112689;70460
2013;10;"CVS-CJO";"Services publics";653244;479726
2013;10;"CVS-CJO";"Autres activites";1180247;883710
2013;10;"CVS-CJO";"Autres activites - industrie";291155;251143
2013;10;"CVS-CJO";"Autres activites - entrepot";358069;270532
2013;10;"CVS-CJO";"Autres activites - bureau";428842;351650
2013;9;"Brute";"Ensemble des locaux non-residentiels";3605528;2354273
2013;9;"Brute";"Exploitation agricole";1211883;535243
2013;9;"Brute";"Commerce";617783;421012
2013;9;"Brute";"Commerce - hotels";61329;55221
2013;9;"Brute";"Services publics";596787;551385
2013;9;"Brute";"Autres activites";1179079;840181
2013;9;"Brute";"Autres activites - industrie";306184;226301
2013;9;"Brute";"Autres activites - entrepot";493989;338603
2013;9;"Brute";"Autres activites - bureau";378910;275273
2013;9;"CVS-CJO";"Ensemble des locaux non-residentiels";3502692;2144843
2013;9;"CVS-CJO";"Exploitation agricole";1213564;521162
2013;9;"CVS-CJO";"Commerce";657800;400120
2013;9;"CVS-CJO";"Commerce - hotels";61329;55221
2013;9;"CVS-CJO";"Services publics";558162;457977
2013;9;"CVS-CJO";"Autres activites";1073166;765584
2013;9;"CVS-CJO";"Autres activites - industrie";250658;209215
2013;9;"CVS-CJO";"Autres activites - entrepot";454209;278252
2013;9;"CVS-CJO";"Autres activites - bureau";285916;271365
2013;8;"Brute";"Ensemble des locaux non-residentiels";2970419;1948506
2013;8;"Brute";"Exploitation agricole";975973;480271
2013;8;"Brute";"Commerce";567130;311911
2013;8;"Brute";"Commerce - hotels";91214;32849
2013;8;"Brute";"Services publics";541865;369011
2013;8;"Brute";"Autres activites";885453;783755
2013;8;"Brute";"Autres activites - industrie";257058;257754
2013;8;"Brute";"Autres activites - entrepot";387174;337992
2013;8;"Brute";"Autres activites - bureau";241219;188014
2013;8;"CVS-CJO";"Ensemble des locaux non-residentiels";3312052;2033387
2013;8;"CVS-CJO";"Exploitation agricole";1005486;450011
2013;8;"CVS-CJO";"Commerce";616432;356559
2013;8;"CVS-CJO";"Commerce - hotels";91214;32849
2013;8;"CVS-CJO";"Services publics";621556;412600
2013;8;"CVS-CJO";"Autres activites";1068578;814217
2013;8;"CVS-CJO";"Autres activites - industrie";287575;258766
2013;8;"CVS-CJO";"Autres activites - entrepot";394273;363632
2013;8;"CVS-CJO";"Autres activites - bureau";297284;269679
2013;7;"Brute";"Ensemble des locaux non-residentiels";3833435;2177929
2013;7;"Brute";"Exploitation agricole";1418725;589551
2013;7;"Brute";"Commerce";655335;356626
2013;7;"Brute";"Commerce - hotels";74939;37576
2013;7;"Brute";"Services publics";593145;451181
2013;7;"Brute";"Autres activites";1166230;775194
2013;7;"Brute";"Autres activites - industrie";244200;182666
2013;7;"Brute";"Autres activites - entrepot";431402;406369
2013;7;"Brute";"Autres activites - bureau";490628;186158
2013;7;"CVS-CJO";"Ensemble des locaux non-residentiels";3342582;2191352
2013;7;"CVS-CJO";"Exploitation agricole";1087903;524749
2013;7;"CVS-CJO";"Commerce";583329;419705
2013;7;"CVS-CJO";"Commerce - hotels";74939;37576
2013;7;"CVS-CJO";"Services publics";585073;477524
2013;7;"CVS-CJO";"Autres activites";1086277;769374
2013;7;"CVS-CJO";"Autres activites - industrie";245675;202413
2013;7;"CVS-CJO";"Autres activites - entrepot";421756;398744
2013;7;"CVS-CJO";"Autres activites - bureau";383069;182452
2013;6;"Brute";"Ensemble des locaux non-residentiels";3646707;2393781
2013;6;"Brute";"Exploitation agricole";1189127;536577
2013;6;"Brute";"Commerce";630552;454450
2013;6;"Brute";"Commerce - hotels";104086;59107
2013;6;"Brute";"Services publics";711610;486546
2013;6;"Brute";"Autres activites";1115421;908767
2013;6;"Brute";"Autres activites - industrie";233616;232274
2013;6;"Brute";"Autres activites - entrepot";475226;364622
2013;6;"Brute";"Autres activites - bureau";406581;311871
2013;6;"CVS-CJO";"Ensemble des locaux non-residentiels";3281491;2268236
2013;6;"CVS-CJO";"Exploitation agricole";989900;538204
2013;6;"CVS-CJO";"Commerce";607575;439195
2013;6;"CVS-CJO";"Commerce - hotels";104086;59107
2013;6;"CVS-CJO";"Services publics";672143;430119
2013;6;"CVS-CJO";"Autres activites";1011873;860718
2013;6;"CVS-CJO";"Autres activites - industrie";220328;179791
2013;6;"CVS-CJO";"Autres activites - entrepot";423823;317402
2013;6;"CVS-CJO";"Autres activites - bureau";371519;295134
2013;5;"Brute";"Ensemble des locaux non-residentiels";3386485;2460549
2013;5;"Brute";"Exploitation agricole";1127881;528789
2013;5;"Brute";"Commerce";592789;504206
2013;5;"Brute";"Commerce - hotels";69235;64440
2013;5;"Brute";"Services publics";594700;488989
2013;5;"Brute";"Autres activites";1071113;929717
2013;5;"Brute";"Autres activites - industrie";239516;260609
2013;5;"Brute";"Autres activites - entrepot";443315;240311
2013;5;"Brute";"Autres activites - bureau";388284;428800
2013;5;"CVS-CJO";"Ensemble des locaux non-residentiels";3573586;2675936
2013;5;"CVS-CJO";"Exploitation agricole";1033263;553575
2013;5;"CVS-CJO";"Commerce";673349;536043
2013;5;"CVS-CJO";"Commerce - hotels";69235;64440
2013;5;"CVS-CJO";"Services publics";647032;560284
2013;5;"CVS-CJO";"Autres activites";1219942;1026034
2013;5;"CVS-CJO";"Autres activites - industrie";311085;283525
2013;5;"CVS-CJO";"Autres activites - entrepot";478684;346487
2013;5;"CVS-CJO";"Autres activites - bureau";516776;402032
2013;4;"Brute";"Ensemble des locaux non-residentiels";3055966;2036199
2013;4;"Brute";"Exploitation agricole";1014223;461837
2013;4;"Brute";"Commerce";602481;511636
2013;4;"Brute";"Commerce - hotels";71862;74474
2013;4;"Brute";"Services publics";512540;441834
2013;4;"Brute";"Autres activites";926721;615074
2013;4;"Brute";"Autres activites - industrie";295903;159396
2013;4;"Brute";"Autres activites - entrepot";373276;233162
2013;4;"Brute";"Autres activites - bureau";257541;222512
2013;4;"CVS-CJO";"Ensemble des locaux non-residentiels";3222137;2110263
2013;4;"CVS-CJO";"Exploitation agricole";981025;466967
2013;4;"CVS-CJO";"Commerce";607164;473083
2013;4;"CVS-CJO";"Commerce - hotels";71862;74474
2013;4;"CVS-CJO";"Services publics";596575;480536
2013;4;"CVS-CJO";"Autres activites";1037373;689677
2013;4;"CVS-CJO";"Autres activites - industrie";317599;193317
2013;4;"CVS-CJO";"Autres activites - entrepot";426984;250069
2013;4;"CVS-CJO";"Autres activites - bureau";347032;276491
2013;3;"Brute";"Ensemble des locaux non-residentiels";3458161;2366939
2013;3;"Brute";"Exploitation agricole";952137;406536
2013;3;"Brute";"Commerce";621957;455769
2013;3;"Brute";"Commerce - hotels";88790;27635
2013;3;"Brute";"Services publics";578585;641836
2013;3;"Brute";"Autres activites";1305480;845594
2013;3;"Brute";"Autres activites - industrie";319115;281107
2013;3;"Brute";"Autres activites - entrepot";640063;256100
2013;3;"Brute";"Autres activites - bureau";346301;308386
2013;3;"CVS-CJO";"Ensemble des locaux non-residentiels";3399686;2247585
2013;3;"CVS-CJO";"Exploitation agricole";946015;370610
2013;3;"CVS-CJO";"Commerce";598516;438367
2013;3;"CVS-CJO";"Commerce - hotels";88790;27635
2013;3;"CVS-CJO";"Services publics";555912;630682
2013;3;"CVS-CJO";"Autres activites";1299243;807926
2013;3;"CVS-CJO";"Autres activites - industrie";325377;233230
2013;3;"CVS-CJO";"Autres activites - entrepot";698708;241087
2013;3;"CVS-CJO";"Autres activites - bureau";386000;303393
2013;2;"Brute";"Ensemble des locaux non-residentiels";3078442;1699119
2013;2;"Brute";"Exploitation agricole";864924;326260
2013;2;"Brute";"Commerce";592992;378197
2013;2;"Brute";"Commerce - hotels";66182;31919
2013;2;"Brute";"Services publics";567096;338532
2013;2;"Brute";"Autres activites";1053432;648720
2013;2;"Brute";"Autres activites - industrie";277107;181508
2013;2;"Brute";"Autres activites - entrepot";328056;241999
2013;2;"Brute";"Autres activites - bureau";448270;225212
2013;2;"CVS-CJO";"Ensemble des locaux non-residentiels";3314113;1840121
2013;2;"CVS-CJO";"Exploitation agricole";905030;358520
2013;2;"CVS-CJO";"Commerce";659901;400403
2013;2;"CVS-CJO";"Commerce - hotels";66182;31919
2013;2;"CVS-CJO";"Services publics";611014;391522
2013;2;"CVS-CJO";"Autres activites";1138168;689676
2013;2;"CVS-CJO";"Autres activites - industrie";367166;197781
2013;2;"CVS-CJO";"Autres activites - entrepot";304805;216748
2013;2;"CVS-CJO";"Autres activites - bureau";489172;245116
2013;1;"Brute";"Ensemble des locaux non-residentiels";3414459;1831871
2013;1;"Brute";"Exploitation agricole";821510;275842
2013;1;"Brute";"Commerce";738132;425876
2013;1;"Brute";"Commerce - hotels";107055;62870
2013;1;"Brute";"Services publics";633663;459796
2013;1;"Brute";"Autres activites";1221158;657795
2013;1;"Brute";"Autres activites - industrie";522149;181797
2013;1;"Brute";"Autres activites - entrepot";355608;211036
2013;1;"Brute";"Autres activites - bureau";343399;264962
2013;1;"CVS-CJO";"Ensemble des locaux non-residentiels";3696491;1829595
2013;1;"CVS-CJO";"Exploitation agricole";988175;292709
2013;1;"CVS-CJO";"Commerce";728492;421783
2013;1;"CVS-CJO";"Commerce - hotels";107055;62870
2013;1;"CVS-CJO";"Services publics";635994;424773
2013;1;"CVS-CJO";"Autres activites";1343830;690330
2013;1;"CVS-CJO";"Autres activites - industrie";492005;205113
2013;1;"CVS-CJO";"Autres activites - entrepot";431070;196348
2013;1;"CVS-CJO";"Autres activites - bureau";403899;268068
