"ANNEE";"MOIS";"TYPE_LGT";"NAT_SERIES";"LOG_AUT";"LOG_COM";"SDP_AUT";"SDP_COM"
"2026";"08";"Collectif";"Brute";10451;6432;612834;412240
"2026";"08";"Collectif";"CVS-CJO";13029;13905;764005;891200
"2026";"08";"Individuel groupe";"Brute";2853;1658;246505;166007
"2026";"08";"Individuel groupe";"CVS-CJO";3525;3035;304567;303879
"2026";"08";"Individuel pur";"Brute";7394;3946;733701;438310
"2026";"08";"Individuel pur";"CVS-CJO";8217;7645;815367;849184
"2026";"08";"Residence";"Brute";4678;1593;242600;94000
"2026";"08";"Residence";"CVS-CJO";4978;3078;258158;181627
"2026";"08";"Tous Logements";"Brute";25376;13629;1835640;1110557
"2026";"08";"Tous Logements";"CVS-CJO";29749;27663;2151972;2254115
"2026";"07";"Collectif";"Brute";17803;13673;1089694;890582
"2026";"07";"Collectif";"CVS-CJO";13722;13250;839902;863030
"2026";"07";"Individuel groupe";"Brute";3859;3076;318455;270462
"2026";"07";"Individuel groupe";"CVS-CJO";3401;3185;280660;280046
"2026";"07";"Individuel pur";"Brute";9808;7423;983932;814500
"2026";"07";"Individuel pur";"CVS-CJO";8594;7206;862144;790689
"2026";"07";"Residence";"Brute";5823;3345;303800;168100
"2026";"07";"Residence";"CVS-CJO";4356;2936;227263;147546
"2026";"07";"Tous Logements";"Brute";37293;27517;2695881;2143644
"2026";"07";"Tous Logements";"CVS-CJO";30073;26577;2173953;2070416
"2026";"06";"Collectif";"Brute";15485;13396;959046;835678
"2026";"06";"Collectif";"CVS-CJO";13823;12413;856112;774356
"2026";"06";"Individuel groupe";"Brute";3700;2800;301633;245400
"2026";"06";"Individuel groupe";"CVS-CJO";3250;2538;264948;222438
"2026";"06";"Individuel pur";"Brute";9415;7887;948740;900291
"2026";"06";"Individuel pur";"CVS-CJO";8465;7175;853010;819017
"2026";"06";"Residence";"Brute";5241;3451;269100;157400
"2026";"06";"Residence";"CVS-CJO";4530;2988;232594;136283
"2026";"06";"Tous Logements";"Brute";33841;27534;2478519;2138769
"2026";"06";"Tous Logements";"CVS-CJO";30068;25114;2202184;1950790
"2026";"05";"Collectif";"Brute";12114;9332;728589;581165
"2026";"05";"Collectif";"CVS-CJO";14177;11859;852667;738538
"2026";"05";"Individuel groupe";"Brute";3106;2275;260374;197571
"2026";"05";"Individuel groupe";"CVS-CJO";3353;2659;281080;230919
"2026";"05";"Individuel pur";"Brute";7514;6527;757652;739720
"2026";"05";"Individuel pur";"CVS-CJO";8554;6777;862517;768053
"2026";"05";"Residence";"Brute";4678;2768;221700;131100
"2026";"05";"Residence";"CVS-CJO";5426;3366;257149;159423
"2026";"05";"Tous Logements";"Brute";27412;20902;1968315;1649556
"2026";"05";"Tous Logements";"CVS-CJO";31510;24661;2262571;1946211
"2026";"04";"Collectif";"Brute";11548;10491;723840;659858
"2026";"04";"Collectif";"CVS-CJO";11838;12182;742018;766218
"2026";"04";"Individuel groupe";"Brute";2996;2986;242284;267172
"2026";"04";"Individuel groupe";"CVS-CJO";3140;3059;253929;273704
"2026";"04";"Individuel pur";"Brute";7925;7029;792709;804988
"2026";"04";"Individuel pur";"CVS-CJO";8187;6643;818916;760782
"2026";"04";"Residence";"Brute";3056;3043;130100;136600
"2026";"04";"Residence";"CVS-CJO";3817;3835;162497;172153
"2026";"04";"Tous Logements";"Brute";25525;23549;1888933;1868618
"2026";"04";"Tous Logements";"CVS-CJO";26982;25719;1996756;2040808
"2026";"03";"Collectif";"Brute";22076;13287;1372320;832739
"2026";"03";"Collectif";"CVS-CJO";19639;13915;1220828;872098
"2026";"03";"Individuel groupe";"Brute";3984;2862;335357;252914
"2026";"03";"Individuel groupe";"CVS-CJO";3504;2828;294952;249909
"2026";"03";"Individuel pur";"Brute";8963;7448;914840;841867
"2026";"03";"Individuel pur";"CVS-CJO";8453;6448;862785;728834
"2026";"03";"Residence";"Brute";7310;5070;326300;234500
"2026";"03";"Residence";"CVS-CJO";6790;5677;303088;262575
"2026";"03";"Tous Logements";"Brute";42333;28667;2948817;2162020
"2026";"03";"Tous Logements";"CVS-CJO";38386;28868;2673878;2177179
"2026";"02";"Collectif";"Brute";11501;9201;719051;561205
"2026";"02";"Collectif";"CVS-CJO";14275;12327;892484;751872
"2026";"02";"Individuel groupe";"Brute";3279;2528;269472;222193
"2026";"02";"Individuel groupe";"CVS-CJO";3418;2749;280895;241617
"2026";"02";"Individuel pur";"Brute";7696;5916;784173;671647
"2026";"02";"Individuel pur";"CVS-CJO";8063;5943;821568;674712
"2026";"02";"Residence";"Brute";2972;1723;131300;90500
"2026";"02";"Residence";"CVS-CJO";3623;1930;160060;101373
"2026";"02";"Tous Logements";"Brute";25448;19368;1903996;1545545
"2026";"02";"Tous Logements";"CVS-CJO";29379;22949;2198110;1831305
"2026";"01";"Collectif";"Brute";12223;10034;758225;632962
"2026";"01";"Collectif";"CVS-CJO";15252;13255;946122;836148
"2026";"01";"Individuel groupe";"Brute";3253;2839;283843;247535
"2026";"01";"Individuel groupe";"CVS-CJO";3552;2901;309932;252941
"2026";"01";"Individuel pur";"Brute";8236;5892;907517;678510
"2026";"01";"Individuel pur";"CVS-CJO";8244;5875;908398;676552
"2026";"01";"Residence";"Brute";2812;3619;136000;142400
"2026";"01";"Residence";"CVS-CJO";3926;3360;189878;132209
"2026";"01";"Tous Logements";"Brute";26524;22384;2085585;1701407
"2026";"01";"Tous Logements";"CVS-CJO";30974;25391;2435489;1929969
"2025";"12";"Collectif";"Brute";16143;25126;984036;1585490
"2025";"12";"Collectif";"CVS-CJO";14821;11453;903450;722702
"2025";"12";"Individuel groupe";"Brute";3604;4182;317392;358223
"2025";"12";"Individuel groupe";"CVS-CJO";3457;3148;304446;269652
"2025";"12";"Individuel pur";"Brute";8295;4969;926905;556630
"2025";"12";"Individuel pur";"CVS-CJO";7949;5922;888242;663386
"2025";"12";"Residence";"Brute";5653;8488;253600;372200
"2025";"12";"Residence";"CVS-CJO";4645;5734;208380;251437
"2025";"12";"Tous Logements";"Brute";33695;42765;2481933;2872543
"2025";"12";"Tous Logements";"CVS-CJO";30872;26257;2273994;1763694
"2025";"11";"Collectif";"Brute";10987;13563;690930;851340
"2025";"11";"Collectif";"CVS-CJO";13960;11000;877890;690462
"2025";"11";"Individuel groupe";"Brute";2859;2638;248170;234238
"2025";"11";"Individuel groupe";"CVS-CJO";3569;2557;309800;227046
"2025";"11";"Individuel pur";"Brute";6757;5344;754195;612103
"2025";"11";"Individuel pur";"CVS-CJO";7686;5559;857887;636729
"2025";"11";"Residence";"Brute";3333;4224;140900;194400
"2025";"11";"Residence";"CVS-CJO";4176;3267;176537;150356
"2025";"11";"Tous Logements";"Brute";23936;25769;1834195;1892081
"2025";"11";"Tous Logements";"CVS-CJO";29391;22383;2252207;1643465
"2025";"10";"Collectif";"Brute";15863;12460;966309;811451
"2025";"10";"Collectif";"CVS-CJO";14259;11454;868600;745936
"2025";"10";"Individuel groupe";"Brute";3779;3108;328263;270982
"2025";"10";"Individuel groupe";"CVS-CJO";3487;2794;302898;243605
"2025";"10";"Individuel pur";"Brute";7292;6391;822962;731157
"2025";"10";"Individuel pur";"CVS-CJO";7547;5508;851741;630138
"2025";"10";"Residence";"Brute";5210;2985;225200;146400
"2025";"10";"Residence";"CVS-CJO";4690;3484;202723;170874
"2025";"10";"Tous Logements";"Brute";32144;24944;2342734;1959990
"2025";"10";"Tous Logements";"CVS-CJO";29983;23240;2185235;1826097
"2025";"09";"Collectif";"Brute";17604;10557;1110412;683379
"2025";"09";"Collectif";"CVS-CJO";15089;10311;951773;667455
"2025";"09";"Individuel groupe";"Brute";3882;2910;342996;258062
"2025";"09";"Individuel groupe";"CVS-CJO";3547;2465;313397;218599
"2025";"09";"Individuel pur";"Brute";8501;6911;958793;804367
"2025";"09";"Individuel pur";"CVS-CJO";7587;5453;855707;634671
"2025";"09";"Residence";"Brute";6658;3100;298000;130700
"2025";"09";"Residence";"CVS-CJO";6133;3193;274502;134621
"2025";"09";"Tous Logements";"Brute";36645;23478;2710201;1876508
"2025";"09";"Tous Logements";"CVS-CJO";32356;21422;2392994;1712180
"2025";"08";"Collectif";"Brute";13884;3694;865678;236920
"2025";"08";"Collectif";"CVS-CJO";16683;8333;1040198;534449
"2025";"08";"Individuel groupe";"Brute";2716;1185;234841;97646
"2025";"08";"Individuel groupe";"CVS-CJO";3475;2472;300468;203697
"2025";"08";"Individuel pur";"Brute";6326;2174;711771;249448
"2025";"08";"Individuel pur";"CVS-CJO";7353;4839;827324;555234
"2025";"08";"Residence";"Brute";2451;956;126100;42400
"2025";"08";"Residence";"CVS-CJO";2655;2584;136596;114604
"2025";"08";"Tous Logements";"Brute";25377;8009;1938390;626414
"2025";"08";"Tous Logements";"CVS-CJO";30166;18228;2304192;1425680
"2025";"07";"Collectif";"Brute";22651;11352;1419513;720671
"2025";"07";"Collectif";"CVS-CJO";16965;11242;1063178;713688
"2025";"07";"Individuel groupe";"Brute";4503;2708;380202;229041
"2025";"07";"Individuel groupe";"CVS-CJO";3847;2748;324814;232424
"2025";"07";"Individuel pur";"Brute";8380;5511;947968;646651
"2025";"07";"Individuel pur";"CVS-CJO";7337;5365;829981;629520
"2025";"07";"Residence";"Brute";5736;3394;242400;145400
"2025";"07";"Residence";"CVS-CJO";4399;3026;185899;129635
"2025";"07";"Tous Logements";"Brute";41270;22965;2990083;1741763
"2025";"07";"Tous Logements";"CVS-CJO";32548;22381;2358159;1697470
"2025";"06";"Collectif";"Brute";19304;12283;1209828;784426
"2025";"06";"Collectif";"CVS-CJO";18097;11285;1134182;720691
"2025";"06";"Individuel groupe";"Brute";4604;2822;391272;255980
"2025";"06";"Individuel groupe";"CVS-CJO";4303;2693;365691;244279
"2025";"06";"Individuel pur";"Brute";7336;5369;833441;631509
"2025";"06";"Individuel pur";"CVS-CJO";7069;5145;803107;605162
"2025";"06";"Residence";"Brute";6585;4728;293500;182400
"2025";"06";"Residence";"CVS-CJO";5842;4159;260384;160449
"2025";"06";"Tous Logements";"Brute";37829;25202;2728041;1854315
"2025";"06";"Tous Logements";"CVS-CJO";35311;23282;2546455;1713045
"2025";"05";"Collectif";"Brute";14581;6850;948454;446773
"2025";"05";"Collectif";"CVS-CJO";15901;8313;1034316;542193
"2025";"05";"Individuel groupe";"Brute";3344;2159;293251;182535
"2025";"05";"Individuel groupe";"CVS-CJO";3530;2449;309562;207053
"2025";"05";"Individuel pur";"Brute";6496;4918;737571;589491
"2025";"05";"Individuel pur";"CVS-CJO";6908;4894;784350;586614
"2025";"05";"Residence";"Brute";3546;1493;145100;71600
"2025";"05";"Residence";"CVS-CJO";4099;1930;167728;92557
"2025";"05";"Tous Logements";"Brute";27967;15420;2124376;1290399
"2025";"05";"Tous Logements";"CVS-CJO";30438;17586;2312073;1471657
"2025";"04";"Collectif";"Brute";16636;9375;1061907;604473
"2025";"04";"Collectif";"CVS-CJO";17385;10615;1109717;684425
"2025";"04";"Individuel groupe";"Brute";3712;2538;311694;230818
"2025";"04";"Individuel groupe";"CVS-CJO";3869;2587;324877;235274
"2025";"04";"Individuel pur";"Brute";6632;5363;755505;623261
"2025";"04";"Individuel pur";"CVS-CJO";6785;5037;772934;585375
"2025";"04";"Residence";"Brute";5760;1209;254300;58800
"2025";"04";"Residence";"CVS-CJO";6736;1884;297390;91629
"2025";"04";"Tous Logements";"Brute";32740;18485;2383406;1517352
"2025";"04";"Tous Logements";"CVS-CJO";34775;20123;2531550;1651808
"2025";"03";"Collectif";"Brute";16581;9406;1064054;598008
"2025";"03";"Collectif";"CVS-CJO";15171;9548;973570;607036
"2025";"03";"Individuel groupe";"Brute";4161;2330;354538;213738
"2025";"03";"Individuel groupe";"CVS-CJO";3835;2353;326761;215848
"2025";"03";"Individuel pur";"Brute";6880;5577;786144;658935
"2025";"03";"Individuel pur";"CVS-CJO";6848;4932;782488;582727
"2025";"03";"Residence";"Brute";4305;2313;222000;101600
"2025";"03";"Residence";"CVS-CJO";3868;2875;199465;126286
"2025";"03";"Tous Logements";"Brute";31927;19626;2426736;1572281
"2025";"03";"Tous Logements";"CVS-CJO";29722;19708;2259136;1578850
"2025";"02";"Collectif";"Brute";11795;7777;778901;473445
"2025";"02";"Collectif";"CVS-CJO";14503;10316;957728;628013
"2025";"02";"Individuel groupe";"Brute";3354;2312;290701;195822
"2025";"02";"Individuel groupe";"CVS-CJO";3485;2489;302055;210814
"2025";"02";"Individuel pur";"Brute";6169;4821;720352;556385
"2025";"02";"Individuel pur";"CVS-CJO";6467;4791;755149;552923
"2025";"02";"Residence";"Brute";3180;2275;144700;107500
"2025";"02";"Residence";"CVS-CJO";3616;2505;164539;118368
"2025";"02";"Tous Logements";"Brute";24498;17185;1934654;1333152
"2025";"02";"Tous Logements";"CVS-CJO";28071;20101;2216821;1559365
"2025";"01";"Collectif";"Brute";11030;8151;735341;521578
"2025";"01";"Collectif";"CVS-CJO";13520;10809;901343;691662
"2025";"01";"Individuel groupe";"Brute";3404;2585;300092;227230
"2025";"01";"Individuel groupe";"CVS-CJO";3527;2569;310936;225824
"2025";"01";"Individuel pur";"Brute";6631;5151;762689;612623
"2025";"01";"Individuel pur";"CVS-CJO";6340;5017;729219;596686
"2025";"01";"Residence";"Brute";2437;3286;113200;127600
"2025";"01";"Residence";"CVS-CJO";3485;3017;161880;117154
"2025";"01";"Tous Logements";"Brute";23502;19173;1911322;1489031
"2025";"01";"Tous Logements";"CVS-CJO";26872;21412;2185390;1662918
"2024";"12";"Collectif";"Brute";14639;22276;943595;1399260
"2024";"12";"Collectif";"CVS-CJO";13399;11175;863668;701954
"2024";"12";"Individuel groupe";"Brute";3663;3685;311242;316657
"2024";"12";"Individuel groupe";"CVS-CJO";3621;2772;307673;238202
"2024";"12";"Individuel pur";"Brute";6322;4138;723283;472879
"2024";"12";"Individuel pur";"CVS-CJO";6274;5008;717791;572300
"2024";"12";"Residence";"Brute";4209;5182;174900;234100
"2024";"12";"Residence";"CVS-CJO";3326;3017;138208;136295
"2024";"12";"Tous Logements";"Brute";28833;35281;2153020;2422896
"2024";"12";"Tous Logements";"CVS-CJO";26620;21972;1987771;1508910
"2024";"11";"Collectif";"Brute";11538;14031;754463;893249
"2024";"11";"Collectif";"CVS-CJO";14002;11358;915582;723079
"2024";"11";"Individuel groupe";"Brute";2896;2636;260308;236064
"2024";"11";"Individuel groupe";"CVS-CJO";3572;2559;321070;229168
"2024";"11";"Individuel pur";"Brute";5463;4776;625560;550509
"2024";"11";"Individuel pur";"CVS-CJO";6224;5014;712701;577942
"2024";"11";"Residence";"Brute";2279;3256;95000;152800
"2024";"11";"Residence";"CVS-CJO";3176;2289;132391;107420
"2024";"11";"Tous Logements";"Brute";22176;24699;1735331;1832622
"2024";"11";"Tous Logements";"CVS-CJO";26974;21220;2110787;1574486
"2024";"10";"Collectif";"Brute";13648;13331;885343;853416
"2024";"10";"Collectif";"CVS-CJO";12018;12414;779605;794712
"2024";"10";"Individuel groupe";"Brute";3814;2893;331218;254454
"2024";"10";"Individuel groupe";"CVS-CJO";3454;2555;299955;224725
"2024";"10";"Individuel pur";"Brute";6082;5704;714329;666470
"2024";"10";"Individuel pur";"CVS-CJO";6299;4871;739816;569140
"2024";"10";"Residence";"Brute";5788;1407;223400;66600
"2024";"10";"Residence";"CVS-CJO";5509;1883;212631;89131
"2024";"10";"Tous Logements";"Brute";29332;23335;2154290;1840940
"2024";"10";"Tous Logements";"CVS-CJO";27280;21723;2003581;1713766
"2024";"09";"Collectif";"Brute";13320;10325;879494;677934
"2024";"09";"Collectif";"CVS-CJO";11928;9880;787583;648716
"2024";"09";"Individuel groupe";"Brute";3821;2901;329298;246373
"2024";"09";"Individuel groupe";"CVS-CJO";3646;2513;314216;213421
"2024";"09";"Individuel pur";"Brute";6617;6176;777541;732787
"2024";"09";"Individuel pur";"CVS-CJO";6048;5002;710680;593491
"2024";"09";"Residence";"Brute";4018;1930;185500;92400
"2024";"09";"Residence";"CVS-CJO";3535;2026;163201;96996
"2024";"09";"Tous Logements";"Brute";27776;21332;2171833;1749494
"2024";"09";"Tous Logements";"CVS-CJO";25157;19421;1967051;1592768
"2024";"08";"Collectif";"Brute";11347;4881;715911;310486
"2024";"08";"Collectif";"CVS-CJO";13811;11433;871371;727266
"2024";"08";"Individuel groupe";"Brute";2855;1271;246397;108852
"2024";"08";"Individuel groupe";"CVS-CJO";3590;2667;309830;228409
"2024";"08";"Individuel pur";"Brute";5481;2402;646533;277553
"2024";"08";"Individuel pur";"CVS-CJO";6101;5371;719668;620623
"2024";"08";"Residence";"Brute";3020;1453;142500;72200
"2024";"08";"Residence";"CVS-CJO";3424;3199;161563;158959
"2024";"08";"Tous Logements";"Brute";22703;10007;1751341;769091
"2024";"08";"Tous Logements";"CVS-CJO";26926;22670;2077109;1742310
"2024";"07";"Collectif";"Brute";18650;11800;1188377;746800
"2024";"07";"Collectif";"CVS-CJO";13554;11789;863660;746104
"2024";"07";"Individuel groupe";"Brute";3813;2145;332623;184643
"2024";"07";"Individuel groupe";"CVS-CJO";3228;2102;281591;180942
"2024";"07";"Individuel pur";"Brute";7307;5719;848949;668611
"2024";"07";"Individuel pur";"CVS-CJO";6231;5407;723936;632135
"2024";"07";"Residence";"Brute";5733;3571;252900;160500
"2024";"07";"Residence";"CVS-CJO";4141;3310;182672;148769
"2024";"07";"Tous Logements";"Brute";35503;23235;2622849;1760554
"2024";"07";"Tous Logements";"CVS-CJO";27154;22608;2006051;1713045
"2024";"06";"Collectif";"Brute";14074;11380;904758;744688
"2024";"06";"Collectif";"CVS-CJO";12959;10613;833079;694497
"2024";"06";"Individuel groupe";"Brute";3636;2483;317094;221780
"2024";"06";"Individuel groupe";"CVS-CJO";3405;2349;296949;209811
"2024";"06";"Individuel pur";"Brute";6004;5632;700414;658062
"2024";"06";"Individuel pur";"CVS-CJO";5906;5404;688982;631422
"2024";"06";"Residence";"Brute";4159;2788;180700;128100
"2024";"06";"Residence";"CVS-CJO";3478;2375;151112;109124
"2024";"06";"Tous Logements";"Brute";27873;22283;2102966;1752630
"2024";"06";"Tous Logements";"CVS-CJO";25748;20741;1942639;1631347
"2024";"05";"Collectif";"Brute";12055;10388;781456;692304
"2024";"05";"Collectif";"CVS-CJO";12745;12755;826185;850052
"2024";"05";"Individuel groupe";"Brute";3646;2333;307668;211637
"2024";"05";"Individuel groupe";"CVS-CJO";3750;2569;316444;233046
"2024";"05";"Individuel pur";"Brute";5798;5399;672413;641954
"2024";"05";"Individuel pur";"CVS-CJO";6132;5369;711148;638387
"2024";"05";"Residence";"Brute";2169;2611;112400;107800
"2024";"05";"Residence";"CVS-CJO";2803;2990;145255;123448
"2024";"05";"Tous Logements";"Brute";23668;20731;1873937;1653695
"2024";"05";"Tous Logements";"CVS-CJO";25430;23683;2013445;1889174
"2024";"04";"Collectif";"Brute";12973;9696;851330;626553
"2024";"04";"Collectif";"CVS-CJO";12951;10912;849886;705131
"2024";"04";"Individuel groupe";"Brute";3133;2738;272803;245923
"2024";"04";"Individuel groupe";"CVS-CJO";3279;2720;285516;244306
"2024";"04";"Individuel pur";"Brute";6399;6320;769640;736961
"2024";"04";"Individuel pur";"CVS-CJO";6613;5871;795379;684604
"2024";"04";"Residence";"Brute";2487;1527;108200;67700
"2024";"04";"Residence";"CVS-CJO";3106;2105;135130;93326
"2024";"04";"Tous Logements";"Brute";24992;20281;2001973;1677137
"2024";"04";"Tous Logements";"CVS-CJO";25949;21608;2078633;1786873
"2024";"03";"Collectif";"Brute";13333;10496;857489;698760
"2024";"03";"Collectif";"CVS-CJO";12280;10689;789767;711609
"2024";"03";"Individuel groupe";"Brute";3146;2558;270847;228296
"2024";"03";"Individuel groupe";"CVS-CJO";2901;2633;249754;234990
"2024";"03";"Individuel pur";"Brute";6191;6246;706965;722266
"2024";"03";"Individuel pur";"CVS-CJO";6119;5610;698743;648721
"2024";"03";"Residence";"Brute";5058;1604;259400;69500
"2024";"03";"Residence";"CVS-CJO";4850;2191;248733;94934
"2024";"03";"Tous Logements";"Brute";27728;20904;2094701;1718822
"2024";"03";"Tous Logements";"CVS-CJO";26150;21123;1975492;1736829
"2024";"02";"Collectif";"Brute";12698;7274;816964;462545
"2024";"02";"Collectif";"CVS-CJO";15030;9886;967000;628639
"2024";"02";"Individuel groupe";"Brute";3441;2431;300372;205269
"2024";"02";"Individuel groupe";"CVS-CJO";3494;2594;304998;219032
"2024";"02";"Individuel pur";"Brute";6187;6080;724659;710254
"2024";"02";"Individuel pur";"CVS-CJO";6392;5929;748670;692614
"2024";"02";"Residence";"Brute";3431;2778;139100;138900
"2024";"02";"Residence";"CVS-CJO";4065;3144;164804;157200
"2024";"02";"Tous Logements";"Brute";25757;18563;1981095;1516968
"2024";"02";"Tous Logements";"CVS-CJO";28981;21553;2229068;1761311
"2024";"01";"Collectif";"Brute";12172;7131;785465;469098
"2024";"01";"Collectif";"CVS-CJO";15017;9443;969054;621188
"2024";"01";"Individuel groupe";"Brute";3457;2464;297927;226017
"2024";"01";"Individuel groupe";"CVS-CJO";3520;2458;303356;225467
"2024";"01";"Individuel pur";"Brute";6753;6359;780092;744795
"2024";"01";"Individuel pur";"CVS-CJO";6408;6148;740238;720082
"2024";"01";"Residence";"Brute";2490;2953;102800;122300
"2024";"01";"Residence";"CVS-CJO";3351;2719;138346;112609
"2024";"01";"Tous Logements";"Brute";24872;18907;1966284;1562210
"2024";"01";"Tous Logements";"CVS-CJO";28296;20768;2236972;1715977
"2023";"12";"Collectif";"Brute";16577;20570;1085641;1330516
"2023";"12";"Collectif";"CVS-CJO";15806;10910;1035148;705684
"2023";"12";"Individuel groupe";"Brute";3543;3923;315572;337140
"2023";"12";"Individuel groupe";"CVS-CJO";3642;3242;324390;278615
"2023";"12";"Individuel pur";"Brute";6811;5351;790194;619472
"2023";"12";"Individuel pur";"CVS-CJO";7076;6785;820939;785483
"2023";"12";"Residence";"Brute";5252;4033;211200;198500
"2023";"12";"Residence";"CVS-CJO";4341;1950;174566;95977
"2023";"12";"Tous Logements";"Brute";32183;33877;2402607;2485628
"2023";"12";"Tous Logements";"CVS-CJO";30865;22887;2304212;1679268
"2023";"11";"Collectif";"Brute";13663;12648;852843;829024
"2023";"11";"Collectif";"CVS-CJO";16211;10222;1011889;670010
"2023";"11";"Individuel groupe";"Brute";3181;2978;283346;260572
"2023";"11";"Individuel groupe";"CVS-CJO";3690;2740;328685;239747
"2023";"11";"Individuel pur";"Brute";6796;6508;784848;759798
"2023";"11";"Individuel pur";"CVS-CJO";7111;6447;821226;752676
"2023";"11";"Residence";"Brute";3197;3793;162100;186300
"2023";"11";"Residence";"CVS-CJO";4016;2818;203626;138411
"2023";"11";"Tous Logements";"Brute";26837;25927;2083137;2035694
"2023";"11";"Tous Logements";"CVS-CJO";31028;22227;2408450;1745183
"2023";"10";"Collectif";"Brute";18379;10577;1216141;694159
"2023";"10";"Collectif";"CVS-CJO";16509;9534;1092403;625708
"2023";"10";"Individuel groupe";"Brute";4154;2893;372074;258098
"2023";"10";"Individuel groupe";"CVS-CJO";3913;2558;350488;228211
"2023";"10";"Individuel pur";"Brute";6907;7842;809412;923167
"2023";"10";"Individuel pur";"CVS-CJO";7290;6775;854295;797559
"2023";"10";"Residence";"Brute";3441;2674;161400;126800
"2023";"10";"Residence";"CVS-CJO";3295;3186;154552;151079
"2023";"10";"Tous Logements";"Brute";32881;23986;2559027;2002224
"2023";"10";"Tous Logements";"CVS-CJO";31007;22053;2413179;1840867
"2023";"09";"Collectif";"Brute";14861;11853;981972;767726
"2023";"09";"Collectif";"CVS-CJO";13270;11359;876843;735729
"2023";"09";"Individuel groupe";"Brute";3763;3182;333550;282002
"2023";"09";"Individuel groupe";"CVS-CJO";3650;2807;323534;248768
"2023";"09";"Individuel pur";"Brute";7837;8443;929487;1007315
"2023";"09";"Individuel pur";"CVS-CJO";7221;7053;856428;841477
"2023";"09";"Residence";"Brute";3435;2621;157300;126200
"2023";"09";"Residence";"CVS-CJO";3046;2801;139486;134867
"2023";"09";"Tous Logements";"Brute";29896;26099;2402309;2183243
"2023";"09";"Tous Logements";"CVS-CJO";27187;24020;2184626;2009330
"2023";"08";"Collectif";"Brute";12846;4543;830602;295110
"2023";"08";"Collectif";"CVS-CJO";15894;8831;1027681;573655
"2023";"08";"Individuel groupe";"Brute";3106;1325;275634;109592
"2023";"08";"Individuel groupe";"CVS-CJO";3708;2700;329057;223320
"2023";"08";"Individuel pur";"Brute";7107;3438;835441;407996
"2023";"08";"Individuel pur";"CVS-CJO";7616;7407;895275;879007
"2023";"08";"Residence";"Brute";3537;137;140500;8100
"2023";"08";"Residence";"CVS-CJO";4186;1427;166280;84370
"2023";"08";"Tous Logements";"Brute";26596;9443;2082177;820798
"2023";"08";"Tous Logements";"CVS-CJO";31404;20365;2458591;1770153
"2023";"07";"Collectif";"Brute";19112;11691;1264989;735886
"2023";"07";"Collectif";"CVS-CJO";14560;11586;963700;729277
"2023";"07";"Individuel groupe";"Brute";3972;2647;342101;223908
"2023";"07";"Individuel groupe";"CVS-CJO";3691;2677;317899;226446
"2023";"07";"Individuel pur";"Brute";8206;7692;958439;906334
"2023";"07";"Individuel pur";"CVS-CJO";7873;7724;919546;910104
"2023";"07";"Residence";"Brute";5734;2351;259300;98100
"2023";"07";"Residence";"CVS-CJO";4016;2118;181610;88378
"2023";"07";"Tous Logements";"Brute";37024;24381;2824829;1964228
"2023";"07";"Tous Logements";"CVS-CJO";30140;24105;2299599;1941992
"2023";"06";"Collectif";"Brute";19528;11596;1280379;748976
"2023";"06";"Collectif";"CVS-CJO";17810;10743;1167736;693881
"2023";"06";"Individuel groupe";"Brute";4002;3029;361268;269384
"2023";"06";"Individuel groupe";"CVS-CJO";3538;2721;319382;241992
"2023";"06";"Individuel pur";"Brute";8834;8759;1052422;1039565
"2023";"06";"Individuel pur";"CVS-CJO";8114;8035;966646;953637
"2023";"06";"Residence";"Brute";4122;4156;190300;193100
"2023";"06";"Residence";"CVS-CJO";3689;3679;170310;170937
"2023";"06";"Tous Logements";"Brute";36486;27540;2884369;2251025
"2023";"06";"Tous Logements";"CVS-CJO";33151;25178;2620724;2057963
"2023";"05";"Collectif";"Brute";14363;10895;929829;717912
"2023";"05";"Collectif";"CVS-CJO";14903;13621;964787;897538
"2023";"05";"Individuel groupe";"Brute";3420;2572;302692;228350
"2023";"05";"Individuel groupe";"CVS-CJO";3454;2932;305701;260312
"2023";"05";"Individuel pur";"Brute";8065;8006;946404;962615
"2023";"05";"Individuel pur";"CVS-CJO";8502;8041;997685;966823
"2023";"05";"Residence";"Brute";2570;1688;114400;87000
"2023";"05";"Residence";"CVS-CJO";3014;2014;134164;103802
"2023";"05";"Tous Logements";"Brute";28418;23161;2293325;1995877
"2023";"05";"Tous Logements";"CVS-CJO";29873;26608;2410743;2292919
"2023";"04";"Collectif";"Brute";15075;10466;993094;676258
"2023";"04";"Collectif";"CVS-CJO";16050;11954;1057324;772405
"2023";"04";"Individuel groupe";"Brute";3053;2441;277229;225855
"2023";"04";"Individuel groupe";"CVS-CJO";3372;2580;306196;238716
"2023";"04";"Individuel pur";"Brute";7573;8337;899033;993036
"2023";"04";"Individuel pur";"CVS-CJO";8526;8237;1012169;981125
"2023";"04";"Residence";"Brute";3926;2807;208700;115100
"2023";"04";"Residence";"CVS-CJO";4530;3355;240808;137570
"2023";"04";"Tous Logements";"Brute";29627;24051;2378056;2010249
"2023";"04";"Tous Logements";"CVS-CJO";32478;26126;2606896;2183683
"2023";"03";"Collectif";"Brute";17455;13329;1126122;885545
"2023";"03";"Collectif";"CVS-CJO";16399;13659;1057993;907469
"2023";"03";"Individuel groupe";"Brute";4050;2814;365752;253243
"2023";"03";"Individuel groupe";"CVS-CJO";3479;2848;314186;256303
"2023";"03";"Individuel pur";"Brute";9576;9618;1141947;1145479
"2023";"03";"Individuel pur";"CVS-CJO";8842;8374;1054417;997322
"2023";"03";"Residence";"Brute";2730;932;124400;60200
"2023";"03";"Residence";"CVS-CJO";2820;1557;128501;100570
"2023";"03";"Tous Logements";"Brute";33811;26693;2758221;2344467
"2023";"03";"Tous Logements";"CVS-CJO";31540;26438;2572958;2322070
"2023";"02";"Collectif";"Brute";13842;10166;910575;654269
"2023";"02";"Collectif";"CVS-CJO";17186;13200;1130555;849533
"2023";"02";"Individuel groupe";"Brute";3474;2584;322708;232377
"2023";"02";"Individuel groupe";"CVS-CJO";3605;2821;334877;253690
"2023";"02";"Individuel pur";"Brute";8359;8761;996791;1037104
"2023";"02";"Individuel pur";"CVS-CJO";8679;8717;1034950;1031895
"2023";"02";"Residence";"Brute";4788;1871;202700;93600
"2023";"02";"Residence";"CVS-CJO";4983;2149;210955;107507
"2023";"02";"Tous Logements";"Brute";30463;23382;2432774;2017350
"2023";"02";"Tous Logements";"CVS-CJO";34453;26887;2751415;2319754
"2023";"01";"Collectif";"Brute";11864;12336;782649;789715
"2023";"01";"Collectif";"CVS-CJO";15308;15649;1009844;1001804
"2023";"01";"Individuel groupe";"Brute";3627;2882;329594;267914
"2023";"01";"Individuel groupe";"CVS-CJO";3722;2798;338227;260105
"2023";"01";"Individuel pur";"Brute";9590;9349;1139885;1118616
"2023";"01";"Individuel pur";"CVS-CJO";9096;8879;1081167;1062380
"2023";"01";"Residence";"Brute";4162;3147;209100;135800
"2023";"01";"Residence";"CVS-CJO";5147;2895;258587;124926
"2023";"01";"Tous Logements";"Brute";29243;27714;2461228;2312045
"2023";"01";"Tous Logements";"CVS-CJO";33273;30221;2800412;2521192
"2022";"12";"Collectif";"Brute";16239;28245;1056225;1808400
"2022";"12";"Collectif";"CVS-CJO";15450;15014;1004906;961279
"2022";"12";"Individuel groupe";"Brute";3596;4432;327709;385521
"2022";"12";"Individuel groupe";"CVS-CJO";3491;3446;318140;299753
"2022";"12";"Individuel pur";"Brute";9227;7909;1092897;934449
"2022";"12";"Individuel pur";"CVS-CJO";9081;9354;1075604;1105176
"2022";"12";"Residence";"Brute";3747;5363;179900;235800
"2022";"12";"Residence";"CVS-CJO";2989;3270;143507;143775
"2022";"12";"Tous Logements";"Brute";32809;45949;2656731;3364170
"2022";"12";"Tous Logements";"CVS-CJO";31011;31084;2511137;2275824
"2022";"11";"Collectif";"Brute";12205;19358;811765;1255493
"2022";"11";"Collectif";"CVS-CJO";14739;15743;980304;1021037
"2022";"11";"Individuel groupe";"Brute";3021;3255;279874;296846
"2022";"11";"Individuel groupe";"CVS-CJO";3620;3097;335367;282437
"2022";"11";"Individuel pur";"Brute";8888;9477;1060455;1138504
"2022";"11";"Individuel pur";"CVS-CJO";9733;9517;1161275;1143309
"2022";"11";"Residence";"Brute";2436;3335;104100;154400
"2022";"11";"Residence";"CVS-CJO";3089;2293;132005;106159
"2022";"11";"Tous Logements";"Brute";26550;35425;2256194;2845243
"2022";"11";"Tous Logements";"CVS-CJO";31181;30650;2649732;2461728
"2022";"10";"Collectif";"Brute";14772;16864;975142;1062278
"2022";"10";"Collectif";"CVS-CJO";13329;15808;879885;995760
"2022";"10";"Individuel groupe";"Brute";3786;3430;331008;311658
"2022";"10";"Individuel groupe";"CVS-CJO";3642;3124;318418;283854
"2022";"10";"Individuel pur";"Brute";9141;11051;1106693;1333044
"2022";"10";"Individuel pur";"CVS-CJO";10011;9794;1212023;1181416
"2022";"10";"Residence";"Brute";3016;1611;147400;72600
"2022";"10";"Residence";"CVS-CJO";2877;2105;140607;94862
"2022";"10";"Tous Logements";"Brute";30715;32956;2560243;2779580
"2022";"10";"Tous Logements";"CVS-CJO";29859;30831;2488891;2600353
"2022";"09";"Collectif";"Brute";18975;15326;1242987;964655
"2022";"09";"Collectif";"CVS-CJO";16727;14747;1095728;928211
"2022";"09";"Individuel groupe";"Brute";3965;3528;356915;325693
"2022";"09";"Individuel groupe";"CVS-CJO";3744;3016;337021;278427
"2022";"09";"Individuel pur";"Brute";11292;12130;1360404;1479377
"2022";"09";"Individuel pur";"CVS-CJO";10013;9968;1206316;1215699
"2022";"09";"Residence";"Brute";3979;3263;224300;135600
"2022";"09";"Residence";"CVS-CJO";3637;3582;205021;148857
"2022";"09";"Tous Logements";"Brute";38211;34247;3184606;2905325
"2022";"09";"Tous Logements";"CVS-CJO";34121;31313;2843735;2656421
"2022";"08";"Collectif";"Brute";24060;7052;1559916;446472
"2022";"08";"Collectif";"CVS-CJO";28331;16768;1836824;1061606
"2022";"08";"Individuel groupe";"Brute";3257;1601;296042;146637
"2022";"08";"Individuel groupe";"CVS-CJO";3873;3281;352033;300510
"2022";"08";"Individuel pur";"Brute";9345;4820;1107561;589350
"2022";"08";"Individuel pur";"CVS-CJO";9920;10472;1175710;1280430
"2022";"08";"Residence";"Brute";6235;1847;277400;78200
"2022";"08";"Residence";"CVS-CJO";6815;3464;303205;146662
"2022";"08";"Tous Logements";"Brute";42897;15320;3240919;1260659
"2022";"08";"Tous Logements";"CVS-CJO";48939;33985;3697399;2796573
"2022";"07";"Collectif";"Brute";29864;14204;1923685;893545
"2022";"07";"Collectif";"CVS-CJO";22924;13891;1476646;873855
"2022";"07";"Individuel groupe";"Brute";4746;2671;425198;257024
"2022";"07";"Individuel groupe";"CVS-CJO";4491;2795;402352;268956
"2022";"07";"Individuel pur";"Brute";10167;10276;1214486;1240875
"2022";"07";"Individuel pur";"CVS-CJO";9687;10625;1157148;1283018
"2022";"07";"Residence";"Brute";5299;3568;228900;158800
"2022";"07";"Residence";"CVS-CJO";3643;3425;157366;152436
"2022";"07";"Tous Logements";"Brute";50076;30719;3792269;2550244
"2022";"07";"Tous Logements";"CVS-CJO";40745;30736;3085630;2551655
"2022";"06";"Collectif";"Brute";23249;15829;1519932;1012706
"2022";"06";"Collectif";"CVS-CJO";21349;14845;1395717;949752
"2022";"06";"Individuel groupe";"Brute";5587;3922;530737;361245
"2022";"06";"Individuel groupe";"CVS-CJO";5033;3609;478110;332415
"2022";"06";"Individuel pur";"Brute";10831;11828;1297717;1437479
"2022";"06";"Individuel pur";"CVS-CJO";10302;11067;1234335;1344993
"2022";"06";"Residence";"Brute";4923;3685;245000;165700
"2022";"06";"Residence";"CVS-CJO";4514;3325;224646;149512
"2022";"06";"Tous Logements";"Brute";44590;35264;3593386;2977130
"2022";"06";"Tous Logements";"CVS-CJO";41198;32846;3320034;2772993
"2022";"05";"Collectif";"Brute";23026;11348;1510290;739131
"2022";"05";"Collectif";"CVS-CJO";23716;14016;1555548;912906
"2022";"05";"Individuel groupe";"Brute";5562;3266;531789;313979
"2022";"05";"Individuel groupe";"CVS-CJO";5451;3402;521176;327053
"2022";"05";"Individuel pur";"Brute";10875;11860;1324758;1443374
"2022";"05";"Individuel pur";"CVS-CJO";10875;11061;1324758;1346135
"2022";"05";"Residence";"Brute";4418;3564;203900;157000
"2022";"05";"Residence";"CVS-CJO";4877;3908;225084;172154
"2022";"05";"Tous Logements";"Brute";43881;30038;3570737;2653484
"2022";"05";"Tous Logements";"CVS-CJO";44919;32387;3655202;2860989
"2022";"04";"Collectif";"Brute";22193;14222;1451612;937046
"2022";"04";"Collectif";"CVS-CJO";24425;15737;1597604;1036865
"2022";"04";"Individuel groupe";"Brute";5444;3471;493569;304861
"2022";"04";"Individuel groupe";"CVS-CJO";5868;3622;532010;318124
"2022";"04";"Individuel pur";"Brute";10226;11564;1246884;1408503
"2022";"04";"Individuel pur";"CVS-CJO";11279;11242;1375279;1369283
"2022";"04";"Residence";"Brute";3417;1045;172500;58300
"2022";"04";"Residence";"CVS-CJO";4068;1355;205364;75595
"2022";"04";"Tous Logements";"Brute";41280;30302;3364565;2708710
"2022";"04";"Tous Logements";"CVS-CJO";45640;31956;3719931;2856562
"2022";"03";"Collectif";"Brute";25707;15885;1703942;1016600
"2022";"03";"Collectif";"CVS-CJO";24418;17032;1618503;1090005
"2022";"03";"Individuel groupe";"Brute";8465;3816;754535;339937
"2022";"03";"Individuel groupe";"CVS-CJO";7255;3746;646681;333701
"2022";"03";"Individuel pur";"Brute";14760;13211;1821340;1593798
"2022";"03";"Individuel pur";"CVS-CJO";13742;11327;1695722;1366509
"2022";"03";"Residence";"Brute";3781;4010;200700;171200
"2022";"03";"Residence";"CVS-CJO";4299;4783;228196;204202
"2022";"03";"Tous Logements";"Brute";52713;36922;4480517;3121535
"2022";"03";"Tous Logements";"CVS-CJO";49714;36888;4225607;3118660
"2022";"02";"Collectif";"Brute";16821;12803;1129994;828281
"2022";"02";"Collectif";"CVS-CJO";20396;16645;1370154;1076836
"2022";"02";"Individuel groupe";"Brute";5655;3335;527459;301499
"2022";"02";"Individuel groupe";"CVS-CJO";5908;3652;551057;330157
"2022";"02";"Individuel pur";"Brute";18838;11688;2331229;1412946
"2022";"02";"Individuel pur";"CVS-CJO";19522;11614;2415875;1404000
"2022";"02";"Residence";"Brute";4147;2414;184500;109600
"2022";"02";"Residence";"CVS-CJO";4242;2689;188726;122086
"2022";"02";"Tous Logements";"Brute";45461;30240;4173182;2652326
"2022";"02";"Tous Logements";"CVS-CJO";50068;34600;4596091;3034738
"2022";"01";"Collectif";"Brute";13814;13305;924821;863479
"2022";"01";"Collectif";"CVS-CJO";17797;16724;1191475;1085368
"2022";"01";"Individuel groupe";"Brute";4234;3503;389272;307629
"2022";"01";"Individuel groupe";"CVS-CJO";4518;3545;415383;311317
"2022";"01";"Individuel pur";"Brute";16388;11973;1971582;1457308
"2022";"01";"Individuel pur";"CVS-CJO";15972;11656;1921534;1418724
"2022";"01";"Residence";"Brute";2031;3404;105100;137400
"2022";"01";"Residence";"CVS-CJO";2661;3276;137701;132233
"2022";"01";"Tous Logements";"Brute";36467;32185;3390775;2765816
"2022";"01";"Tous Logements";"CVS-CJO";40948;35201;3807427;3024996
"2021";"12";"Collectif";"Brute";19131;27822;1252801;1761087
"2021";"12";"Collectif";"CVS-CJO";17924;15254;1173760;965553
"2021";"12";"Individuel groupe";"Brute";4729;4341;416733;383022
"2021";"12";"Individuel groupe";"CVS-CJO";4424;3408;389856;300700
"2021";"12";"Individuel pur";"Brute";13855;9838;1675775;1180173
"2021";"12";"Individuel pur";"CVS-CJO";12902;11360;1560509;1362753
"2021";"12";"Residence";"Brute";4685;4732;227300;242300
"2021";"12";"Residence";"CVS-CJO";3758;2640;182325;135180
"2021";"12";"Tous Logements";"Brute";42400;46733;3572609;3566582
"2021";"12";"Tous Logements";"CVS-CJO";39008;32662;3286800;2492708
"2021";"11";"Collectif";"Brute";15485;20625;1002832;1329229
"2021";"11";"Collectif";"CVS-CJO";18113;16059;1173025;1034962
"2021";"11";"Individuel groupe";"Brute";3628;3755;327535;346386
"2021";"11";"Individuel groupe";"CVS-CJO";4389;3525;396238;325169
"2021";"11";"Individuel pur";"Brute";11937;11501;1451273;1379666
"2021";"11";"Individuel pur";"CVS-CJO";12905;11517;1568960;1381585
"2021";"11";"Residence";"Brute";3711;4462;149800;210700
"2021";"11";"Residence";"CVS-CJO";4317;3279;174262;154838
"2021";"11";"Tous Logements";"Brute";34761;40343;2931440;3265981
"2021";"11";"Tous Logements";"CVS-CJO";39724;34380;3349976;2783244
"2021";"10";"Collectif";"Brute";20321;19761;1307810;1258798
"2021";"10";"Collectif";"CVS-CJO";18034;18265;1160624;1163501
"2021";"10";"Individuel groupe";"Brute";4952;3829;454483;347176
"2021";"10";"Individuel groupe";"CVS-CJO";4730;3565;434108;323239
"2021";"10";"Individuel pur";"Brute";12269;12815;1498900;1547599
"2021";"10";"Individuel pur";"CVS-CJO";13352;11550;1631210;1394832
"2021";"10";"Residence";"Brute";3171;3342;136100;142400
"2021";"10";"Residence";"CVS-CJO";2963;3833;127173;163321
"2021";"10";"Tous Logements";"Brute";40713;39747;3397293;3295973
"2021";"10";"Tous Logements";"CVS-CJO";39079;37213;3260944;3085844
"2021";"09";"Collectif";"Brute";22322;17715;1445425;1152049
"2021";"09";"Collectif";"CVS-CJO";19719;16846;1276872;1095536
"2021";"09";"Individuel groupe";"Brute";4692;4128;427742;382355
"2021";"09";"Individuel groupe";"CVS-CJO";4366;3542;398022;328077
"2021";"09";"Individuel pur";"Brute";15458;13935;1875007;1699357
"2021";"09";"Individuel pur";"CVS-CJO";13692;11473;1660797;1399119
"2021";"09";"Residence";"Brute";4897;2156;237800;104600
"2021";"09";"Residence";"CVS-CJO";4444;2616;215802;126917
"2021";"09";"Tous Logements";"Brute";47369;37934;3985974;3338361
"2021";"09";"Tous Logements";"CVS-CJO";42221;34477;3552784;3034130
"2021";"08";"Collectif";"Brute";12939;7481;831619;482085
"2021";"08";"Collectif";"CVS-CJO";15196;17270;976682;1112900
"2021";"08";"Individuel groupe";"Brute";3766;1901;337192;173582
"2021";"08";"Individuel groupe";"CVS-CJO";4481;3772;401210;344425
"2021";"08";"Individuel pur";"Brute";13225;5018;1590660;622001
"2021";"08";"Individuel pur";"CVS-CJO";14105;10808;1696504;1339694
"2021";"08";"Residence";"Brute";2099;1898;89500;89000
"2021";"08";"Residence";"CVS-CJO";2871;3329;122418;156102
"2021";"08";"Tous Logements";"Brute";32029;16298;2848971;1366668
"2021";"08";"Tous Logements";"CVS-CJO";36653;35179;3260275;2949933
"2021";"07";"Collectif";"Brute";23889;16739;1564413;1084761
"2021";"07";"Collectif";"CVS-CJO";18043;16679;1181578;1080873
"2021";"07";"Individuel groupe";"Brute";4349;3316;409501;303610
"2021";"07";"Individuel groupe";"CVS-CJO";3897;3274;366941;299764
"2021";"07";"Individuel pur";"Brute";15041;10773;1837639;1294606
"2021";"07";"Individuel pur";"CVS-CJO";14090;10850;1721450;1303859
"2021";"07";"Residence";"Brute";4957;2751;241200;125000
"2021";"07";"Residence";"CVS-CJO";3780;2694;183929;122410
"2021";"07";"Tous Logements";"Brute";48236;33579;4052753;2807977
"2021";"07";"Tous Logements";"CVS-CJO";39810;33497;3344807;2801120
"2021";"06";"Collectif";"Brute";19485;17036;1254845;1093802
"2021";"06";"Collectif";"CVS-CJO";17390;15741;1119926;1010656
"2021";"06";"Individuel groupe";"Brute";5178;3626;457900;329020
"2021";"06";"Individuel groupe";"CVS-CJO";4619;3192;408467;289639
"2021";"06";"Individuel pur";"Brute";14925;12078;1795860;1467601
"2021";"06";"Individuel pur";"CVS-CJO";13673;10843;1645212;1317536
"2021";"06";"Residence";"Brute";3074;3354;138900;164500
"2021";"06";"Residence";"CVS-CJO";2701;3067;122046;150424
"2021";"06";"Tous Logements";"Brute";42662;36094;3647505;3054923
"2021";"06";"Tous Logements";"CVS-CJO";38383;32843;3281660;2779765
"2021";"05";"Collectif";"Brute";17382;14666;1123551;952972
"2021";"05";"Collectif";"CVS-CJO";18470;18039;1193878;1172144
"2021";"05";"Individuel groupe";"Brute";4422;2951;391893;278568
"2021";"05";"Individuel groupe";"CVS-CJO";4660;3249;412985;306699
"2021";"05";"Individuel pur";"Brute";12473;10897;1509805;1328311
"2021";"05";"Individuel pur";"CVS-CJO";13137;10723;1590180;1307101
"2021";"05";"Residence";"Brute";2723;3524;141500;143600
"2021";"05";"Residence";"CVS-CJO";2629;3845;136615;156680
"2021";"05";"Tous Logements";"Brute";37000;32038;3166749;2703451
"2021";"05";"Tous Logements";"CVS-CJO";38896;35856;3329024;3025624
"2021";"04";"Collectif";"Brute";16151;16575;1053394;1089714
"2021";"04";"Collectif";"CVS-CJO";17456;18102;1138508;1190106
"2021";"04";"Individuel groupe";"Brute";4543;3027;413369;282095
"2021";"04";"Individuel groupe";"CVS-CJO";4677;3091;425562;288059
"2021";"04";"Individuel pur";"Brute";12616;11493;1523055;1401051
"2021";"04";"Individuel pur";"CVS-CJO";13402;10958;1617944;1335832
"2021";"04";"Residence";"Brute";2924;3266;124700;153000
"2021";"04";"Residence";"CVS-CJO";3543;3438;151098;161058
"2021";"04";"Tous Logements";"Brute";36234;34361;3114518;2925860
"2021";"04";"Tous Logements";"CVS-CJO";39078;35589;3358976;3030425
"2021";"03";"Collectif";"Brute";18789;17289;1241682;1144636
"2021";"03";"Collectif";"CVS-CJO";17867;18754;1180751;1241628
"2021";"03";"Individuel groupe";"Brute";5087;3400;467102;304667
"2021";"03";"Individuel groupe";"CVS-CJO";4444;3305;408060;296154
"2021";"03";"Individuel pur";"Brute";13635;12666;1643020;1527031
"2021";"03";"Individuel pur";"CVS-CJO";12615;10762;1520110;1297482
"2021";"03";"Residence";"Brute";2323;3495;112400;165400
"2021";"03";"Residence";"CVS-CJO";2791;4310;135044;203970
"2021";"03";"Tous Logements";"Brute";39834;36850;3464204;3141734
"2021";"03";"Tous Logements";"CVS-CJO";37717;37131;3280097;3165691
"2021";"02";"Collectif";"Brute";14656;13343;955292;868857
"2021";"02";"Collectif";"CVS-CJO";18061;17254;1177233;1123530
"2021";"02";"Individuel groupe";"Brute";3745;3365;346984;306363
"2021";"02";"Individuel groupe";"CVS-CJO";3931;3681;364217;335133
"2021";"02";"Individuel pur";"Brute";12261;10632;1492801;1272162
"2021";"02";"Individuel pur";"CVS-CJO";12661;10524;1541502;1259239
"2021";"02";"Residence";"Brute";2758;3012;124100;120700
"2021";"02";"Residence";"CVS-CJO";3055;3258;137464;130558
"2021";"02";"Tous Logements";"Brute";33420;30352;2919177;2568082
"2021";"02";"Tous Logements";"CVS-CJO";37708;34717;3293726;2937404
"2021";"01";"Collectif";"Brute";12394;13169;822818;835998
"2021";"01";"Collectif";"CVS-CJO";16319;16171;1083392;1026572
"2021";"01";"Individuel groupe";"Brute";3741;3533;336189;319524
"2021";"01";"Individuel groupe";"CVS-CJO";4110;3698;369350;334447
"2021";"01";"Individuel pur";"Brute";12747;10484;1528144;1253753
"2021";"01";"Individuel pur";"CVS-CJO";12794;10532;1533778;1259493
"2021";"01";"Residence";"Brute";3703;2683;153500;109800
"2021";"01";"Residence";"CVS-CJO";4430;2609;183636;106772
"2021";"01";"Tous Logements";"Brute";32585;29869;2840651;2519075
"2021";"01";"Tous Logements";"CVS-CJO";37653;33010;3282462;2783979
"2020";"12";"Collectif";"Brute";19398;26597;1276011;1698660
"2020";"12";"Collectif";"CVS-CJO";17405;14850;1144910;948419
"2020";"12";"Individuel groupe";"Brute";4374;3816;388619;329082
"2020";"12";"Individuel groupe";"CVS-CJO";4064;3032;361076;261472
"2020";"12";"Individuel pur";"Brute";12668;8728;1522079;1046237
"2020";"12";"Individuel pur";"CVS-CJO";12278;10258;1475220;1229640
"2020";"12";"Residence";"Brute";4196;4977;176900;219100
"2020";"12";"Residence";"CVS-CJO";3349;2918;141191;128458
"2020";"12";"Tous Logements";"Brute";40636;44118;3363609;3293079
"2020";"12";"Tous Logements";"CVS-CJO";37096;31058;3070589;2318248
"2020";"11";"Collectif";"Brute";16209;19718;1063393;1255950
"2020";"11";"Collectif";"CVS-CJO";18995;15127;1246169;963524
"2020";"11";"Individuel groupe";"Brute";3347;4071;298638;370847
"2020";"11";"Individuel groupe";"CVS-CJO";4058;3732;362077;339966
"2020";"11";"Individuel pur";"Brute";11600;10573;1388028;1283307
"2020";"11";"Individuel pur";"CVS-CJO";12695;10495;1519053;1273840
"2020";"11";"Residence";"Brute";3197;4956;127900;226800
"2020";"11";"Residence";"CVS-CJO";3640;3649;145623;166988
"2020";"11";"Tous Logements";"Brute";34353;39318;2877959;3136904
"2020";"11";"Tous Logements";"CVS-CJO";39388;33003;3299772;2633075
"2020";"10";"Collectif";"Brute";18950;19531;1231696;1242417
"2020";"10";"Collectif";"CVS-CJO";16439;17800;1068488;1132304
"2020";"10";"Individuel groupe";"Brute";4259;3749;375303;319969
"2020";"10";"Individuel groupe";"CVS-CJO";3861;3405;340231;290609
"2020";"10";"Individuel pur";"Brute";11257;11260;1352570;1371067
"2020";"10";"Individuel pur";"CVS-CJO";11960;9911;1437038;1206807
"2020";"10";"Residence";"Brute";4286;2017;175700;100000
"2020";"10";"Residence";"CVS-CJO";4023;2230;164919;110560
"2020";"10";"Tous Logements";"Brute";38752;36557;3135269;3033453
"2020";"10";"Tous Logements";"CVS-CJO";36283;33346;2935512;2767008
"2020";"09";"Collectif";"Brute";18781;17701;1215385;1148848
"2020";"09";"Collectif";"CVS-CJO";16419;16934;1062532;1099067
"2020";"09";"Individuel groupe";"Brute";4370;4177;394934;374216
"2020";"09";"Individuel groupe";"CVS-CJO";4037;3555;364840;318491
"2020";"09";"Individuel pur";"Brute";12510;12096;1514231;1484977
"2020";"09";"Individuel pur";"CVS-CJO";10912;9923;1320806;1218207
"2020";"09";"Residence";"Brute";3714;1864;188000;81200
"2020";"09";"Residence";"CVS-CJO";3052;2479;154490;107991
"2020";"09";"Tous Logements";"Brute";39375;35838;3312550;3089241
"2020";"09";"Tous Logements";"CVS-CJO";34420;32891;2895694;2835209
"2020";"08";"Collectif";"Brute";11984;8867;753112;569337
"2020";"08";"Collectif";"CVS-CJO";14746;20632;926685;1324750
"2020";"08";"Individuel groupe";"Brute";3569;1692;314422;152389
"2020";"08";"Individuel groupe";"CVS-CJO";4332;3435;381641;309371
"2020";"08";"Individuel pur";"Brute";9757;4938;1173940;607285
"2020";"08";"Individuel pur";"CVS-CJO";10723;10875;1290167;1337429
"2020";"08";"Residence";"Brute";1835;1973;69100;91200
"2020";"08";"Residence";"CVS-CJO";2643;3466;99527;160212
"2020";"08";"Tous Logements";"Brute";27145;17470;2310574;1420211
"2020";"08";"Tous Logements";"CVS-CJO";32444;38408;2761623;3122350
"2020";"07";"Collectif";"Brute";15972;18765;1025525;1161430
"2020";"07";"Collectif";"CVS-CJO";12322;18781;791167;1162420
"2020";"07";"Individuel groupe";"Brute";3844;3398;328732;300453
"2020";"07";"Individuel groupe";"CVS-CJO";3315;3438;283493;303990
"2020";"07";"Individuel pur";"Brute";12042;10457;1453396;1255694
"2020";"07";"Individuel pur";"CVS-CJO";10929;10369;1319064;1245127
"2020";"07";"Residence";"Brute";3878;2603;177000;127900
"2020";"07";"Residence";"CVS-CJO";2798;2571;127706;126328
"2020";"07";"Tous Logements";"Brute";35736;35223;2984653;2845477
"2020";"07";"Tous Logements";"CVS-CJO";29364;35159;2452467;2840307
"2020";"06";"Collectif";"Brute";17760;18144;1166862;1165064
"2020";"06";"Collectif";"CVS-CJO";15806;16940;1038481;1087753
"2020";"06";"Individuel groupe";"Brute";2928;3757;265936;337852
"2020";"06";"Individuel groupe";"CVS-CJO";2728;3278;247771;294777
"2020";"06";"Individuel pur";"Brute";9861;11050;1199163;1354527
"2020";"06";"Individuel pur";"CVS-CJO";9272;10057;1127537;1232803
"2020";"06";"Residence";"Brute";3505;2708;141600;134400
"2020";"06";"Residence";"CVS-CJO";3125;2593;126248;128692
"2020";"06";"Tous Logements";"Brute";34054;35659;2773561;2991843
"2020";"06";"Tous Logements";"CVS-CJO";30931;32868;2519205;2757674
"2020";"05";"Collectif";"Brute";9092;11755;584622;750855
"2020";"05";"Collectif";"CVS-CJO";9741;13986;626353;893361
"2020";"05";"Individuel groupe";"Brute";2084;2423;191049;226828
"2020";"05";"Individuel groupe";"CVS-CJO";2269;2688;208009;251636
"2020";"05";"Individuel pur";"Brute";6809;9152;829283;1117538
"2020";"05";"Individuel pur";"CVS-CJO";7628;9203;929031;1123766
"2020";"05";"Residence";"Brute";3117;1277;128900;53200
"2020";"05";"Residence";"CVS-CJO";2943;1483;121704;61782
"2020";"05";"Tous Logements";"Brute";21102;24607;1733854;2148421
"2020";"05";"Tous Logements";"CVS-CJO";22581;27360;1855377;2388784
"2020";"04";"Collectif";"Brute";5716;7219;385728;477759
"2020";"04";"Collectif";"CVS-CJO";5965;7824;402531;517798
"2020";"04";"Individuel groupe";"Brute";2087;1647;190306;150168
"2020";"04";"Individuel groupe";"CVS-CJO";2149;1702;195960;155183
"2020";"04";"Individuel pur";"Brute";6076;6641;735702;804014
"2020";"04";"Individuel pur";"CVS-CJO";6514;6293;788736;761882
"2020";"04";"Residence";"Brute";949;948;65100;46500
"2020";"04";"Residence";"CVS-CJO";1384;1085;94940;53220
"2020";"04";"Tous Logements";"Brute";14828;16455;1376836;1478441
"2020";"04";"Tous Logements";"CVS-CJO";16012;16904;1486775;1518782
"2020";"03";"Collectif";"Brute";18875;12106;1224961;783115
"2020";"03";"Collectif";"CVS-CJO";18349;13212;1190824;854660
"2020";"03";"Individuel groupe";"Brute";4076;2652;371862;234012
"2020";"03";"Individuel groupe";"CVS-CJO";3686;2533;336282;223512
"2020";"03";"Individuel pur";"Brute";9805;7488;1202483;897231
"2020";"03";"Individuel pur";"CVS-CJO";9369;6427;1149012;770099
"2020";"03";"Residence";"Brute";3240;1626;154400;72800
"2020";"03";"Residence";"CVS-CJO";3851;2358;183517;105573
"2020";"03";"Tous Logements";"Brute";35996;23872;2953706;1987158
"2020";"03";"Tous Logements";"CVS-CJO";35255;24530;2892902;2041931
"2020";"02";"Collectif";"Brute";17440;12688;1126421;820399
"2020";"02";"Collectif";"CVS-CJO";20353;16043;1314567;1037331
"2020";"02";"Individuel groupe";"Brute";4005;2902;357636;266208
"2020";"02";"Individuel groupe";"CVS-CJO";4353;3229;388712;296205
"2020";"02";"Individuel pur";"Brute";11035;10871;1332211;1292445
"2020";"02";"Individuel pur";"CVS-CJO";11711;10840;1413822;1288759
"2020";"02";"Residence";"Brute";2779;2305;146300;108200
"2020";"02";"Residence";"CVS-CJO";3464;2450;182362;115006
"2020";"02";"Tous Logements";"Brute";35259;28766;2962568;2487252
"2020";"02";"Tous Logements";"CVS-CJO";39881;32562;3350922;2815473
"2020";"01";"Collectif";"Brute";16968;13766;1104331;886910
"2020";"01";"Collectif";"CVS-CJO";21211;16420;1380479;1057901
"2020";"01";"Individuel groupe";"Brute";4407;3753;392293;333789
"2020";"01";"Individuel groupe";"CVS-CJO";4621;3822;411342;339926
"2020";"01";"Individuel pur";"Brute";12692;11188;1514813;1342886
"2020";"01";"Individuel pur";"CVS-CJO";11693;10940;1395581;1313119
"2020";"01";"Residence";"Brute";2130;3057;107100;120900
"2020";"01";"Residence";"CVS-CJO";2872;3030;144409;119832
"2020";"01";"Tous Logements";"Brute";36197;31764;3118537;2684485
"2020";"01";"Tous Logements";"CVS-CJO";40397;34212;3480386;2891374
"2019";"12";"Collectif";"Brute";23539;28758;1500308;1814977
"2019";"12";"Collectif";"CVS-CJO";21011;16557;1339181;1044947
"2019";"12";"Individuel groupe";"Brute";4281;3732;387619;320121
"2019";"12";"Individuel groupe";"CVS-CJO";4199;3002;380194;257504
"2019";"12";"Individuel pur";"Brute";12167;8623;1447866;1026741
"2019";"12";"Individuel pur";"CVS-CJO";12037;10276;1432396;1223564
"2019";"12";"Residence";"Brute";4685;4939;186700;227200
"2019";"12";"Residence";"CVS-CJO";3936;2943;156852;135382
"2019";"12";"Tous Logements";"Brute";44672;46052;3522493;3389039
"2019";"12";"Tous Logements";"CVS-CJO";41183;32778;3247377;2412184
"2019";"11";"Collectif";"Brute";16250;22511;1048756;1445168
"2019";"11";"Collectif";"CVS-CJO";19013;17448;1227077;1120132
"2019";"11";"Individuel groupe";"Brute";3806;3088;341190;274562
"2019";"11";"Individuel groupe";"CVS-CJO";4608;2989;413086;265760
"2019";"11";"Individuel pur";"Brute";10610;9485;1261642;1149910
"2019";"11";"Individuel pur";"CVS-CJO";12064;9807;1434538;1188948
"2019";"11";"Residence";"Brute";1963;3678;103300;188700
"2019";"11";"Residence";"CVS-CJO";2255;2372;118666;121696
"2019";"11";"Tous Logements";"Brute";32629;38762;2754888;3058340
"2019";"11";"Tous Logements";"CVS-CJO";37940;32616;3203299;2573418
"2019";"10";"Collectif";"Brute";24020;17112;1579397;1074639
"2019";"10";"Collectif";"CVS-CJO";20639;16057;1357085;1008385
"2019";"10";"Individuel groupe";"Brute";4807;3588;417050;317352
"2019";"10";"Individuel groupe";"CVS-CJO";4120;3185;357447;281707
"2019";"10";"Individuel pur";"Brute";11343;12102;1376417;1453773
"2019";"10";"Individuel pur";"CVS-CJO";11679;10364;1417189;1244993
"2019";"10";"Residence";"Brute";5215;2843;190400;138300
"2019";"10";"Residence";"CVS-CJO";4791;3036;174920;147689
"2019";"10";"Tous Logements";"Brute";45385;35645;3563264;2984064
"2019";"10";"Tous Logements";"CVS-CJO";41229;32642;3236968;2732664
"2019";"09";"Collectif";"Brute";19209;17584;1244467;1123380
"2019";"09";"Collectif";"CVS-CJO";17248;16996;1117422;1085815
"2019";"09";"Individuel groupe";"Brute";4078;4003;364102;354275
"2019";"09";"Individuel groupe";"CVS-CJO";3874;3411;345888;301882
"2019";"09";"Individuel pur";"Brute";13021;12340;1570938;1492233
"2019";"09";"Individuel pur";"CVS-CJO";11776;10220;1420733;1235869
"2019";"09";"Residence";"Brute";2722;1295;117900;63900
"2019";"09";"Residence";"CVS-CJO";1797;2025;77835;99921
"2019";"09";"Tous Logements";"Brute";39030;35222;3297407;3033788
"2019";"09";"Tous Logements";"CVS-CJO";34695;32652;2931169;2812425
"2019";"08";"Collectif";"Brute";13777;6402;888188;416431
"2019";"08";"Collectif";"CVS-CJO";16240;13300;1046975;865125
"2019";"08";"Individuel groupe";"Brute";3421;1405;297494;130788
"2019";"08";"Individuel groupe";"CVS-CJO";4169;2858;362541;266044
"2019";"08";"Individuel pur";"Brute";10180;4026;1219391;486635
"2019";"08";"Individuel pur";"CVS-CJO";11362;8891;1360974;1074682
"2019";"08";"Residence";"Brute";2199;463;108200;21100
"2019";"08";"Residence";"CVS-CJO";3054;1711;150270;77974
"2019";"08";"Tous Logements";"Brute";29577;12296;2513273;1054954
"2019";"08";"Tous Logements";"CVS-CJO";34825;26760;2959216;2295915
"2019";"07";"Collectif";"Brute";25319;18142;1624645;1140632
"2019";"07";"Collectif";"CVS-CJO";19016;17591;1220200;1105989
"2019";"07";"Individuel groupe";"Brute";4855;3765;430944;327422
"2019";"07";"Individuel groupe";"CVS-CJO";3975;3575;352833;310899
"2019";"07";"Individuel pur";"Brute";13172;10520;1587248;1268643
"2019";"07";"Individuel pur";"CVS-CJO";11522;9897;1388420;1193513
"2019";"07";"Residence";"Brute";2465;2993;127100;135400
"2019";"07";"Residence";"CVS-CJO";1741;2838;89769;128388
"2019";"07";"Tous Logements";"Brute";45811;35420;3769937;2872097
"2019";"07";"Tous Logements";"CVS-CJO";36254;33901;2983460;2748926
"2019";"06";"Collectif";"Brute";20395;15959;1305919;1038596
"2019";"06";"Collectif";"CVS-CJO";18919;14737;1211409;959069
"2019";"06";"Individuel groupe";"Brute";3858;3582;343542;322324
"2019";"06";"Individuel groupe";"CVS-CJO";3833;3299;341316;296858
"2019";"06";"Individuel pur";"Brute";10720;10031;1306396;1214057
"2019";"06";"Individuel pur";"CVS-CJO";10787;9657;1314561;1168792
"2019";"06";"Residence";"Brute";3582;2194;164700;326000
"2019";"06";"Residence";"CVS-CJO";3153;2205;144975;327634
"2019";"06";"Tous Logements";"Brute";38555;31766;3120557;2900977
"2019";"06";"Tous Logements";"CVS-CJO";36692;29898;2969770;2730385
"2019";"05";"Collectif";"Brute";17289;14391;1102042;947322
"2019";"05";"Collectif";"CVS-CJO";18138;16761;1156159;1103333
"2019";"05";"Individuel groupe";"Brute";3947;2861;359344;260660
"2019";"05";"Individuel groupe";"CVS-CJO";4133;3038;376278;276786
"2019";"05";"Individuel pur";"Brute";11234;10061;1357386;1218948
"2019";"05";"Individuel pur";"CVS-CJO";11618;9780;1403784;1184903
"2019";"05";"Residence";"Brute";2723;1309;116900;69900
"2019";"05";"Residence";"CVS-CJO";2582;1425;110847;76094
"2019";"05";"Tous Logements";"Brute";35193;28622;2935672;2496830
"2019";"05";"Tous Logements";"CVS-CJO";36471;31004;3042278;2704623
"2019";"04";"Collectif";"Brute";18568;16080;1193458;1047149
"2019";"04";"Collectif";"CVS-CJO";20134;17667;1294113;1150496
"2019";"04";"Individuel groupe";"Brute";3677;3424;328656;308071
"2019";"04";"Individuel groupe";"CVS-CJO";3899;3409;348499;306721
"2019";"04";"Individuel pur";"Brute";10722;10612;1294495;1284720
"2019";"04";"Individuel pur";"CVS-CJO";11390;9855;1375144;1193075
"2019";"04";"Residence";"Brute";3064;2632;142800;116000
"2019";"04";"Residence";"CVS-CJO";3706;2873;172721;126622
"2019";"04";"Tous Logements";"Brute";36031;32748;2959409;2755940
"2019";"04";"Tous Logements";"CVS-CJO";39129;33804;3213864;2844809
"2019";"03";"Collectif";"Brute";19683;13669;1266390;870979
"2019";"03";"Collectif";"CVS-CJO";19824;15134;1275462;964328
"2019";"03";"Individuel groupe";"Brute";3817;3113;345912;277169
"2019";"03";"Individuel groupe";"CVS-CJO";3610;3111;327153;276991
"2019";"03";"Individuel pur";"Brute";11116;11176;1351156;1338279
"2019";"03";"Individuel pur";"CVS-CJO";11104;10068;1349697;1205601
"2019";"03";"Residence";"Brute";2379;1452;116800;65600
"2019";"03";"Residence";"CVS-CJO";2860;2258;140415;102014
"2019";"03";"Tous Logements";"Brute";36995;29410;3080258;2552027
"2019";"03";"Tous Logements";"CVS-CJO";37398;30571;3113812;2652772
"2019";"02";"Collectif";"Brute";14024;12762;905745;794671
"2019";"02";"Collectif";"CVS-CJO";16963;16510;1095561;1028054
"2019";"02";"Individuel groupe";"Brute";3520;3038;317517;260099
"2019";"02";"Individuel groupe";"CVS-CJO";3809;3349;343586;286725
"2019";"02";"Individuel pur";"Brute";10627;9984;1282787;1203197
"2019";"02";"Individuel pur";"CVS-CJO";10970;9945;1324191;1198497
"2019";"02";"Residence";"Brute";1350;2660;60100;106300
"2019";"02";"Residence";"CVS-CJO";1899;2765;84541;110496
"2019";"02";"Tous Logements";"Brute";29521;28444;2566149;2364267
"2019";"02";"Tous Logements";"CVS-CJO";33641;32569;2924285;2707137
"2019";"01";"Collectif";"Brute";15866;15428;1006004;971698
"2019";"01";"Collectif";"CVS-CJO";20407;18086;1293932;1139106
"2019";"01";"Individuel groupe";"Brute";3447;3202;310070;281980
"2019";"01";"Individuel groupe";"CVS-CJO";3655;3289;328780;289642
"2019";"01";"Individuel pur";"Brute";11780;10221;1407360;1225795
"2019";"01";"Individuel pur";"CVS-CJO";10908;9997;1303182;1198931
"2019";"01";"Residence";"Brute";1712;2146;75900;87400
"2019";"01";"Residence";"CVS-CJO";2609;2150;115668;87563
"2019";"01";"Tous Logements";"Brute";32805;30997;2799334;2566873
"2019";"01";"Tous Logements";"CVS-CJO";37579;33522;3206712;2775969
"2018";"12";"Collectif";"Brute";19544;27961;1259211;1743709
"2018";"12";"Collectif";"CVS-CJO";18274;16070;1177386;1002160
"2018";"12";"Individuel groupe";"Brute";4127;3443;361752;303224
"2018";"12";"Individuel groupe";"CVS-CJO";4223;2987;370167;263064
"2018";"12";"Individuel pur";"Brute";10466;8085;1255096;954470
"2018";"12";"Individuel pur";"CVS-CJO";10886;9924;1305463;1171572
"2018";"12";"Residence";"Brute";3281;4618;153000;208100
"2018";"12";"Residence";"CVS-CJO";2472;2667;115275;120182
"2018";"12";"Tous Logements";"Brute";37418;44107;3029059;3209503
"2018";"12";"Tous Logements";"CVS-CJO";35855;31648;2902531;2302908
"2018";"11";"Collectif";"Brute";16789;24240;1102015;1509401
"2018";"11";"Collectif";"CVS-CJO";19071;19373;1251803;1206338
"2018";"11";"Individuel groupe";"Brute";3511;3485;310910;312113
"2018";"11";"Individuel groupe";"CVS-CJO";4054;3252;358994;291246
"2018";"11";"Individuel pur";"Brute";10129;10047;1213624;1207720
"2018";"11";"Individuel pur";"CVS-CJO";10790;9931;1292823;1193776
"2018";"11";"Residence";"Brute";2678;1844;126500;106200
"2018";"11";"Residence";"CVS-CJO";2823;572;133349;32943
"2018";"11";"Tous Logements";"Brute";33107;39616;2753049;3135434
"2018";"11";"Tous Logements";"CVS-CJO";36738;33128;3054989;2621937
"2018";"10";"Collectif";"Brute";24923;20865;1651777;1325999
"2018";"10";"Collectif";"CVS-CJO";21762;19827;1442281;1260033
"2018";"10";"Individuel groupe";"Brute";4829;4150;427978;369552
"2018";"10";"Individuel groupe";"CVS-CJO";4165;3659;369130;325829
"2018";"10";"Individuel pur";"Brute";10683;11958;1289916;1436751
"2018";"10";"Individuel pur";"CVS-CJO";11089;10139;1338938;1218199
"2018";"10";"Residence";"Brute";2032;2451;96700;111200
"2018";"10";"Residence";"CVS-CJO";1338;2456;63674;111427
"2018";"10";"Tous Logements";"Brute";42467;39424;3466371;3243502
"2018";"10";"Tous Logements";"CVS-CJO";38354;36081;3130647;2968466
"2018";"09";"Collectif";"Brute";23601;17316;1513292;1114294
"2018";"09";"Collectif";"CVS-CJO";20593;17140;1320420;1102968
"2018";"09";"Individuel groupe";"Brute";5094;4120;453580;351096
"2018";"09";"Individuel groupe";"CVS-CJO";4822;3616;429361;308146
"2018";"09";"Individuel pur";"Brute";11525;11402;1390675;1378794
"2018";"09";"Individuel pur";"CVS-CJO";10812;9729;1304640;1176485
"2018";"09";"Residence";"Brute";4619;1905;208900;103900
"2018";"09";"Residence";"CVS-CJO";3623;2685;163855;146442
"2018";"09";"Tous Logements";"Brute";44839;34743;3566447;2948084
"2018";"09";"Tous Logements";"CVS-CJO";39850;33170;3169627;2814609
"2018";"08";"Collectif";"Brute";16818;7499;1086546;479228
"2018";"08";"Collectif";"CVS-CJO";19995;15811;1291800;1010411
"2018";"08";"Individuel groupe";"Brute";2874;1695;266474;151668
"2018";"08";"Individuel groupe";"CVS-CJO";3369;3386;312370;302978
"2018";"08";"Individuel pur";"Brute";9784;4434;1175780;533520
"2018";"08";"Individuel pur";"CVS-CJO";10487;9642;1260262;1160171
"2018";"08";"Residence";"Brute";3685;1090;180300;55200
"2018";"08";"Residence";"CVS-CJO";4622;2424;226146;122757
"2018";"08";"Tous Logements";"Brute";33161;14718;2709100;1219616
"2018";"08";"Tous Logements";"CVS-CJO";38473;31263;3143066;2590628
"2018";"07";"Collectif";"Brute";23109;17089;1483890;1066921
"2018";"07";"Collectif";"CVS-CJO";18020;16752;1157112;1045881
"2018";"07";"Individuel groupe";"Brute";5114;3160;464342;283022
"2018";"07";"Individuel groupe";"CVS-CJO";4296;2999;390069;268602
"2018";"07";"Individuel pur";"Brute";11747;10646;1418113;1280875
"2018";"07";"Individuel pur";"CVS-CJO";10477;10096;1264797;1214702
"2018";"07";"Residence";"Brute";3352;2535;174600;118100
"2018";"07";"Residence";"CVS-CJO";2724;2353;141888;109621
"2018";"07";"Tous Logements";"Brute";43322;33430;3540945;2748918
"2018";"07";"Tous Logements";"CVS-CJO";35517;32200;2903000;2647776
"2018";"06";"Collectif";"Brute";21309;20400;1367848;1280105
"2018";"06";"Collectif";"CVS-CJO";19438;18664;1247746;1171171
"2018";"06";"Individuel groupe";"Brute";4292;3595;390841;312065
"2018";"06";"Individuel groupe";"CVS-CJO";4084;3173;371900;275433
"2018";"06";"Individuel pur";"Brute";11313;11093;1383920;1341647
"2018";"06";"Individuel pur";"CVS-CJO";10679;10264;1306363;1241383
"2018";"06";"Residence";"Brute";2318;2139;97200;91000
"2018";"06";"Residence";"CVS-CJO";1967;2255;82482;95935
"2018";"06";"Tous Logements";"Brute";39232;37227;3239809;3024817
"2018";"06";"Tous Logements";"CVS-CJO";36168;34356;2986782;2791539
"2018";"05";"Collectif";"Brute";21072;16503;1336166;1039736
"2018";"05";"Collectif";"CVS-CJO";23334;19180;1479598;1208395
"2018";"05";"Individuel groupe";"Brute";3616;2794;329304;247648
"2018";"05";"Individuel groupe";"CVS-CJO";3833;3183;349066;282127
"2018";"05";"Individuel pur";"Brute";10112;10145;1229260;1220625
"2018";"05";"Individuel pur";"CVS-CJO";10771;10205;1309371;1227844
"2018";"05";"Residence";"Brute";3168;2891;149000;138800
"2018";"05";"Residence";"CVS-CJO";2981;2969;140205;142545
"2018";"05";"Tous Logements";"Brute";37968;32333;3043730;2646809
"2018";"05";"Tous Logements";"CVS-CJO";40919;35537;3280299;2909091
"2018";"04";"Collectif";"Brute";19147;16325;1209907;1034342
"2018";"04";"Collectif";"CVS-CJO";21493;17765;1358152;1125580
"2018";"04";"Individuel groupe";"Brute";3732;3458;333987;307232
"2018";"04";"Individuel groupe";"CVS-CJO";4211;3542;376854;314695
"2018";"04";"Individuel pur";"Brute";10259;11501;1241881;1384518
"2018";"04";"Individuel pur";"CVS-CJO";11207;10938;1356639;1316743
"2018";"04";"Residence";"Brute";1632;2048;76900;92100
"2018";"04";"Residence";"CVS-CJO";2098;2311;98858;103927
"2018";"04";"Tous Logements";"Brute";34770;33332;2862675;2818192
"2018";"04";"Tous Logements";"CVS-CJO";39009;34556;3211679;2921680
"2018";"03";"Collectif";"Brute";21626;15708;1368476;1012252
"2018";"03";"Collectif";"CVS-CJO";21213;17062;1342342;1099506
"2018";"03";"Individuel groupe";"Brute";4837;3150;431231;277648
"2018";"03";"Individuel groupe";"CVS-CJO";4407;3030;392895;267071
"2018";"03";"Individuel pur";"Brute";11519;11935;1387581;1414663
"2018";"03";"Individuel pur";"CVS-CJO";11224;10530;1352045;1248128
"2018";"03";"Residence";"Brute";1775;1836;91400;79800
"2018";"03";"Residence";"CVS-CJO";2196;2613;113078;113572
"2018";"03";"Tous Logements";"Brute";39757;32629;3278688;2784363
"2018";"03";"Tous Logements";"CVS-CJO";39040;33235;3219558;2836075
"2018";"02";"Collectif";"Brute";19484;12695;1264053;823434
"2018";"02";"Collectif";"CVS-CJO";23593;16349;1530630;1060443
"2018";"02";"Individuel groupe";"Brute";4065;2803;360809;242844
"2018";"02";"Individuel groupe";"CVS-CJO";4381;3117;388857;270048
"2018";"02";"Individuel pur";"Brute";11290;10702;1349627;1254604
"2018";"02";"Individuel pur";"CVS-CJO";11623;10773;1389434;1262927
"2018";"02";"Residence";"Brute";1901;2440;97800;107900
"2018";"02";"Residence";"CVS-CJO";2440;2420;125530;107016
"2018";"02";"Tous Logements";"Brute";36740;28640;3072289;2428782
"2018";"02";"Tous Logements";"CVS-CJO";42037;32659;3515237;2769609
"2018";"01";"Collectif";"Brute";15156;14432;960682;903119
"2018";"01";"Collectif";"CVS-CJO";18620;16647;1180252;1041728
"2018";"01";"Individuel groupe";"Brute";3991;3038;342522;277344
"2018";"01";"Individuel groupe";"CVS-CJO";4313;3135;370157;286199
"2018";"01";"Individuel pur";"Brute";13210;10582;1557915;1255401
"2018";"01";"Individuel pur";"CVS-CJO";12096;10409;1426536;1234877
"2018";"01";"Residence";"Brute";1883;2226;84900;102700
"2018";"01";"Residence";"CVS-CJO";2750;2261;123991;104315
"2018";"01";"Tous Logements";"Brute";34240;30278;2946019;2538564
"2018";"01";"Tous Logements";"CVS-CJO";37779;32452;3250516;2720836
"2017";"12";"Collectif";"Brute";24424;36488;1562317;2228308
"2017";"12";"Collectif";"CVS-CJO";21852;21154;1397795;1291867
"2017";"12";"Individuel groupe";"Brute";4486;4477;386001;353986
"2017";"12";"Individuel groupe";"CVS-CJO";4571;4026;393315;318326
"2017";"12";"Individuel pur";"Brute";12621;8965;1494509;1051972
"2017";"12";"Individuel pur";"CVS-CJO";13038;11289;1543888;1324675
"2017";"12";"Residence";"Brute";2412;6122;108000;299400
"2017";"12";"Residence";"CVS-CJO";1726;4217;77284;206235
"2017";"12";"Tous Logements";"Brute";43943;56052;3550827;3933666
"2017";"12";"Tous Logements";"CVS-CJO";41187;40686;3328128;2855298
"2017";"11";"Collectif";"Brute";17158;24139;1082754;1499421
"2017";"11";"Collectif";"CVS-CJO";19438;18523;1226633;1150577
"2017";"11";"Individuel groupe";"Brute";3265;4869;285522;418316
"2017";"11";"Individuel groupe";"CVS-CJO";3677;4479;321551;384810
"2017";"11";"Individuel pur";"Brute";11140;11346;1308032;1355500
"2017";"11";"Individuel pur";"CVS-CJO";11893;11179;1396447;1335549
"2017";"11";"Residence";"Brute";2894;4339;134900;205500
"2017";"11";"Residence";"CVS-CJO";2924;3060;136298;144925
"2017";"11";"Tous Logements";"Brute";34457;44693;2811208;3478737
"2017";"11";"Tous Logements";"CVS-CJO";37932;37241;3094719;2898701
"2017";"10";"Collectif";"Brute";23462;19763;1480778;1204870
"2017";"10";"Collectif";"CVS-CJO";20106;18926;1268968;1153842
"2017";"10";"Individuel groupe";"Brute";4672;3745;405362;332393
"2017";"10";"Individuel groupe";"CVS-CJO";4126;3283;357989;291388
"2017";"10";"Individuel pur";"Brute";10927;13077;1299515;1566857
"2017";"10";"Individuel pur";"CVS-CJO";11725;11245;1394419;1347351
"2017";"10";"Residence";"Brute";4112;1767;191000;87100
"2017";"10";"Residence";"CVS-CJO";3375;1672;156767;82417
"2017";"10";"Tous Logements";"Brute";43173;38352;3376655;3191220
"2017";"10";"Tous Logements";"CVS-CJO";39332;35126;3076242;2922789
"2017";"09";"Collectif";"Brute";27583;17629;1709986;1071191
"2017";"09";"Collectif";"CVS-CJO";24245;17505;1503049;1063656
"2017";"09";"Individuel groupe";"Brute";4467;3769;386086;338632
"2017";"09";"Individuel groupe";"CVS-CJO";4042;3292;349353;295775
"2017";"09";"Individuel pur";"Brute";13025;13175;1570708;1570012
"2017";"09";"Individuel pur";"CVS-CJO";11809;11074;1424068;1319644
"2017";"09";"Residence";"Brute";4267;2415;231800;109200
"2017";"09";"Residence";"CVS-CJO";3422;3148;185896;142344
"2017";"09";"Tous Logements";"Brute";49342;36988;3898580;3089035
"2017";"09";"Tous Logements";"CVS-CJO";43518;35019;3438418;2924595
"2017";"08";"Collectif";"Brute";19451;8251;1216372;525550
"2017";"08";"Collectif";"CVS-CJO";22794;18005;1425427;1146834
"2017";"08";"Individuel groupe";"Brute";3561;1937;310915;167462
"2017";"08";"Individuel groupe";"CVS-CJO";4155;3913;362778;338296
"2017";"08";"Individuel pur";"Brute";11327;5132;1353319;616493
"2017";"08";"Individuel pur";"CVS-CJO";12108;11090;1446631;1332211
"2017";"08";"Residence";"Brute";1515;1219;67500;48900
"2017";"08";"Residence";"CVS-CJO";2337;2650;104124;106304
"2017";"08";"Tous Logements";"Brute";35854;16539;2948106;1358405
"2017";"08";"Tous Logements";"CVS-CJO";41394;35658;3403634;2928714
"2017";"07";"Collectif";"Brute";28881;19256;1823620;1170621
"2017";"07";"Collectif";"CVS-CJO";24240;18577;1530575;1129343
"2017";"07";"Individuel groupe";"Brute";4532;3639;399360;313276
"2017";"07";"Individuel groupe";"CVS-CJO";4039;3585;355917;308627
"2017";"07";"Individuel pur";"Brute";12568;11107;1506029;1319761
"2017";"07";"Individuel pur";"CVS-CJO";12317;10869;1475952;1291481
"2017";"07";"Residence";"Brute";3302;3005;174000;129400
"2017";"07";"Residence";"CVS-CJO";2747;2744;144754;118161
"2017";"07";"Tous Logements";"Brute";49283;37007;3903009;2933058
"2017";"07";"Tous Logements";"CVS-CJO";43343;35775;3432586;2835414
"2017";"06";"Collectif";"Brute";24988;19218;1558526;1223329
"2017";"06";"Collectif";"CVS-CJO";22491;17570;1402786;1118425
"2017";"06";"Individuel groupe";"Brute";4375;4100;389664;360713
"2017";"06";"Individuel groupe";"CVS-CJO";4074;3645;362855;320683
"2017";"06";"Individuel pur";"Brute";13219;11776;1566571;1415679
"2017";"06";"Individuel pur";"CVS-CJO";12335;11068;1461809;1330565
"2017";"06";"Residence";"Brute";3383;2958;142600;129700
"2017";"06";"Residence";"CVS-CJO";2988;3116;125950;136628
"2017";"06";"Tous Logements";"Brute";45965;38052;3657361;3129421
"2017";"06";"Tous Logements";"CVS-CJO";41888;35399;3332961;2911237
"2017";"05";"Collectif";"Brute";20405;15001;1291308;939506
"2017";"05";"Collectif";"CVS-CJO";21672;17168;1371489;1075224
"2017";"05";"Individuel groupe";"Brute";4185;3244;357343;288300
"2017";"05";"Individuel groupe";"CVS-CJO";4255;3559;363320;316295
"2017";"05";"Individuel pur";"Brute";12480;11286;1480477;1349960
"2017";"05";"Individuel pur";"CVS-CJO";12683;11003;1504558;1316109
"2017";"05";"Residence";"Brute";2293;2756;108300;112800
"2017";"05";"Residence";"CVS-CJO";2342;2736;110614;111981
"2017";"05";"Tous Logements";"Brute";39363;32287;3237428;2690566
"2017";"05";"Tous Logements";"CVS-CJO";40952;34466;3368116;2872148
"2017";"04";"Collectif";"Brute";18165;16961;1132872;1058493
"2017";"04";"Collectif";"CVS-CJO";20900;18082;1303442;1128452
"2017";"04";"Individuel groupe";"Brute";3343;3212;286768;284436
"2017";"04";"Individuel groupe";"CVS-CJO";3946;3365;338494;297985
"2017";"04";"Individuel pur";"Brute";10391;10634;1238224;1282399
"2017";"04";"Individuel pur";"CVS-CJO";11787;10409;1404576;1255265
"2017";"04";"Residence";"Brute";2192;2481;106000;121300
"2017";"04";"Residence";"CVS-CJO";2776;2757;134241;134794
"2017";"04";"Tous Logements";"Brute";34091;33288;2763864;2746628
"2017";"04";"Tous Logements";"CVS-CJO";39409;34613;3195011;2855955
"2017";"03";"Collectif";"Brute";22477;19090;1363606;1173757
"2017";"03";"Collectif";"CVS-CJO";21488;21020;1303607;1292424
"2017";"03";"Individuel groupe";"Brute";5017;4130;441664;358626
"2017";"03";"Individuel groupe";"CVS-CJO";4389;3923;386379;340651
"2017";"03";"Individuel pur";"Brute";14340;12230;1732535;1447305
"2017";"03";"Individuel pur";"CVS-CJO";13293;10585;1606038;1252635
"2017";"03";"Residence";"Brute";4068;1940;172900;71000
"2017";"03";"Residence";"CVS-CJO";4274;2654;181656;97131
"2017";"03";"Tous Logements";"Brute";45902;37390;3710705;3050688
"2017";"03";"Tous Logements";"CVS-CJO";43444;38182;3512001;3115308
"2017";"02";"Collectif";"Brute";16042;15343;1004943;979353
"2017";"02";"Collectif";"CVS-CJO";19637;19296;1230150;1231675
"2017";"02";"Individuel groupe";"Brute";3506;3199;312410;274664
"2017";"02";"Individuel groupe";"CVS-CJO";3732;3582;332548;307548
"2017";"02";"Individuel pur";"Brute";11849;10672;1425917;1257715
"2017";"02";"Individuel pur";"CVS-CJO";12230;10844;1471767;1277986
"2017";"02";"Residence";"Brute";2324;1404;95000;59000
"2017";"02";"Residence";"CVS-CJO";2851;1325;116543;55680
"2017";"02";"Tous Logements";"Brute";33721;30618;2838270;2570732
"2017";"02";"Tous Logements";"CVS-CJO";38450;35047;3236306;2942597
"2017";"01";"Collectif";"Brute";14488;15944;901050;1000929
"2017";"01";"Collectif";"CVS-CJO";17110;18270;1064120;1146950
"2017";"01";"Individuel groupe";"Brute";3662;3366;321933;287348
"2017";"01";"Individuel groupe";"CVS-CJO";4090;3398;359559;290080
"2017";"01";"Individuel pur";"Brute";13225;10300;1547340;1210088
"2017";"01";"Individuel pur";"CVS-CJO";12259;10018;1434317;1176957
"2017";"01";"Residence";"Brute";1544;3035;68300;124500
"2017";"01";"Residence";"CVS-CJO";2370;3114;104839;127741
"2017";"01";"Tous Logements";"Brute";32919;32645;2838623;2622865
"2017";"01";"Tous Logements";"CVS-CJO";35829;34800;3089554;2796009
"2016";"12";"Collectif";"Brute";26216;27856;1614856;1729787
"2016";"12";"Collectif";"CVS-CJO";23149;16490;1425935;1023987
"2016";"12";"Individuel groupe";"Brute";4049;4099;358942;346100
"2016";"12";"Individuel groupe";"CVS-CJO";3943;3446;349545;290964
"2016";"12";"Individuel pur";"Brute";11657;8854;1368299;1052680
"2016";"12";"Individuel pur";"CVS-CJO";11495;10440;1349283;1241244
"2016";"12";"Residence";"Brute";3594;3923;166000;197700
"2016";"12";"Residence";"CVS-CJO";3194;2294;147525;115606
"2016";"12";"Tous Logements";"Brute";45516;44732;3508097;3326267
"2016";"12";"Tous Logements";"CVS-CJO";41781;32670;3220226;2429338
"2016";"11";"Collectif";"Brute";20355;20279;1304132;1265570
"2016";"11";"Collectif";"CVS-CJO";23044;15741;1476414;982363
"2016";"11";"Individuel groupe";"Brute";3819;3239;342976;278290
"2016";"11";"Individuel groupe";"CVS-CJO";4426;3073;397489;264028
"2016";"11";"Individuel pur";"Brute";10586;10089;1245654;1192603
"2016";"11";"Individuel pur";"CVS-CJO";11861;10123;1395683;1196622
"2016";"11";"Residence";"Brute";2907;3917;147600;181500
"2016";"11";"Residence";"CVS-CJO";2689;2771;136531;128398
"2016";"11";"Tous Logements";"Brute";37667;37524;3040362;2917963
"2016";"11";"Tous Logements";"CVS-CJO";42020;31708;3391722;2465696
"2016";"10";"Collectif";"Brute";23204;17297;1441893;1115680
"2016";"10";"Collectif";"CVS-CJO";20442;16458;1270263;1061563
"2016";"10";"Individuel groupe";"Brute";4708;3542;410763;305517
"2016";"10";"Individuel groupe";"CVS-CJO";4335;3182;378220;274465
"2016";"10";"Individuel pur";"Brute";10130;11179;1204257;1330712
"2016";"10";"Individuel pur";"CVS-CJO";11530;9820;1370689;1168941
"2016";"10";"Residence";"Brute";3101;3252;129900;149500
"2016";"10";"Residence";"CVS-CJO";2409;3113;100912;143110
"2016";"10";"Tous Logements";"Brute";41143;35270;3186813;2901409
"2016";"10";"Tous Logements";"CVS-CJO";38716;32573;2998825;2679546
"2016";"09";"Collectif";"Brute";26158;16771;1654763;1061455
"2016";"09";"Collectif";"CVS-CJO";22974;16474;1453342;1042658
"2016";"09";"Individuel groupe";"Brute";5086;3530;453042;311897
"2016";"09";"Individuel groupe";"CVS-CJO";4350;3016;387482;266482
"2016";"09";"Individuel pur";"Brute";13143;12143;1560379;1458330
"2016";"09";"Individuel pur";"CVS-CJO";11506;9979;1366029;1198442
"2016";"09";"Residence";"Brute";3506;1886;168500;87900
"2016";"09";"Residence";"CVS-CJO";2786;2476;133896;115398
"2016";"09";"Tous Logements";"Brute";47893;34330;3836684;2919582
"2016";"09";"Tous Logements";"CVS-CJO";41616;31945;3333837;2716751
"2016";"08";"Collectif";"Brute";17355;7042;1089508;435177
"2016";"08";"Collectif";"CVS-CJO";20287;15457;1273572;955202
"2016";"08";"Individuel groupe";"Brute";3548;1663;305173;137680
"2016";"08";"Individuel groupe";"CVS-CJO";4194;3291;360737;272462
"2016";"08";"Individuel pur";"Brute";11037;4897;1304283;589300
"2016";"08";"Individuel pur";"CVS-CJO";11583;10295;1368806;1238890
"2016";"08";"Residence";"Brute";1887;1046;98800;42800
"2016";"08";"Residence";"CVS-CJO";2665;2465;139535;100862
"2016";"08";"Tous Logements";"Brute";33827;14648;2797764;1204957
"2016";"08";"Tous Logements";"CVS-CJO";38729;31508;3203199;2591875
"2016";"07";"Collectif";"Brute";23848;14778;1475372;897891
"2016";"07";"Collectif";"CVS-CJO";20057;14524;1240839;882458
"2016";"07";"Individuel groupe";"Brute";3800;3226;339221;278861
"2016";"07";"Individuel groupe";"CVS-CJO";3501;3324;312530;287332
"2016";"07";"Individuel pur";"Brute";11657;9381;1387522;1123004
"2016";"07";"Individuel pur";"CVS-CJO";11302;9375;1345267;1122286
"2016";"07";"Residence";"Brute";3730;2432;180400;103700
"2016";"07";"Residence";"CVS-CJO";3067;2193;148334;93509
"2016";"07";"Tous Logements";"Brute";43035;29817;3382515;2403456
"2016";"07";"Tous Logements";"CVS-CJO";37927;29416;2981030;2371133
"2016";"06";"Collectif";"Brute";20438;17387;1297716;1114682
"2016";"06";"Collectif";"CVS-CJO";18693;15914;1186917;1020248
"2016";"06";"Individuel groupe";"Brute";5184;3389;436585;296150
"2016";"06";"Individuel groupe";"CVS-CJO";4639;2973;390686;259798
"2016";"06";"Individuel pur";"Brute";12277;10307;1472640;1238575
"2016";"06";"Individuel pur";"CVS-CJO";11140;9433;1336256;1133548
"2016";"06";"Residence";"Brute";3007;1752;363700;76200
"2016";"06";"Residence";"CVS-CJO";2642;1921;319553;83550
"2016";"06";"Tous Logements";"Brute";40906;32835;3570641;2725607
"2016";"06";"Tous Logements";"CVS-CJO";37114;30241;3239641;2510281
"2016";"05";"Collectif";"Brute";17586;15907;1111656;1018387
"2016";"05";"Collectif";"CVS-CJO";19347;18386;1222973;1177096
"2016";"05";"Individuel groupe";"Brute";4219;3607;376360;305599
"2016";"05";"Individuel groupe";"CVS-CJO";4279;3817;381712;323391
"2016";"05";"Individuel pur";"Brute";10910;9367;1304680;1140165
"2016";"05";"Individuel pur";"CVS-CJO";11092;8943;1326445;1088555
"2016";"05";"Residence";"Brute";2792;2842;133300;119100
"2016";"05";"Residence";"CVS-CJO";3107;2856;148339;119687
"2016";"05";"Tous Logements";"Brute";35507;31723;2925996;2583251
"2016";"05";"Tous Logements";"CVS-CJO";37825;34002;3117014;2768833
"2016";"04";"Collectif";"Brute";17548;14372;1065414;898804
"2016";"04";"Collectif";"CVS-CJO";19704;15343;1196314;959529
"2016";"04";"Individuel groupe";"Brute";3706;3127;314316;269010
"2016";"04";"Individuel groupe";"CVS-CJO";4236;3134;359267;269612
"2016";"04";"Individuel pur";"Brute";10409;9542;1246151;1143845
"2016";"04";"Individuel pur";"CVS-CJO";11073;8913;1325644;1068444
"2016";"04";"Residence";"Brute";3088;2174;165000;89500
"2016";"04";"Residence";"CVS-CJO";3768;2451;201334;100904
"2016";"04";"Tous Logements";"Brute";34751;29215;2790881;2401159
"2016";"04";"Tous Logements";"CVS-CJO";38781;29841;3114534;2452610
"2016";"03";"Collectif";"Brute";18229;11752;1139637;745173
"2016";"03";"Collectif";"CVS-CJO";16773;12630;1048611;800845
"2016";"03";"Individuel groupe";"Brute";4408;3033;373315;264731
"2016";"03";"Individuel groupe";"CVS-CJO";3861;2891;326989;252337
"2016";"03";"Individuel pur";"Brute";11010;9851;1321596;1177627
"2016";"03";"Individuel pur";"CVS-CJO";10440;8722;1253176;1042662
"2016";"03";"Residence";"Brute";2509;1222;111600;55100
"2016";"03";"Residence";"CVS-CJO";2583;1638;114892;73857
"2016";"03";"Tous Logements";"Brute";36156;25858;2946148;2242631
"2016";"03";"Tous Logements";"CVS-CJO";33657;25881;2742519;2244626
"2016";"02";"Collectif";"Brute";17197;13159;1088108;824933
"2016";"02";"Collectif";"CVS-CJO";20616;16862;1304439;1057073
"2016";"02";"Individuel groupe";"Brute";3471;3071;297669;274078
"2016";"02";"Individuel groupe";"CVS-CJO";3577;3382;306759;301834
"2016";"02";"Individuel pur";"Brute";9851;8962;1187385;1069411
"2016";"02";"Individuel pur";"CVS-CJO";10026;8916;1208478;1063922
"2016";"02";"Residence";"Brute";2763;2771;112900;107700
"2016";"02";"Residence";"CVS-CJO";3611;2813;147550;109332
"2016";"02";"Tous Logements";"Brute";33282;27963;2686062;2276122
"2016";"02";"Tous Logements";"CVS-CJO";37830;31973;3053114;2602526
"2016";"01";"Collectif";"Brute";14700;11269;952198;729722
"2016";"01";"Collectif";"CVS-CJO";17919;12760;1160710;826271
"2016";"01";"Individuel groupe";"Brute";3127;3388;274315;284316
"2016";"01";"Individuel groupe";"CVS-CJO";3752;3676;329143;308484
"2016";"01";"Individuel pur";"Brute";9956;8754;1186329;1038250
"2016";"01";"Individuel pur";"CVS-CJO";9987;9045;1190023;1072764
"2016";"01";"Residence";"Brute";1947;2106;83200;107700
"2016";"01";"Residence";"CVS-CJO";2634;2308;112557;118030
"2016";"01";"Tous Logements";"Brute";29730;25517;2496042;2159988
"2016";"01";"Tous Logements";"CVS-CJO";34292;27789;2879054;2352310
"2015";"12";"Collectif";"Brute";21786;24839;1370070;1576707
"2015";"12";"Collectif";"CVS-CJO";18915;14868;1189520;943777
"2015";"12";"Individuel groupe";"Brute";3949;4148;342612;350767
"2015";"12";"Individuel groupe";"CVS-CJO";3776;3432;327603;290220
"2015";"12";"Individuel pur";"Brute";10271;7901;1225993;930643
"2015";"12";"Individuel pur";"CVS-CJO";10035;9200;1197823;1083650
"2015";"12";"Residence";"Brute";3557;4439;170000;161300
"2015";"12";"Residence";"CVS-CJO";3114;3011;148828;109411
"2015";"12";"Tous Logements";"Brute";39563;41327;3108675;3019417
"2015";"12";"Tous Logements";"CVS-CJO";35840;30511;2816139;2229183
"2015";"11";"Collectif";"Brute";17755;19307;1128686;1214554
"2015";"11";"Collectif";"CVS-CJO";19650;15396;1249151;968523
"2015";"11";"Individuel groupe";"Brute";3225;3683;280375;305940
"2015";"11";"Individuel groupe";"CVS-CJO";3835;3372;333407;280106
"2015";"11";"Individuel pur";"Brute";9158;9017;1083447;1072791
"2015";"11";"Individuel pur";"CVS-CJO";10304;9026;1219026;1073862
"2015";"11";"Residence";"Brute";3354;2884;154200;129000
"2015";"11";"Residence";"CVS-CJO";3083;1852;141741;82839
"2015";"11";"Tous Logements";"Brute";33492;34891;2646708;2722285
"2015";"11";"Tous Logements";"CVS-CJO";36872;29646;2913813;2313057
"2015";"10";"Collectif";"Brute";21476;15381;1340280;988124
"2015";"10";"Collectif";"CVS-CJO";18629;14756;1162604;947972
"2015";"10";"Individuel groupe";"Brute";4579;2919;390535;252175
"2015";"10";"Individuel groupe";"CVS-CJO";4064;2598;346612;224444
"2015";"10";"Individuel pur";"Brute";9240;10495;1100096;1255362
"2015";"10";"Individuel pur";"CVS-CJO";10202;9183;1214630;1098427
"2015";"10";"Residence";"Brute";1956;2283;77900;95900
"2015";"10";"Residence";"CVS-CJO";1412;2124;56235;89221
"2015";"10";"Tous Logements";"Brute";37251;31078;2908811;2591561
"2015";"10";"Tous Logements";"CVS-CJO";34307;28661;2678924;2390010
"2015";"09";"Collectif";"Brute";18236;16063;1140603;1044528
"2015";"09";"Collectif";"CVS-CJO";15766;15843;986112;1030222
"2015";"09";"Individuel groupe";"Brute";4808;3854;414083;335491
"2015";"09";"Individuel groupe";"CVS-CJO";4015;3324;345787;289354
"2015";"09";"Individuel pur";"Brute";11231;11137;1362391;1359120
"2015";"09";"Individuel pur";"CVS-CJO";9834;9055;1192926;1105040
"2015";"09";"Residence";"Brute";3025;1882;123800;92900
"2015";"09";"Residence";"CVS-CJO";2441;2431;99899;120000
"2015";"09";"Tous Logements";"Brute";37300;32936;3040877;2832039
"2015";"09";"Tous Logements";"CVS-CJO";32056;30653;2613361;2635733
"2015";"08";"Collectif";"Brute";13957;7639;883655;483310
"2015";"08";"Collectif";"CVS-CJO";17135;16228;1084863;1026725
"2015";"08";"Individuel groupe";"Brute";3064;1931;270823;171599
"2015";"08";"Individuel groupe";"CVS-CJO";3837;3840;339148;341243
"2015";"08";"Individuel pur";"Brute";9705;4131;1157280;502953
"2015";"08";"Individuel pur";"CVS-CJO";10443;8742;1245283;1064346
"2015";"08";"Residence";"Brute";1633;535;63500;24900
"2015";"08";"Residence";"CVS-CJO";2331;1783;90642;82984
"2015";"08";"Tous Logements";"Brute";28359;14236;2375258;1182762
"2015";"08";"Tous Logements";"CVS-CJO";33746;30593;2826456;2541742
"2015";"07";"Collectif";"Brute";18692;14792;1180634;922066
"2015";"07";"Collectif";"CVS-CJO";16098;14427;1016790;899314
"2015";"07";"Individuel groupe";"Brute";4685;2419;400499;218860
"2015";"07";"Individuel groupe";"CVS-CJO";4061;2473;347156;223746
"2015";"07";"Individuel pur";"Brute";11212;9219;1358743;1104064
"2015";"07";"Individuel pur";"CVS-CJO";10248;8914;1241919;1067537
"2015";"07";"Residence";"Brute";2947;2644;136700;111700
"2015";"07";"Residence";"CVS-CJO";2286;2373;106039;100251
"2015";"07";"Tous Logements";"Brute";37536;29074;3076576;2356690
"2015";"07";"Tous Logements";"CVS-CJO";32693;28187;2679628;2284791
"2015";"06";"Collectif";"Brute";18663;17027;1175931;1094974
"2015";"06";"Collectif";"CVS-CJO";16513;15564;1040462;1000891
"2015";"06";"Individuel groupe";"Brute";4664;3681;393777;325160
"2015";"06";"Individuel groupe";"CVS-CJO";4227;3146;356882;277901
"2015";"06";"Individuel pur";"Brute";11344;9612;1364317;1176531
"2015";"06";"Individuel pur";"CVS-CJO";10199;8694;1226610;1064166
"2015";"06";"Residence";"Brute";4340;1446;182300;58700
"2015";"06";"Residence";"CVS-CJO";3953;1577;166044;64018
"2015";"06";"Tous Logements";"Brute";39011;31766;3116325;2655365
"2015";"06";"Tous Logements";"CVS-CJO";34892;28981;2787286;2422563
"2015";"05";"Collectif";"Brute";12966;10388;824044;681571
"2015";"05";"Collectif";"CVS-CJO";15209;11950;966596;784056
"2015";"05";"Individuel groupe";"Brute";3211;2725;274456;229615
"2015";"05";"Individuel groupe";"CVS-CJO";3498;3090;298987;260371
"2015";"05";"Individuel pur";"Brute";8877;8030;1067768;978044
"2015";"05";"Individuel pur";"CVS-CJO";10066;8228;1210787;1002160
"2015";"05";"Residence";"Brute";1265;1574;60500;61600
"2015";"05";"Residence";"CVS-CJO";1634;1630;78148;63792
"2015";"05";"Tous Logements";"Brute";26319;22717;2226768;1950830
"2015";"05";"Tous Logements";"CVS-CJO";30407;24898;2572641;2138124
"2015";"04";"Collectif";"Brute";15646;13046;1004162;860729
"2015";"04";"Collectif";"CVS-CJO";17422;13418;1118146;885272
"2015";"04";"Individuel groupe";"Brute";3185;3061;281307;274812
"2015";"04";"Individuel groupe";"CVS-CJO";3497;3090;308864;277416
"2015";"04";"Individuel pur";"Brute";9376;8930;1127714;1080113
"2015";"04";"Individuel pur";"CVS-CJO";9852;8338;1184966;1008509
"2015";"04";"Residence";"Brute";1417;936;60700;39200
"2015";"04";"Residence";"CVS-CJO";1987;1112;85117;46571
"2015";"04";"Tous Logements";"Brute";29624;25973;2473883;2254854
"2015";"04";"Tous Logements";"CVS-CJO";32758;25958;2735602;2253552
"2015";"03";"Collectif";"Brute";18260;14052;1158753;927888
"2015";"03";"Collectif";"CVS-CJO";16286;14820;1033486;978601
"2015";"03";"Individuel groupe";"Brute";3727;3459;322084;298060
"2015";"03";"Individuel groupe";"CVS-CJO";3372;3161;291405;272382
"2015";"03";"Individuel pur";"Brute";9908;9502;1194594;1145136
"2015";"03";"Individuel pur";"CVS-CJO";9361;8200;1128643;988225
"2015";"03";"Residence";"Brute";2666;2012;110900;131700
"2015";"03";"Residence";"CVS-CJO";2558;2222;106407;145446
"2015";"03";"Tous Logements";"Brute";34561;29025;2786331;2502784
"2015";"03";"Tous Logements";"CVS-CJO";31577;28403;2545759;2449150
"2015";"02";"Collectif";"Brute";11869;10728;764699;667602
"2015";"02";"Collectif";"CVS-CJO";14424;13233;929313;823488
"2015";"02";"Individuel groupe";"Brute";3922;2594;350495;235488
"2015";"02";"Individuel groupe";"CVS-CJO";3948;2903;352818;263540
"2015";"02";"Individuel pur";"Brute";8990;7993;1086946;956385
"2015";"02";"Individuel pur";"CVS-CJO";9242;8236;1117414;985461
"2015";"02";"Residence";"Brute";1476;2088;61600;76900
"2015";"02";"Residence";"CVS-CJO";2063;2146;86098;79036
"2015";"02";"Tous Logements";"Brute";26257;23403;2263740;1936375
"2015";"02";"Tous Logements";"CVS-CJO";29677;26518;2558594;2194112
"2015";"01";"Collectif";"Brute";13342;11906;858271;759014
"2015";"01";"Collectif";"CVS-CJO";15792;13677;1015876;871916
"2015";"01";"Individuel groupe";"Brute";3540;2797;316796;249615
"2015";"01";"Individuel groupe";"CVS-CJO";4162;3050;372459;272194
"2015";"01";"Individuel pur";"Brute";9565;8346;1145320;1000163
"2015";"01";"Individuel pur";"CVS-CJO";9309;8556;1114666;1025329
"2015";"01";"Residence";"Brute";1793;1452;74500;68200
"2015";"01";"Residence";"CVS-CJO";2412;1805;100220;84780
"2015";"01";"Tous Logements";"Brute";28240;24501;2394887;2076992
"2015";"01";"Tous Logements";"CVS-CJO";31675;27088;2686191;2296296
"2014";"12";"Collectif";"Brute";18108;23305;1135778;1467382
"2014";"12";"Collectif";"CVS-CJO";15485;14607;971257;919719
"2014";"12";"Individuel groupe";"Brute";3517;3652;313378;322479
"2014";"12";"Individuel groupe";"CVS-CJO";3559;3030;317120;267555
"2014";"12";"Individuel pur";"Brute";9391;6933;1122431;827474
"2014";"12";"Individuel pur";"CVS-CJO";9143;8056;1092790;961507
"2014";"12";"Residence";"Brute";2943;3327;131500;146600
"2014";"12";"Residence";"CVS-CJO";2280;2114;101876;93151
"2014";"12";"Tous Logements";"Brute";33959;37217;2703087;2763935
"2014";"12";"Tous Logements";"CVS-CJO";30467;27807;2425129;2065098
"2014";"11";"Collectif";"Brute";12462;16345;816970;1085583
"2014";"11";"Collectif";"CVS-CJO";14315;13177;938447;875174
"2014";"11";"Individuel groupe";"Brute";2944;3222;259006;287738
"2014";"11";"Individuel groupe";"CVS-CJO";3603;3132;316983;279701
"2014";"11";"Individuel pur";"Brute";7623;7690;906221;922478
"2014";"11";"Individuel pur";"CVS-CJO";8881;8052;1055772;965903
"2014";"11";"Residence";"Brute";1632;3419;73800;158000
"2014";"11";"Residence";"CVS-CJO";1209;2496;54672;115346
"2014";"11";"Tous Logements";"Brute";24661;30676;2055997;2453799
"2014";"11";"Tous Logements";"CVS-CJO";28008;26857;2335038;2148314
"2014";"10";"Collectif";"Brute";18380;14003;1135587;910181
"2014";"10";"Collectif";"CVS-CJO";14919;13390;921753;870337
"2014";"10";"Individuel groupe";"Brute";4003;4011;353371;363981
"2014";"10";"Individuel groupe";"CVS-CJO";3424;3560;302259;323055
"2014";"10";"Individuel pur";"Brute";8734;10101;1062562;1209624
"2014";"10";"Individuel pur";"CVS-CJO";9217;8666;1121323;1037779
"2014";"10";"Residence";"Brute";3311;2241;152600;97100
"2014";"10";"Residence";"CVS-CJO";2735;2068;126053;89604
"2014";"10";"Tous Logements";"Brute";34428;30356;2704120;2580886
"2014";"10";"Tous Logements";"CVS-CJO";30295;27684;2379497;2353711
"2014";"09";"Collectif";"Brute";16530;15931;1061229;1051813
"2014";"09";"Collectif";"CVS-CJO";14616;15349;938350;1013388
"2014";"09";"Individuel groupe";"Brute";4286;3537;379461;310359
"2014";"09";"Individuel groupe";"CVS-CJO";3599;2978;318638;261309
"2014";"09";"Individuel pur";"Brute";10756;11189;1301541;1357976
"2014";"09";"Individuel pur";"CVS-CJO";9452;8907;1143749;1081016
"2014";"09";"Residence";"Brute";2326;1134;101000;56600
"2014";"09";"Residence";"CVS-CJO";1996;1578;86671;78761
"2014";"09";"Tous Logements";"Brute";33898;31791;2843231;2776748
"2014";"09";"Tous Logements";"CVS-CJO";29663;28812;2488016;2516551
"2014";"08";"Collectif";"Brute";10315;5346;662991;357693
"2014";"08";"Collectif";"CVS-CJO";13430;11710;863206;783499
"2014";"08";"Individuel groupe";"Brute";2951;1518;254442;135729
"2014";"08";"Individuel groupe";"CVS-CJO";3783;3062;326179;273783
"2014";"08";"Individuel pur";"Brute";8479;4132;1014593;502254
"2014";"08";"Individuel pur";"CVS-CJO";9360;8876;1120013;1078898
"2014";"08";"Residence";"Brute";2489;1388;128500;69500
"2014";"08";"Residence";"CVS-CJO";3261;2658;168356;133092
"2014";"08";"Tous Logements";"Brute";24234;12384;2060526;1065176
"2014";"08";"Tous Logements";"CVS-CJO";29834;26306;2536673;2262639
"2014";"07";"Collectif";"Brute";20218;16035;1296127;1046990
"2014";"07";"Collectif";"CVS-CJO";16440;15455;1053929;1009120
"2014";"07";"Individuel groupe";"Brute";4384;3200;395171;285204
"2014";"07";"Individuel groupe";"CVS-CJO";3700;3199;333516;285115
"2014";"07";"Individuel pur";"Brute";10597;9456;1283666;1149330
"2014";"07";"Individuel pur";"CVS-CJO";9588;9045;1161441;1099375
"2014";"07";"Residence";"Brute";3758;2442;142600;109800
"2014";"07";"Residence";"CVS-CJO";3208;2089;121730;93928
"2014";"07";"Tous Logements";"Brute";38957;31133;3117564;2591324
"2014";"07";"Tous Logements";"CVS-CJO";32936;29788;2635729;2479374
"2014";"06";"Collectif";"Brute";17409;13036;1136826;832088
"2014";"06";"Collectif";"CVS-CJO";15875;11984;1036654;764939
"2014";"06";"Individuel groupe";"Brute";3175;3855;289367;336793
"2014";"06";"Individuel groupe";"CVS-CJO";3066;3516;279433;307176
"2014";"06";"Individuel pur";"Brute";10090;9477;1215361;1151341
"2014";"06";"Individuel pur";"CVS-CJO";9616;9072;1158267;1102138
"2014";"06";"Residence";"Brute";3198;2917;136900;145500
"2014";"06";"Residence";"CVS-CJO";2582;3010;110530;150139
"2014";"06";"Tous Logements";"Brute";33872;29285;2778454;2465722
"2014";"06";"Tous Logements";"CVS-CJO";31139;27582;2554271;2322334
"2014";"05";"Collectif";"Brute";13680;12277;837944;805927
"2014";"05";"Collectif";"CVS-CJO";15972;14159;978336;929471
"2014";"05";"Individuel groupe";"Brute";3775;2841;334068;260907
"2014";"05";"Individuel groupe";"CVS-CJO";4025;3178;356192;291856
"2014";"05";"Individuel pur";"Brute";8739;8490;1051165;1037416
"2014";"05";"Individuel pur";"CVS-CJO";9350;8465;1124659;1034361
"2014";"05";"Residence";"Brute";2051;1677;91100;67900
"2014";"05";"Residence";"CVS-CJO";2455;1815;109045;73488
"2014";"05";"Tous Logements";"Brute";28245;25285;2314277;2172150
"2014";"05";"Tous Logements";"CVS-CJO";31802;27617;2605723;2372484
"2014";"04";"Collectif";"Brute";11668;14089;753031;916952
"2014";"04";"Collectif";"CVS-CJO";12823;14700;827572;956718
"2014";"04";"Individuel groupe";"Brute";3676;3253;320319;292637
"2014";"04";"Individuel groupe";"CVS-CJO";4012;3270;349597;294166
"2014";"04";"Individuel pur";"Brute";9373;9720;1132800;1178608
"2014";"04";"Individuel pur";"CVS-CJO";9764;8992;1180055;1090334
"2014";"04";"Residence";"Brute";1192;2227;56700;93500
"2014";"04";"Residence";"CVS-CJO";1747;2354;83100;98832
"2014";"04";"Tous Logements";"Brute";25909;29289;2262850;2481697
"2014";"04";"Tous Logements";"CVS-CJO";28346;29316;2475694;2483985
"2014";"03";"Collectif";"Brute";20316;12991;1295973;850332
"2014";"03";"Collectif";"CVS-CJO";18391;13654;1173176;893729
"2014";"03";"Individuel groupe";"Brute";4250;3810;375598;329877
"2014";"03";"Individuel groupe";"CVS-CJO";4053;3564;358188;308578
"2014";"03";"Individuel pur";"Brute";10008;10447;1211704;1270790
"2014";"03";"Individuel pur";"CVS-CJO";9912;9241;1200081;1124090
"2014";"03";"Residence";"Brute";4086;2029;166000;94000
"2014";"03";"Residence";"CVS-CJO";3813;2090;154909;96826
"2014";"03";"Tous Logements";"Brute";38660;29277;3049275;2544999
"2014";"03";"Tous Logements";"CVS-CJO";36169;28549;2852800;2481715
"2014";"02";"Collectif";"Brute";13805;9979;891496;665281
"2014";"02";"Collectif";"CVS-CJO";17262;12245;1114741;816351
"2014";"02";"Individuel groupe";"Brute";3954;3053;345019;261851
"2014";"02";"Individuel groupe";"CVS-CJO";3856;3409;336468;292385
"2014";"02";"Individuel pur";"Brute";9745;8715;1169949;1030418
"2014";"02";"Individuel pur";"CVS-CJO";9977;9034;1197802;1068135
"2014";"02";"Residence";"Brute";1401;1255;65000;52600
"2014";"02";"Residence";"CVS-CJO";2131;1410;98869;59096
"2014";"02";"Tous Logements";"Brute";28905;23002;2471464;2010150
"2014";"02";"Tous Logements";"CVS-CJO";33226;26098;2840922;2280710
"2014";"01";"Collectif";"Brute";13886;12469;907548;829663
"2014";"01";"Collectif";"CVS-CJO";16099;13882;1052183;923681
"2014";"01";"Individuel groupe";"Brute";3342;3219;304086;280502
"2014";"01";"Individuel groupe";"CVS-CJO";3799;3444;345668;300108
"2014";"01";"Individuel pur";"Brute";10268;9009;1225148;1083363
"2014";"01";"Individuel pur";"CVS-CJO";9704;9057;1157853;1089135
"2014";"01";"Residence";"Brute";1787;2430;85700;112700
"2014";"01";"Residence";"CVS-CJO";2372;2793;113755;129535
"2014";"01";"Tous Logements";"Brute";29283;27127;2522482;2306228
"2014";"01";"Tous Logements";"CVS-CJO";31974;29176;2754289;2480426
"2013";"12";"Collectif";"Brute";18668;21292;1197050;1381063
"2013";"12";"Collectif";"CVS-CJO";16170;13327;1036870;864429
"2013";"12";"Individuel groupe";"Brute";3583;4588;321494;391069
"2013";"12";"Individuel groupe";"CVS-CJO";3757;3718;337107;316912
"2013";"12";"Individuel pur";"Brute";9874;7820;1179042;927998
"2013";"12";"Individuel pur";"CVS-CJO";9944;9270;1187401;1100069
"2013";"12";"Residence";"Brute";2564;2514;136100;110300
"2013";"12";"Residence";"CVS-CJO";1973;1289;104729;56554
"2013";"12";"Tous Logements";"Brute";34689;36214;2833686;2810430
"2013";"12";"Tous Logements";"CVS-CJO";31844;27604;2601283;2142241
"2013";"11";"Collectif";"Brute";14911;16623;967220;1089899
"2013";"11";"Collectif";"CVS-CJO";16324;13864;1058876;909003
"2013";"11";"Individuel groupe";"Brute";3154;3820;284598;332080
"2013";"11";"Individuel groupe";"CVS-CJO";3805;3703;343340;321909
"2013";"11";"Individuel pur";"Brute";8512;8560;1008013;1042229
"2013";"11";"Individuel pur";"CVS-CJO";9979;9075;1181739;1104933
"2013";"11";"Residence";"Brute";2448;1761;106500;85800
"2013";"11";"Residence";"CVS-CJO";2050;881;89185;42924
"2013";"11";"Tous Logements";"Brute";29025;30764;2366331;2550008
"2013";"11";"Tous Logements";"CVS-CJO";32158;27523;2621756;2281364
"2013";"10";"Collectif";"Brute";22280;14045;1449406;932668
"2013";"10";"Collectif";"CVS-CJO";18262;13751;1188018;913145
"2013";"10";"Individuel groupe";"Brute";4574;4357;409623;381143
"2013";"10";"Individuel groupe";"CVS-CJO";3850;3770;344785;329793
"2013";"10";"Individuel pur";"Brute";9465;10977;1138558;1330720
"2013";"10";"Individuel pur";"CVS-CJO";9981;9291;1200628;1126330
"2013";"10";"Residence";"Brute";2007;1686;99100;81300
"2013";"10";"Residence";"CVS-CJO";1615;1550;79744;74742
"2013";"10";"Tous Logements";"Brute";38326;31065;3096687;2725831
"2013";"10";"Tous Logements";"CVS-CJO";33708;28362;2723559;2488653
"2013";"09";"Collectif";"Brute";16117;13157;1068081;855228
"2013";"09";"Collectif";"CVS-CJO";14668;12795;972055;831697
"2013";"09";"Individuel groupe";"Brute";4373;4543;384057;396486
"2013";"09";"Individuel groupe";"CVS-CJO";3812;3942;334787;344034
"2013";"09";"Individuel pur";"Brute";10550;11468;1274708;1404693
"2013";"09";"Individuel pur";"CVS-CJO";9604;9278;1160407;1136444
"2013";"09";"Residence";"Brute";2048;2086;87200;95700
"2013";"09";"Residence";"CVS-CJO";1733;2553;73788;117125
"2013";"09";"Tous Logements";"Brute";33088;31254;2814046;2752107
"2013";"09";"Tous Logements";"CVS-CJO";29817;28568;2535856;2515588
"2013";"08";"Collectif";"Brute";12052;6656;803733;437972
"2013";"08";"Collectif";"CVS-CJO";15294;13487;1019938;887459
"2013";"08";"Individuel groupe";"Brute";2969;1851;263371;163432
"2013";"08";"Individuel groupe";"CVS-CJO";3752;3726;332829;328983
"2013";"08";"Individuel pur";"Brute";8588;4708;1036171;583420
"2013";"08";"Individuel pur";"CVS-CJO";9155;9993;1104582;1238342
"2013";"08";"Residence";"Brute";1165;663;50800;37300
"2013";"08";"Residence";"CVS-CJO";1828;1744;79710;98116
"2013";"08";"Tous Logements";"Brute";24774;13878;2154075;1222124
"2013";"08";"Tous Logements";"CVS-CJO";30029;28950;2610992;2549394
"2013";"07";"Collectif";"Brute";20673;13986;1347237;909086
"2013";"07";"Collectif";"CVS-CJO";17367;13642;1131789;886726
"2013";"07";"Individuel groupe";"Brute";4385;4006;395447;359031
"2013";"07";"Individuel groupe";"CVS-CJO";3693;3875;333041;347290
"2013";"07";"Individuel pur";"Brute";9863;11100;1188115;1358550
"2013";"07";"Individuel pur";"CVS-CJO";8674;10169;1044886;1244603
"2013";"07";"Residence";"Brute";2136;1896;91100;74900
"2013";"07";"Residence";"CVS-CJO";1573;1543;67088;60955
"2013";"07";"Tous Logements";"Brute";37057;30988;3021899;2701567
"2013";"07";"Tous Logements";"CVS-CJO";31307;29229;2553002;2548216
"2013";"06";"Collectif";"Brute";18388;15588;1181934;1021763
"2013";"06";"Collectif";"CVS-CJO";17069;14297;1097152;937140
"2013";"06";"Individuel groupe";"Brute";4322;4356;384619;395712
"2013";"06";"Individuel groupe";"CVS-CJO";4217;3973;375275;360919
"2013";"06";"Individuel pur";"Brute";9231;10896;1094751;1345455
"2013";"06";"Individuel pur";"CVS-CJO";8950;10453;1061426;1290753
"2013";"06";"Residence";"Brute";2858;1736;136000;84300
"2013";"06";"Residence";"CVS-CJO";2348;1813;111731;88039
"2013";"06";"Tous Logements";"Brute";34799;32576;2797304;2847230
"2013";"06";"Tous Logements";"CVS-CJO";32584;30536;2619252;2668928
"2013";"05";"Collectif";"Brute";14162;12012;927396;787694
"2013";"05";"Collectif";"CVS-CJO";16670;14082;1091632;923436
"2013";"05";"Individuel groupe";"Brute";4396;3626;381016;327657
"2013";"05";"Individuel groupe";"CVS-CJO";4581;3962;397051;358019
"2013";"05";"Individuel pur";"Brute";8032;10936;961655;1339771
"2013";"05";"Individuel pur";"CVS-CJO";8555;10970;1024273;1343936
"2013";"05";"Residence";"Brute";1947;1364;84400;58100
"2013";"05";"Residence";"CVS-CJO";2453;1570;106334;66875
"2013";"05";"Tous Logements";"Brute";28537;27938;2354467;2513222
"2013";"05";"Tous Logements";"CVS-CJO";32259;30584;2661554;2751248
"2013";"04";"Collectif";"Brute";16057;11216;1062031;760014
"2013";"04";"Collectif";"CVS-CJO";17341;11825;1146956;801281
"2013";"04";"Individuel groupe";"Brute";4755;4041;428739;358932
"2013";"04";"Individuel groupe";"CVS-CJO";5185;3952;467510;351027
"2013";"04";"Individuel pur";"Brute";8512;13502;1023749;1657613
"2013";"04";"Individuel pur";"CVS-CJO";8811;12284;1059710;1508082
"2013";"04";"Residence";"Brute";1932;1819;93000;84800
"2013";"04";"Residence";"CVS-CJO";2530;1958;121786;91280
"2013";"04";"Tous Logements";"Brute";31256;30578;2607519;2861359
"2013";"04";"Tous Logements";"CVS-CJO";33867;30019;2825341;2809050
"2013";"03";"Collectif";"Brute";20945;15411;1380265;1033590
"2013";"03";"Collectif";"CVS-CJO";18782;16184;1237724;1085434
"2013";"03";"Individuel groupe";"Brute";8963;4039;782803;359576
"2013";"03";"Individuel groupe";"CVS-CJO";8694;3849;759309;342661
"2013";"03";"Individuel pur";"Brute";10444;13320;1289195;1620252
"2013";"03";"Individuel pur";"CVS-CJO";10351;11985;1277715;1457862
"2013";"03";"Residence";"Brute";2544;1901;112200;80800
"2013";"03";"Residence";"CVS-CJO";2269;1874;100072;79652
"2013";"03";"Tous Logements";"Brute";42896;34671;3564463;3094218
"2013";"03";"Tous Logements";"CVS-CJO";40096;33892;3331796;3024696
"2013";"02";"Collectif";"Brute";15418;13776;1026721;866791
"2013";"02";"Collectif";"CVS-CJO";19227;16762;1280371;1054671
"2013";"02";"Individuel groupe";"Brute";6109;3555;539705;310746
"2013";"02";"Individuel groupe";"CVS-CJO";5812;3977;513466;347633
"2013";"02";"Individuel pur";"Brute";20345;11254;2502349;1341355
"2013";"02";"Individuel pur";"CVS-CJO";20668;11732;2542077;1398327
"2013";"02";"Residence";"Brute";1401;878;69400;45300
"2013";"02";"Residence";"CVS-CJO";2187;1083;108335;55877
"2013";"02";"Tous Logements";"Brute";43273;29463;4138175;2564192
"2013";"02";"Tous Logements";"CVS-CJO";47894;33554;4580079;2920236
"2013";"01";"Collectif";"Brute";13875;13988;949108;929796
"2013";"01";"Collectif";"CVS-CJO";16097;15151;1101102;1007102
"2013";"01";"Individuel groupe";"Brute";5278;3343;462852;286023
"2013";"01";"Individuel groupe";"CVS-CJO";5931;3609;520117;308782
"2013";"01";"Individuel pur";"Brute";18448;10676;2234298;1276492
"2013";"01";"Individuel pur";"CVS-CJO";17559;10688;2126628;1277927
"2013";"01";"Residence";"Brute";1500;523;77800;30900
"2013";"01";"Residence";"CVS-CJO";2013;1013;104408;59850
"2013";"01";"Tous Logements";"Brute";39101;28530;3724058;2523211
"2013";"01";"Tous Logements";"CVS-CJO";41600;30461;3962068;2693990
"2012";"12";"Collectif";"Brute";18800;28901;1229816;1846965
"2012";"12";"Collectif";"CVS-CJO";17649;16478;1154522;1053053
"2012";"12";"Individuel groupe";"Brute";5447;5493;474334;503658
"2012";"12";"Individuel groupe";"CVS-CJO";5903;4778;514043;438099
"2012";"12";"Individuel pur";"Brute";13621;8162;1668130;1003666
"2012";"12";"Individuel pur";"CVS-CJO";14235;10782;1743325;1325842
"2012";"12";"Residence";"Brute";1629;5302;74700;210200
"2012";"12";"Residence";"CVS-CJO";1041;4099;47736;162507
"2012";"12";"Tous Logements";"Brute";39497;47858;3446980;3564489
"2012";"12";"Tous Logements";"CVS-CJO";38828;36137;3388595;2691503
"2012";"11";"Collectif";"Brute";14837;18027;980468;1201191
"2012";"11";"Collectif";"CVS-CJO";16479;14259;1088976;950118
"2012";"11";"Individuel groupe";"Brute";4285;4137;381263;351705
"2012";"11";"Individuel groupe";"CVS-CJO";5007;3775;445504;320930
"2012";"11";"Individuel pur";"Brute";11194;10317;1375173;1267818
"2012";"11";"Individuel pur";"CVS-CJO";12336;10606;1515467;1303332
"2012";"11";"Residence";"Brute";2874;2800;130100;129300
"2012";"11";"Residence";"CVS-CJO";2870;1808;129919;83491
"2012";"11";"Tous Logements";"Brute";33190;35281;2867004;2950014
"2012";"11";"Tous Logements";"CVS-CJO";36692;30448;3169512;2545904
"2012";"10";"Collectif";"Brute";20916;17508;1423324;1127569
"2012";"10";"Collectif";"CVS-CJO";17532;15749;1193044;1014284
"2012";"10";"Individuel groupe";"Brute";5719;5070;516893;477672
"2012";"10";"Individuel groupe";"CVS-CJO";4979;4294;450010;404561
"2012";"10";"Individuel pur";"Brute";11746;12933;1463264;1600555
"2012";"10";"Individuel pur";"CVS-CJO";12450;11010;1550965;1362569
"2012";"10";"Residence";"Brute";3840;1506;199400;82500
"2012";"10";"Residence";"CVS-CJO";3409;1575;177019;86280
"2012";"10";"Tous Logements";"Brute";42221;37017;3602881;3288296
"2012";"10";"Tous Logements";"CVS-CJO";38370;32628;3274260;2898412
"2012";"09";"Collectif";"Brute";20282;11388;1327702;767770
"2012";"09";"Collectif";"CVS-CJO";18631;11698;1219624;788670
"2012";"09";"Individuel groupe";"Brute";5639;4505;509407;423638
"2012";"09";"Individuel groupe";"CVS-CJO";5395;4051;487365;380945
"2012";"09";"Individuel pur";"Brute";12545;13259;1584089;1659785
"2012";"09";"Individuel pur";"CVS-CJO";12194;11127;1539767;1392898
"2012";"09";"Residence";"Brute";2141;1892;107000;85300
"2012";"09";"Residence";"CVS-CJO";2082;1875;104051;84534
"2012";"09";"Tous Logements";"Brute";40607;31044;3528198;2936493
"2012";"09";"Tous Logements";"CVS-CJO";38302;28751;3327925;2719595
"2012";"08";"Collectif";"Brute";18998;7397;1204578;501139
"2012";"08";"Collectif";"CVS-CJO";24027;14736;1523444;998349
"2012";"08";"Individuel groupe";"Brute";4920;2066;433132;187528
"2012";"08";"Individuel groupe";"CVS-CJO";5830;4115;513244;373513
"2012";"08";"Individuel pur";"Brute";11605;5669;1442971;717072
"2012";"08";"Individuel pur";"CVS-CJO";11985;11152;1490220;1410617
"2012";"08";"Residence";"Brute";5120;460;223700;24600
"2012";"08";"Residence";"CVS-CJO";6305;1570;275474;83961
"2012";"08";"Tous Logements";"Brute";40643;15592;3304381;1430339
"2012";"08";"Tous Logements";"CVS-CJO";48147;31573;3914476;2896363
"2012";"07";"Collectif";"Brute";24882;14419;1622680;962675
"2012";"07";"Collectif";"CVS-CJO";20501;14511;1336973;968817
"2012";"07";"Individuel groupe";"Brute";6015;3680;550727;347395
"2012";"07";"Individuel groupe";"CVS-CJO";5080;3737;465119;352776
"2012";"07";"Individuel pur";"Brute";13201;12062;1647937;1501921
"2012";"07";"Individuel pur";"CVS-CJO";11712;11121;1462059;1384751
"2012";"07";"Residence";"Brute";3162;1791;163200;84000
"2012";"07";"Residence";"CVS-CJO";2536;1460;130890;68476
"2012";"07";"Tous Logements";"Brute";47260;31952;3984544;2895991
"2012";"07";"Tous Logements";"CVS-CJO";39829;30829;3358028;2794207
"2012";"06";"Collectif";"Brute";21621;13816;1401951;910464
"2012";"06";"Collectif";"CVS-CJO";20273;12868;1314544;847992
"2012";"06";"Individuel groupe";"Brute";5668;4117;514683;384999
"2012";"06";"Individuel groupe";"CVS-CJO";5338;3846;484717;359657
"2012";"06";"Individuel pur";"Brute";13208;12344;1641548;1538002
"2012";"06";"Individuel pur";"CVS-CJO";12272;11474;1525218;1429604
"2012";"06";"Residence";"Brute";2776;2807;134200;112000
"2012";"06";"Residence";"CVS-CJO";2467;3148;119262;125606
"2012";"06";"Tous Logements";"Brute";43273;33084;3692382;2945465
"2012";"06";"Tous Logements";"CVS-CJO";40350;31336;3442969;2789841
"2012";"05";"Collectif";"Brute";20593;10795;1362713;745695
"2012";"05";"Collectif";"CVS-CJO";22533;12513;1491090;864371
"2012";"05";"Individuel groupe";"Brute";5033;3624;458443;340345
"2012";"05";"Individuel groupe";"CVS-CJO";5257;4073;478847;382512
"2012";"05";"Individuel pur";"Brute";10551;11312;1316955;1402359
"2012";"05";"Individuel pur";"CVS-CJO";11316;11456;1412441;1420211
"2012";"05";"Residence";"Brute";2221;917;101100;52600
"2012";"05";"Residence";"CVS-CJO";2410;954;109703;54722
"2012";"05";"Tous Logements";"Brute";38398;26648;3239211;2540999
"2012";"05";"Tous Logements";"CVS-CJO";41516;28996;3502242;2764891
"2012";"04";"Collectif";"Brute";20546;10062;1369833;717671
"2012";"04";"Collectif";"CVS-CJO";22380;11566;1492109;824944
"2012";"04";"Individuel groupe";"Brute";5261;3347;484159;303235
"2012";"04";"Individuel groupe";"CVS-CJO";5658;3427;520694;310483
"2012";"04";"Individuel pur";"Brute";11598;12297;1443422;1510844
"2012";"04";"Individuel pur";"CVS-CJO";12325;11511;1533900;1414274
"2012";"04";"Residence";"Brute";2764;713;118100;64900
"2012";"04";"Residence";"CVS-CJO";2863;1001;122330;91115
"2012";"04";"Tous Logements";"Brute";40169;26419;3415514;2596650
"2012";"04";"Tous Logements";"CVS-CJO";43226;27505;3675446;2703390
"2012";"03";"Collectif";"Brute";20722;16881;1475056;1102376
"2012";"03";"Collectif";"CVS-CJO";18959;16469;1349560;1075471
"2012";"03";"Individuel groupe";"Brute";4695;5045;425254;465169
"2012";"03";"Individuel groupe";"CVS-CJO";4366;4611;395454;425152
"2012";"03";"Individuel pur";"Brute";12780;15021;1575669;1844470
"2012";"03";"Individuel pur";"CVS-CJO";12609;12800;1554586;1571747
"2012";"03";"Residence";"Brute";4019;1992;237900;102300
"2012";"03";"Residence";"CVS-CJO";3857;2100;228311;107846
"2012";"03";"Tous Logements";"Brute";42216;38939;3713879;3514315
"2012";"03";"Tous Logements";"CVS-CJO";39791;35980;3500544;3247260
"2012";"02";"Collectif";"Brute";15383;12933;1028915;861820
"2012";"02";"Collectif";"CVS-CJO";18147;16489;1213789;1098782
"2012";"02";"Individuel groupe";"Brute";4898;3993;451028;361186
"2012";"02";"Individuel groupe";"CVS-CJO";5276;4528;485836;409579
"2012";"02";"Individuel pur";"Brute";13506;10691;1658552;1313424
"2012";"02";"Individuel pur";"CVS-CJO";13216;10734;1622940;1318707
"2012";"02";"Residence";"Brute";2893;955;158600;50700
"2012";"02";"Residence";"CVS-CJO";3487;1639;191164;87013
"2012";"02";"Tous Logements";"Brute";36680;28572;3297095;2587130
"2012";"02";"Tous Logements";"CVS-CJO";40126;33390;3606849;3023389
"2012";"01";"Collectif";"Brute";17039;12319;1133641;837536
"2012";"01";"Collectif";"CVS-CJO";19647;14388;1307157;978202
"2012";"01";"Individuel groupe";"Brute";5762;3771;523932;332740
"2012";"01";"Individuel groupe";"CVS-CJO";5978;3994;543573;352417
"2012";"01";"Individuel pur";"Brute";14620;12549;1796695;1538864
"2012";"01";"Individuel pur";"CVS-CJO";13740;12580;1688549;1542666
"2012";"01";"Residence";"Brute";1551;1244;80900;69300
"2012";"01";"Residence";"CVS-CJO";2017;1053;105206;58660
"2012";"01";"Tous Logements";"Brute";38972;29883;3535168;2778440
"2012";"01";"Tous Logements";"CVS-CJO";41382;32015;3753780;2976668
"2011";"12";"Collectif";"Brute";25499;28187;1653346;1816047
"2011";"12";"Collectif";"CVS-CJO";23448;17069;1520360;1099731
"2011";"12";"Individuel groupe";"Brute";6243;6124;552237;534226
"2011";"12";"Individuel groupe";"CVS-CJO";6140;5013;543126;437308
"2011";"12";"Individuel pur";"Brute";13738;9632;1688607;1166516
"2011";"12";"Individuel pur";"CVS-CJO";13460;12350;1654437;1495689
"2011";"12";"Residence";"Brute";2584;3951;132000;197500
"2011";"12";"Residence";"CVS-CJO";2057;2987;105079;149312
"2011";"12";"Tous Logements";"Brute";48064;47894;4026190;3714289
"2011";"12";"Tous Logements";"CVS-CJO";45105;37419;3778323;2901929
"2011";"11";"Collectif";"Brute";19529;27784;1307308;1752470
"2011";"11";"Collectif";"CVS-CJO";22219;21560;1487382;1359892
"2011";"11";"Individuel groupe";"Brute";5279;5884;473908;530523
"2011";"11";"Individuel groupe";"CVS-CJO";6219;5489;558294;494908
"2011";"11";"Individuel pur";"Brute";11713;12157;1433759;1488809
"2011";"11";"Individuel pur";"CVS-CJO";13378;12832;1637568;1571473
"2011";"11";"Residence";"Brute";1781;3780;82900;183900
"2011";"11";"Residence";"CVS-CJO";1794;2818;83505;137098
"2011";"11";"Tous Logements";"Brute";38302;49605;3297875;3955702
"2011";"11";"Tous Logements";"CVS-CJO";43610;42699;3754904;3404990
"2011";"10";"Collectif";"Brute";22651;20316;1497240;1337988
"2011";"10";"Collectif";"CVS-CJO";19534;17919;1291205;1180124
"2011";"10";"Individuel groupe";"Brute";5937;4544;535958;421021
"2011";"10";"Individuel groupe";"CVS-CJO";5400;4010;487481;371544
"2011";"10";"Individuel pur";"Brute";11524;13466;1418003;1654443
"2011";"10";"Individuel pur";"CVS-CJO";13171;11920;1620663;1464500
"2011";"10";"Residence";"Brute";4272;1452;196700;84000
"2011";"10";"Residence";"CVS-CJO";3879;1483;178605;85793
"2011";"10";"Tous Logements";"Brute";44384;39778;3647901;3497452
"2011";"10";"Tous Logements";"CVS-CJO";41984;35332;3450646;3106541
"2011";"09";"Collectif";"Brute";27568;15288;1815524;1026803
"2011";"09";"Collectif";"CVS-CJO";24793;15533;1632773;1043258
"2011";"09";"Individuel groupe";"Brute";6939;4983;614191;461778
"2011";"09";"Individuel groupe";"CVS-CJO";6121;4362;541787;404230
"2011";"09";"Individuel pur";"Brute";14300;16305;1783212;2026704
"2011";"09";"Individuel pur";"CVS-CJO";13186;13017;1644296;1618007
"2011";"09";"Residence";"Brute";2340;2747;112700;130500
"2011";"09";"Residence";"CVS-CJO";2581;2685;124307;127555
"2011";"09";"Tous Logements";"Brute";51147;39323;4325627;3645785
"2011";"09";"Tous Logements";"CVS-CJO";46681;35597;3947926;3300333
"2011";"08";"Collectif";"Brute";20408;8558;1310701;585127
"2011";"08";"Collectif";"CVS-CJO";25274;17310;1623219;1183518
"2011";"08";"Individuel groupe";"Brute";4600;2225;412086;207546
"2011";"08";"Individuel groupe";"CVS-CJO";5555;4409;497639;411268
"2011";"08";"Individuel pur";"Brute";12921;6946;1597480;871364
"2011";"08";"Individuel pur";"CVS-CJO";13263;13378;1639763;1678248
"2011";"08";"Residence";"Brute";1486;774;71800;40500
"2011";"08";"Residence";"CVS-CJO";2249;1810;108666;94709
"2011";"08";"Tous Logements";"Brute";39415;18503;3392067;1704537
"2011";"08";"Tous Logements";"CVS-CJO";46341;36907;3988121;3399954
"2011";"07";"Collectif";"Brute";26259;14911;1706888;995280
"2011";"07";"Collectif";"CVS-CJO";22461;15181;1460010;1013302
"2011";"07";"Individuel groupe";"Brute";6338;4348;583381;398121
"2011";"07";"Individuel groupe";"CVS-CJO";6131;4784;564328;438043
"2011";"07";"Individuel pur";"Brute";14584;13116;1805027;1603308
"2011";"07";"Individuel pur";"CVS-CJO";13854;12718;1714677;1554656
"2011";"07";"Residence";"Brute";3705;1943;188800;80400
"2011";"07";"Residence";"CVS-CJO";2978;1501;151753;62110
"2011";"07";"Tous Logements";"Brute";50886;34318;4284096;3077109
"2011";"07";"Tous Logements";"CVS-CJO";45424;34184;3824250;3065094
"2011";"06";"Collectif";"Brute";21241;13178;1366174;873121
"2011";"06";"Collectif";"CVS-CJO";20642;12100;1327648;801697
"2011";"06";"Individuel groupe";"Brute";6555;4568;579720;423034
"2011";"06";"Individuel groupe";"CVS-CJO";6252;4371;552923;404790
"2011";"06";"Individuel pur";"Brute";15336;13396;1888714;1655864
"2011";"06";"Individuel pur";"CVS-CJO";14471;12758;1782184;1577002
"2011";"06";"Residence";"Brute";2567;1226;133800;64600
"2011";"06";"Residence";"CVS-CJO";2197;1576;114514;83042
"2011";"06";"Tous Logements";"Brute";45699;32368;3968408;3016619
"2011";"06";"Tous Logements";"CVS-CJO";43562;30805;3782835;2870951
"2011";"05";"Collectif";"Brute";20161;13818;1318458;935722
"2011";"05";"Collectif";"CVS-CJO";20677;15808;1352203;1070480
"2011";"05";"Individuel groupe";"Brute";6266;5007;547025;433208
"2011";"05";"Individuel groupe";"CVS-CJO";5943;4926;518827;426200
"2011";"05";"Individuel pur";"Brute";15978;14515;1967259;1781818
"2011";"05";"Individuel pur";"CVS-CJO";15152;13397;1865559;1644576
"2011";"05";"Residence";"Brute";2541;2855;130000;141000
"2011";"05";"Residence";"CVS-CJO";2756;2895;141000;142976
"2011";"05";"Tous Logements";"Brute";44946;36195;3962742;3291748
"2011";"05";"Tous Logements";"CVS-CJO";44528;37026;3925888;3367323
"2011";"04";"Collectif";"Brute";15914;12105;1048303;822287
"2011";"04";"Collectif";"CVS-CJO";17476;13739;1151197;933284
"2011";"04";"Individuel groupe";"Brute";4952;4774;441825;402583
"2011";"04";"Individuel groupe";"CVS-CJO";5432;4941;484651;416666
"2011";"04";"Individuel pur";"Brute";13594;14057;1671342;1741510
"2011";"04";"Individuel pur";"CVS-CJO";14479;13365;1780150;1655779
"2011";"04";"Residence";"Brute";3284;1974;141400;101200
"2011";"04";"Residence";"CVS-CJO";3391;2305;146007;118169
"2011";"04";"Tous Logements";"Brute";37744;32910;3302870;3067580
"2011";"04";"Tous Logements";"CVS-CJO";40778;34350;3568367;3201804
"2011";"03";"Collectif";"Brute";19229;15564;1253369;1033262
"2011";"03";"Collectif";"CVS-CJO";17416;15079;1135196;1001064
"2011";"03";"Individuel groupe";"Brute";6169;5309;561935;463917
"2011";"03";"Individuel groupe";"CVS-CJO";5423;4747;493982;414808
"2011";"03";"Individuel pur";"Brute";14539;15822;1806447;1928145
"2011";"03";"Individuel pur";"CVS-CJO";13865;13299;1722704;1620680
"2011";"03";"Residence";"Brute";2428;1361;118100;60800
"2011";"03";"Residence";"CVS-CJO";2161;1441;105113;64374
"2011";"03";"Tous Logements";"Brute";42365;38056;3739851;3486124
"2011";"03";"Tous Logements";"CVS-CJO";38865;34566;3430882;3166422
"2011";"02";"Collectif";"Brute";15305;10803;1013889;733785
"2011";"02";"Collectif";"CVS-CJO";17945;13325;1188777;905090
"2011";"02";"Individuel groupe";"Brute";4742;4527;423341;397485
"2011";"02";"Individuel groupe";"CVS-CJO";5224;4866;466371;427250
"2011";"02";"Individuel pur";"Brute";14366;13150;1754564;1581810
"2011";"02";"Individuel pur";"CVS-CJO";14314;13658;1748213;1642917
"2011";"02";"Residence";"Brute";1294;840;65800;39100
"2011";"02";"Residence";"CVS-CJO";1825;1491;92801;69402
"2011";"02";"Tous Logements";"Brute";35707;29320;3257594;2752180
"2011";"02";"Tous Logements";"CVS-CJO";39308;33340;3586118;3129525
"2011";"01";"Collectif";"Brute";16764;11663;1069368;789833
"2011";"01";"Collectif";"CVS-CJO";19170;13500;1222846;914237
"2011";"01";"Individuel groupe";"Brute";6242;4596;527817;394433
"2011";"01";"Individuel groupe";"CVS-CJO";6770;4991;572464;428332
"2011";"01";"Individuel pur";"Brute";15078;13125;1840837;1582993
"2011";"01";"Individuel pur";"CVS-CJO";14855;13618;1813612;1642453
"2011";"01";"Residence";"Brute";1933;2467;92200;114200
"2011";"01";"Residence";"CVS-CJO";2267;2309;108131;106886
"2011";"01";"Tous Logements";"Brute";40017;31851;3530222;2881459
"2011";"01";"Tous Logements";"CVS-CJO";43062;34418;3798846;3113687
"2010";"12";"Collectif";"Brute";18914;23298;1245482;1521565
"2010";"12";"Collectif";"CVS-CJO";17209;15298;1133208;999094
"2010";"12";"Individuel groupe";"Brute";5547;5077;490796;456656
"2010";"12";"Individuel groupe";"CVS-CJO";5122;4177;453192;375705
"2010";"12";"Individuel pur";"Brute";15664;11373;1901099;1402087
"2010";"12";"Individuel pur";"CVS-CJO";14855;14102;1802913;1738524
"2010";"12";"Residence";"Brute";2784;2590;140400;122300
"2010";"12";"Residence";"CVS-CJO";2227;1790;112310;84524
"2010";"12";"Tous Logements";"Brute";42909;42338;3777777;3502608
"2010";"12";"Tous Logements";"CVS-CJO";39413;35367;3469984;2925900
"2010";"11";"Collectif";"Brute";14340;21606;945429;1411788
"2010";"11";"Collectif";"CVS-CJO";15584;16978;1027445;1109383
"2010";"11";"Individuel groupe";"Brute";4528;5836;412339;509104
"2010";"11";"Individuel groupe";"CVS-CJO";5336;5318;485919;463916
"2010";"11";"Individuel pur";"Brute";12475;12272;1511672;1487767
"2010";"11";"Individuel pur";"CVS-CJO";14123;12850;1711370;1557840
"2010";"11";"Residence";"Brute";2311;3417;102200;161700
"2010";"11";"Residence";"CVS-CJO";2222;2701;98264;127817
"2010";"11";"Tous Logements";"Brute";33654;43131;2971640;3570359
"2010";"11";"Tous Logements";"CVS-CJO";37265;37847;3290490;3132953
"2010";"10";"Collectif";"Brute";19286;20676;1273943;1328958
"2010";"10";"Collectif";"CVS-CJO";16729;18138;1105040;1165827
"2010";"10";"Individuel groupe";"Brute";7081;5426;608836;466040
"2010";"10";"Individuel groupe";"CVS-CJO";6327;4895;544006;420432
"2010";"10";"Individuel pur";"Brute";12170;14860;1490054;1796907
"2010";"10";"Individuel pur";"CVS-CJO";13989;13129;1712766;1587590
"2010";"10";"Residence";"Brute";2538;2866;139200;117300
"2010";"10";"Residence";"CVS-CJO";2201;2847;120717;116522
"2010";"10";"Tous Logements";"Brute";41075;43828;3512033;3709205
"2010";"10";"Tous Logements";"CVS-CJO";39246;39009;3355648;3301368
"2010";"09";"Collectif";"Brute";20297;16982;1321909;1150017
"2010";"09";"Collectif";"CVS-CJO";18769;16953;1222393;1148053
"2010";"09";"Individuel groupe";"Brute";6580;5540;559695;497470
"2010";"09";"Individuel groupe";"CVS-CJO";5853;4921;497856;441886
"2010";"09";"Individuel pur";"Brute";14683;16775;1811444;2032747
"2010";"09";"Individuel pur";"CVS-CJO";13579;13383;1675243;1621714
"2010";"09";"Residence";"Brute";2153;2263;101400;112100
"2010";"09";"Residence";"CVS-CJO";2484;2210;116989;109475
"2010";"09";"Tous Logements";"Brute";43713;41560;3794448;3792334
"2010";"09";"Tous Logements";"CVS-CJO";40685;37467;3531606;3418849
"2010";"08";"Collectif";"Brute";13347;8712;853739;566409
"2010";"08";"Collectif";"CVS-CJO";15911;18191;1017745;1182684
"2010";"08";"Individuel groupe";"Brute";4209;2748;373956;246280
"2010";"08";"Individuel groupe";"CVS-CJO";5099;5387;453030;482791
"2010";"08";"Individuel pur";"Brute";14215;7054;1723621;869453
"2010";"08";"Individuel pur";"CVS-CJO";14622;13107;1772971;1615526
"2010";"08";"Residence";"Brute";1933;1868;99000;79700
"2010";"08";"Residence";"CVS-CJO";2593;3059;132802;130515
"2010";"08";"Tous Logements";"Brute";33704;20382;3050316;1761842
"2010";"08";"Tous Logements";"CVS-CJO";38225;39744;3459480;3435514
"2010";"07";"Collectif";"Brute";20035;14191;1282205;941361
"2010";"07";"Collectif";"CVS-CJO";16639;14653;1064867;972008
"2010";"07";"Individuel groupe";"Brute";7708;4451;657984;411834
"2010";"07";"Individuel groupe";"CVS-CJO";6852;4592;584913;424880
"2010";"07";"Individuel pur";"Brute";17107;14159;2060822;1724561
"2010";"07";"Individuel pur";"CVS-CJO";15633;13317;1883254;1622006
"2010";"07";"Residence";"Brute";4993;3106;246200;140300
"2010";"07";"Residence";"CVS-CJO";4504;2548;222088;115095
"2010";"07";"Tous Logements";"Brute";49843;35907;4247211;3218056
"2010";"07";"Tous Logements";"CVS-CJO";43628;35110;3717620;3146627
"2010";"06";"Collectif";"Brute";18892;17019;1227054;1141380
"2010";"06";"Collectif";"CVS-CJO";17873;15361;1160869;1030186
"2010";"06";"Individuel groupe";"Brute";6123;5136;541693;465238
"2010";"06";"Individuel groupe";"CVS-CJO";5541;4590;490204;415779
"2010";"06";"Individuel pur";"Brute";16888;14080;2037374;1720006
"2010";"06";"Individuel pur";"CVS-CJO";14771;12575;1781978;1536156
"2010";"06";"Residence";"Brute";2453;1154;116700;59200
"2010";"06";"Residence";"CVS-CJO";2206;1449;104949;74333
"2010";"06";"Tous Logements";"Brute";44356;37389;3922821;3385824
"2010";"06";"Tous Logements";"CVS-CJO";40391;33975;3572158;3076664
"2010";"05";"Collectif";"Brute";16320;12979;1068286;858528
"2010";"05";"Collectif";"CVS-CJO";17615;14244;1153055;942204
"2010";"05";"Individuel groupe";"Brute";5229;4611;467966;442817
"2010";"05";"Individuel groupe";"CVS-CJO";5529;4881;494814;468746
"2010";"05";"Individuel pur";"Brute";13745;12248;1669886;1504418
"2010";"05";"Individuel pur";"CVS-CJO";14107;12250;1713866;1504664
"2010";"05";"Residence";"Brute";1975;1962;87300;104000
"2010";"05";"Residence";"CVS-CJO";1901;1898;84029;100608
"2010";"05";"Tous Logements";"Brute";37269;31800;3293438;2909763
"2010";"05";"Tous Logements";"CVS-CJO";39152;33273;3459838;3044545
"2010";"04";"Collectif";"Brute";15856;12372;1020320;832732
"2010";"04";"Collectif";"CVS-CJO";17235;13552;1109058;912155
"2010";"04";"Individuel groupe";"Brute";5133;4467;453810;380998
"2010";"04";"Individuel groupe";"CVS-CJO";5220;4496;461502;383472
"2010";"04";"Individuel pur";"Brute";13226;13110;1619145;1612039
"2010";"04";"Individuel pur";"CVS-CJO";13603;12218;1665298;1502356
"2010";"04";"Residence";"Brute";4538;1259;226400;59300
"2010";"04";"Residence";"CVS-CJO";4715;1550;235230;73006
"2010";"04";"Tous Logements";"Brute";38753;31208;3319675;2885069
"2010";"04";"Tous Logements";"CVS-CJO";40773;31816;3492713;2941276
"2010";"03";"Collectif";"Brute";21410;13296;1403679;915740
"2010";"03";"Collectif";"CVS-CJO";19621;13035;1286389;897764
"2010";"03";"Individuel groupe";"Brute";6461;4600;573875;419443
"2010";"03";"Individuel groupe";"CVS-CJO";5902;4213;524224;384155
"2010";"03";"Individuel pur";"Brute";14154;13998;1716775;1702291
"2010";"03";"Individuel pur";"CVS-CJO";13545;11890;1642908;1445938
"2010";"03";"Residence";"Brute";3012;1341;144700;68800
"2010";"03";"Residence";"CVS-CJO";2731;1395;131200;71570
"2010";"03";"Tous Logements";"Brute";45037;33235;3839029;3106274
"2010";"03";"Tous Logements";"CVS-CJO";41799;30533;3563016;2853734
"2010";"02";"Collectif";"Brute";15410;10411;1018750;724603
"2010";"02";"Collectif";"CVS-CJO";17633;12764;1165712;888371
"2010";"02";"Individuel groupe";"Brute";4834;3744;434393;340747
"2010";"02";"Individuel groupe";"CVS-CJO";5345;3944;480312;358949
"2010";"02";"Individuel pur";"Brute";12756;10288;1551480;1239877
"2010";"02";"Individuel pur";"CVS-CJO";12856;10794;1563643;1300858
"2010";"02";"Residence";"Brute";1705;928;86800;39900
"2010";"02";"Residence";"CVS-CJO";2207;1511;112356;64966
"2010";"02";"Tous Logements";"Brute";34705;25371;3091423;2345127
"2010";"02";"Tous Logements";"CVS-CJO";38041;29013;3388584;2681769
"2010";"01";"Collectif";"Brute";12016;10645;778779;732389
"2010";"01";"Collectif";"CVS-CJO";13948;11845;903996;814950
"2010";"01";"Individuel groupe";"Brute";4664;3700;404449;327764
"2010";"01";"Individuel groupe";"CVS-CJO";5314;3940;460815;349024
"2010";"01";"Individuel pur";"Brute";12542;9487;1521227;1150483
"2010";"01";"Individuel pur";"CVS-CJO";12995;10228;1576172;1240344
"2010";"01";"Residence";"Brute";3319;2240;123800;105600
"2010";"01";"Residence";"CVS-CJO";3570;2154;133162;101546
"2010";"01";"Tous Logements";"Brute";32541;26072;2828255;2316236
"2010";"01";"Tous Logements";"CVS-CJO";35827;28167;3113853;2502356
"2009";"12";"Collectif";"Brute";14645;18800;952204;1252986
"2009";"12";"Collectif";"CVS-CJO";13262;12900;862283;859762
"2009";"12";"Individuel groupe";"Brute";5679;5213;493965;488240
"2009";"12";"Individuel groupe";"CVS-CJO";5271;4397;458477;411815
"2009";"12";"Individuel pur";"Brute";12748;8494;1535687;1034453
"2009";"12";"Individuel pur";"CVS-CJO";12573;11005;1514606;1340258
"2009";"12";"Residence";"Brute";3983;3292;206300;147500
"2009";"12";"Residence";"CVS-CJO";3465;2615;179470;117167
"2009";"12";"Tous Logements";"Brute";37055;35799;3188156;2923179
"2009";"12";"Tous Logements";"CVS-CJO";34571;30917;2974436;2524538
"2009";"11";"Collectif";"Brute";12165;15819;822827;1050807
"2009";"11";"Collectif";"CVS-CJO";13397;13110;906158;870857
"2009";"11";"Individuel groupe";"Brute";4738;4653;420283;436334
"2009";"11";"Individuel groupe";"CVS-CJO";5385;4276;477675;400981
"2009";"11";"Individuel pur";"Brute";10944;10424;1320872;1263001
"2009";"11";"Individuel pur";"CVS-CJO";12440;10753;1501430;1302864
"2009";"11";"Residence";"Brute";3008;860;160000;47100
"2009";"11";"Residence";"CVS-CJO";3060;501;162766;27438
"2009";"11";"Tous Logements";"Brute";30855;31756;2723982;2797242
"2009";"11";"Tous Logements";"CVS-CJO";34282;28640;3026529;2522768
"2009";"10";"Collectif";"Brute";18024;13222;1204160;897290
"2009";"10";"Collectif";"CVS-CJO";15748;11624;1052103;788844
"2009";"10";"Individuel groupe";"Brute";6568;5308;579210;471862
"2009";"10";"Individuel groupe";"CVS-CJO";5442;4714;479912;419058
"2009";"10";"Individuel pur";"Brute";11211;12276;1356960;1499136
"2009";"10";"Individuel pur";"CVS-CJO";12419;10470;1503174;1278589
"2009";"10";"Residence";"Brute";1764;1695;84600;87100
"2009";"10";"Residence";"CVS-CJO";1539;1572;73809;80780
"2009";"10";"Tous Logements";"Brute";37567;32501;3224930;2955388
"2009";"10";"Tous Logements";"CVS-CJO";35148;28380;3017272;2580656
"2009";"09";"Collectif";"Brute";14542;12803;990755;878466
"2009";"09";"Collectif";"CVS-CJO";13367;12429;910702;852804
"2009";"09";"Individuel groupe";"Brute";5667;4364;488580;399549
"2009";"09";"Individuel groupe";"CVS-CJO";5201;3821;448404;349834
"2009";"09";"Individuel pur";"Brute";12927;13241;1570488;1746337
"2009";"09";"Individuel pur";"CVS-CJO";11800;10553;1433570;1391820
"2009";"09";"Residence";"Brute";2226;1048;105000;61400
"2009";"09";"Residence";"CVS-CJO";2501;1083;117972;63451
"2009";"09";"Tous Logements";"Brute";35362;31456;3154823;3085752
"2009";"09";"Tous Logements";"CVS-CJO";32869;27886;2932410;2735544
"2009";"08";"Collectif";"Brute";9582;8262;647234;562970
"2009";"08";"Collectif";"CVS-CJO";11750;16981;793676;1157080
"2009";"08";"Individuel groupe";"Brute";4001;1963;356076;187220
"2009";"08";"Individuel groupe";"CVS-CJO";4962;4054;441602;386648
"2009";"08";"Individuel pur";"Brute";10947;5785;1330285;810858
"2009";"08";"Individuel pur";"CVS-CJO";11554;10730;1404048;1503977
"2009";"08";"Residence";"Brute";1998;1040;106900;55900
"2009";"08";"Residence";"CVS-CJO";2547;2041;136273;109704
"2009";"08";"Tous Logements";"Brute";26528;17050;2440495;1616948
"2009";"08";"Tous Logements";"CVS-CJO";30813;33806;2834702;3206014
"2009";"07";"Collectif";"Brute";16204;15292;1106043;1043789
"2009";"07";"Collectif";"CVS-CJO";13769;15862;939836;1082696
"2009";"07";"Individuel groupe";"Brute";5601;3405;502312;334385
"2009";"07";"Individuel groupe";"CVS-CJO";4970;3728;445722;366105
"2009";"07";"Individuel pur";"Brute";13000;11651;1579480;1657654
"2009";"07";"Individuel pur";"CVS-CJO";11536;10829;1401606;1540703
"2009";"07";"Residence";"Brute";3227;2493;163500;117500
"2009";"07";"Residence";"CVS-CJO";2702;1794;136900;84555
"2009";"07";"Tous Logements";"Brute";38032;32841;3351335;3153328
"2009";"07";"Tous Logements";"CVS-CJO";32977;32213;2905894;3093029
"2009";"06";"Collectif";"Brute";11285;15072;767310;956476
"2009";"06";"Collectif";"CVS-CJO";10685;13218;726514;838820
"2009";"06";"Individuel groupe";"Brute";5411;4450;484645;452645
"2009";"06";"Individuel groupe";"CVS-CJO";5012;3855;448908;392123
"2009";"06";"Individuel pur";"Brute";12654;11832;1541404;1684724
"2009";"06";"Individuel pur";"CVS-CJO";11246;10767;1369893;1533082
"2009";"06";"Residence";"Brute";2503;1551;136500;88100
"2009";"06";"Residence";"CVS-CJO";2286;1703;124666;96734
"2009";"06";"Tous Logements";"Brute";31853;32905;2929859;3181945
"2009";"06";"Tous Logements";"CVS-CJO";29229;29543;2688502;2856836
"2009";"05";"Collectif";"Brute";9423;11504;646401;785064
"2009";"05";"Collectif";"CVS-CJO";10648;12359;730434;843412
"2009";"05";"Individuel groupe";"Brute";4130;3332;362523;326748
"2009";"05";"Individuel groupe";"CVS-CJO";4628;3525;406236;345674
"2009";"05";"Individuel pur";"Brute";10474;10060;1279558;1443180
"2009";"05";"Individuel pur";"CVS-CJO";11087;10261;1354445;1472015
"2009";"05";"Residence";"Brute";2518;1237;152700;58000
"2009";"05";"Residence";"CVS-CJO";2457;1141;149001;53499
"2009";"05";"Tous Logements";"Brute";26545;26133;2441182;2612992
"2009";"05";"Tous Logements";"CVS-CJO";28820;27286;2650400;2728278
"2009";"04";"Collectif";"Brute";11596;12671;776888;883397
"2009";"04";"Collectif";"CVS-CJO";12725;13336;852527;929760
"2009";"04";"Individuel groupe";"Brute";4685;3401;417160;326296
"2009";"04";"Individuel groupe";"CVS-CJO";4697;3453;418228;331285
"2009";"04";"Individuel pur";"Brute";10677;11147;1307664;1598207
"2009";"04";"Individuel pur";"CVS-CJO";11013;10427;1348816;1494977
"2009";"04";"Residence";"Brute";1964;1493;105100;89500
"2009";"04";"Residence";"CVS-CJO";2080;1752;111308;105026
"2009";"04";"Tous Logements";"Brute";28922;28712;2606812;2897400
"2009";"04";"Tous Logements";"CVS-CJO";30515;28968;2750393;2923234
"2009";"03";"Collectif";"Brute";13663;11313;904815;770086
"2009";"03";"Collectif";"CVS-CJO";12753;11173;844551;760556
"2009";"03";"Individuel groupe";"Brute";4862;3476;431434;345033
"2009";"03";"Individuel groupe";"CVS-CJO";4540;3177;402861;315354
"2009";"03";"Individuel pur";"Brute";10575;12043;1293727;1744473
"2009";"03";"Individuel pur";"CVS-CJO";10363;10629;1267791;1539650
"2009";"03";"Residence";"Brute";3139;1122;148300;53300
"2009";"03";"Residence";"CVS-CJO";2924;1104;138142;52445
"2009";"03";"Tous Logements";"Brute";32239;27954;2778276;2912892
"2009";"03";"Tous Logements";"CVS-CJO";30580;26083;2635308;2717928
"2009";"02";"Collectif";"Brute";10125;8151;719984;552802
"2009";"02";"Collectif";"CVS-CJO";11688;9812;831128;665451
"2009";"02";"Individuel groupe";"Brute";4196;3227;379729;313842
"2009";"02";"Individuel groupe";"CVS-CJO";4597;3338;416019;324637
"2009";"02";"Individuel pur";"Brute";9510;10634;1180732;1486451
"2009";"02";"Individuel pur";"CVS-CJO";9738;11225;1209040;1569063
"2009";"02";"Residence";"Brute";2205;878;134300;33800
"2009";"02";"Residence";"CVS-CJO";2721;1314;165728;50584
"2009";"02";"Tous Logements";"Brute";26036;22890;2414745;2386895
"2009";"02";"Tous Logements";"CVS-CJO";28744;25689;2665902;2678766
"2009";"01";"Collectif";"Brute";12799;10783;871383;736252
"2009";"01";"Collectif";"CVS-CJO";14319;11483;974868;784047
"2009";"01";"Individuel groupe";"Brute";4387;2906;407732;285837
"2009";"01";"Individuel groupe";"CVS-CJO";4972;2999;462102;294985
"2009";"01";"Individuel pur";"Brute";10504;10636;1299645;1414633
"2009";"01";"Individuel pur";"CVS-CJO";10722;11233;1326618;1494036
"2009";"01";"Residence";"Brute";2378;1318;139800;60500
"2009";"01";"Residence";"CVS-CJO";2652;1302;155908;59766
"2009";"01";"Tous Logements";"Brute";30068;25643;2718560;2497222
"2009";"01";"Tous Logements";"CVS-CJO";32665;27017;2953364;2631028
"2008";"12";"Collectif";"Brute";14253;12675;951902;854008
"2008";"12";"Collectif";"CVS-CJO";12933;9677;863744;652011
"2008";"12";"Individuel groupe";"Brute";5105;2791;467143;276305
"2008";"12";"Individuel groupe";"CVS-CJO";5026;2428;459914;240368
"2008";"12";"Individuel pur";"Brute";12041;9647;1489850;1273868
"2008";"12";"Individuel pur";"CVS-CJO";12077;11799;1494304;1558036
"2008";"12";"Residence";"Brute";2030;1902;124600;79300
"2008";"12";"Residence";"CVS-CJO";1473;1524;90412;63540
"2008";"12";"Tous Logements";"Brute";33429;27015;3033495;2483481
"2008";"12";"Tous Logements";"CVS-CJO";31509;25428;2859266;2337589
"2008";"11";"Collectif";"Brute";12113;9942;790331;667078
"2008";"11";"Collectif";"CVS-CJO";13538;8530;883307;572337
"2008";"11";"Individuel groupe";"Brute";4318;3569;402084;330740
"2008";"11";"Individuel groupe";"CVS-CJO";5072;3517;472295;325921
"2008";"11";"Individuel pur";"Brute";10297;11987;1275045;1564700
"2008";"11";"Individuel pur";"CVS-CJO";12147;12673;1504125;1654246
"2008";"11";"Residence";"Brute";2888;854;145400;41000
"2008";"11";"Residence";"CVS-CJO";2901;815;146054;39128
"2008";"11";"Tous Logements";"Brute";29616;26352;2612860;2603518
"2008";"11";"Tous Logements";"CVS-CJO";33658;25535;2969464;2522800
"2008";"10";"Collectif";"Brute";20386;14141;1349983;907968
"2008";"10";"Collectif";"CVS-CJO";17327;12610;1147413;809665
"2008";"10";"Individuel groupe";"Brute";7115;4036;676955;376314
"2008";"10";"Individuel groupe";"CVS-CJO";5643;3662;536902;341442
"2008";"10";"Individuel pur";"Brute";12335;15565;1544489;2056251
"2008";"10";"Individuel pur";"CVS-CJO";13024;12955;1630760;1711451
"2008";"10";"Residence";"Brute";2304;1288;125700;64800
"2008";"10";"Residence";"CVS-CJO";2138;1064;116644;53530
"2008";"10";"Tous Logements";"Brute";42140;35030;3697127;3405333
"2008";"10";"Tous Logements";"CVS-CJO";38132;30291;3345488;2944646
"2008";"09";"Collectif";"Brute";16050;14127;1064603;984899
"2008";"09";"Collectif";"CVS-CJO";15006;13282;995354;925988
"2008";"09";"Individuel groupe";"Brute";5377;4675;486727;438871
"2008";"09";"Individuel groupe";"CVS-CJO";5018;3998;454230;375317
"2008";"09";"Individuel pur";"Brute";14636;16708;1848473;2209914
"2008";"09";"Individuel pur";"CVS-CJO";13258;13268;1674437;1754916
"2008";"09";"Residence";"Brute";2210;1199;129200;58200
"2008";"09";"Residence";"CVS-CJO";2455;1284;143523;62326
"2008";"09";"Tous Logements";"Brute";38273;36709;3529003;3691884
"2008";"09";"Tous Logements";"CVS-CJO";35737;31832;3295168;3201396
"2008";"08";"Collectif";"Brute";12070;7376;812200;472328
"2008";"08";"Collectif";"CVS-CJO";14586;13533;981504;866596
"2008";"08";"Individuel groupe";"Brute";4157;1809;365985;164021
"2008";"08";"Individuel groupe";"CVS-CJO";5347;3788;470753;343456
"2008";"08";"Individuel pur";"Brute";12939;7319;1623065;976400
"2008";"08";"Individuel pur";"CVS-CJO";14227;13498;1784631;1800717
"2008";"08";"Residence";"Brute";1727;1040;97400;47400
"2008";"08";"Residence";"CVS-CJO";2148;1857;121144;84636
"2008";"08";"Tous Logements";"Brute";30893;17544;2898650;1660149
"2008";"08";"Tous Logements";"CVS-CJO";36308;32676;3406732;3092056
"2008";"07";"Collectif";"Brute";17930;12488;1197174;838331
"2008";"07";"Collectif";"CVS-CJO";15096;13005;1007950;873038
"2008";"07";"Individuel groupe";"Brute";6251;4147;581832;401303
"2008";"07";"Individuel groupe";"CVS-CJO";5364;4198;499272;406238
"2008";"07";"Individuel pur";"Brute";15906;14911;2002066;1960504
"2008";"07";"Individuel pur";"CVS-CJO";13817;13947;1739126;1833757
"2008";"07";"Residence";"Brute";3344;1378;165300;61800
"2008";"07";"Residence";"CVS-CJO";2793;570;138063;25563
"2008";"07";"Tous Logements";"Brute";43431;32924;3946372;3261938
"2008";"07";"Tous Logements";"CVS-CJO";37070;31720;3368378;3142652
"2008";"06";"Collectif";"Brute";17179;16224;1113951;1113461
"2008";"06";"Collectif";"CVS-CJO";16525;13804;1071543;947375
"2008";"06";"Individuel groupe";"Brute";5822;4730;521625;442017
"2008";"06";"Individuel groupe";"CVS-CJO";5496;4132;492417;386134
"2008";"06";"Individuel pur";"Brute";15835;15625;1994599;2046341
"2008";"06";"Individuel pur";"CVS-CJO";14141;14112;1781220;1848190
"2008";"06";"Residence";"Brute";3438;2174;195600;94800
"2008";"06";"Residence";"CVS-CJO";3335;2130;189740;92881
"2008";"06";"Tous Logements";"Brute";42274;38753;3825775;3696619
"2008";"06";"Tous Logements";"CVS-CJO";39497;34178;3574458;3260213
"2008";"05";"Collectif";"Brute";17638;14437;1133632;976344
"2008";"05";"Collectif";"CVS-CJO";19420;14710;1248165;994806
"2008";"05";"Individuel groupe";"Brute";5491;3567;494725;331323
"2008";"05";"Individuel groupe";"CVS-CJO";6108;3831;550315;355845
"2008";"05";"Individuel pur";"Brute";14260;14458;1810801;1917273
"2008";"05";"Individuel pur";"CVS-CJO";14572;14593;1850420;1935175
"2008";"05";"Residence";"Brute";3115;1862;162200;105300
"2008";"05";"Residence";"CVS-CJO";2939;1672;153036;94555
"2008";"05";"Tous Logements";"Brute";40504;34324;3601358;3330240
"2008";"05";"Tous Logements";"CVS-CJO";43039;34806;3826754;3377005
"2008";"04";"Collectif";"Brute";17157;15292;1164116;1064120
"2008";"04";"Collectif";"CVS-CJO";18873;15431;1280548;1073793
"2008";"04";"Individuel groupe";"Brute";6381;3974;571919;386922
"2008";"04";"Individuel groupe";"CVS-CJO";6261;3889;561164;378646
"2008";"04";"Individuel pur";"Brute";15422;15739;1948544;2068370
"2008";"04";"Individuel pur";"CVS-CJO";15349;14306;1939321;1880050
"2008";"04";"Residence";"Brute";1801;1536;99600;63500
"2008";"04";"Residence";"CVS-CJO";1958;1741;108282;71975
"2008";"04";"Tous Logements";"Brute";40761;36541;3784179;3582912
"2008";"04";"Tous Logements";"CVS-CJO";42441;35367;3940147;3467799
"2008";"03";"Collectif";"Brute";22749;15302;1577598;1029126
"2008";"03";"Collectif";"CVS-CJO";21882;15121;1517473;1016953
"2008";"03";"Individuel groupe";"Brute";6844;4574;621949;438516
"2008";"03";"Individuel groupe";"CVS-CJO";7049;4428;640578;424519
"2008";"03";"Individuel pur";"Brute";14646;15094;1854934;1960973
"2008";"03";"Individuel pur";"CVS-CJO";15345;14292;1943463;1856779
"2008";"03";"Residence";"Brute";2799;2430;159600;135800
"2008";"03";"Residence";"CVS-CJO";2563;2330;146143;130212
"2008";"03";"Tous Logements";"Brute";47038;37400;4214081;3564415
"2008";"03";"Tous Logements";"CVS-CJO";46839;36171;4196253;3447285
"2008";"02";"Collectif";"Brute";20997;15021;1393982;1038490
"2008";"02";"Collectif";"CVS-CJO";22882;17700;1519126;1223705
"2008";"02";"Individuel groupe";"Brute";6014;4614;557015;448451
"2008";"02";"Individuel groupe";"CVS-CJO";6496;4837;601658;470125
"2008";"02";"Individuel pur";"Brute";15489;15547;1934697;2008471
"2008";"02";"Individuel pur";"CVS-CJO";15802;16137;1973793;2084691
"2008";"02";"Residence";"Brute";2371;1574;117300;64600
"2008";"02";"Residence";"CVS-CJO";2836;1862;140305;76420
"2008";"02";"Tous Logements";"Brute";44871;36756;4002994;3560012
"2008";"02";"Tous Logements";"CVS-CJO";48016;40536;4283563;3926125
"2008";"01";"Collectif";"Brute";19449;17708;1344741;1227008
"2008";"01";"Collectif";"CVS-CJO";21412;18276;1480467;1266365
"2008";"01";"Individuel groupe";"Brute";5709;4655;527681;425508
"2008";"01";"Individuel groupe";"CVS-CJO";6079;4605;561880;420938
"2008";"01";"Individuel pur";"Brute";16276;15749;2052667;2031702
"2008";"01";"Individuel pur";"CVS-CJO";16276;16193;2052667;2088980
"2008";"01";"Residence";"Brute";1902;910;107900;50200
"2008";"01";"Residence";"CVS-CJO";2217;987;125770;54448
"2008";"01";"Tous Logements";"Brute";43336;39022;4032989;3734418
"2008";"01";"Tous Logements";"CVS-CJO";45984;40061;4279420;3833851
"2007";"12";"Collectif";"Brute";22178;18066;1494748;1219557
"2007";"12";"Collectif";"CVS-CJO";19843;15169;1337374;1023993
"2007";"12";"Individuel groupe";"Brute";5658;4720;518493;431294
"2007";"12";"Individuel groupe";"CVS-CJO";5835;4564;534713;417039
"2007";"12";"Individuel pur";"Brute";14940;12431;1906718;1606637
"2007";"12";"Individuel pur";"CVS-CJO";16490;15957;2104537;2062353
"2007";"12";"Residence";"Brute";4263;1544;228200;69200
"2007";"12";"Residence";"CVS-CJO";3609;1413;193191;63329
"2007";"12";"Tous Logements";"Brute";47039;36761;4148159;3326688
"2007";"12";"Tous Logements";"CVS-CJO";45777;37103;4036869;3357637
"2007";"11";"Collectif";"Brute";18134;18491;1204826;1260617
"2007";"11";"Collectif";"CVS-CJO";18951;16653;1259108;1135312
"2007";"11";"Individuel groupe";"Brute";5259;3857;481967;373901
"2007";"11";"Individuel groupe";"CVS-CJO";5767;3681;528523;356839
"2007";"11";"Individuel pur";"Brute";12765;16267;1638530;2092200
"2007";"11";"Individuel pur";"CVS-CJO";14021;16376;1799752;2106219
"2007";"11";"Residence";"Brute";2541;1215;122500;62300
"2007";"11";"Residence";"CVS-CJO";2593;1428;125007;73222
"2007";"11";"Tous Logements";"Brute";38699;39830;3447823;3789018
"2007";"11";"Tous Logements";"CVS-CJO";41332;38138;3682406;3628058
"2007";"10";"Collectif";"Brute";24804;20958;1679601;1401190
"2007";"10";"Collectif";"CVS-CJO";20705;18852;1402038;1260389
"2007";"10";"Individuel groupe";"Brute";7381;5415;689868;513244
"2007";"10";"Individuel groupe";"CVS-CJO";5844;4824;546212;457228
"2007";"10";"Individuel pur";"Brute";17488;20138;2253751;2606257
"2007";"10";"Individuel pur";"CVS-CJO";17698;16532;2280815;2139569
"2007";"10";"Residence";"Brute";3125;2459;164400;102600
"2007";"10";"Residence";"CVS-CJO";2920;2124;153615;88622
"2007";"10";"Tous Logements";"Brute";52798;48970;4787620;4623291
"2007";"10";"Tous Logements";"CVS-CJO";47167;42332;4277012;3996593
"2007";"09";"Collectif";"Brute";18318;18824;1237731;1276382
"2007";"09";"Collectif";"CVS-CJO";18246;17258;1232866;1170198
"2007";"09";"Individuel groupe";"Brute";5782;5210;776538;496600
"2007";"09";"Individuel groupe";"CVS-CJO";5951;4651;799235;443318
"2007";"09";"Individuel pur";"Brute";18901;19459;2425696;2517308
"2007";"09";"Individuel pur";"CVS-CJO";18456;16464;2368586;2129861
"2007";"09";"Residence";"Brute";2417;1547;138500;83700
"2007";"09";"Residence";"CVS-CJO";2598;1614;148872;87325
"2007";"09";"Tous Logements";"Brute";45418;45040;4578465;4373990
"2007";"09";"Tous Logements";"CVS-CJO";45251;39987;4561630;3883276
"2007";"08";"Collectif";"Brute";18703;8196;1223710;544552
"2007";"08";"Collectif";"CVS-CJO";22054;15975;1442961;1061398
"2007";"08";"Individuel groupe";"Brute";5615;2045;527226;184700
"2007";"08";"Individuel groupe";"CVS-CJO";6514;4311;611638;389360
"2007";"08";"Individuel pur";"Brute";17653;9687;2251928;1262970
"2007";"08";"Individuel pur";"CVS-CJO";18303;17220;2334846;2245106
"2007";"08";"Residence";"Brute";1269;774;71200;33200
"2007";"08";"Residence";"CVS-CJO";1751;1689;98244;72448
"2007";"08";"Tous Logements";"Brute";43240;20702;4074064;2025422
"2007";"08";"Tous Logements";"CVS-CJO";48622;39195;4581155;3834722
"2007";"07";"Collectif";"Brute";25368;19651;1723604;1303367
"2007";"07";"Collectif";"CVS-CJO";21611;20418;1468338;1354239
"2007";"07";"Individuel groupe";"Brute";6903;4740;630816;462901
"2007";"07";"Individuel groupe";"CVS-CJO";6040;4745;551953;463389
"2007";"07";"Individuel pur";"Brute";20687;17554;2653235;2259471
"2007";"07";"Individuel pur";"CVS-CJO";17885;16326;2293861;2101408
"2007";"07";"Residence";"Brute";2845;3010;153300;127800
"2007";"07";"Residence";"CVS-CJO";2263;2191;121940;93026
"2007";"07";"Tous Logements";"Brute";55803;44955;5160955;4153539
"2007";"07";"Tous Logements";"CVS-CJO";47799;43680;4420703;4035738
"2007";"06";"Collectif";"Brute";24971;21811;1694409;1471514
"2007";"06";"Collectif";"CVS-CJO";23639;18246;1604026;1230996
"2007";"06";"Individuel groupe";"Brute";5480;5503;511799;530988
"2007";"06";"Individuel groupe";"CVS-CJO";5340;4797;498724;462866
"2007";"06";"Individuel pur";"Brute";19954;18114;2559769;2372095
"2007";"06";"Individuel pur";"CVS-CJO";18006;16566;2309873;2169379
"2007";"06";"Residence";"Brute";1956;2056;90300;93500
"2007";"06";"Residence";"CVS-CJO";1926;1867;88915;84905
"2007";"06";"Tous Logements";"Brute";52361;47484;4856277;4468097
"2007";"06";"Tous Logements";"CVS-CJO";48911;41476;4536303;3902763
"2007";"05";"Collectif";"Brute";19784;18622;1364285;1250976
"2007";"05";"Collectif";"CVS-CJO";22610;18991;1559163;1275764
"2007";"05";"Individuel groupe";"Brute";5673;4484;527860;420382
"2007";"05";"Individuel groupe";"CVS-CJO";6112;5002;568708;468945
"2007";"05";"Individuel pur";"Brute";17908;16533;2299074;2140288
"2007";"05";"Individuel pur";"CVS-CJO";18404;16625;2362752;2152198
"2007";"05";"Residence";"Brute";3107;2189;174600;95600
"2007";"05";"Residence";"CVS-CJO";3000;2030;168587;88656
"2007";"05";"Tous Logements";"Brute";46472;41828;4365819;3907246
"2007";"05";"Tous Logements";"CVS-CJO";50126;42648;4709095;3983844
"2007";"04";"Collectif";"Brute";19544;18491;1308922;1249268
"2007";"04";"Collectif";"CVS-CJO";21917;18203;1467849;1229810
"2007";"04";"Individuel groupe";"Brute";6309;4847;582536;457484
"2007";"04";"Individuel groupe";"CVS-CJO";6448;4849;595370;457673
"2007";"04";"Individuel pur";"Brute";16143;17321;2067738;2235518
"2007";"04";"Individuel pur";"CVS-CJO";17215;16464;2205049;2124910
"2007";"04";"Residence";"Brute";2066;1441;109500;54600
"2007";"04";"Residence";"CVS-CJO";2216;1644;117450;62292
"2007";"04";"Tous Logements";"Brute";44062;42100;4068696;3996870
"2007";"04";"Tous Logements";"CVS-CJO";47796;41160;4413494;3907629
"2007";"03";"Collectif";"Brute";26140;17752;1777448;1224384
"2007";"03";"Collectif";"CVS-CJO";24390;17389;1658453;1199347
"2007";"03";"Individuel groupe";"Brute";6806;5115;624965;483560
"2007";"03";"Individuel groupe";"CVS-CJO";6704;4774;615599;451323
"2007";"03";"Individuel pur";"Brute";18764;17919;2418111;2304293
"2007";"03";"Individuel pur";"CVS-CJO";18397;16281;2370816;2093654
"2007";"03";"Residence";"Brute";3166;2326;187500;92800
"2007";"03";"Residence";"CVS-CJO";3075;2163;182111;86297
"2007";"03";"Tous Logements";"Brute";54876;43112;5008024;4105037
"2007";"03";"Tous Logements";"CVS-CJO";52566;40607;4797212;3866516
"2007";"02";"Collectif";"Brute";20924;15564;1444830;1040308
"2007";"02";"Collectif";"CVS-CJO";23731;17691;1638657;1182478
"2007";"02";"Individuel groupe";"Brute";6026;4466;549913;408793
"2007";"02";"Individuel groupe";"CVS-CJO";6472;4548;590614;416299
"2007";"02";"Individuel pur";"Brute";17043;15518;2186367;1984212
"2007";"02";"Individuel pur";"CVS-CJO";17670;16326;2266802;2087527
"2007";"02";"Residence";"Brute";2424;1928;151100;93800
"2007";"02";"Residence";"CVS-CJO";2830;2117;176408;102995
"2007";"02";"Tous Logements";"Brute";46417;37476;4332210;3527113
"2007";"02";"Tous Logements";"CVS-CJO";50703;40682;4732233;3828851
"2007";"01";"Collectif";"Brute";20389;17643;1383986;1173688
"2007";"01";"Collectif";"CVS-CJO";22167;17584;1504675;1169763
"2007";"01";"Individuel groupe";"Brute";5755;4918;535319;471757
"2007";"01";"Individuel groupe";"CVS-CJO";6263;4668;582572;447776
"2007";"01";"Individuel pur";"Brute";16558;16336;2107749;2093821
"2007";"01";"Individuel pur";"CVS-CJO";16515;16554;2102275;2121762
"2007";"01";"Residence";"Brute";1658;1715;85000;83600
"2007";"01";"Residence";"CVS-CJO";1877;1874;96227;91351
"2007";"01";"Tous Logements";"Brute";44360;40612;4112054;3822866
"2007";"01";"Tous Logements";"CVS-CJO";46822;40680;4340275;3829267
"2006";"12";"Collectif";"Brute";27769;18651;1871671;1248846
"2006";"12";"Collectif";"CVS-CJO";24570;16616;1656054;1112585
"2006";"12";"Individuel groupe";"Brute";7033;4794;659320;453050
"2006";"12";"Individuel groupe";"CVS-CJO";7161;4700;671320;444167
"2006";"12";"Individuel pur";"Brute";15099;13135;1938407;1677955
"2006";"12";"Individuel pur";"CVS-CJO";16833;17013;2161018;2173357
"2006";"12";"Residence";"Brute";3420;1164;170300;51700
"2006";"12";"Residence";"CVS-CJO";2852;1197;142016;53166
"2006";"12";"Tous Logements";"Brute";53321;37744;4639698;3431551
"2006";"12";"Tous Logements";"CVS-CJO";51416;39526;4473936;3593564
"2006";"11";"Collectif";"Brute";24501;18403;1657594;1225872
"2006";"11";"Collectif";"CVS-CJO";25503;17201;1725383;1145804
"2006";"11";"Individuel groupe";"Brute";7578;5111;701793;482034
"2006";"11";"Individuel groupe";"CVS-CJO";7687;4813;711887;453929
"2006";"11";"Individuel pur";"Brute";16307;16760;2082221;2149038
"2006";"11";"Individuel pur";"CVS-CJO";17626;16848;2250642;2160322
"2006";"11";"Residence";"Brute";1780;2580;88400;115900
"2006";"11";"Residence";"CVS-CJO";1891;2823;93913;126816
"2006";"11";"Tous Logements";"Brute";50166;42854;4530008;3972844
"2006";"11";"Tous Logements";"CVS-CJO";52707;41685;4759461;3864470
"2006";"10";"Collectif";"Brute";28156;19749;1928346;1327769
"2006";"10";"Collectif";"CVS-CJO";23331;18041;1597892;1212936
"2006";"10";"Individuel groupe";"Brute";7406;5110;676452;472876
"2006";"10";"Individuel groupe";"CVS-CJO";6033;4523;551044;418555
"2006";"10";"Individuel pur";"Brute";17966;19490;2307686;2502565
"2006";"10";"Individuel pur";"CVS-CJO";18371;16422;2359707;2108626
"2006";"10";"Residence";"Brute";2939;1598;147100;77700
"2006";"10";"Residence";"CVS-CJO";2637;1204;131985;58542
"2006";"10";"Tous Logements";"Brute";56467;45947;5059584;4380910
"2006";"10";"Tous Logements";"CVS-CJO";50372;40190;4513457;3831997
"2006";"09";"Collectif";"Brute";20052;18826;1371916;1279931
"2006";"09";"Collectif";"CVS-CJO";19705;17279;1348175;1174754
"2006";"09";"Individuel groupe";"Brute";6272;4950;592226;453298
"2006";"09";"Individuel groupe";"CVS-CJO";6314;4356;596192;398902
"2006";"09";"Individuel pur";"Brute";18901;19747;2430896;2565587
"2006";"09";"Individuel pur";"CVS-CJO";17941;16488;2307428;2142168
"2006";"09";"Residence";"Brute";1993;2105;96200;96900
"2006";"09";"Residence";"CVS-CJO";2148;2125;103682;97821
"2006";"09";"Tous Logements";"Brute";47218;45628;4491238;4395716
"2006";"09";"Tous Logements";"CVS-CJO";46108;40248;4385658;3877417
"2006";"08";"Collectif";"Brute";18478;10588;1279378;715191
"2006";"08";"Collectif";"CVS-CJO";22326;20338;1545806;1373777
"2006";"08";"Individuel groupe";"Brute";5491;2815;521678;277157
"2006";"08";"Individuel groupe";"CVS-CJO";6284;6118;597018;602361
"2006";"08";"Individuel pur";"Brute";16646;9636;2132709;1235632
"2006";"08";"Individuel pur";"CVS-CJO";17406;17033;2230081;2184155
"2006";"08";"Residence";"Brute";3151;644;148200;28100
"2006";"08";"Residence";"CVS-CJO";3632;1522;170823;66410
"2006";"08";"Tous Logements";"Brute";43766;23683;4081965;2256080
"2006";"08";"Tous Logements";"CVS-CJO";49648;45011;4630567;4287819
"2006";"07";"Collectif";"Brute";25575;15529;1719465;1012986
"2006";"07";"Collectif";"CVS-CJO";22972;16286;1544459;1062366
"2006";"07";"Individuel groupe";"Brute";6406;4026;606115;382864
"2006";"07";"Individuel groupe";"CVS-CJO";6137;4223;580663;401598
"2006";"07";"Individuel pur";"Brute";19153;16859;2450028;2166521
"2006";"07";"Individuel pur";"CVS-CJO";18047;16656;2308550;2140434
"2006";"07";"Residence";"Brute";3028;2459;150300;109300
"2006";"07";"Residence";"CVS-CJO";2543;1709;126226;75963
"2006";"07";"Tous Logements";"Brute";54162;38873;4925908;3671671
"2006";"07";"Tous Logements";"CVS-CJO";49699;38874;4520008;3671766
"2006";"06";"Collectif";"Brute";26187;22470;1741441;1477289
"2006";"06";"Collectif";"CVS-CJO";25018;18770;1663702;1234033
"2006";"06";"Individuel groupe";"Brute";6814;6136;626322;567416
"2006";"06";"Individuel groupe";"CVS-CJO";6276;5285;576871;488721
"2006";"06";"Individuel pur";"Brute";20593;19003;2649604;2452331
"2006";"06";"Individuel pur";"CVS-CJO";18428;17493;2371044;2257466
"2006";"06";"Residence";"Brute";2814;1681;143500;74700
"2006";"06";"Residence";"CVS-CJO";2879;1455;146815;64657
"2006";"06";"Tous Logements";"Brute";56408;49290;5160867;4571736
"2006";"06";"Tous Logements";"CVS-CJO";52601;43003;4812558;3988606
"2006";"05";"Collectif";"Brute";19886;18568;1318913;1253151
"2006";"05";"Collectif";"CVS-CJO";21992;18340;1458591;1237763
"2006";"05";"Individuel groupe";"Brute";6241;5306;588029;499656
"2006";"05";"Individuel groupe";"CVS-CJO";6614;5595;623173;526871
"2006";"05";"Individuel pur";"Brute";18666;17698;2402523;2292813
"2006";"05";"Individuel pur";"CVS-CJO";18268;17230;2351296;2232183
"2006";"05";"Residence";"Brute";3219;2461;148200;106400
"2006";"05";"Residence";"CVS-CJO";3008;2275;138486;98358
"2006";"05";"Tous Logements";"Brute";48012;44033;4457665;4152020
"2006";"05";"Tous Logements";"CVS-CJO";49882;43440;4631285;4096104
"2006";"04";"Collectif";"Brute";21559;18628;1464055;1224342
"2006";"04";"Collectif";"CVS-CJO";24379;18114;1655559;1190559
"2006";"04";"Individuel groupe";"Brute";6185;5132;564050;490857
"2006";"04";"Individuel groupe";"CVS-CJO";6585;5150;600529;492579
"2006";"04";"Individuel pur";"Brute";16607;17706;2155334;2288605
"2006";"04";"Individuel pur";"CVS-CJO";18408;17323;2389076;2239100
"2006";"04";"Residence";"Brute";2817;1657;116400;59100
"2006";"04";"Residence";"CVS-CJO";3025;1836;124995;65484
"2006";"04";"Tous Logements";"Brute";47168;43123;4299839;4062904
"2006";"04";"Tous Logements";"CVS-CJO";52397;42423;4776515;3996952
"2006";"03";"Collectif";"Brute";25727;18874;1706395;1276713
"2006";"03";"Collectif";"CVS-CJO";24910;18236;1652206;1233556
"2006";"03";"Individuel groupe";"Brute";5711;4905;542673;464678
"2006";"03";"Individuel groupe";"CVS-CJO";5579;4557;530130;431710
"2006";"03";"Individuel pur";"Brute";19834;18973;2551661;2430892
"2006";"03";"Individuel pur";"CVS-CJO";18688;16916;2404227;2167341
"2006";"03";"Residence";"Brute";1626;1579;81100;75900
"2006";"03";"Residence";"CVS-CJO";1495;1448;74566;69603
"2006";"03";"Tous Logements";"Brute";52898;44331;4881829;4248183
"2006";"03";"Tous Logements";"CVS-CJO";50672;41157;4676397;3944023
"2006";"02";"Collectif";"Brute";20651;15309;1395208;1031908
"2006";"02";"Collectif";"CVS-CJO";23513;16986;1588568;1144947
"2006";"02";"Individuel groupe";"Brute";5580;4622;533330;444534
"2006";"02";"Individuel groupe";"CVS-CJO";5965;4723;570128;454248
"2006";"02";"Individuel pur";"Brute";17541;15842;2254905;2008847
"2006";"02";"Individuel pur";"CVS-CJO";18122;16534;2329593;2096596
"2006";"02";"Residence";"Brute";2383;1984;132500;78100
"2006";"02";"Residence";"CVS-CJO";2721;2172;151294;85501
"2006";"02";"Tous Logements";"Brute";46155;37757;4315943;3563389
"2006";"02";"Tous Logements";"CVS-CJO";50321;40415;4705505;3814243
"2006";"01";"Collectif";"Brute";20270;17172;1366035;1135570
"2006";"01";"Collectif";"CVS-CJO";22288;16884;1502032;1116525
"2006";"01";"Individuel groupe";"Brute";5590;4645;522292;443285
"2006";"01";"Individuel groupe";"CVS-CJO";6100;4201;569943;400913
"2006";"01";"Individuel pur";"Brute";18537;17154;2382399;2185104
"2006";"01";"Individuel pur";"CVS-CJO";18403;16950;2365177;2159118
"2006";"01";"Residence";"Brute";2256;1584;107900;76000
"2006";"01";"Residence";"CVS-CJO";2505;1749;119809;83917
"2006";"01";"Tous Logements";"Brute";46653;40555;4378626;3839959
"2006";"01";"Tous Logements";"CVS-CJO";49296;39784;4626685;3766957
"2005";"12";"Collectif";"Brute";30362;19500;1998251;1320129
"2005";"12";"Collectif";"CVS-CJO";26358;17929;1734731;1213774
"2005";"12";"Individuel groupe";"Brute";6493;4782;598535;448087
"2005";"12";"Individuel groupe";"CVS-CJO";6094;4639;561754;434688
"2005";"12";"Individuel pur";"Brute";17146;14456;2198609;1825467
"2005";"12";"Individuel pur";"CVS-CJO";17982;17562;2305808;2217685
"2005";"12";"Residence";"Brute";2439;1495;105800;70700
"2005";"12";"Residence";"CVS-CJO";2125;1617;92179;76470
"2005";"12";"Tous Logements";"Brute";56440;40233;4901195;3664383
"2005";"12";"Tous Logements";"CVS-CJO";52559;41747;4564173;3802277
"2005";"11";"Collectif";"Brute";20380;15451;1382007;1063915
"2005";"11";"Collectif";"CVS-CJO";21368;14678;1449005;1010688
"2005";"11";"Individuel groupe";"Brute";5452;4957;520597;462934
"2005";"11";"Individuel groupe";"CVS-CJO";5782;4863;552108;454155
"2005";"11";"Individuel pur";"Brute";17152;16322;2178533;2087347
"2005";"11";"Individuel pur";"CVS-CJO";19154;16897;2432814;2160881
"2005";"11";"Residence";"Brute";2093;1500;104000;68200
"2005";"11";"Residence";"CVS-CJO";2151;1684;106882;76566
"2005";"11";"Tous Logements";"Brute";45077;38230;4185137;3682396
"2005";"11";"Tous Logements";"CVS-CJO";48455;38122;4498765;3671993
"2005";"10";"Collectif";"Brute";23183;16585;1555718;1133059
"2005";"10";"Collectif";"CVS-CJO";19430;15303;1303869;1045475
"2005";"10";"Individuel groupe";"Brute";7018;5102;678549;486664
"2005";"10";"Individuel groupe";"CVS-CJO";6132;4713;592884;449558
"2005";"10";"Individuel pur";"Brute";16399;18453;2099759;2369086
"2005";"10";"Individuel pur";"CVS-CJO";17418;16064;2230234;2062374
"2005";"10";"Residence";"Brute";2434;2363;118000;90900
"2005";"10";"Residence";"CVS-CJO";2066;1926;100159;74090
"2005";"10";"Tous Logements";"Brute";49034;42503;4452026;4079709
"2005";"10";"Tous Logements";"CVS-CJO";45046;38006;4089937;3648058
"2005";"09";"Collectif";"Brute";21972;19167;1479293;1300437
"2005";"09";"Collectif";"CVS-CJO";21116;17677;1421662;1199344
"2005";"09";"Individuel groupe";"Brute";6305;5766;582850;540118
"2005";"09";"Individuel groupe";"CVS-CJO";5789;4919;535150;460777
"2005";"09";"Individuel pur";"Brute";19396;20120;2489244;2581362
"2005";"09";"Individuel pur";"CVS-CJO";17857;16503;2291732;2117307
"2005";"09";"Residence";"Brute";2176;1559;109400;71300
"2005";"09";"Residence";"CVS-CJO";2357;1511;118500;69105
"2005";"09";"Tous Logements";"Brute";49849;46612;4660787;4493217
"2005";"09";"Tous Logements";"CVS-CJO";47119;40610;4405537;3914647
"2005";"08";"Collectif";"Brute";17136;8530;1144562;543962
"2005";"08";"Collectif";"CVS-CJO";20844;16505;1392230;1052531
"2005";"08";"Individuel groupe";"Brute";4732;2291;455054;209654
"2005";"08";"Individuel groupe";"CVS-CJO";5453;4909;524389;449232
"2005";"08";"Individuel pur";"Brute";16676;9520;2156063;1213943
"2005";"08";"Individuel pur";"CVS-CJO";17457;16730;2257040;2133326
"2005";"08";"Residence";"Brute";1802;1005;85500;47400
"2005";"08";"Residence";"CVS-CJO";2212;1839;104953;86735
"2005";"08";"Tous Logements";"Brute";40346;21346;3841179;2014959
"2005";"08";"Tous Logements";"CVS-CJO";45966;39983;4376236;3774202
"2005";"07";"Collectif";"Brute";21888;13756;1465195;915050
"2005";"07";"Collectif";"CVS-CJO";19439;14233;1301258;946780
"2005";"07";"Individuel groupe";"Brute";6047;4288;569387;403826
"2005";"07";"Individuel groupe";"CVS-CJO";6022;4658;567033;438671
"2005";"07";"Individuel pur";"Brute";18924;16240;2396276;2071389
"2005";"07";"Individuel pur";"CVS-CJO";17959;16370;2274082;2087970
"2005";"07";"Residence";"Brute";3305;2822;155000;134500
"2005";"07";"Residence";"CVS-CJO";2798;2204;131222;105045
"2005";"07";"Tous Logements";"Brute";50164;37106;4585858;3524765
"2005";"07";"Tous Logements";"CVS-CJO";46218;37465;4225125;3558867
"2005";"06";"Collectif";"Brute";24043;18101;1600146;1243334
"2005";"06";"Collectif";"CVS-CJO";23296;15069;1550430;1035070
"2005";"06";"Individuel groupe";"Brute";6683;5264;640794;497520
"2005";"06";"Individuel groupe";"CVS-CJO";6074;4571;582400;432022
"2005";"06";"Individuel pur";"Brute";20590;18173;2631800;2337330
"2005";"06";"Individuel pur";"CVS-CJO";17927;16184;2291417;2081514
"2005";"06";"Residence";"Brute";1811;2237;85500;101000
"2005";"06";"Residence";"CVS-CJO";1946;2036;91874;91925
"2005";"06";"Tous Logements";"Brute";53127;43775;4958240;4179184
"2005";"06";"Tous Logements";"CVS-CJO";49243;37860;4595754;3614481
"2005";"05";"Collectif";"Brute";16018;19055;1074786;1246968
"2005";"05";"Collectif";"CVS-CJO";17591;18673;1180332;1221970
"2005";"05";"Individuel groupe";"Brute";5159;4357;498395;405248
"2005";"05";"Individuel groupe";"CVS-CJO";5434;4503;524962;418828
"2005";"05";"Individuel pur";"Brute";18054;17550;2296527;2251023
"2005";"05";"Individuel pur";"CVS-CJO";17344;16727;2206213;2145462
"2005";"05";"Residence";"Brute";1620;1252;89600;46400
"2005";"05";"Residence";"CVS-CJO";1472;1101;81414;40804
"2005";"05";"Tous Logements";"Brute";40851;42214;3959308;3949639
"2005";"05";"Tous Logements";"CVS-CJO";41841;41004;4055260;3836429
"2005";"04";"Collectif";"Brute";17703;14829;1212272;1001823
"2005";"04";"Collectif";"CVS-CJO";19340;14152;1324371;956086
"2005";"04";"Individuel groupe";"Brute";5089;4746;480322;441733
"2005";"04";"Individuel groupe";"CVS-CJO";5254;4670;495895;434659
"2005";"04";"Individuel pur";"Brute";16990;17670;2179970;2262910
"2005";"04";"Individuel pur";"CVS-CJO";17818;16324;2286210;2090534
"2005";"04";"Residence";"Brute";2106;1363;100300;71300
"2005";"04";"Residence";"CVS-CJO";2410;1507;114778;78833
"2005";"04";"Tous Logements";"Brute";41888;38608;3972864;3777766
"2005";"04";"Tous Logements";"CVS-CJO";44822;36653;4251139;3586471
"2005";"03";"Collectif";"Brute";18586;16120;1229566;1093237
"2005";"03";"Collectif";"CVS-CJO";18681;15194;1235851;1030437
"2005";"03";"Individuel groupe";"Brute";5153;5225;490668;490001
"2005";"03";"Individuel groupe";"CVS-CJO";5112;4601;486764;431482
"2005";"03";"Individuel pur";"Brute";17851;17496;2286312;2245375
"2005";"03";"Individuel pur";"CVS-CJO";17065;15871;2185643;2036828
"2005";"03";"Residence";"Brute";2088;1844;115700;82400
"2005";"03";"Residence";"CVS-CJO";1942;1794;107610;80166
"2005";"03";"Tous Logements";"Brute";43678;40685;4122246;3911013
"2005";"03";"Tous Logements";"CVS-CJO";42800;37460;4039382;3600997
"2005";"02";"Collectif";"Brute";15862;14034;1063991;946015
"2005";"02";"Collectif";"CVS-CJO";17976;15076;1205794;1016255
"2005";"02";"Individuel groupe";"Brute";5176;4337;476618;391318
"2005";"02";"Individuel groupe";"CVS-CJO";5526;4444;508847;400972
"2005";"02";"Individuel pur";"Brute";17052;14656;2170156;1849462
"2005";"02";"Individuel pur";"CVS-CJO";17493;15171;2226281;1914451
"2005";"02";"Residence";"Brute";1137;1100;56300;42200
"2005";"02";"Residence";"CVS-CJO";1345;1264;66599;48492
"2005";"02";"Tous Logements";"Brute";39227;34127;3767065;3228995
"2005";"02";"Tous Logements";"CVS-CJO";42340;35955;4066014;3401955
"2005";"01";"Collectif";"Brute";17518;16415;1189636;1078779
"2005";"01";"Collectif";"CVS-CJO";19366;15763;1315132;1035930
"2005";"01";"Individuel groupe";"Brute";5117;4926;475951;458003
"2005";"01";"Individuel groupe";"CVS-CJO";5883;4618;547200;429366
"2005";"01";"Individuel pur";"Brute";17354;16537;2205021;2089396
"2005";"01";"Individuel pur";"CVS-CJO";17899;16773;2274269;2119214
"2005";"01";"Residence";"Brute";2053;1591;96600;60000
"2005";"01";"Residence";"CVS-CJO";2257;1689;106199;63696
"2005";"01";"Tous Logements";"Brute";42042;39469;3967208;3686178
"2005";"01";"Tous Logements";"CVS-CJO";45405;38843;4284551;3627713
"2004";"12";"Collectif";"Brute";23054;14850;1566207;983988
"2004";"12";"Collectif";"CVS-CJO";19738;14193;1340930;940454
"2004";"12";"Individuel groupe";"Brute";5647;3836;533068;365517
"2004";"12";"Individuel groupe";"CVS-CJO";5033;3843;475107;366184
"2004";"12";"Individuel pur";"Brute";16618;13550;2100743;1720737
"2004";"12";"Individuel pur";"CVS-CJO";16727;16056;2114522;2038978
"2004";"12";"Residence";"Brute";2502;1459;118200;66100
"2004";"12";"Residence";"CVS-CJO";2210;1626;104405;73666
"2004";"12";"Tous Logements";"Brute";47821;33695;4318218;3136342
"2004";"12";"Tous Logements";"CVS-CJO";43708;35718;3946816;3324644
"2004";"11";"Collectif";"Brute";18503;16784;1282341;1146480
"2004";"11";"Collectif";"CVS-CJO";18780;16295;1301538;1113077
"2004";"11";"Individuel groupe";"Brute";5244;4645;482942;435246
"2004";"11";"Individuel groupe";"CVS-CJO";5492;4447;505781;416693
"2004";"11";"Individuel pur";"Brute";15479;15467;1953783;1976076
"2004";"11";"Individuel pur";"CVS-CJO";17023;16146;2148669;2062826
"2004";"11";"Residence";"Brute";2866;1008;115700;46600
"2004";"11";"Residence";"CVS-CJO";2886;1104;116507;51038
"2004";"11";"Tous Logements";"Brute";42092;37904;3834766;3604402
"2004";"11";"Tous Logements";"CVS-CJO";44181;37992;4025083;3612770
"2004";"10";"Collectif";"Brute";22551;13976;1511850;944974
"2004";"10";"Collectif";"CVS-CJO";18361;12969;1230947;876887
"2004";"10";"Individuel groupe";"Brute";5732;4387;535779;420190
"2004";"10";"Individuel groupe";"CVS-CJO";4997;4072;467077;390019
"2004";"10";"Individuel pur";"Brute";16788;17868;2147423;2283760
"2004";"10";"Individuel pur";"CVS-CJO";17653;15825;2258069;2022638
"2004";"10";"Residence";"Brute";3132;1990;172100;90600
"2004";"10";"Residence";"CVS-CJO";2612;1549;143527;70522
"2004";"10";"Tous Logements";"Brute";48203;38221;4367152;3739524
"2004";"10";"Tous Logements";"CVS-CJO";43623;34415;3952208;3367147
"2004";"09";"Collectif";"Brute";19898;14440;1360858;1007306
"2004";"09";"Collectif";"CVS-CJO";18959;13528;1296638;943687
"2004";"09";"Individuel groupe";"Brute";5948;5075;538807;490407
"2004";"09";"Individuel groupe";"CVS-CJO";5386;4352;487898;420542
"2004";"09";"Individuel pur";"Brute";17919;19363;2308543;2473376
"2004";"09";"Individuel pur";"CVS-CJO";16736;16020;2156135;2046350
"2004";"09";"Residence";"Brute";1759;1215;80900;58800
"2004";"09";"Residence";"CVS-CJO";1877;1153;86327;55800
"2004";"09";"Tous Logements";"Brute";45524;40093;4289108;4029889
"2004";"09";"Tous Logements";"CVS-CJO";42958;35053;4047349;3523301
"2004";"08";"Collectif";"Brute";14720;6922;1022694;475804
"2004";"08";"Collectif";"CVS-CJO";17684;13551;1228622;931468
"2004";"08";"Individuel groupe";"Brute";4887;2011;466225;186571
"2004";"08";"Individuel groupe";"CVS-CJO";5568;4268;531193;395965
"2004";"08";"Individuel pur";"Brute";16123;8752;2058555;1124632
"2004";"08";"Individuel pur";"CVS-CJO";16990;15446;2169252;1984811
"2004";"08";"Residence";"Brute";1885;669;80800;35600
"2004";"08";"Residence";"CVS-CJO";2252;1415;96531;75298
"2004";"08";"Tous Logements";"Brute";37615;18354;3628274;1822607
"2004";"08";"Tous Logements";"CVS-CJO";42494;34680;4098893;3443828
"2004";"07";"Collectif";"Brute";20731;13870;1386007;931002
"2004";"07";"Collectif";"CVS-CJO";17953;13968;1200279;937580
"2004";"07";"Individuel groupe";"Brute";5580;4199;517987;394137
"2004";"07";"Individuel groupe";"CVS-CJO";5015;4318;465538;405307
"2004";"07";"Individuel pur";"Brute";17910;15890;2275783;2017693
"2004";"07";"Individuel pur";"CVS-CJO";16436;15480;2088485;1965632
"2004";"07";"Residence";"Brute";1695;1789;79200;75800
"2004";"07";"Residence";"CVS-CJO";1463;1187;68360;50293
"2004";"07";"Tous Logements";"Brute";45916;35748;4258977;3418632
"2004";"07";"Tous Logements";"CVS-CJO";40867;34953;3790653;3342605
"2004";"06";"Collectif";"Brute";18147;16116;1236253;1114941
"2004";"06";"Collectif";"CVS-CJO";17517;13686;1193335;946828
"2004";"06";"Individuel groupe";"Brute";5642;4751;535912;457961
"2004";"06";"Individuel groupe";"CVS-CJO";5249;4112;498582;396366
"2004";"06";"Individuel pur";"Brute";19548;17821;2490855;2272483
"2004";"06";"Individuel pur";"CVS-CJO";16885;15802;2151529;2015026
"2004";"06";"Residence";"Brute";2293;1398;95200;65100
"2004";"06";"Residence";"CVS-CJO";2396;1249;99476;58162
"2004";"06";"Tous Logements";"Brute";45630;40086;4358220;3910485
"2004";"06";"Tous Logements";"CVS-CJO";42047;34849;4016000;3399603
"2004";"05";"Collectif";"Brute";14707;12630;960337;837630
"2004";"05";"Collectif";"CVS-CJO";16831;12119;1099030;803740
"2004";"05";"Individuel groupe";"Brute";4722;3719;448512;352903
"2004";"05";"Individuel groupe";"CVS-CJO";5212;4071;495054;386305
"2004";"05";"Individuel pur";"Brute";16761;15339;2134636;1969350
"2004";"05";"Individuel pur";"CVS-CJO";16778;15303;2136801;1964728
"2004";"05";"Residence";"Brute";1881;1198;88600;66400
"2004";"05";"Residence";"CVS-CJO";1681;1119;79180;62021
"2004";"05";"Tous Logements";"Brute";38071;32886;3632085;3226283
"2004";"05";"Tous Logements";"CVS-CJO";40502;32612;3864010;3199402
"2004";"04";"Collectif";"Brute";16338;13347;1087070;911033
"2004";"04";"Collectif";"CVS-CJO";17380;12820;1156401;875061
"2004";"04";"Individuel groupe";"Brute";4287;4350;394664;406539
"2004";"04";"Individuel groupe";"CVS-CJO";4256;4216;391810;394016
"2004";"04";"Individuel pur";"Brute";16308;17220;2078551;2197186
"2004";"04";"Individuel pur";"CVS-CJO";16968;15896;2162672;2028250
"2004";"04";"Residence";"Brute";1465;1211;62200;50200
"2004";"04";"Residence";"CVS-CJO";1690;1346;71753;55796
"2004";"04";"Tous Logements";"Brute";38398;36128;3622485;3564958
"2004";"04";"Tous Logements";"CVS-CJO";40294;34278;3801354;3382408
"2004";"03";"Collectif";"Brute";14743;12539;985507;868896
"2004";"03";"Collectif";"CVS-CJO";15047;12096;1005828;838198
"2004";"03";"Individuel groupe";"Brute";4907;4313;462020;418957
"2004";"03";"Individuel groupe";"CVS-CJO";4991;3719;469929;361257
"2004";"03";"Individuel pur";"Brute";18072;18204;2323675;2324938
"2004";"03";"Individuel pur";"CVS-CJO";16792;15879;2159094;2027999
"2004";"03";"Residence";"Brute";1167;984;64300;42500
"2004";"03";"Residence";"CVS-CJO";1008;1070;55539;46214
"2004";"03";"Tous Logements";"Brute";38889;36040;3835502;3655291
"2004";"03";"Tous Logements";"CVS-CJO";37838;32764;3731845;3323029
"2004";"02";"Collectif";"Brute";14400;11853;962482;816875
"2004";"02";"Collectif";"CVS-CJO";15972;12597;1067553;868149
"2004";"02";"Individuel groupe";"Brute";4203;3751;388964;354930
"2004";"02";"Individuel groupe";"CVS-CJO";4545;3945;420614;373287
"2004";"02";"Individuel pur";"Brute";16405;15983;2083459;2032706
"2004";"02";"Individuel pur";"CVS-CJO";17077;16445;2168804;2091463
"2004";"02";"Residence";"Brute";2001;795;95800;30600
"2004";"02";"Residence";"CVS-CJO";2123;945;101641;36374
"2004";"02";"Tous Logements";"Brute";37009;32382;3530705;3235111
"2004";"02";"Tous Logements";"CVS-CJO";39717;33932;3789052;3389963
"2004";"01";"Collectif";"Brute";13108;11879;904521;809732
"2004";"01";"Collectif";"CVS-CJO";14554;11197;1004303;763244
"2004";"01";"Individuel groupe";"Brute";4106;4073;394816;388685
"2004";"01";"Individuel groupe";"CVS-CJO";4881;3791;469337;361774
"2004";"01";"Individuel pur";"Brute";16671;15155;2116494;1921883
"2004";"01";"Individuel pur";"CVS-CJO";17329;15508;2200032;1966649
"2004";"01";"Residence";"Brute";1321;1802;61400;69400
"2004";"01";"Residence";"CVS-CJO";1598;1849;74275;71210
"2004";"01";"Tous Logements";"Brute";35206;32909;3477231;3189700
"2004";"01";"Tous Logements";"CVS-CJO";38362;32345;3788943;3135034
"2003";"12";"Collectif";"Brute";16305;12481;1109174;849597
"2003";"12";"Collectif";"CVS-CJO";14492;12046;985842;819986
"2003";"12";"Individuel groupe";"Brute";4656;3987;441101;375920
"2003";"12";"Individuel groupe";"CVS-CJO";4531;4069;429259;383652
"2003";"12";"Individuel pur";"Brute";16453;13054;2072651;1645819
"2003";"12";"Individuel pur";"CVS-CJO";16900;15750;2128961;1985725
"2003";"12";"Residence";"Brute";1641;645;64000;35300
"2003";"12";"Residence";"CVS-CJO";1354;707;52807;38693
"2003";"12";"Tous Logements";"Brute";39055;30167;3686926;2906636
"2003";"12";"Tous Logements";"CVS-CJO";37277;32572;3519077;3138361
"2003";"11";"Collectif";"Brute";14045;11616;983680;810553
"2003";"11";"Collectif";"CVS-CJO";14448;11275;1011905;786758
"2003";"11";"Individuel groupe";"Brute";4294;3087;399011;296309
"2003";"11";"Individuel groupe";"CVS-CJO";4457;3191;414157;306292
"2003";"11";"Individuel pur";"Brute";14910;13898;1882535;1763393
"2003";"11";"Individuel pur";"CVS-CJO";17174;15051;2168387;1909687
"2003";"11";"Residence";"Brute";911;1412;41700;61100
"2003";"11";"Residence";"CVS-CJO";1017;1391;46552;60191
"2003";"11";"Tous Logements";"Brute";34160;30013;3306926;2931355
"2003";"11";"Tous Logements";"CVS-CJO";37096;30908;3591151;3018769
"2003";"10";"Collectif";"Brute";16425;11825;1133320;825208
"2003";"10";"Collectif";"CVS-CJO";13361;10957;921905;764635
"2003";"10";"Individuel groupe";"Brute";5396;4222;516124;404695
"2003";"10";"Individuel groupe";"CVS-CJO";4265;3858;407945;369804
"2003";"10";"Individuel pur";"Brute";17003;17595;2165755;2233822
"2003";"10";"Individuel pur";"CVS-CJO";16604;14930;2114932;1895480
"2003";"10";"Residence";"Brute";1581;1475;81900;64400
"2003";"10";"Residence";"CVS-CJO";1219;1094;63147;47765
"2003";"10";"Tous Logements";"Brute";40405;35117;3897099;3528125
"2003";"10";"Tous Logements";"CVS-CJO";35449;30839;3419088;3098324
"2003";"09";"Collectif";"Brute";15223;12830;1046248;853359
"2003";"09";"Collectif";"CVS-CJO";14133;12234;971334;813717
"2003";"09";"Individuel groupe";"Brute";5067;4301;455971;402265
"2003";"09";"Individuel groupe";"CVS-CJO";4614;3506;415206;327910
"2003";"09";"Individuel pur";"Brute";17903;18206;2277072;2327109
"2003";"09";"Individuel pur";"CVS-CJO";16649;14970;2117576;1913480
"2003";"09";"Residence";"Brute";1629;1247;72800;52800
"2003";"09";"Residence";"CVS-CJO";1640;1185;73292;50175
"2003";"09";"Tous Logements";"Brute";39822;36584;3852091;3635533
"2003";"09";"Tous Logements";"CVS-CJO";37036;31895;3582594;3169564
"2003";"08";"Collectif";"Brute";10734;5140;732439;347965
"2003";"08";"Collectif";"CVS-CJO";13206;10025;901117;678667
"2003";"08";"Individuel groupe";"Brute";3263;1459;292149;136137
"2003";"08";"Individuel groupe";"CVS-CJO";3997;3199;357867;298494
"2003";"08";"Individuel pur";"Brute";14144;7463;1807463;951704
"2003";"08";"Individuel pur";"CVS-CJO";16200;13766;2070199;1755481
"2003";"08";"Residence";"Brute";1278;391;60400;24300
"2003";"08";"Residence";"CVS-CJO";1528;1015;72215;63081
"2003";"08";"Tous Logements";"Brute";29419;14453;2892451;1460106
"2003";"08";"Tous Logements";"CVS-CJO";34931;28005;3434386;2829189
"2003";"07";"Collectif";"Brute";16211;12626;1081568;866015
"2003";"07";"Collectif";"CVS-CJO";13821;12667;922112;868827
"2003";"07";"Individuel groupe";"Brute";5187;3210;496576;306969
"2003";"07";"Individuel groupe";"CVS-CJO";4413;3301;422477;315671
"2003";"07";"Individuel pur";"Brute";18736;15640;2373836;1989496
"2003";"07";"Individuel pur";"CVS-CJO";16572;15015;2099659;1909992
"2003";"07";"Residence";"Brute";1813;1068;75000;53100
"2003";"07";"Residence";"CVS-CJO";1658;565;68588;28091
"2003";"07";"Tous Logements";"Brute";41947;32544;4026980;3215580
"2003";"07";"Tous Logements";"CVS-CJO";36464;31548;3500603;3117168
"2003";"06";"Collectif";"Brute";11933;13724;831818;931039
"2003";"06";"Collectif";"CVS-CJO";11874;11895;827705;806959
"2003";"06";"Individuel groupe";"Brute";3905;4132;378620;389935
"2003";"06";"Individuel groupe";"CVS-CJO";3863;3762;374548;355018
"2003";"06";"Individuel pur";"Brute";17322;15858;2206055;2038725
"2003";"06";"Individuel pur";"CVS-CJO";15978;14693;2034889;1888951
"2003";"06";"Residence";"Brute";851;567;48200;27900
"2003";"06";"Residence";"CVS-CJO";917;415;51938;20421
"2003";"06";"Tous Logements";"Brute";34011;34281;3464693;3387599
"2003";"06";"Tous Logements";"CVS-CJO";32632;30765;3324215;3040153
"2003";"05";"Collectif";"Brute";11587;11176;774648;785865
"2003";"05";"Collectif";"CVS-CJO";13081;10632;874529;747612
"2003";"05";"Individuel groupe";"Brute";3093;2861;306065;275340
"2003";"05";"Individuel groupe";"CVS-CJO";3762;3234;372265;311237
"2003";"05";"Individuel pur";"Brute";14967;13905;1909114;1773496
"2003";"05";"Individuel pur";"CVS-CJO";15250;14016;1945212;1787653
"2003";"05";"Residence";"Brute";1767;1395;62200;61400
"2003";"05";"Residence";"CVS-CJO";1572;1396;55336;61444
"2003";"05";"Tous Logements";"Brute";31414;29337;3052027;2896101
"2003";"05";"Tous Logements";"CVS-CJO";33665;29278;3270723;2890277
"2003";"04";"Collectif";"Brute";12060;11161;824816;793839
"2003";"04";"Collectif";"CVS-CJO";12663;10672;866057;759058
"2003";"04";"Individuel groupe";"Brute";3938;3191;369042;296914
"2003";"04";"Individuel groupe";"CVS-CJO";4042;3105;378788;288912
"2003";"04";"Individuel pur";"Brute";15288;15733;1957841;2024253
"2003";"04";"Individuel pur";"CVS-CJO";15858;14519;2030837;1868056
"2003";"04";"Residence";"Brute";822;616;47600;35500
"2003";"04";"Residence";"CVS-CJO";917;705;53101;40629
"2003";"04";"Tous Logements";"Brute";32108;30701;3199299;3150506
"2003";"04";"Tous Logements";"CVS-CJO";33480;29001;3336008;2976054
"2003";"03";"Collectif";"Brute";11279;12163;767490;851084
"2003";"03";"Collectif";"CVS-CJO";12223;11779;831725;824214
"2003";"03";"Individuel groupe";"Brute";3362;3950;311888;379083
"2003";"03";"Individuel groupe";"CVS-CJO";3684;3456;341760;331674
"2003";"03";"Individuel pur";"Brute";15062;16936;1931669;2170480
"2003";"03";"Individuel pur";"CVS-CJO";15063;15428;1931797;1977218
"2003";"03";"Residence";"Brute";1864;523;78600;28600
"2003";"03";"Residence";"CVS-CJO";1723;662;72654;36201
"2003";"03";"Tous Logements";"Brute";31567;33572;3089647;3429247
"2003";"03";"Tous Logements";"CVS-CJO";32693;31325;3199855;3199725
"2003";"02";"Collectif";"Brute";11432;10001;790203;696114
"2003";"02";"Collectif";"CVS-CJO";12913;10350;892573;720406
"2003";"02";"Individuel groupe";"Brute";3794;3331;362012;321339
"2003";"02";"Individuel groupe";"CVS-CJO";4069;3372;388252;325294
"2003";"02";"Individuel pur";"Brute";14573;14366;1860259;1820181
"2003";"02";"Individuel pur";"CVS-CJO";14965;14642;1910298;1855150
"2003";"02";"Residence";"Brute";775;492;51500;28000
"2003";"02";"Residence";"CVS-CJO";895;581;59474;33065
"2003";"02";"Tous Logements";"Brute";30574;28190;3063974;2865634
"2003";"02";"Tous Logements";"CVS-CJO";32842;28945;3291262;2942383
"2003";"01";"Collectif";"Brute";9834;10716;691378;768661
"2003";"01";"Collectif";"CVS-CJO";10969;9898;771174;709986
"2003";"01";"Individuel groupe";"Brute";3241;3647;305469;337471
"2003";"01";"Individuel groupe";"CVS-CJO";3592;3261;338551;301753
"2003";"01";"Individuel pur";"Brute";15286;13998;1946178;1761383
"2003";"01";"Individuel pur";"CVS-CJO";15344;13883;1953562;1746912
"2003";"01";"Residence";"Brute";1027;590;47700;34300
"2003";"01";"Residence";"CVS-CJO";1362;664;63259;38602
"2003";"01";"Tous Logements";"Brute";29388;28951;2990725;2901815
"2003";"01";"Tous Logements";"CVS-CJO";31267;27706;3181945;2777026
"2002";"12";"Collectif";"Brute";13206;11319;928812;779508
"2002";"12";"Collectif";"CVS-CJO";11838;11265;832597;775789
"2002";"12";"Individuel groupe";"Brute";4023;3270;375880;296859
"2002";"12";"Individuel groupe";"CVS-CJO";3844;3197;359156;290232
"2002";"12";"Individuel pur";"Brute";14599;11726;1852156;1471518
"2002";"12";"Individuel pur";"CVS-CJO";15215;14329;1930307;1798173
"2002";"12";"Residence";"Brute";1148;1372;63100;69400
"2002";"12";"Residence";"CVS-CJO";956;1470;52547;74357
"2002";"12";"Tous Logements";"Brute";32976;27687;3219948;2617285
"2002";"12";"Tous Logements";"CVS-CJO";31853;30261;3110292;2860608
"2002";"11";"Collectif";"Brute";12192;9803;813856;685286
"2002";"11";"Collectif";"CVS-CJO";12240;9995;817060;698708
"2002";"11";"Individuel groupe";"Brute";3870;3180;368680;301831
"2002";"11";"Individuel groupe";"CVS-CJO";3959;3245;377159;308000
"2002";"11";"Individuel pur";"Brute";13414;12791;1697670;1623674
"2002";"11";"Individuel pur";"CVS-CJO";15515;14033;1963572;1781332
"2002";"11";"Residence";"Brute";1338;868;59900;43400
"2002";"11";"Residence";"CVS-CJO";1455;825;65138;41250
"2002";"11";"Tous Logements";"Brute";30814;26642;2940106;2654191
"2002";"11";"Tous Logements";"CVS-CJO";33169;28098;3164807;2799244
"2002";"10";"Collectif";"Brute";15097;11332;1048798;777587
"2002";"10";"Collectif";"CVS-CJO";12363;10411;858865;714389
"2002";"10";"Individuel groupe";"Brute";5188;3816;508764;369224
"2002";"10";"Individuel groupe";"CVS-CJO";3990;3331;391282;322297
"2002";"10";"Individuel pur";"Brute";16107;17246;2054755;2190339
"2002";"10";"Individuel pur";"CVS-CJO";15520;14510;1979872;1842852
"2002";"10";"Residence";"Brute";1481;717;65900;37800
"2002";"10";"Residence";"CVS-CJO";1135;362;50504;19084
"2002";"10";"Tous Logements";"Brute";37873;33111;3678217;3374950
"2002";"10";"Tous Logements";"CVS-CJO";33008;28614;3205729;2916578
"2002";"09";"Collectif";"Brute";13378;9625;918070;658060
"2002";"09";"Collectif";"CVS-CJO";12512;9158;858640;626131
"2002";"09";"Individuel groupe";"Brute";4170;3410;390877;318704
"2002";"09";"Individuel groupe";"CVS-CJO";3958;2871;371005;268328
"2002";"09";"Individuel pur";"Brute";16088;16952;2051810;2174837
"2002";"09";"Individuel pur";"CVS-CJO";15591;14422;1988424;1850254
"2002";"09";"Residence";"Brute";1083;1239;50900;52800
"2002";"09";"Residence";"CVS-CJO";1018;1176;47845;50115
"2002";"09";"Tous Logements";"Brute";34719;31226;3411657;3204401
"2002";"09";"Tous Logements";"CVS-CJO";33079;27627;3250503;2835073
"2002";"08";"Collectif";"Brute";7743;5055;531771;375126
"2002";"08";"Collectif";"CVS-CJO";9141;10067;627782;747061
"2002";"08";"Individuel groupe";"Brute";3092;1414;301635;132376
"2002";"08";"Individuel groupe";"CVS-CJO";3713;3101;362216;290310
"2002";"08";"Individuel pur";"Brute";13664;7949;1738326;1003846
"2002";"08";"Individuel pur";"CVS-CJO";15317;14485;1948620;1829250
"2002";"08";"Residence";"Brute";685;469;38600;21900
"2002";"08";"Residence";"CVS-CJO";884;1035;49814;48329
"2002";"08";"Tous Logements";"Brute";25184;14887;2610332;1533248
"2002";"08";"Tous Logements";"CVS-CJO";29055;28688;3011563;2954646
"2002";"07";"Collectif";"Brute";14010;10959;997961;775017
"2002";"07";"Collectif";"CVS-CJO";11556;11128;823158;786969
"2002";"07";"Individuel groupe";"Brute";4163;3172;395185;311769
"2002";"07";"Individuel groupe";"CVS-CJO";3568;3320;338703;326316
"2002";"07";"Individuel pur";"Brute";17570;15910;2223647;2021167
"2002";"07";"Individuel pur";"CVS-CJO";15139;14736;1915981;1872025
"2002";"07";"Residence";"Brute";1327;671;78100;30800
"2002";"07";"Residence";"CVS-CJO";1177;240;69272;11016
"2002";"07";"Tous Logements";"Brute";37070;30712;3694893;3138753
"2002";"07";"Tous Logements";"CVS-CJO";31440;29424;3133732;3007120
"2002";"06";"Collectif";"Brute";10783;10927;762022;770355
"2002";"06";"Collectif";"CVS-CJO";10914;9401;771280;662772
"2002";"06";"Individuel groupe";"Brute";3180;3433;303149;323372
"2002";"06";"Individuel groupe";"CVS-CJO";3229;3159;307820;297562
"2002";"06";"Individuel pur";"Brute";16402;15468;2089523;1965427
"2002";"06";"Individuel pur";"CVS-CJO";15255;14265;1943402;1812569
"2002";"06";"Residence";"Brute";833;1454;50600;55800
"2002";"06";"Residence";"CVS-CJO";932;1295;56614;49698
"2002";"06";"Tous Logements";"Brute";31198;31282;3205294;3114954
"2002";"06";"Tous Logements";"CVS-CJO";30330;28120;3116115;2800093
"2002";"05";"Collectif";"Brute";9268;9497;677777;658571
"2002";"05";"Collectif";"CVS-CJO";10118;8880;739938;615785
"2002";"05";"Individuel groupe";"Brute";3151;2985;303091;287125
"2002";"05";"Individuel groupe";"CVS-CJO";3533;3187;339835;306555
"2002";"05";"Individuel pur";"Brute";15566;14038;1968918;1780762
"2002";"05";"Individuel pur";"CVS-CJO";15559;14031;1968033;1779874
"2002";"05";"Residence";"Brute";722;1151;38900;67100
"2002";"05";"Residence";"CVS-CJO";644;1241;34698;72347
"2002";"05";"Tous Logements";"Brute";28707;27671;2988686;2793558
"2002";"05";"Tous Logements";"CVS-CJO";29854;27339;3108100;2760041
"2002";"04";"Collectif";"Brute";11968;10864;828582;808494
"2002";"04";"Collectif";"CVS-CJO";12556;10435;869291;776568
"2002";"04";"Individuel groupe";"Brute";3724;3310;362931;305404
"2002";"04";"Individuel groupe";"CVS-CJO";3862;3173;376380;292763
"2002";"04";"Individuel pur";"Brute";15587;16046;1988218;2054551
"2002";"04";"Individuel pur";"CVS-CJO";16123;14627;2056588;1872860
"2002";"04";"Residence";"Brute";1168;971;54900;48400
"2002";"04";"Residence";"CVS-CJO";1243;1057;58425;52687
"2002";"04";"Tous Logements";"Brute";32447;31191;3234631;3216849
"2002";"04";"Tous Logements";"CVS-CJO";33784;29292;3367916;3020998
"2002";"03";"Collectif";"Brute";9680;9701;681420;679786
"2002";"03";"Collectif";"CVS-CJO";10388;9404;731259;658974
"2002";"03";"Individuel groupe";"Brute";3319;3871;313531;356290
"2002";"03";"Individuel groupe";"CVS-CJO";3628;3356;342721;308889
"2002";"03";"Individuel pur";"Brute";15734;15518;1999176;1972425
"2002";"03";"Individuel pur";"CVS-CJO";15705;14250;1995491;1811255
"2002";"03";"Residence";"Brute";1015;759;43300;38900
"2002";"03";"Residence";"CVS-CJO";880;900;37541;46126
"2002";"03";"Tous Logements";"Brute";29748;29849;3037427;3047401
"2002";"03";"Tous Logements";"CVS-CJO";30601;27910;3124523;2849441
"2002";"02";"Collectif";"Brute";9153;9951;652245;681813
"2002";"02";"Collectif";"CVS-CJO";10268;10490;731700;718744
"2002";"02";"Individuel groupe";"Brute";3024;3261;284483;306314
"2002";"02";"Individuel groupe";"CVS-CJO";3251;3276;305838;307723
"2002";"02";"Individuel pur";"Brute";14534;14039;1847328;1766942
"2002";"02";"Individuel pur";"CVS-CJO";15020;14272;1909100;1796267
"2002";"02";"Residence";"Brute";1055;1205;46700;68300
"2002";"02";"Residence";"CVS-CJO";1156;1245;51171;70567
"2002";"02";"Tous Logements";"Brute";27766;28456;2830756;2823369
"2002";"02";"Tous Logements";"CVS-CJO";29695;29283;3027418;2905423
"2002";"01";"Collectif";"Brute";9602;10734;671397;737939
"2002";"01";"Collectif";"CVS-CJO";11144;9968;779218;685278
"2002";"01";"Individuel groupe";"Brute";3064;3601;287199;333246
"2002";"01";"Individuel groupe";"CVS-CJO";3416;3241;320193;299931
"2002";"01";"Individuel pur";"Brute";15002;14623;1889469;1835617
"2002";"01";"Individuel pur";"CVS-CJO";15140;14512;1906850;1821683
"2002";"01";"Residence";"Brute";617;715;39600;32300
"2002";"01";"Residence";"CVS-CJO";954;808;61229;36501
"2002";"01";"Tous Logements";"Brute";28285;29673;2887665;2939102
"2002";"01";"Tous Logements";"CVS-CJO";30654;28529;3129520;2825789
"2001";"12";"Collectif";"Brute";11683;11005;838492;762945
"2001";"12";"Collectif";"CVS-CJO";11102;11129;796794;771542
"2001";"12";"Individuel groupe";"Brute";3356;2782;305809;265682
"2001";"12";"Individuel groupe";"CVS-CJO";3485;2995;317564;286024
"2001";"12";"Individuel pur";"Brute";13542;11327;1713113;1432027
"2001";"12";"Individuel pur";"CVS-CJO";14881;14305;1882501;1808524
"2001";"12";"Residence";"Brute";875;1096;43700;52500
"2001";"12";"Residence";"CVS-CJO";765;1152;38206;55182
"2001";"12";"Tous Logements";"Brute";29456;26210;2901114;2513154
"2001";"12";"Tous Logements";"CVS-CJO";30233;29581;2977640;2836383
"2001";"11";"Collectif";"Brute";12235;9008;831023;633919
"2001";"11";"Collectif";"CVS-CJO";11681;9178;793394;645882
"2001";"11";"Individuel groupe";"Brute";3701;3225;334172;314851
"2001";"11";"Individuel groupe";"CVS-CJO";3511;3313;317016;323442
"2001";"11";"Individuel pur";"Brute";14304;13815;1792427;1760007
"2001";"11";"Individuel pur";"CVS-CJO";15545;14514;1947936;1849058
"2001";"11";"Residence";"Brute";1322;252;54000;13500
"2001";"11";"Residence";"CVS-CJO";1415;162;57799;8679
"2001";"11";"Tous Logements";"Brute";31562;26300;3011622;2722277
"2001";"11";"Tous Logements";"CVS-CJO";32152;27167;3067919;2812019
"2001";"10";"Collectif";"Brute";15711;11866;1080319;820409
"2001";"10";"Collectif";"CVS-CJO";12482;10638;858287;735506
"2001";"10";"Individuel groupe";"Brute";4979;3508;475929;316825
"2001";"10";"Individuel groupe";"CVS-CJO";3957;3113;378239;281151
"2001";"10";"Individuel pur";"Brute";15997;17269;2027897;2200583
"2001";"10";"Individuel pur";"CVS-CJO";15373;14444;1948794;1840594
"2001";"10";"Residence";"Brute";2426;1338;131800;63000
"2001";"10";"Residence";"CVS-CJO";2040;1056;110829;49722
"2001";"10";"Tous Logements";"Brute";39113;33981;3715945;3400817
"2001";"10";"Tous Logements";"CVS-CJO";33852;29251;3216122;2927439
"2001";"09";"Collectif";"Brute";11569;10027;803761;700709
"2001";"09";"Collectif";"CVS-CJO";10894;9523;756865;665488
"2001";"09";"Individuel groupe";"Brute";3319;4089;319887;379992
"2001";"09";"Individuel groupe";"CVS-CJO";3293;3467;317381;322189
"2001";"09";"Individuel pur";"Brute";14858;16058;1901525;2034480
"2001";"09";"Individuel pur";"CVS-CJO";14856;14180;1901269;1796545
"2001";"09";"Residence";"Brute";1330;834;60900;39700
"2001";"09";"Residence";"CVS-CJO";1183;758;54169;36082
"2001";"09";"Tous Logements";"Brute";31076;31008;3086073;3154881
"2001";"09";"Tous Logements";"CVS-CJO";30226;27928;3001662;2841509
"2001";"08";"Collectif";"Brute";9691;4192;676143;282257
"2001";"08";"Collectif";"CVS-CJO";11340;7826;791194;526943
"2001";"08";"Individuel groupe";"Brute";3424;1696;317535;156995
"2001";"08";"Individuel groupe";"CVS-CJO";3779;3577;350457;331115
"2001";"08";"Individuel pur";"Brute";14120;8421;1797915;1054899
"2001";"08";"Individuel pur";"CVS-CJO";15206;14850;1936197;1860260
"2001";"08";"Residence";"Brute";1231;206;60800;7700
"2001";"08";"Residence";"CVS-CJO";1434;682;70826;25492
"2001";"08";"Tous Logements";"Brute";28466;14515;2852393;1501851
"2001";"08";"Tous Logements";"CVS-CJO";31759;26935;3182363;2786935
"2001";"07";"Collectif";"Brute";15819;9073;1113439;630751
"2001";"07";"Collectif";"CVS-CJO";13097;8988;921848;624842
"2001";"07";"Individuel groupe";"Brute";4274;2904;423351;287735
"2001";"07";"Individuel groupe";"CVS-CJO";3645;3028;361047;300021
"2001";"07";"Individuel pur";"Brute";17549;15037;2228600;1890121
"2001";"07";"Individuel pur";"CVS-CJO";15461;14201;1963439;1785038
"2001";"07";"Residence";"Brute";1214;1643;67400;59300
"2001";"07";"Residence";"CVS-CJO";1094;1302;60738;46992
"2001";"07";"Tous Logements";"Brute";38856;28657;3832790;2867907
"2001";"07";"Tous Logements";"CVS-CJO";33297;27519;3284445;2754019
"2001";"06";"Collectif";"Brute";10695;10278;771344;720013
"2001";"06";"Collectif";"CVS-CJO";10901;8954;786201;627262
"2001";"06";"Individuel groupe";"Brute";3564;3493;334952;336654
"2001";"06";"Individuel groupe";"CVS-CJO";3640;3274;342095;315547
"2001";"06";"Individuel pur";"Brute";17144;15846;2165055;2003950
"2001";"06";"Individuel pur";"CVS-CJO";15982;14761;2018310;1866736
"2001";"06";"Residence";"Brute";1057;991;46500;41000
"2001";"06";"Residence";"CVS-CJO";1145;840;50371;34753
"2001";"06";"Tous Logements";"Brute";32460;30608;3317851;3101617
"2001";"06";"Tous Logements";"CVS-CJO";31668;27829;3236898;2820011
"2001";"05";"Collectif";"Brute";9896;10794;693767;758217
"2001";"05";"Collectif";"CVS-CJO";10947;10192;767448;715930
"2001";"05";"Individuel groupe";"Brute";3247;2742;299059;267981
"2001";"05";"Individuel groupe";"CVS-CJO";3661;3091;337190;302089
"2001";"05";"Individuel pur";"Brute";15269;14912;1915509;1888097
"2001";"05";"Individuel pur";"CVS-CJO";14973;14535;1878376;1840363
"2001";"05";"Residence";"Brute";1038;682;65900;36200
"2001";"05";"Residence";"CVS-CJO";1000;842;63488;44693
"2001";"05";"Tous Logements";"Brute";29450;29130;2974235;2950495
"2001";"05";"Tous Logements";"CVS-CJO";30581;28660;3088458;2902890
"2001";"04";"Collectif";"Brute";8409;11234;580221;787646
"2001";"04";"Collectif";"CVS-CJO";9018;10826;622242;759040
"2001";"04";"Individuel groupe";"Brute";2917;3075;280114;293233
"2001";"04";"Individuel groupe";"CVS-CJO";3169;3102;304313;295808
"2001";"04";"Individuel pur";"Brute";14341;14992;1799605;1889011
"2001";"04";"Individuel pur";"CVS-CJO";15402;14083;1932746;1774476
"2001";"04";"Residence";"Brute";922;992;48000;41200
"2001";"04";"Residence";"CVS-CJO";983;1071;51176;44481
"2001";"04";"Tous Logements";"Brute";26589;30293;2707940;3011090
"2001";"04";"Tous Logements";"CVS-CJO";28572;29082;2909897;2890718
"2001";"03";"Collectif";"Brute";11142;9070;785887;650329
"2001";"03";"Collectif";"CVS-CJO";11883;8952;838152;641868
"2001";"03";"Individuel groupe";"Brute";4179;3611;381734;341897
"2001";"03";"Individuel groupe";"CVS-CJO";4286;3021;391508;286035
"2001";"03";"Individuel pur";"Brute";16282;15383;2054804;1923074
"2001";"03";"Individuel pur";"CVS-CJO";15658;13743;1976055;1718053
"2001";"03";"Residence";"Brute";1416;816;66900;42800
"2001";"03";"Residence";"CVS-CJO";1327;981;62695;51454
"2001";"03";"Tous Logements";"Brute";33019;28880;3289325;2958100
"2001";"03";"Tous Logements";"CVS-CJO";33154;26697;3302774;2734501
"2001";"02";"Collectif";"Brute";10456;8889;728786;631335
"2001";"02";"Collectif";"CVS-CJO";12007;9323;836891;662160
"2001";"02";"Individuel groupe";"Brute";3839;2946;355601;277217
"2001";"02";"Individuel groupe";"CVS-CJO";4144;2920;383853;274770
"2001";"02";"Individuel pur";"Brute";14855;14409;1874649;1783864
"2001";"02";"Individuel pur";"CVS-CJO";15328;14585;1934340;1805653
"2001";"02";"Residence";"Brute";1521;1241;65600;42600
"2001";"02";"Residence";"CVS-CJO";1621;1192;69913;40918
"2001";"02";"Tous Logements";"Brute";30671;27485;3024636;2735016
"2001";"02";"Tous Logements";"CVS-CJO";33100;28020;3264173;2788254
"2001";"01";"Collectif";"Brute";9904;11335;685295;776458
"2001";"01";"Collectif";"CVS-CJO";11391;10428;788186;714328
"2001";"01";"Individuel groupe";"Brute";3460;3362;339009;328682
"2001";"01";"Individuel groupe";"CVS-CJO";3920;2993;384080;292607
"2001";"01";"Individuel pur";"Brute";14795;14784;1837018;1838713
"2001";"01";"Individuel pur";"CVS-CJO";14843;14756;1842978;1835231
"2001";"01";"Residence";"Brute";716;619;40500;25400
"2001";"01";"Residence";"CVS-CJO";1014;730;57356;29955
"2001";"01";"Tous Logements";"Brute";28875;30100;2901822;2969253
"2001";"01";"Tous Logements";"CVS-CJO";31168;28907;3132259;2851568
"2000";"12";"Collectif";"Brute";11903;8931;832669;603596
"2000";"12";"Collectif";"CVS-CJO";11069;8851;774327;598189
"2000";"12";"Individuel groupe";"Brute";3595;2934;339012;265690
"2000";"12";"Individuel groupe";"CVS-CJO";3679;3112;346933;281809
"2000";"12";"Individuel pur";"Brute";14543;12077;1811610;1494993
"2000";"12";"Individuel pur";"CVS-CJO";15835;15555;1972553;1925529
"2000";"12";"Residence";"Brute";1380;749;55100;37200
"2000";"12";"Residence";"CVS-CJO";1265;753;50508;37399
"2000";"12";"Tous Logements";"Brute";31421;24691;3038391;2401479
"2000";"12";"Tous Logements";"CVS-CJO";31848;28271;3079682;2749674
"2000";"11";"Collectif";"Brute";13553;9290;941891;655188
"2000";"11";"Collectif";"CVS-CJO";13254;9579;921111;675570
"2000";"11";"Individuel groupe";"Brute";4813;2650;434073;227812
"2000";"11";"Individuel groupe";"CVS-CJO";4310;2683;388709;230649
"2000";"11";"Individuel pur";"Brute";14111;13346;1745341;1673500
"2000";"11";"Individuel pur";"CVS-CJO";15338;14017;1897104;1757639
"2000";"11";"Residence";"Brute";865;1511;45800;68700
"2000";"11";"Residence";"CVS-CJO";971;1389;51412;63153
"2000";"11";"Tous Logements";"Brute";33342;26797;3167105;2625200
"2000";"11";"Tous Logements";"CVS-CJO";33873;27668;3217544;2710529
"2000";"10";"Collectif";"Brute";14337;11439;1019365;773186
"2000";"10";"Collectif";"CVS-CJO";11585;10098;823697;682545
"2000";"10";"Individuel groupe";"Brute";4502;3127;411554;297915
"2000";"10";"Individuel groupe";"CVS-CJO";3602;2740;329280;261045
"2000";"10";"Individuel pur";"Brute";15425;16797;1922242;2116791
"2000";"10";"Individuel pur";"CVS-CJO";15160;14297;1889218;1801736
"2000";"10";"Residence";"Brute";1344;996;69800;55400
"2000";"10";"Residence";"CVS-CJO";964;749;50065;41661
"2000";"10";"Tous Logements";"Brute";35608;32359;3422961;3243292
"2000";"10";"Tous Logements";"CVS-CJO";31311;27884;3009895;2794770
"2000";"09";"Collectif";"Brute";11479;10500;807065;733286
"2000";"09";"Collectif";"CVS-CJO";10524;10215;739921;713382
"2000";"09";"Individuel groupe";"Brute";3694;3388;356004;323974
"2000";"09";"Individuel groupe";"CVS-CJO";3629;2855;349740;273006
"2000";"09";"Individuel pur";"Brute";16093;16423;2020253;2055618
"2000";"09";"Individuel pur";"CVS-CJO";15622;14225;1961126;1780501
"2000";"09";"Residence";"Brute";1479;700;72300;34800
"2000";"09";"Residence";"CVS-CJO";1272;644;62181;32016
"2000";"09";"Tous Logements";"Brute";32745;31011;3255622;3147678
"2000";"09";"Tous Logements";"CVS-CJO";31047;27939;3086801;2835864
"2000";"08";"Collectif";"Brute";10557;5959;745564;398746
"2000";"08";"Collectif";"CVS-CJO";12635;11932;892318;798429
"2000";"08";"Individuel groupe";"Brute";3292;1547;303891;144361
"2000";"08";"Individuel groupe";"CVS-CJO";3632;3350;335277;312611
"2000";"08";"Individuel pur";"Brute";14081;8742;1765585;1091721
"2000";"08";"Individuel pur";"CVS-CJO";15210;15685;1907148;1958779
"2000";"08";"Residence";"Brute";824;547;43100;23900
"2000";"08";"Residence";"CVS-CJO";1046;1078;54712;47101
"2000";"08";"Tous Logements";"Brute";28754;16795;2858140;1658728
"2000";"08";"Tous Logements";"CVS-CJO";32523;32045;3232778;3164867
"2000";"07";"Collectif";"Brute";15055;9854;1041352;692414
"2000";"07";"Collectif";"CVS-CJO";12932;9687;894504;680679
"2000";"07";"Individuel groupe";"Brute";4198;2103;412503;205130
"2000";"07";"Individuel groupe";"CVS-CJO";3942;2309;387348;225224
"2000";"07";"Individuel pur";"Brute";16783;14571;2114004;1829576
"2000";"07";"Individuel pur";"CVS-CJO";16048;14456;2021423;1815136
"2000";"07";"Residence";"Brute";968;890;53600;41800
"2000";"07";"Residence";"CVS-CJO";882;534;48838;25080
"2000";"07";"Tous Logements";"Brute";37004;27418;3621459;2768920
"2000";"07";"Tous Logements";"CVS-CJO";33804;26986;3308286;2725293
"2000";"06";"Collectif";"Brute";11851;10878;842918;751516
"2000";"06";"Collectif";"CVS-CJO";12009;9383;854156;648233
"2000";"06";"Individuel groupe";"Brute";3889;2746;366172;253017
"2000";"06";"Individuel groupe";"CVS-CJO";3892;2590;366454;238643
"2000";"06";"Individuel pur";"Brute";16586;15819;2069351;1984024
"2000";"06";"Individuel pur";"CVS-CJO";15360;14759;1916389;1851078
"2000";"06";"Residence";"Brute";1148;1017;53000;40400
"2000";"06";"Residence";"CVS-CJO";1231;834;56832;33130
"2000";"06";"Tous Logements";"Brute";33474;30460;3331441;3028957
"2000";"06";"Tous Logements";"CVS-CJO";32492;27566;3233709;2741176
"2000";"05";"Collectif";"Brute";13584;10802;962895;751551
"2000";"05";"Collectif";"CVS-CJO";14539;10073;1030590;700831
"2000";"05";"Individuel groupe";"Brute";3357;3218;317793;292700
"2000";"05";"Individuel groupe";"CVS-CJO";3592;3352;340040;304888
"2000";"05";"Individuel pur";"Brute";17610;16273;2197134;2035294
"2000";"05";"Individuel pur";"CVS-CJO";16470;15422;2054900;1928858
"2000";"05";"Residence";"Brute";1491;367;85600;15600
"2000";"05";"Residence";"CVS-CJO";1447;550;83074;23379
"2000";"05";"Tous Logements";"Brute";36042;30660;3563422;3095145
"2000";"05";"Tous Logements";"CVS-CJO";36048;29397;3564015;2967644
"2000";"04";"Collectif";"Brute";11660;7942;844187;540322
"2000";"04";"Collectif";"CVS-CJO";13005;7711;941565;524606
"2000";"04";"Individuel groupe";"Brute";2821;2711;265405;242929
"2000";"04";"Individuel groupe";"CVS-CJO";3204;2772;301438;248395
"2000";"04";"Individuel pur";"Brute";14754;15293;1836887;1902798
"2000";"04";"Individuel pur";"CVS-CJO";16422;14821;2044555;1844070
"2000";"04";"Residence";"Brute";1622;905;87600;44000
"2000";"04";"Residence";"CVS-CJO";1721;994;92947;48327
"2000";"04";"Tous Logements";"Brute";30857;26851;3034079;2730049
"2000";"04";"Tous Logements";"CVS-CJO";34352;26298;3377732;2673823
"2000";"03";"Collectif";"Brute";11036;11080;733501;732750
"2000";"03";"Collectif";"CVS-CJO";11757;10736;781422;710000
"2000";"03";"Individuel groupe";"Brute";3345;3313;324489;309940
"2000";"03";"Individuel groupe";"CVS-CJO";3311;2790;321191;261012
"2000";"03";"Individuel pur";"Brute";17308;17729;2159816;2209079
"2000";"03";"Individuel pur";"CVS-CJO";16137;15544;2013690;1936822
"2000";"03";"Residence";"Brute";1388;909;57400;41200
"2000";"03";"Residence";"CVS-CJO";1278;1049;52851;47545
"2000";"03";"Tous Logements";"Brute";33077;33031;3275206;3292969
"2000";"03";"Tous Logements";"CVS-CJO";32483;30119;3216390;3002662
"2000";"02";"Collectif";"Brute";9094;9913;615559;674389
"2000";"02";"Collectif";"CVS-CJO";9941;10352;672891;704254
"2000";"02";"Individuel groupe";"Brute";2986;3700;291957;326369
"2000";"02";"Individuel groupe";"CVS-CJO";3146;3603;307601;317813
"2000";"02";"Individuel pur";"Brute";16632;15262;2065838;1868493
"2000";"02";"Individuel pur";"CVS-CJO";16786;15123;2084966;1851476
"2000";"02";"Residence";"Brute";974;1036;52200;41400
"2000";"02";"Residence";"CVS-CJO";1044;930;55952;37164
"2000";"02";"Tous Logements";"Brute";29686;29911;3025554;2910651
"2000";"02";"Tous Logements";"CVS-CJO";30917;30008;3151016;2920090
"2000";"01";"Collectif";"Brute";9208;8951;594291;586622
"2000";"01";"Collectif";"CVS-CJO";10868;8102;701429;530981
"2000";"01";"Individuel groupe";"Brute";2907;3096;278842;276559
"2000";"01";"Individuel groupe";"CVS-CJO";3418;2818;327858;251726
"2000";"01";"Individuel pur";"Brute";16150;14630;2124720;1805224
"2000";"01";"Individuel pur";"CVS-CJO";16907;14830;2224312;1829902
"2000";"01";"Residence";"Brute";716;974;38400;43500
"2000";"01";"Residence";"CVS-CJO";1041;1065;55830;47564
"2000";"01";"Tous Logements";"Brute";28981;27651;3036253;2711905
"2000";"01";"Tous Logements";"CVS-CJO";32234;26815;3377060;2629913
