Date,Department,Type,PrixM2Median,PrixMedian,NbVentes
2021-01-01,01,Appartement,2194.0,147500.0,667
2021-04-01,01,Appartement,2309.0,154000.0,967
2021-07-01,01,Appartement,2456.0,164000.0,959
2021-10-01,01,Appartement,2353.0,149750.0,774
2022-01-01,01,Appartement,2445.0,160000.0,785
2022-04-01,01,Appartement,2533.0,165000.0,839
2022-07-01,01,Appartement,2837.0,176000.0,844
2022-10-01,01,Appartement,2644.0,161000.0,802
2023-01-01,01,Appartement,2548.0,165000.0,732
2023-04-01,01,Appartement,2646.0,165500.0,742
2023-07-01,01,Appartement,2656.0,171700.0,691
2023-10-01,01,Appartement,2581.0,153000.0,605
2024-01-01,01,Appartement,2500.0,159500.0,478
2024-04-01,01,Appartement,2460.0,160000.0,628
2024-07-01,01,Appartement,2653.0,169000.0,671
2024-10-01,01,Appartement,2550.0,160000.0,604
2025-01-01,01,Appartement,2660.0,174420.0,638
2025-04-01,01,Appartement,2750.0,173000.0,687
2025-07-01,01,Appartement,2651.0,173750.0,718
2025-10-01,01,Appartement,2690.0,172000.0,789
2021-01-01,01,Ensemble,2161.0,192500.0,1885
2021-04-01,01,Ensemble,2315.0,200000.0,2367
2021-07-01,01,Ensemble,2452.0,221000.0,2683
2021-10-01,01,Ensemble,2432.0,209850.0,2045
2022-01-01,01,Ensemble,2431.0,210000.0,1900
2022-04-01,01,Ensemble,2540.0,229000.0,2116
2022-07-01,01,Ensemble,2733.0,242000.0,2381
2022-10-01,01,Ensemble,2610.0,225000.0,2072
2023-01-01,01,Ensemble,2577.0,214675.0,1704
2023-04-01,01,Ensemble,2593.0,214000.0,1749
2023-07-01,01,Ensemble,2591.0,223910.0,1748
2023-10-01,01,Ensemble,2474.0,210000.0,1535
2024-01-01,01,Ensemble,2457.0,210000.0,1232
2024-04-01,01,Ensemble,2431.0,200000.0,1414
2024-07-01,01,Ensemble,2560.0,230000.0,1751
2024-10-01,01,Ensemble,2453.0,216834.0,1606
2025-01-01,01,Ensemble,2564.0,225000.0,1516
2025-04-01,01,Ensemble,2558.0,225000.0,1628
2025-07-01,01,Ensemble,2567.0,237000.0,1973
2025-10-01,01,Ensemble,2516.0,228686.0,2034
2021-01-01,01,Maison,2148.0,223950.0,1218
2021-04-01,01,Maison,2319.0,237750.0,1400
2021-07-01,01,Maison,2446.0,255000.0,1724
2021-10-01,01,Maison,2478.0,250000.0,1271
2022-01-01,01,Maison,2425.0,248000.0,1115
2022-04-01,01,Maison,2543.0,262000.0,1277
2022-07-01,01,Maison,2685.0,276000.0,1537
2022-10-01,01,Maison,2593.0,257000.0,1270
2023-01-01,01,Maison,2588.0,256650.0,972
2023-04-01,01,Maison,2556.0,248240.0,1007
2023-07-01,01,Maison,2542.0,263500.0,1057
2023-10-01,01,Maison,2435.0,240592.0,930
2024-01-01,01,Maison,2438.0,245000.0,754
2024-04-01,01,Maison,2393.0,240000.0,786
2024-07-01,01,Maison,2528.0,260000.0,1080
2024-10-01,01,Maison,2433.0,240000.0,1002
2025-01-01,01,Maison,2539.0,250325.0,878
2025-04-01,01,Maison,2490.0,250000.0,941
2025-07-01,01,Maison,2520.0,265000.0,1255
2025-10-01,01,Maison,2452.0,255000.0,1245
2021-01-01,02,Appartement,1323.0,77200.0,151
2021-04-01,02,Appartement,1246.0,68000.0,195
2021-07-01,02,Appartement,1214.0,70500.0,178
2021-10-01,02,Appartement,1319.0,75649.0,174
2022-01-01,02,Appartement,1213.0,75000.0,163
2022-04-01,02,Appartement,1367.0,82000.0,193
2022-07-01,02,Appartement,1328.0,77500.0,152
2022-10-01,02,Appartement,1281.0,75000.0,167
2023-01-01,02,Appartement,1270.0,74000.0,173
2023-04-01,02,Appartement,1272.0,75000.0,162
2023-07-01,02,Appartement,1211.0,70000.0,159
2023-10-01,02,Appartement,1250.0,73575.0,130
2024-01-01,02,Appartement,1320.0,75000.0,119
2024-04-01,02,Appartement,1292.0,69125.0,138
2024-07-01,02,Appartement,1368.0,79950.0,156
2024-10-01,02,Appartement,1295.0,70500.0,134
2025-01-01,02,Appartement,1312.0,67750.0,160
2025-04-01,02,Appartement,1250.0,65000.0,137
2025-07-01,02,Appartement,1313.0,71000.0,148
2025-10-01,02,Appartement,1335.0,71000.0,166
2021-01-01,02,Ensemble,1167.0,100000.0,1359
2021-04-01,02,Ensemble,1209.0,102525.0,1660
2021-07-01,02,Ensemble,1230.0,110000.0,1746
2021-10-01,02,Ensemble,1190.0,103500.0,1597
2022-01-01,02,Ensemble,1222.0,102000.0,1391
2022-04-01,02,Ensemble,1269.0,110000.0,1585
2022-07-01,02,Ensemble,1330.0,115000.0,1561
2022-10-01,02,Ensemble,1223.0,108000.0,1350
2023-01-01,02,Ensemble,1197.0,100000.0,1205
2023-04-01,02,Ensemble,1242.0,106450.0,1234
2023-07-01,02,Ensemble,1200.0,101227.0,1264
2023-10-01,02,Ensemble,1197.0,98000.0,1210
2024-01-01,02,Ensemble,1148.0,93500.0,944
2024-04-01,02,Ensemble,1181.0,95000.0,1140
2024-07-01,02,Ensemble,1232.0,102000.0,1302
2024-10-01,02,Ensemble,1171.0,100000.0,1310
2025-01-01,02,Ensemble,1221.0,100000.0,1131
2025-04-01,02,Ensemble,1230.0,105000.0,1223
2025-07-01,02,Ensemble,1277.0,115000.0,1371
2025-10-01,02,Ensemble,1231.0,105000.0,1324
2021-01-01,02,Maison,1145.0,103250.0,1208
2021-04-01,02,Maison,1195.0,110000.0,1465
2021-07-01,02,Maison,1236.0,117450.0,1568
2021-10-01,02,Maison,1164.0,109885.0,1423
2022-01-01,02,Maison,1223.0,110000.0,1228
2022-04-01,02,Maison,1256.0,114825.0,1392
2022-07-01,02,Maison,1330.0,119600.0,1409
2022-10-01,02,Maison,1214.0,114400.0,1183
2023-01-01,02,Maison,1185.0,105000.0,1032
2023-04-01,02,Maison,1236.0,110000.0,1072
2023-07-01,02,Maison,1197.0,107400.0,1105
2023-10-01,02,Maison,1192.0,100000.0,1080
2024-01-01,02,Maison,1128.0,98000.0,825
2024-04-01,02,Maison,1163.0,98000.0,1002
2024-07-01,02,Maison,1206.0,108000.0,1146
2024-10-01,02,Maison,1157.0,104000.0,1176
2025-01-01,02,Maison,1190.0,110000.0,971
2025-04-01,02,Maison,1221.0,110000.0,1086
2025-07-01,02,Maison,1273.0,119000.0,1223
2025-10-01,02,Maison,1200.0,110000.0,1158
2021-01-01,03,Appartement,1060.0,56850.0,322
2021-04-01,03,Appartement,1056.0,59000.0,383
2021-07-01,03,Appartement,1197.0,59000.0,335
2021-10-01,03,Appartement,1206.0,66120.0,372
2022-01-01,03,Appartement,1178.0,62410.0,319
2022-04-01,03,Appartement,1230.0,67300.0,361
2022-07-01,03,Appartement,1250.0,65000.0,349
2022-10-01,03,Appartement,1335.0,68475.0,362
2023-01-01,03,Appartement,1228.0,68750.0,302
2023-04-01,03,Appartement,1245.0,67495.0,312
2023-07-01,03,Appartement,1286.0,62000.0,297
2023-10-01,03,Appartement,1267.0,67000.0,317
2024-01-01,03,Appartement,1165.0,65500.0,244
2024-04-01,03,Appartement,1159.0,62550.0,310
2024-07-01,03,Appartement,1301.0,69700.0,284
2024-10-01,03,Appartement,1301.0,65500.0,292
2025-01-01,03,Appartement,1290.0,71442.0,283
2025-04-01,03,Appartement,1219.0,69035.0,310
2025-07-01,03,Appartement,1308.0,67000.0,315
2025-10-01,03,Appartement,1259.0,65308.0,292
2021-01-01,03,Ensemble,1000.0,73000.0,1054
2021-04-01,03,Ensemble,1026.0,78000.0,1241
2021-07-01,03,Ensemble,1106.0,81500.0,1280
2021-10-01,03,Ensemble,1123.0,80675.0,1264
2022-01-01,03,Ensemble,1111.0,78000.0,1039
2022-04-01,03,Ensemble,1103.0,80650.0,1198
2022-07-01,03,Ensemble,1195.0,88750.0,1212
2022-10-01,03,Ensemble,1192.0,86336.0,1180
2023-01-01,03,Ensemble,1090.0,80000.0,958
2023-04-01,03,Ensemble,1154.0,80000.0,998
2023-07-01,03,Ensemble,1185.0,85500.0,955
2023-10-01,03,Ensemble,1154.0,80000.0,1015
2024-01-01,03,Ensemble,1097.0,78000.0,769
2024-04-01,03,Ensemble,1145.0,75050.0,874
2024-07-01,03,Ensemble,1165.0,86000.0,970
2024-10-01,03,Ensemble,1180.0,83375.0,984
2025-01-01,03,Ensemble,1202.0,86000.0,817
2025-04-01,03,Ensemble,1161.0,85000.0,962
2025-07-01,03,Ensemble,1229.0,93000.0,997
2025-10-01,03,Ensemble,1193.0,84000.0,1027
2021-01-01,03,Maison,972.0,82000.0,732
2021-04-01,03,Maison,1010.0,92500.0,858
2021-07-01,03,Maison,1068.0,95000.0,945
2021-10-01,03,Maison,1095.0,90000.0,892
2022-01-01,03,Maison,1082.0,87475.0,720
2022-04-01,03,Maison,1049.0,90000.0,837
2022-07-01,03,Maison,1172.0,102000.0,863
2022-10-01,03,Maison,1128.0,100000.0,818
2023-01-01,03,Maison,1021.0,86450.0,656
2023-04-01,03,Maison,1088.0,90000.0,686
2023-07-01,03,Maison,1162.0,100000.0,658
2023-10-01,03,Maison,1072.0,90000.0,698
2024-01-01,03,Maison,1069.0,88000.0,525
2024-04-01,03,Maison,1118.0,92125.0,564
2024-07-01,03,Maison,1125.0,99700.0,686
2024-10-01,03,Maison,1137.0,97370.0,692
2025-01-01,03,Maison,1176.0,100000.0,534
2025-04-01,03,Maison,1143.0,97950.0,652
2025-07-01,03,Maison,1206.0,107000.0,682
2025-10-01,03,Maison,1160.0,98000.0,735
2021-01-01,04,Appartement,1693.0,66500.0,315
2021-04-01,04,Appartement,1786.0,73250.0,362
2021-07-01,04,Appartement,1870.0,74980.0,418
2021-10-01,04,Appartement,1859.0,75000.0,455
2022-01-01,04,Appartement,1892.0,70000.0,379
2022-04-01,04,Appartement,1907.0,79000.0,432
2022-07-01,04,Appartement,1987.0,81380.0,414
2022-10-01,04,Appartement,2038.0,77900.0,437
2023-01-01,04,Appartement,1963.0,79300.0,352
2023-04-01,04,Appartement,2262.0,85685.0,390
2023-07-01,04,Appartement,2264.0,84000.0,333
2023-10-01,04,Appartement,2150.0,80000.0,383
2024-01-01,04,Appartement,2045.0,78000.0,261
2024-04-01,04,Appartement,2112.0,79950.0,318
2024-07-01,04,Appartement,2190.0,82000.0,285
2024-10-01,04,Appartement,2088.0,75000.0,370
2025-01-01,04,Appartement,2113.0,85000.0,303
2025-04-01,04,Appartement,2231.0,85000.0,311
2025-07-01,04,Appartement,2114.0,84250.0,338
2025-10-01,04,Appartement,2115.0,80000.0,401
2021-01-01,04,Ensemble,1824.0,105500.0,692
2021-04-01,04,Ensemble,2000.0,125000.0,799
2021-07-01,04,Ensemble,2000.0,120000.0,905
2021-10-01,04,Ensemble,2073.0,112000.0,930
2022-01-01,04,Ensemble,2052.0,110000.0,765
2022-04-01,04,Ensemble,2104.0,118020.0,858
2022-07-01,04,Ensemble,2222.0,128444.0,850
2022-10-01,04,Ensemble,2148.0,116690.0,831
2023-01-01,04,Ensemble,2214.0,117000.0,670
2023-04-01,04,Ensemble,2375.0,121380.0,723
2023-07-01,04,Ensemble,2317.0,120948.0,676
2023-10-01,04,Ensemble,2321.0,119000.0,719
2024-01-01,04,Ensemble,2174.0,125000.0,527
2024-04-01,04,Ensemble,2243.0,120000.0,599
2024-07-01,04,Ensemble,2356.0,133270.0,632
2024-10-01,04,Ensemble,2228.0,120000.0,698
2025-01-01,04,Ensemble,2224.0,122500.0,609
2025-04-01,04,Ensemble,2353.0,130000.0,644
2025-07-01,04,Ensemble,2357.0,140000.0,732
2025-10-01,04,Ensemble,2315.0,120000.0,759
2021-01-01,04,Maison,2083.0,174000.0,377
2021-04-01,04,Maison,2232.0,195000.0,437
2021-07-01,04,Maison,2175.0,185000.0,487
2021-10-01,04,Maison,2287.0,191000.0,475
2022-01-01,04,Maison,2268.0,190500.0,386
2022-04-01,04,Maison,2380.0,190700.0,426
2022-07-01,04,Maison,2553.0,217235.0,436
2022-10-01,04,Maison,2316.0,200000.0,394
2023-01-01,04,Maison,2427.0,190000.0,318
2023-04-01,04,Maison,2543.0,215000.0,333
2023-07-01,04,Maison,2414.0,204500.0,343
2023-10-01,04,Maison,2527.0,224550.0,336
2024-01-01,04,Maison,2411.0,195965.0,266
2024-04-01,04,Maison,2378.0,200000.0,281
2024-07-01,04,Maison,2500.0,223000.0,347
2024-10-01,04,Maison,2427.0,200500.0,328
2025-01-01,04,Maison,2337.0,200000.0,306
2025-04-01,04,Maison,2485.0,220000.0,333
2025-07-01,04,Maison,2609.0,224280.0,394
2025-10-01,04,Maison,2556.0,203455.0,358
2021-01-01,05,Appartement,2200.0,85000.0,545
2021-04-01,05,Appartement,2314.0,102000.0,658
2021-07-01,05,Appartement,2322.0,98250.0,678
2021-10-01,05,Appartement,2438.0,103100.0,676
2022-01-01,05,Appartement,2433.0,96000.0,542
2022-04-01,05,Appartement,2547.0,108000.0,681
2022-07-01,05,Appartement,2575.0,110250.0,628
2022-10-01,05,Appartement,2595.0,101000.0,684
2023-01-01,05,Appartement,2594.0,110000.0,492
2023-04-01,05,Appartement,2740.0,113775.0,516
2023-07-01,05,Appartement,2725.0,120000.0,471
2023-10-01,05,Appartement,2769.0,108000.0,613
2024-01-01,05,Appartement,2671.0,105430.0,332
2024-04-01,05,Appartement,2774.0,113498.0,432
2024-07-01,05,Appartement,2809.0,117500.0,531
2024-10-01,05,Appartement,2787.0,115000.0,605
2025-01-01,05,Appartement,2771.0,120000.0,423
2025-04-01,05,Appartement,2859.0,121200.0,560
2025-07-01,05,Appartement,2932.0,124000.0,492
2025-10-01,05,Appartement,3029.0,119828.0,681
2021-01-01,05,Ensemble,2208.0,100000.0,732
2021-04-01,05,Ensemble,2320.0,122000.0,957
2021-07-01,05,Ensemble,2344.0,130000.0,990
2021-10-01,05,Ensemble,2466.0,122275.0,962
2022-01-01,05,Ensemble,2446.0,118030.0,769
2022-04-01,05,Ensemble,2547.0,128554.0,974
2022-07-01,05,Ensemble,2600.0,130650.0,902
2022-10-01,05,Ensemble,2582.0,123000.0,951
2023-01-01,05,Ensemble,2631.0,130000.0,701
2023-04-01,05,Ensemble,2800.0,132040.0,703
2023-07-01,05,Ensemble,2788.0,142500.0,653
2023-10-01,05,Ensemble,2794.0,125000.0,836
2024-01-01,05,Ensemble,2621.0,125400.0,500
2024-04-01,05,Ensemble,2786.0,136000.0,617
2024-07-01,05,Ensemble,2808.0,138237.0,738
2024-10-01,05,Ensemble,2785.0,131620.0,838
2025-01-01,05,Ensemble,2771.0,135000.0,613
2025-04-01,05,Ensemble,2859.0,140000.0,758
2025-07-01,05,Ensemble,2895.0,148000.0,723
2025-10-01,05,Ensemble,2978.0,137000.0,929
2021-01-01,05,Maison,2235.0,200000.0,187
2021-04-01,05,Maison,2370.0,219900.0,299
2021-07-01,05,Maison,2519.0,230000.0,312
2021-10-01,05,Maison,2558.0,230000.0,286
2022-01-01,05,Maison,2491.0,215000.0,227
2022-04-01,05,Maison,2554.0,225000.0,293
2022-07-01,05,Maison,2682.0,253000.0,274
2022-10-01,05,Maison,2540.0,230000.0,267
2023-01-01,05,Maison,2753.0,211000.0,209
2023-04-01,05,Maison,2966.0,266000.0,187
2023-07-01,05,Maison,2980.0,260475.0,182
2023-10-01,05,Maison,2868.0,244000.0,223
2024-01-01,05,Maison,2413.0,217500.0,168
2024-04-01,05,Maison,2800.0,248000.0,185
2024-07-01,05,Maison,2807.0,250000.0,207
2024-10-01,05,Maison,2778.0,240000.0,233
2025-01-01,05,Maison,2771.0,228765.0,190
2025-04-01,05,Maison,2861.0,256265.0,198
2025-07-01,05,Maison,2846.0,270000.0,231
2025-10-01,05,Maison,2837.0,263750.0,248
2021-01-01,06,Appartement,4114.0,200000.0,4922
2021-04-01,06,Appartement,4158.0,200000.0,6007
2021-07-01,06,Appartement,4259.0,210000.0,6092
2021-10-01,06,Appartement,4333.0,213000.0,5738
2022-01-01,06,Appartement,4395.0,215000.0,5878
2022-04-01,06,Appartement,4433.0,215000.0,6830
2022-07-01,06,Appartement,4545.0,223426.0,6370
2022-10-01,06,Appartement,4615.0,220000.0,5575
2023-01-01,06,Appartement,4662.0,220000.0,5350
2023-04-01,06,Appartement,4688.0,220000.0,5592
2023-07-01,06,Appartement,4697.0,225000.0,4974
2023-10-01,06,Appartement,4632.0,215000.0,4457
2024-01-01,06,Appartement,4704.0,217000.0,3999
2024-04-01,06,Appartement,4695.0,220000.0,4488
2024-07-01,06,Appartement,4755.0,225000.0,4626
2024-10-01,06,Appartement,4786.0,227010.0,4618
2025-01-01,06,Appartement,4802.0,225000.0,4650
2025-04-01,06,Appartement,4772.0,227000.0,5061
2025-07-01,06,Appartement,4891.0,232750.0,5099
2025-10-01,06,Appartement,4914.0,230900.0,5137
2021-01-01,06,Ensemble,4182.0,213672.0,5610
2021-04-01,06,Ensemble,4188.0,213700.0,6769
2021-07-01,06,Ensemble,4294.0,223680.0,6963
2021-10-01,06,Ensemble,4375.0,226500.0,6543
2022-01-01,06,Ensemble,4432.0,227000.0,6575
2022-04-01,06,Ensemble,4478.0,225085.0,7564
2022-07-01,06,Ensemble,4622.0,235000.0,7196
2022-10-01,06,Ensemble,4659.0,232860.0,6277
2023-01-01,06,Ensemble,4713.0,230000.0,5930
2023-04-01,06,Ensemble,4717.0,230000.0,6205
2023-07-01,06,Ensemble,4753.0,235000.0,5558
2023-10-01,06,Ensemble,4653.0,225000.0,4998
2024-01-01,06,Ensemble,4722.0,226500.0,4451
2024-04-01,06,Ensemble,4737.0,230000.0,4965
2024-07-01,06,Ensemble,4787.0,239000.0,5199
2024-10-01,06,Ensemble,4828.0,240000.0,5211
2025-01-01,06,Ensemble,4840.0,237500.0,5143
2025-04-01,06,Ensemble,4808.0,237080.0,5586
2025-07-01,06,Ensemble,4926.0,246050.0,5755
2025-10-01,06,Ensemble,4950.0,241490.0,5748
2021-01-01,06,Maison,4663.0,425550.0,688
2021-04-01,06,Maison,4578.0,415000.0,762
2021-07-01,06,Maison,4694.0,423000.0,871
2021-10-01,06,Maison,4800.0,435000.0,805
2022-01-01,06,Maison,4976.0,455000.0,697
2022-04-01,06,Maison,5095.0,450000.0,734
2022-07-01,06,Maison,5322.0,460000.0,826
2022-10-01,06,Maison,5054.0,450000.0,702
2023-01-01,06,Maison,5266.0,445000.0,580
2023-04-01,06,Maison,5201.0,450000.0,613
2023-07-01,06,Maison,5243.0,450000.0,584
2023-10-01,06,Maison,4894.0,430000.0,541
2024-01-01,06,Maison,4973.0,450000.0,452
2024-04-01,06,Maison,5302.0,420000.0,477
2024-07-01,06,Maison,5114.0,437540.0,573
2024-10-01,06,Maison,5258.0,463500.0,593
2025-01-01,06,Maison,5320.0,460000.0,493
2025-04-01,06,Maison,5244.0,473000.0,525
2025-07-01,06,Maison,5295.0,470450.0,656
2025-10-01,06,Maison,5183.0,462500.0,611
2021-01-01,07,Appartement,1280.0,81500.0,222
2021-04-01,07,Appartement,1377.0,90000.0,286
2021-07-01,07,Appartement,1471.0,99500.0,283
2021-10-01,07,Appartement,1405.0,86750.0,262
2022-01-01,07,Appartement,1419.0,100500.0,265
2022-04-01,07,Appartement,1500.0,95000.0,293
2022-07-01,07,Appartement,1439.0,92000.0,260
2022-10-01,07,Appartement,1550.0,95000.0,299
2023-01-01,07,Appartement,1582.0,98875.0,228
2023-04-01,07,Appartement,1564.0,107000.0,260
2023-07-01,07,Appartement,1600.0,95000.0,240
2023-10-01,07,Appartement,1518.0,100000.0,223
2024-01-01,07,Appartement,1494.0,89350.0,185
2024-04-01,07,Appartement,1577.0,105000.0,200
2024-07-01,07,Appartement,1524.0,92000.0,239
2024-10-01,07,Appartement,1700.0,106000.0,255
2025-01-01,07,Appartement,1559.0,99200.0,224
2025-04-01,07,Appartement,1508.0,88500.0,230
2025-07-01,07,Appartement,1583.0,109000.0,241
2025-10-01,07,Appartement,1557.0,101825.0,236
2021-01-01,07,Ensemble,1654.0,130000.0,964
2021-04-01,07,Ensemble,1702.0,140000.0,1151
2021-07-01,07,Ensemble,1833.0,150000.0,1210
2021-10-01,07,Ensemble,1769.0,142300.0,1159
2022-01-01,07,Ensemble,1841.0,143815.0,1030
2022-04-01,07,Ensemble,1923.0,150000.0,1112
2022-07-01,07,Ensemble,1940.0,165000.0,1074
2022-10-01,07,Ensemble,1939.0,150000.0,1073
2023-01-01,07,Ensemble,1882.0,142175.0,863
2023-04-01,07,Ensemble,1905.0,150000.0,890
2023-07-01,07,Ensemble,1912.0,157900.0,923
2023-10-01,07,Ensemble,1875.0,147000.0,805
2024-01-01,07,Ensemble,1837.0,140000.0,704
2024-04-01,07,Ensemble,1906.0,152560.0,704
2024-07-01,07,Ensemble,1942.0,147750.0,880
2024-10-01,07,Ensemble,2025.0,160000.0,894
2025-01-01,07,Ensemble,1892.0,152000.0,741
2025-04-01,07,Ensemble,1867.0,145000.0,789
2025-07-01,07,Ensemble,1963.0,157800.0,977
2025-10-01,07,Ensemble,1957.0,155000.0,952
2021-01-01,07,Maison,1758.0,149000.0,742
2021-04-01,07,Maison,1833.0,166900.0,865
2021-07-01,07,Maison,1935.0,174800.0,927
2021-10-01,07,Maison,1875.0,162500.0,897
2022-01-01,07,Maison,2000.0,172000.0,765
2022-04-01,07,Maison,2077.0,180000.0,819
2022-07-01,07,Maison,2116.0,193000.0,814
2022-10-01,07,Maison,2099.0,185000.0,774
2023-01-01,07,Maison,2071.0,172475.0,635
2023-04-01,07,Maison,2080.0,180000.0,630
2023-07-01,07,Maison,2055.0,185000.0,683
2023-10-01,07,Maison,2042.0,175435.0,582
2024-01-01,07,Maison,2108.0,176200.0,519
2024-04-01,07,Maison,2106.0,180000.0,504
2024-07-01,07,Maison,2091.0,176870.0,641
2024-10-01,07,Maison,2143.0,185000.0,639
2025-01-01,07,Maison,2041.0,183000.0,517
2025-04-01,07,Maison,2042.0,177750.0,559
2025-07-01,07,Maison,2097.0,183735.0,736
2025-10-01,07,Maison,2189.0,190000.0,716
2021-01-01,08,Appartement,1000.0,59575.0,112
2021-04-01,08,Appartement,985.0,60000.0,141
2021-07-01,08,Appartement,1104.0,68000.0,153
2021-10-01,08,Appartement,1028.0,61000.0,123
2022-01-01,08,Appartement,1000.0,57500.0,125
2022-04-01,08,Appartement,1121.0,70000.0,160
2022-07-01,08,Appartement,1015.0,61405.0,154
2022-10-01,08,Appartement,1019.0,63600.0,133
2023-01-01,08,Appartement,1165.0,67000.0,113
2023-04-01,08,Appartement,1103.0,65000.0,145
2023-07-01,08,Appartement,1062.0,64500.0,122
2023-10-01,08,Appartement,1075.0,70750.0,118
2024-01-01,08,Appartement,971.0,52000.0,107
2024-04-01,08,Appartement,992.0,60000.0,106
2024-07-01,08,Appartement,1163.0,70000.0,115
2024-10-01,08,Appartement,1042.0,60000.0,111
2025-01-01,08,Appartement,1135.0,65000.0,109
2025-04-01,08,Appartement,1099.0,71200.0,115
2025-07-01,08,Appartement,1200.0,65000.0,121
2025-10-01,08,Appartement,1150.0,72000.0,117
2021-01-01,08,Ensemble,1042.0,93000.0,633
2021-04-01,08,Ensemble,1101.0,100000.0,791
2021-07-01,08,Ensemble,1112.0,99720.0,867
2021-10-01,08,Ensemble,1104.0,100000.0,814
2022-01-01,08,Ensemble,1088.0,90250.0,672
2022-04-01,08,Ensemble,1125.0,100000.0,789
2022-07-01,08,Ensemble,1206.0,110000.0,799
2022-10-01,08,Ensemble,1164.0,98000.0,778
2023-01-01,08,Ensemble,1179.0,100250.0,666
2023-04-01,08,Ensemble,1194.0,100000.0,717
2023-07-01,08,Ensemble,1203.0,105000.0,677
2023-10-01,08,Ensemble,1164.0,104500.0,729
2024-01-01,08,Ensemble,1059.0,82000.0,533
2024-04-01,08,Ensemble,1174.0,100250.0,558
2024-07-01,08,Ensemble,1217.0,105000.0,707
2024-10-01,08,Ensemble,1150.0,100000.0,712
2025-01-01,08,Ensemble,1211.0,101640.0,543
2025-04-01,08,Ensemble,1244.0,110000.0,663
2025-07-01,08,Ensemble,1250.0,110000.0,692
2025-10-01,08,Ensemble,1282.0,115000.0,743
2021-01-01,08,Maison,1056.0,104000.0,521
2021-04-01,08,Maison,1143.0,112500.0,650
2021-07-01,08,Maison,1119.0,110000.0,714
2021-10-01,08,Maison,1136.0,110000.0,691
2022-01-01,08,Maison,1116.0,102000.0,547
2022-04-01,08,Maison,1125.0,110000.0,629
2022-07-01,08,Maison,1250.0,122000.0,645
2022-10-01,08,Maison,1191.0,106000.0,645
2023-01-01,08,Maison,1186.0,110000.0,553
2023-04-01,08,Maison,1233.0,112750.0,572
2023-07-01,08,Maison,1250.0,115000.0,555
2023-10-01,08,Maison,1200.0,114000.0,611
2024-01-01,08,Maison,1089.0,96950.0,426
2024-04-01,08,Maison,1219.0,111450.0,452
2024-07-01,08,Maison,1238.0,118700.0,592
2024-10-01,08,Maison,1197.0,110500.0,601
2025-01-01,08,Maison,1261.0,112650.0,434
2025-04-01,08,Maison,1276.0,120000.0,548
2025-07-01,08,Maison,1278.0,120000.0,571
2025-10-01,08,Maison,1316.0,123740.0,626
2021-01-01,09,Appartement,1167.0,60000.0,105
2021-04-01,09,Appartement,1386.0,61930.0,120
2021-07-01,09,Appartement,1445.0,67750.0,118
2021-10-01,09,Appartement,1394.0,68000.0,97
2022-01-01,09,Appartement,1518.0,63000.0,103
2022-04-01,09,Appartement,1432.0,66500.0,114
2022-07-01,09,Appartement,1451.0,68000.0,102
2022-10-01,09,Appartement,1365.0,59990.0,123
2023-01-01,09,Appartement,1476.0,63350.0,103
2023-04-01,09,Appartement,1519.0,65500.0,100
2023-07-01,09,Appartement,1601.0,72500.0,82
2023-10-01,09,Appartement,1460.0,66000.0,93
2024-01-01,09,Appartement,1576.0,74425.0,60
2024-04-01,09,Appartement,1536.0,63500.0,81
2024-07-01,09,Appartement,1545.0,65000.0,85
2024-10-01,09,Appartement,1462.0,68760.0,95
2025-01-01,09,Appartement,1484.0,69800.0,69
2025-04-01,09,Appartement,1438.0,67540.0,97
2025-07-01,09,Appartement,1722.0,72900.0,70
2025-10-01,09,Appartement,1488.0,79105.0,81
2021-01-01,09,Ensemble,1216.0,90000.0,671
2021-04-01,09,Ensemble,1250.0,92000.0,741
2021-07-01,09,Ensemble,1307.0,100000.0,790
2021-10-01,09,Ensemble,1341.0,100000.0,721
2022-01-01,09,Ensemble,1361.0,110000.0,622
2022-04-01,09,Ensemble,1412.0,106250.0,727
2022-07-01,09,Ensemble,1460.0,119000.0,695
2022-10-01,09,Ensemble,1471.0,101712.0,648
2023-01-01,09,Ensemble,1430.0,99625.0,594
2023-04-01,09,Ensemble,1498.0,110000.0,569
2023-07-01,09,Ensemble,1445.0,113225.0,538
2023-10-01,09,Ensemble,1457.0,107800.0,561
2024-01-01,09,Ensemble,1446.0,105000.0,419
2024-04-01,09,Ensemble,1477.0,108045.0,504
2024-07-01,09,Ensemble,1502.0,117480.0,522
2024-10-01,09,Ensemble,1481.0,114000.0,593
2025-01-01,09,Ensemble,1431.0,110000.0,464
2025-04-01,09,Ensemble,1451.0,110000.0,513
2025-07-01,09,Ensemble,1577.0,128435.0,528
2025-10-01,09,Ensemble,1385.0,110000.0,535
2021-01-01,09,Maison,1221.0,100000.0,566
2021-04-01,09,Maison,1221.0,100900.0,621
2021-07-01,09,Maison,1272.0,110000.0,672
2021-10-01,09,Maison,1324.0,111270.0,624
2022-01-01,09,Maison,1333.0,120000.0,519
2022-04-01,09,Maison,1409.0,119000.0,613
2022-07-01,09,Maison,1462.0,133500.0,593
2022-10-01,09,Maison,1496.0,120000.0,525
2023-01-01,09,Maison,1411.0,112000.0,491
2023-04-01,09,Maison,1481.0,123000.0,469
2023-07-01,09,Maison,1416.0,123050.0,456
2023-10-01,09,Maison,1455.0,119775.0,468
2024-01-01,09,Maison,1382.0,111990.0,359
2024-04-01,09,Maison,1444.0,122000.0,423
2024-07-01,09,Maison,1500.0,129000.0,437
2024-10-01,09,Maison,1494.0,128285.0,498
2025-01-01,09,Maison,1428.0,119900.0,395
2025-04-01,09,Maison,1459.0,128005.0,416
2025-07-01,09,Maison,1536.0,137738.0,458
2025-10-01,09,Maison,1375.0,120000.0,454
2021-01-01,10,Appartement,1404.0,80000.0,345
2021-04-01,10,Appartement,1459.0,78000.0,422
2021-07-01,10,Appartement,1575.0,85000.0,459
2021-10-01,10,Appartement,1531.0,83000.0,393
2022-01-01,10,Appartement,1623.0,87500.0,350
2022-04-01,10,Appartement,1587.0,85000.0,408
2022-07-01,10,Appartement,1693.0,93350.0,492
2022-10-01,10,Appartement,1668.0,83000.0,351
2023-01-01,10,Appartement,1664.0,86000.0,299
2023-04-01,10,Appartement,1623.0,86600.0,330
2023-07-01,10,Appartement,1630.0,87000.0,310
2023-10-01,10,Appartement,1581.0,84038.0,330
2024-01-01,10,Appartement,1525.0,78000.0,230
2024-04-01,10,Appartement,1529.0,78000.0,279
2024-07-01,10,Appartement,1519.0,83000.0,324
2024-10-01,10,Appartement,1542.0,80000.0,313
2025-01-01,10,Appartement,1500.0,80000.0,295
2025-04-01,10,Appartement,1532.0,80000.0,320
2025-07-01,10,Appartement,1507.0,78000.0,325
2025-10-01,10,Appartement,1481.0,76715.0,218
2021-01-01,10,Ensemble,1394.0,104000.0,926
2021-04-01,10,Ensemble,1451.0,110000.0,1176
2021-07-01,10,Ensemble,1532.0,118000.0,1294
2021-10-01,10,Ensemble,1469.0,110000.0,1131
2022-01-01,10,Ensemble,1587.0,117000.0,966
2022-04-01,10,Ensemble,1573.0,117500.0,1087
2022-07-01,10,Ensemble,1643.0,120000.0,1171
2022-10-01,10,Ensemble,1554.0,110650.0,992
2023-01-01,10,Ensemble,1624.0,115000.0,782
2023-04-01,10,Ensemble,1619.0,120000.0,872
2023-07-01,10,Ensemble,1600.0,120000.0,887
2023-10-01,10,Ensemble,1538.0,108000.0,833
2024-01-01,10,Ensemble,1493.0,106000.0,615
2024-04-01,10,Ensemble,1500.0,110000.0,750
2024-07-01,10,Ensemble,1481.0,109350.0,881
2024-10-01,10,Ensemble,1468.0,108000.0,876
2025-01-01,10,Ensemble,1466.0,105000.0,745
2025-04-01,10,Ensemble,1533.0,115000.0,803
2025-07-01,10,Ensemble,1507.0,116500.0,981
2025-10-01,10,Ensemble,1502.0,110000.0,654
2021-01-01,10,Maison,1379.0,124200.0,581
2021-04-01,10,Maison,1449.0,135000.0,754
2021-07-01,10,Maison,1500.0,144800.0,835
2021-10-01,10,Maison,1415.0,135000.0,738
2022-01-01,10,Maison,1551.0,143250.0,616
2022-04-01,10,Maison,1536.0,148000.0,679
2022-07-01,10,Maison,1589.0,155000.0,679
2022-10-01,10,Maison,1423.0,140000.0,641
2023-01-01,10,Maison,1585.0,148000.0,483
2023-04-01,10,Maison,1618.0,152500.0,542
2023-07-01,10,Maison,1573.0,145000.0,577
2023-10-01,10,Maison,1484.0,133000.0,503
2024-01-01,10,Maison,1477.0,140000.0,385
2024-04-01,10,Maison,1500.0,136000.0,471
2024-07-01,10,Maison,1444.0,135000.0,557
2024-10-01,10,Maison,1424.0,130000.0,563
2025-01-01,10,Maison,1417.0,127500.0,450
2025-04-01,10,Maison,1539.0,144000.0,483
2025-07-01,10,Maison,1514.0,145000.0,656
2025-10-01,10,Maison,1523.0,145250.0,436
2021-01-01,11,Appartement,1881.0,73000.0,519
2021-04-01,11,Appartement,2041.0,73500.0,691
2021-07-01,11,Appartement,2164.0,71735.0,690
2021-10-01,11,Appartement,2137.0,77000.0,634
2022-01-01,11,Appartement,2161.0,79500.0,623
2022-04-01,11,Appartement,2171.0,81000.0,734
2022-07-01,11,Appartement,2233.0,89743.0,636
2022-10-01,11,Appartement,2222.0,85000.0,595
2023-01-01,11,Appartement,2360.0,88000.0,606
2023-04-01,11,Appartement,2272.0,89900.0,597
2023-07-01,11,Appartement,2029.0,86700.0,550
2023-10-01,11,Appartement,2277.0,88400.0,499
2024-01-01,11,Appartement,2104.0,88000.0,423
2024-04-01,11,Appartement,2278.0,88000.0,497
2024-07-01,11,Appartement,2337.0,86625.0,470
2024-10-01,11,Appartement,2103.0,85500.0,489
2025-01-01,11,Appartement,2408.0,91150.0,508
2025-04-01,11,Appartement,2313.0,87795.0,540
2025-07-01,11,Appartement,2282.0,92150.0,510
2025-10-01,11,Appartement,2300.0,95000.0,578
2021-01-01,11,Ensemble,1670.0,109970.0,1725
2021-04-01,11,Ensemble,1743.0,113000.0,2255
2021-07-01,11,Ensemble,1802.0,118630.0,2383
2021-10-01,11,Ensemble,1798.0,117700.0,2215
2022-01-01,11,Ensemble,1816.0,116000.0,2010
2022-04-01,11,Ensemble,1842.0,118000.0,2277
2022-07-01,11,Ensemble,1917.0,131000.0,2181
2022-10-01,11,Ensemble,1927.0,120750.0,1984
2023-01-01,11,Ensemble,1926.0,120000.0,1797
2023-04-01,11,Ensemble,1938.0,120000.0,1770
2023-07-01,11,Ensemble,1895.0,122000.0,1749
2023-10-01,11,Ensemble,1837.0,120000.0,1645
2024-01-01,11,Ensemble,1806.0,117000.0,1395
2024-04-01,11,Ensemble,1887.0,120000.0,1563
2024-07-01,11,Ensemble,1933.0,128000.0,1713
2024-10-01,11,Ensemble,1900.0,130000.0,1700
2025-01-01,11,Ensemble,1930.0,123000.0,1515
2025-04-01,11,Ensemble,1922.0,126000.0,1639
2025-07-01,11,Ensemble,1932.0,132000.0,1719
2025-10-01,11,Ensemble,1893.0,127628.0,1890
2021-01-01,11,Maison,1571.0,133500.0,1206
2021-04-01,11,Maison,1645.0,137075.0,1564
2021-07-01,11,Maison,1713.0,145000.0,1693
2021-10-01,11,Maison,1672.0,144520.0,1581
2022-01-01,11,Maison,1666.0,140000.0,1387
2022-04-01,11,Maison,1702.0,147000.0,1543
2022-07-01,11,Maison,1824.0,155000.0,1545
2022-10-01,11,Maison,1787.0,148820.0,1389
2023-01-01,11,Maison,1742.0,148000.0,1191
2023-04-01,11,Maison,1796.0,152800.0,1173
2023-07-01,11,Maison,1727.0,151000.0,1199
2023-10-01,11,Maison,1749.0,144000.0,1146
2024-01-01,11,Maison,1705.0,139050.0,972
2024-04-01,11,Maison,1736.0,140728.0,1066
2024-07-01,11,Maison,1805.0,151000.0,1243
2024-10-01,11,Maison,1836.0,152900.0,1211
2025-01-01,11,Maison,1727.0,147000.0,1007
2025-04-01,11,Maison,1808.0,153000.0,1099
2025-07-01,11,Maison,1821.0,156750.0,1209
2025-10-01,11,Maison,1763.0,145832.0,1312
2021-01-01,12,Appartement,1729.0,97550.0,255
2021-04-01,12,Appartement,1700.0,92500.0,311
2021-07-01,12,Appartement,1682.0,98000.0,319
2021-10-01,12,Appartement,1662.0,98000.0,294
2022-01-01,12,Appartement,1737.0,100000.0,286
2022-04-01,12,Appartement,1753.0,102400.0,341
2022-07-01,12,Appartement,1894.0,105000.0,333
2022-10-01,12,Appartement,1867.0,100000.0,292
2023-01-01,12,Appartement,1791.0,105000.0,257
2023-04-01,12,Appartement,1857.0,107000.0,301
2023-07-01,12,Appartement,1857.0,100000.0,289
2023-10-01,12,Appartement,1745.0,89175.0,202
2024-01-01,12,Appartement,1750.0,92000.0,199
2024-04-01,12,Appartement,1734.0,109000.0,204
2024-07-01,12,Appartement,1867.0,99600.0,267
2024-10-01,12,Appartement,1857.0,97805.0,221
2025-01-01,12,Appartement,1818.0,104900.0,227
2025-04-01,12,Appartement,1941.0,110175.0,266
2025-07-01,12,Appartement,1941.0,110000.0,265
2025-10-01,12,Appartement,1954.0,110000.0,250
2021-01-01,12,Ensemble,1378.0,102000.0,877
2021-04-01,12,Ensemble,1444.0,102000.0,966
2021-07-01,12,Ensemble,1462.0,110000.0,1097
2021-10-01,12,Ensemble,1403.0,105000.0,993
2022-01-01,12,Ensemble,1447.0,104600.0,865
2022-04-01,12,Ensemble,1522.0,114000.0,957
2022-07-01,12,Ensemble,1590.0,116208.0,1006
2022-10-01,12,Ensemble,1532.0,110000.0,1023
2023-01-01,12,Ensemble,1589.0,115000.0,763
2023-04-01,12,Ensemble,1584.0,116725.0,858
2023-07-01,12,Ensemble,1625.0,115800.0,875
2023-10-01,12,Ensemble,1469.0,110000.0,787
2024-01-01,12,Ensemble,1462.0,105000.0,649
2024-04-01,12,Ensemble,1509.0,115000.0,644
2024-07-01,12,Ensemble,1589.0,119300.0,803
2024-10-01,12,Ensemble,1496.0,113500.0,774
2025-01-01,12,Ensemble,1646.0,120000.0,715
2025-04-01,12,Ensemble,1667.0,119500.0,724
2025-07-01,12,Ensemble,1615.0,121470.0,837
2025-10-01,12,Ensemble,1611.0,125000.0,867
2021-01-01,12,Maison,1237.0,108650.0,622
2021-04-01,12,Maison,1316.0,113500.0,655
2021-07-01,12,Maison,1321.0,119750.0,778
2021-10-01,12,Maison,1250.0,110000.0,699
2022-01-01,12,Maison,1281.0,108000.0,579
2022-04-01,12,Maison,1310.0,120000.0,616
2022-07-01,12,Maison,1417.0,126000.0,673
2022-10-01,12,Maison,1364.0,119500.0,731
2023-01-01,12,Maison,1446.0,124275.0,506
2023-04-01,12,Maison,1397.0,123000.0,557
2023-07-01,12,Maison,1455.0,126000.0,586
2023-10-01,12,Maison,1373.0,119000.0,585
2024-01-01,12,Maison,1350.0,115000.0,450
2024-04-01,12,Maison,1364.0,124500.0,440
2024-07-01,12,Maison,1433.0,132100.0,536
2024-10-01,12,Maison,1352.0,120000.0,553
2025-01-01,12,Maison,1531.0,134220.0,488
2025-04-01,12,Maison,1429.0,125200.0,458
2025-07-01,12,Maison,1440.0,130000.0,572
2025-10-01,12,Maison,1455.0,135000.0,617
2021-01-01,13,Appartement,2897.0,155000.0,4609
2021-04-01,13,Appartement,3000.0,161200.0,5638
2021-07-01,13,Appartement,3080.0,165000.0,5805
2021-10-01,13,Appartement,3036.0,160000.0,4940
2022-01-01,13,Appartement,3160.0,168000.0,4935
2022-04-01,13,Appartement,3231.0,170975.0,5846
2022-07-01,13,Appartement,3340.0,176000.0,5589
2022-10-01,13,Appartement,3343.0,173000.0,4776
2023-01-01,13,Appartement,3330.0,175100.0,4417
2023-04-01,13,Appartement,3365.0,174025.0,4532
2023-07-01,13,Appartement,3392.0,177060.0,4154
2023-10-01,13,Appartement,3277.0,169000.0,3625
2024-01-01,13,Appartement,3256.0,165000.0,3234
2024-04-01,13,Appartement,3230.0,167557.0,3696
2024-07-01,13,Appartement,3311.0,172900.0,3931
2024-10-01,13,Appartement,3269.0,170000.0,3771
2025-01-01,13,Appartement,3321.0,174000.0,3800
2025-04-01,13,Appartement,3328.0,176570.0,4517
2025-07-01,13,Appartement,3417.0,185000.0,4582
2025-10-01,13,Appartement,3334.0,178275.0,4254
2021-01-01,13,Ensemble,3133.0,190000.0,6725
2021-04-01,13,Ensemble,3222.0,199420.0,8099
2021-07-01,13,Ensemble,3387.0,213000.0,8735
2021-10-01,13,Ensemble,3295.0,200000.0,7169
2022-01-01,13,Ensemble,3402.0,205000.0,6973
2022-04-01,13,Ensemble,3450.0,207000.0,8124
2022-07-01,13,Ensemble,3621.0,225000.0,8092
2022-10-01,13,Ensemble,3617.0,215000.0,6751
2023-01-01,13,Ensemble,3568.0,214000.0,6194
2023-04-01,13,Ensemble,3623.0,212250.0,6272
2023-07-01,13,Ensemble,3665.0,220000.0,5979
2023-10-01,13,Ensemble,3500.0,206000.0,5089
2024-01-01,13,Ensemble,3483.0,204845.0,4540
2024-04-01,13,Ensemble,3457.0,203950.0,5134
2024-07-01,13,Ensemble,3575.0,220000.0,5767
2024-10-01,13,Ensemble,3522.0,215000.0,5481
2025-01-01,13,Ensemble,3512.0,212000.0,5427
2025-04-01,13,Ensemble,3509.0,215000.0,6358
2025-07-01,13,Ensemble,3632.0,228000.0,6709
2025-10-01,13,Ensemble,3600.0,220000.0,6162
2021-01-01,13,Maison,3611.0,319000.0,2116
2021-04-01,13,Maison,3674.0,340000.0,2461
2021-07-01,13,Maison,3893.0,352155.0,2930
2021-10-01,13,Maison,3944.0,352000.0,2229
2022-01-01,13,Maison,3907.0,350000.0,2038
2022-04-01,13,Maison,4023.0,359000.0,2278
2022-07-01,13,Maison,4275.0,382975.0,2503
2022-10-01,13,Maison,4240.0,370000.0,1975
2023-01-01,13,Maison,4148.0,367000.0,1777
2023-04-01,13,Maison,4199.0,370500.0,1740
2023-07-01,13,Maison,4288.0,380250.0,1825
2023-10-01,13,Maison,4148.0,358981.0,1464
2024-01-01,13,Maison,4064.0,353835.0,1306
2024-04-01,13,Maison,3932.0,350000.0,1438
2024-07-01,13,Maison,4086.0,365000.0,1836
2024-10-01,13,Maison,4000.0,350000.0,1710
2025-01-01,13,Maison,3977.0,347500.0,1627
2025-04-01,13,Maison,3982.0,355000.0,1841
2025-07-01,13,Maison,4001.0,370000.0,2127
2025-10-01,13,Maison,4130.0,360000.0,1908
2021-01-01,14,Appartement,2756.0,118800.0,1189
2021-04-01,14,Appartement,2879.0,120000.0,1526
2021-07-01,14,Appartement,3000.0,128000.0,1502
2021-10-01,14,Appartement,2987.0,125950.0,1376
2022-01-01,14,Appartement,3161.0,133500.0,1266
2022-04-01,14,Appartement,3085.0,136000.0,1459
2022-07-01,14,Appartement,3145.0,135000.0,1487
2022-10-01,14,Appartement,3312.0,141000.0,1249
2023-01-01,14,Appartement,3205.0,137561.0,1150
2023-04-01,14,Appartement,3136.0,134000.0,1168
2023-07-01,14,Appartement,3214.0,135300.0,1122
2023-10-01,14,Appartement,3254.0,140000.0,1108
2024-01-01,14,Appartement,3228.0,137500.0,908
2024-04-01,14,Appartement,3225.0,135000.0,1072
2024-07-01,14,Appartement,3082.0,133000.0,1123
2024-10-01,14,Appartement,3094.0,135250.0,1143
2025-01-01,14,Appartement,3214.0,138102.0,952
2025-04-01,14,Appartement,3162.0,138000.0,1145
2025-07-01,14,Appartement,3266.0,138246.0,1188
2025-10-01,14,Appartement,3276.0,137272.0,1052
2021-01-01,14,Ensemble,2447.0,155000.0,2380
2021-04-01,14,Ensemble,2530.0,159995.0,3152
2021-07-01,14,Ensemble,2581.0,170000.0,3276
2021-10-01,14,Ensemble,2672.0,164000.0,2881
2022-01-01,14,Ensemble,2756.0,170000.0,2575
2022-04-01,14,Ensemble,2729.0,170200.0,2868
2022-07-01,14,Ensemble,2806.0,175000.0,3091
2022-10-01,14,Ensemble,2881.0,176000.0,2581
2023-01-01,14,Ensemble,2810.0,170300.0,2263
2023-04-01,14,Ensemble,2762.0,175000.0,2333
2023-07-01,14,Ensemble,2821.0,179488.0,2364
2023-10-01,14,Ensemble,2809.0,171000.0,2235
2024-01-01,14,Ensemble,2785.0,170000.0,1748
2024-04-01,14,Ensemble,2759.0,170000.0,2112
2024-07-01,14,Ensemble,2746.0,177000.0,2314
2024-10-01,14,Ensemble,2738.0,164000.0,2346
2025-01-01,14,Ensemble,2758.0,178700.0,1996
2025-04-01,14,Ensemble,2803.0,176540.0,2326
2025-07-01,14,Ensemble,2874.0,184032.0,2541
2025-10-01,14,Ensemble,2800.0,176000.0,2190
2021-01-01,14,Maison,2177.0,200000.0,1191
2021-04-01,14,Maison,2271.0,210000.0,1626
2021-07-01,14,Maison,2342.0,217350.0,1774
2021-10-01,14,Maison,2447.0,215600.0,1505
2022-01-01,14,Maison,2450.0,210000.0,1309
2022-04-01,14,Maison,2489.0,220500.0,1409
2022-07-01,14,Maison,2566.0,234850.0,1604
2022-10-01,14,Maison,2573.0,225000.0,1332
2023-01-01,14,Maison,2503.0,225000.0,1113
2023-04-01,14,Maison,2546.0,227000.0,1165
2023-07-01,14,Maison,2571.0,226890.0,1242
2023-10-01,14,Maison,2441.0,218765.0,1127
2024-01-01,14,Maison,2472.0,220705.0,840
2024-04-01,14,Maison,2474.0,220000.0,1040
2024-07-01,14,Maison,2491.0,229500.0,1191
2024-10-01,14,Maison,2455.0,212500.0,1203
2025-01-01,14,Maison,2488.0,227625.0,1044
2025-04-01,14,Maison,2520.0,227050.0,1181
2025-07-01,14,Maison,2599.0,240000.0,1353
2025-10-01,14,Maison,2526.0,220000.0,1138
2021-01-01,15,Appartement,1108.0,66000.0,117
2021-04-01,15,Appartement,1263.0,79200.0,143
2021-07-01,15,Appartement,1219.0,72750.0,150
2021-10-01,15,Appartement,1252.0,66875.0,166
2022-01-01,15,Appartement,1200.0,68000.0,129
2022-04-01,15,Appartement,1254.0,78500.0,145
2022-07-01,15,Appartement,1333.0,78000.0,163
2022-10-01,15,Appartement,1447.0,75000.0,145
2023-01-01,15,Appartement,1271.0,71951.0,118
2023-04-01,15,Appartement,1235.0,75000.0,129
2023-07-01,15,Appartement,1356.0,77900.0,115
2023-10-01,15,Appartement,1311.0,75000.0,119
2024-01-01,15,Appartement,1211.0,68421.0,75
2024-04-01,15,Appartement,1275.0,70625.0,104
2024-07-01,15,Appartement,1252.0,75500.0,116
2024-10-01,15,Appartement,1395.0,68160.0,123
2025-01-01,15,Appartement,1218.0,70750.0,102
2025-04-01,15,Appartement,1396.0,76500.0,136
2025-07-01,15,Appartement,1328.0,73150.0,120
2025-10-01,15,Appartement,1392.0,73718.0,128
2021-01-01,15,Ensemble,1107.0,80000.0,394
2021-04-01,15,Ensemble,1119.0,85000.0,540
2021-07-01,15,Ensemble,1133.0,84000.0,541
2021-10-01,15,Ensemble,1129.0,80000.0,559
2022-01-01,15,Ensemble,1159.0,90000.0,463
2022-04-01,15,Ensemble,1185.0,82825.0,494
2022-07-01,15,Ensemble,1332.0,97150.0,534
2022-10-01,15,Ensemble,1369.0,95900.0,493
2023-01-01,15,Ensemble,1273.0,92500.0,422
2023-04-01,15,Ensemble,1220.0,87000.0,401
2023-07-01,15,Ensemble,1304.0,90000.0,419
2023-10-01,15,Ensemble,1154.0,85500.0,424
2024-01-01,15,Ensemble,1247.0,89000.0,313
2024-04-01,15,Ensemble,1231.0,89045.0,346
2024-07-01,15,Ensemble,1226.0,91828.0,376
2024-10-01,15,Ensemble,1273.0,90125.0,446
2025-01-01,15,Ensemble,1313.0,110000.0,344
2025-04-01,15,Ensemble,1281.0,92500.0,457
2025-07-01,15,Ensemble,1324.0,101400.0,407
2025-10-01,15,Ensemble,1277.0,88100.0,459
2021-01-01,15,Maison,1101.0,90000.0,277
2021-04-01,15,Maison,1036.0,90500.0,397
2021-07-01,15,Maison,1077.0,96730.0,391
2021-10-01,15,Maison,1094.0,95000.0,393
2022-01-01,15,Maison,1137.0,100000.0,334
2022-04-01,15,Maison,1128.0,90000.0,349
2022-07-01,15,Maison,1321.0,117000.0,371
2022-10-01,15,Maison,1308.0,116000.0,348
2023-01-01,15,Maison,1278.0,105000.0,304
2023-04-01,15,Maison,1205.0,102500.0,272
2023-07-01,15,Maison,1227.0,114005.0,304
2023-10-01,15,Maison,1092.0,93000.0,305
2024-01-01,15,Maison,1267.0,100650.0,238
2024-04-01,15,Maison,1190.0,100000.0,242
2024-07-01,15,Maison,1152.0,104931.0,260
2024-10-01,15,Maison,1219.0,108000.0,323
2025-01-01,15,Maison,1340.0,121900.0,242
2025-04-01,15,Maison,1222.0,105000.0,321
2025-07-01,15,Maison,1317.0,119000.0,287
2025-10-01,15,Maison,1145.0,98300.0,331
2021-01-01,16,Appartement,1374.0,73500.0,130
2021-04-01,16,Appartement,1366.0,74125.0,142
2021-07-01,16,Appartement,1429.0,71000.0,138
2021-10-01,16,Appartement,1491.0,75250.0,102
2022-01-01,16,Appartement,1604.0,80000.0,137
2022-04-01,16,Appartement,1623.0,79000.0,143
2022-07-01,16,Appartement,1568.0,77250.0,158
2022-10-01,16,Appartement,1678.0,84500.0,116
2023-01-01,16,Appartement,1633.0,80000.0,121
2023-04-01,16,Appartement,1672.0,82000.0,125
2023-07-01,16,Appartement,1611.0,86050.0,122
2023-10-01,16,Appartement,1702.0,79000.0,111
2024-01-01,16,Appartement,1712.0,84000.0,63
2024-04-01,16,Appartement,1581.0,90000.0,93
2024-07-01,16,Appartement,1585.0,83500.0,102
2024-10-01,16,Appartement,1524.0,80000.0,98
2025-01-01,16,Appartement,1740.0,85000.0,91
2025-04-01,16,Appartement,1564.0,92000.0,92
2025-07-01,16,Appartement,1576.0,82825.0,106
2025-10-01,16,Appartement,1597.0,88000.0,101
2021-01-01,16,Ensemble,1222.0,105098.0,1064
2021-04-01,16,Ensemble,1215.0,105000.0,1259
2021-07-01,16,Ensemble,1358.0,120000.0,1468
2021-10-01,16,Ensemble,1302.0,113000.0,1262
2022-01-01,16,Ensemble,1333.0,114670.0,1245
2022-04-01,16,Ensemble,1447.0,125000.0,1331
2022-07-01,16,Ensemble,1403.0,120000.0,1379
2022-10-01,16,Ensemble,1467.0,125000.0,1225
2023-01-01,16,Ensemble,1396.0,115000.0,1023
2023-04-01,16,Ensemble,1446.0,120000.0,1000
2023-07-01,16,Ensemble,1480.0,125500.0,1002
2023-10-01,16,Ensemble,1421.0,112482.0,980
2024-01-01,16,Ensemble,1343.0,114500.0,702
2024-04-01,16,Ensemble,1370.0,116000.0,812
2024-07-01,16,Ensemble,1408.0,122725.0,1006
2024-10-01,16,Ensemble,1367.0,112050.0,995
2025-01-01,16,Ensemble,1400.0,118000.0,834
2025-04-01,16,Ensemble,1349.0,115000.0,966
2025-07-01,16,Ensemble,1438.0,124020.0,1089
2025-10-01,16,Ensemble,1351.0,119050.0,1093
2021-01-01,16,Maison,1173.0,113250.0,934
2021-04-01,16,Maison,1182.0,113500.0,1117
2021-07-01,16,Maison,1335.0,128000.0,1330
2021-10-01,16,Maison,1276.0,119600.0,1160
2022-01-01,16,Maison,1292.0,120000.0,1108
2022-04-01,16,Maison,1417.0,134000.0,1188
2022-07-01,16,Maison,1353.0,130000.0,1221
2022-10-01,16,Maison,1440.0,130000.0,1109
2023-01-01,16,Maison,1338.0,125000.0,902
2023-04-01,16,Maison,1405.0,127150.0,875
2023-07-01,16,Maison,1455.0,135000.0,880
2023-10-01,16,Maison,1344.0,122000.0,869
2024-01-01,16,Maison,1286.0,120000.0,639
2024-04-01,16,Maison,1330.0,121300.0,719
2024-07-01,16,Maison,1387.0,130000.0,904
2024-10-01,16,Maison,1339.0,120000.0,897
2025-01-01,16,Maison,1360.0,123450.0,743
2025-04-01,16,Maison,1327.0,119150.0,874
2025-07-01,16,Maison,1408.0,130000.0,983
2025-10-01,16,Maison,1303.0,122615.0,992
2021-01-01,17,Appartement,3467.0,146800.0,647
2021-04-01,17,Appartement,3654.0,152150.0,890
2021-07-01,17,Appartement,3691.0,147000.0,783
2021-10-01,17,Appartement,3754.0,155000.0,795
2022-01-01,17,Appartement,3581.0,157000.0,693
2022-04-01,17,Appartement,3913.0,165000.0,792
2022-07-01,17,Appartement,4000.0,170000.0,831
2022-10-01,17,Appartement,4051.0,166000.0,737
2023-01-01,17,Appartement,3830.0,160000.0,656
2023-04-01,17,Appartement,4181.0,166000.0,653
2023-07-01,17,Appartement,4127.0,170614.0,670
2023-10-01,17,Appartement,4047.0,164368.0,588
2024-01-01,17,Appartement,3857.0,167000.0,451
2024-04-01,17,Appartement,3824.0,162400.0,477
2024-07-01,17,Appartement,3944.0,155700.0,621
2024-10-01,17,Appartement,3890.0,161500.0,574
2025-01-01,17,Appartement,4000.0,170000.0,590
2025-04-01,17,Appartement,3722.0,152320.0,564
2025-07-01,17,Appartement,4130.0,165000.0,689
2025-10-01,17,Appartement,3904.0,160000.0,652
2021-01-01,17,Ensemble,2523.0,190000.0,3028
2021-04-01,17,Ensemble,2579.0,195000.0,3837
2021-07-01,17,Ensemble,2597.0,205000.0,3834
2021-10-01,17,Ensemble,2780.0,207860.0,3668
2022-01-01,17,Ensemble,2778.0,210000.0,3025
2022-04-01,17,Ensemble,2840.0,210000.0,3390
2022-07-01,17,Ensemble,2963.0,228547.0,3566
2022-10-01,17,Ensemble,3095.0,219000.0,3065
2023-01-01,17,Ensemble,3000.0,215000.0,2573
2023-04-01,17,Ensemble,3042.0,219362.0,2574
2023-07-01,17,Ensemble,2941.0,215000.0,2620
2023-10-01,17,Ensemble,2941.0,215000.0,2351
2024-01-01,17,Ensemble,2939.0,215000.0,1895
2024-04-01,17,Ensemble,2827.0,210000.0,2030
2024-07-01,17,Ensemble,2960.0,220000.0,2648
2024-10-01,17,Ensemble,2868.0,208800.0,2533
2025-01-01,17,Ensemble,2911.0,215000.0,2443
2025-04-01,17,Ensemble,2764.0,205000.0,2314
2025-07-01,17,Ensemble,2882.0,214125.0,2848
2025-10-01,17,Ensemble,2889.0,206100.0,2808
2021-01-01,17,Maison,2302.0,209000.0,2381
2021-04-01,17,Maison,2336.0,212025.0,2947
2021-07-01,17,Maison,2407.0,222000.0,3051
2021-10-01,17,Maison,2550.0,225000.0,2873
2022-01-01,17,Maison,2591.0,228180.0,2332
2022-04-01,17,Maison,2575.0,232750.0,2598
2022-07-01,17,Maison,2711.0,247000.0,2735
2022-10-01,17,Maison,2819.0,240500.0,2328
2023-01-01,17,Maison,2740.0,240000.0,1917
2023-04-01,17,Maison,2697.0,240025.0,1921
2023-07-01,17,Maison,2689.0,235250.0,1950
2023-10-01,17,Maison,2694.0,231500.0,1763
2024-01-01,17,Maison,2690.0,237283.0,1444
2024-04-01,17,Maison,2593.0,230500.0,1553
2024-07-01,17,Maison,2731.0,242500.0,2027
2024-10-01,17,Maison,2672.0,225000.0,1959
2025-01-01,17,Maison,2656.0,232000.0,1853
2025-04-01,17,Maison,2537.0,222250.0,1750
2025-07-01,17,Maison,2643.0,235000.0,2159
2025-10-01,17,Maison,2666.0,228234.0,2156
2021-01-01,18,Appartement,1220.0,65000.0,167
2021-04-01,18,Appartement,1250.0,68000.0,211
2021-07-01,18,Appartement,1379.0,67000.0,201
2021-10-01,18,Appartement,1297.0,67750.0,196
2022-01-01,18,Appartement,1388.0,76000.0,182
2022-04-01,18,Appartement,1357.0,70000.0,213
2022-07-01,18,Appartement,1401.0,75250.0,210
2022-10-01,18,Appartement,1416.0,70000.0,218
2023-01-01,18,Appartement,1509.0,75000.0,178
2023-04-01,18,Appartement,1385.0,75000.0,141
2023-07-01,18,Appartement,1351.0,70000.0,156
2023-10-01,18,Appartement,1443.0,70000.0,158
2024-01-01,18,Appartement,1340.0,69500.0,122
2024-04-01,18,Appartement,1352.0,67568.0,147
2024-07-01,18,Appartement,1456.0,72000.0,155
2024-10-01,18,Appartement,1325.0,66000.0,150
2025-01-01,18,Appartement,1448.0,63500.0,134
2025-04-01,18,Appartement,1524.0,76500.0,146
2025-07-01,18,Appartement,1469.0,84750.0,160
2025-10-01,18,Appartement,1393.0,74050.0,166
2021-01-01,18,Ensemble,1000.0,76000.0,967
2021-04-01,18,Ensemble,1099.0,81000.0,1109
2021-07-01,18,Ensemble,1165.0,91750.0,1252
2021-10-01,18,Ensemble,1117.0,80000.0,1095
2022-01-01,18,Ensemble,1125.0,84100.0,1027
2022-04-01,18,Ensemble,1185.0,87000.0,1060
2022-07-01,18,Ensemble,1267.0,95238.0,1166
2022-10-01,18,Ensemble,1183.0,88000.0,1071
2023-01-01,18,Ensemble,1187.0,85000.0,919
2023-04-01,18,Ensemble,1136.0,86000.0,878
2023-07-01,18,Ensemble,1211.0,92000.0,913
2023-10-01,18,Ensemble,1115.0,82000.0,856
2024-01-01,18,Ensemble,1125.0,80000.0,717
2024-04-01,18,Ensemble,1121.0,81000.0,806
2024-07-01,18,Ensemble,1247.0,93000.0,924
2024-10-01,18,Ensemble,1094.0,83300.0,873
2025-01-01,18,Ensemble,1171.0,85000.0,718
2025-04-01,18,Ensemble,1237.0,97000.0,817
2025-07-01,18,Ensemble,1250.0,95000.0,900
2025-10-01,18,Ensemble,1208.0,92000.0,967
2021-01-01,18,Maison,950.0,81000.0,800
2021-04-01,18,Maison,1059.0,89750.0,898
2021-07-01,18,Maison,1109.0,100000.0,1051
2021-10-01,18,Maison,1058.0,85500.0,899
2022-01-01,18,Maison,1075.0,88000.0,845
2022-04-01,18,Maison,1141.0,99000.0,847
2022-07-01,18,Maison,1231.0,103000.0,956
2022-10-01,18,Maison,1121.0,95500.0,853
2023-01-01,18,Maison,1114.0,90000.0,741
2023-04-01,18,Maison,1111.0,90000.0,737
2023-07-01,18,Maison,1136.0,99000.0,757
2023-10-01,18,Maison,1042.0,85000.0,698
2024-01-01,18,Maison,1073.0,85000.0,595
2024-04-01,18,Maison,1053.0,88000.0,659
2024-07-01,18,Maison,1211.0,100000.0,769
2024-10-01,18,Maison,1063.0,89100.0,723
2025-01-01,18,Maison,1111.0,90000.0,584
2025-04-01,18,Maison,1160.0,104000.0,671
2025-07-01,18,Maison,1179.0,100000.0,740
2025-10-01,18,Maison,1172.0,97000.0,801
2021-01-01,19,Appartement,1276.0,67000.0,155
2021-04-01,19,Appartement,1304.0,72000.0,207
2021-07-01,19,Appartement,1364.0,72500.0,176
2021-10-01,19,Appartement,1341.0,70000.0,167
2022-01-01,19,Appartement,1333.0,69800.0,176
2022-04-01,19,Appartement,1504.0,76200.0,185
2022-07-01,19,Appartement,1504.0,78000.0,208
2022-10-01,19,Appartement,1538.0,86000.0,189
2023-01-01,19,Appartement,1543.0,78900.0,161
2023-04-01,19,Appartement,1469.0,80400.0,166
2023-07-01,19,Appartement,1473.0,74750.0,168
2023-10-01,19,Appartement,1449.0,79000.0,148
2024-01-01,19,Appartement,1409.0,76450.0,140
2024-04-01,19,Appartement,1490.0,79750.0,160
2024-07-01,19,Appartement,1532.0,79950.0,150
2024-10-01,19,Appartement,1528.0,77500.0,160
2025-01-01,19,Appartement,1676.0,90000.0,158
2025-04-01,19,Appartement,1672.0,85000.0,168
2025-07-01,19,Appartement,1564.0,85000.0,166
2025-10-01,19,Appartement,1444.0,75500.0,204
2021-01-01,19,Ensemble,1214.0,88000.0,707
2021-04-01,19,Ensemble,1234.0,95000.0,843
2021-07-01,19,Ensemble,1321.0,108000.0,810
2021-10-01,19,Ensemble,1330.0,100000.0,759
2022-01-01,19,Ensemble,1299.0,95775.0,704
2022-04-01,19,Ensemble,1359.0,95000.0,778
2022-07-01,19,Ensemble,1415.0,110000.0,868
2022-10-01,19,Ensemble,1400.0,104500.0,829
2023-01-01,19,Ensemble,1424.0,105650.0,633
2023-04-01,19,Ensemble,1367.0,105000.0,655
2023-07-01,19,Ensemble,1448.0,110850.0,676
2023-10-01,19,Ensemble,1382.0,105000.0,638
2024-01-01,19,Ensemble,1369.0,105000.0,535
2024-04-01,19,Ensemble,1429.0,100000.0,561
2024-07-01,19,Ensemble,1389.0,100000.0,683
2024-10-01,19,Ensemble,1402.0,107900.0,652
2025-01-01,19,Ensemble,1464.0,112500.0,639
2025-04-01,19,Ensemble,1459.0,112900.0,630
2025-07-01,19,Ensemble,1443.0,110300.0,682
2025-10-01,19,Ensemble,1366.0,104779.0,741
2021-01-01,19,Maison,1200.0,102500.0,552
2021-04-01,19,Maison,1213.0,110000.0,636
2021-07-01,19,Maison,1312.0,116518.0,634
2021-10-01,19,Maison,1326.0,114450.0,592
2022-01-01,19,Maison,1293.0,110150.0,528
2022-04-01,19,Maison,1306.0,108000.0,593
2022-07-01,19,Maison,1386.0,120000.0,660
2022-10-01,19,Maison,1285.0,112500.0,640
2023-01-01,19,Maison,1360.0,124892.0,472
2023-04-01,19,Maison,1333.0,115000.0,489
2023-07-01,19,Maison,1420.0,130000.0,508
2023-10-01,19,Maison,1349.0,120000.0,490
2024-01-01,19,Maison,1356.0,116000.0,395
2024-04-01,19,Maison,1413.0,117000.0,401
2024-07-01,19,Maison,1353.0,110000.0,533
2024-10-01,19,Maison,1345.0,119650.0,492
2025-01-01,19,Maison,1343.0,120000.0,481
2025-04-01,19,Maison,1384.0,126000.0,462
2025-07-01,19,Maison,1415.0,125000.0,516
2025-10-01,19,Maison,1349.0,118500.0,537
2021-01-01,21,Appartement,2242.0,115000.0,939
2021-04-01,21,Appartement,2336.0,118000.0,1315
2021-07-01,21,Appartement,2471.0,124250.0,1407
2021-10-01,21,Appartement,2425.0,122750.0,1126
2022-01-01,21,Appartement,2440.0,125845.0,1002
2022-04-01,21,Appartement,2534.0,125000.0,1170
2022-07-01,21,Appartement,2618.0,130000.0,1292
2022-10-01,21,Appartement,2643.0,141000.0,1101
2023-01-01,21,Appartement,2546.0,130100.0,906
2023-04-01,21,Appartement,2543.0,128000.0,986
2023-07-01,21,Appartement,2586.0,130000.0,978
2023-10-01,21,Appartement,2500.0,123500.0,770
2024-01-01,21,Appartement,2415.0,120000.0,663
2024-04-01,21,Appartement,2393.0,124300.0,826
2024-07-01,21,Appartement,2484.0,120000.0,994
2024-10-01,21,Appartement,2462.0,123000.0,825
2025-01-01,21,Appartement,2488.0,125000.0,889
2025-04-01,21,Appartement,2488.0,127000.0,857
2025-07-01,21,Appartement,2628.0,129000.0,1015
2025-10-01,21,Appartement,2500.0,128000.0,767
2021-01-01,21,Ensemble,2077.0,132500.0,1802
2021-04-01,21,Ensemble,2159.0,138000.0,2407
2021-07-01,21,Ensemble,2320.0,150000.0,2743
2021-10-01,21,Ensemble,2232.0,142500.0,2208
2022-01-01,21,Ensemble,2250.0,140500.0,1889
2022-04-01,21,Ensemble,2323.0,141900.0,2151
2022-07-01,21,Ensemble,2484.0,160000.0,2545
2022-10-01,21,Ensemble,2450.0,157000.0,2102
2023-01-01,21,Ensemble,2347.0,150000.0,1683
2023-04-01,21,Ensemble,2337.0,145700.0,1799
2023-07-01,21,Ensemble,2425.0,155000.0,1892
2023-10-01,21,Ensemble,2254.0,146500.0,1584
2024-01-01,21,Ensemble,2302.0,145000.0,1282
2024-04-01,21,Ensemble,2256.0,147500.0,1555
2024-07-01,21,Ensemble,2370.0,150750.0,1930
2024-10-01,21,Ensemble,2273.0,148000.0,1701
2025-01-01,21,Ensemble,2357.0,147000.0,1671
2025-04-01,21,Ensemble,2322.0,149000.0,1656
2025-07-01,21,Ensemble,2478.0,160000.0,1968
2025-10-01,21,Ensemble,2333.0,152000.0,1490
2021-01-01,21,Maison,1754.0,174000.0,863
2021-04-01,21,Maison,1902.0,187000.0,1092
2021-07-01,21,Maison,2088.0,208825.0,1336
2021-10-01,21,Maison,1861.0,185900.0,1082
2022-01-01,21,Maison,1943.0,185000.0,887
2022-04-01,21,Maison,1971.0,188300.0,981
2022-07-01,21,Maison,2296.0,223500.0,1253
2022-10-01,21,Maison,2161.0,200000.0,1001
2023-01-01,21,Maison,2070.0,186570.0,777
2023-04-01,21,Maison,1977.0,183500.0,813
2023-07-01,21,Maison,2212.0,215000.0,914
2023-10-01,21,Maison,2021.0,185000.0,814
2024-01-01,21,Maison,2104.0,204000.0,619
2024-04-01,21,Maison,2080.0,190000.0,729
2024-07-01,21,Maison,2174.0,209450.0,936
2024-10-01,21,Maison,2067.0,190000.0,876
2025-01-01,21,Maison,2185.0,204500.0,782
2025-04-01,21,Maison,2150.0,202668.0,799
2025-07-01,21,Maison,2292.0,224000.0,953
2025-10-01,21,Maison,2122.0,200000.0,723
2021-01-01,22,Appartement,1699.0,89510.0,442
2021-04-01,22,Appartement,1762.0,90000.0,586
2021-07-01,22,Appartement,1815.0,100000.0,575
2021-10-01,22,Appartement,2000.0,100000.0,477
2022-01-01,22,Appartement,2024.0,104900.0,503
2022-04-01,22,Appartement,2000.0,106833.0,490
2022-07-01,22,Appartement,2041.0,103500.0,514
2022-10-01,22,Appartement,2182.0,110000.0,490
2023-01-01,22,Appartement,2095.0,110000.0,400
2023-04-01,22,Appartement,2161.0,115600.0,395
2023-07-01,22,Appartement,2153.0,112000.0,410
2023-10-01,22,Appartement,2143.0,110000.0,366
2024-01-01,22,Appartement,2174.0,115000.0,287
2024-04-01,22,Appartement,2339.0,120000.0,365
2024-07-01,22,Appartement,2183.0,113328.0,406
2024-10-01,22,Appartement,2324.0,121500.0,395
2025-01-01,22,Appartement,2200.0,116600.0,361
2025-04-01,22,Appartement,2213.0,116750.0,432
2025-07-01,22,Appartement,2292.0,110000.0,429
2025-10-01,22,Appartement,2315.0,124000.0,368
2021-01-01,22,Ensemble,1581.0,130000.0,2180
2021-04-01,22,Ensemble,1657.0,135000.0,2717
2021-07-01,22,Ensemble,1699.0,140000.0,2895
2021-10-01,22,Ensemble,1747.0,140000.0,2489
2022-01-01,22,Ensemble,1797.0,140000.0,2301
2022-04-01,22,Ensemble,1824.0,148000.0,2301
2022-07-01,22,Ensemble,1949.0,159000.0,2503
2022-10-01,22,Ensemble,2000.0,156700.0,2298
2023-01-01,22,Ensemble,1981.0,156380.0,1877
2023-04-01,22,Ensemble,1944.0,151000.0,1841
2023-07-01,22,Ensemble,2005.0,158000.0,1870
2023-10-01,22,Ensemble,1956.0,154225.0,1835
2024-01-01,22,Ensemble,1972.0,155299.0,1452
2024-04-01,22,Ensemble,2025.0,159000.0,1597
2024-07-01,22,Ensemble,2000.0,157900.0,1849
2024-10-01,22,Ensemble,2024.0,157000.0,1844
2025-01-01,22,Ensemble,2079.0,165000.0,1666
2025-04-01,22,Ensemble,2018.0,154000.0,1774
2025-07-01,22,Ensemble,2027.0,160000.0,1957
2025-10-01,22,Ensemble,2083.0,165000.0,1745
2021-01-01,22,Maison,1538.0,142000.0,1738
2021-04-01,22,Maison,1600.0,150000.0,2131
2021-07-01,22,Maison,1667.0,152396.0,2320
2021-10-01,22,Maison,1667.0,150000.0,2012
2022-01-01,22,Maison,1728.0,152000.0,1798
2022-04-01,22,Maison,1768.0,161500.0,1811
2022-07-01,22,Maison,1917.0,174000.0,1989
2022-10-01,22,Maison,1926.0,170000.0,1808
2023-01-01,22,Maison,1953.0,172260.0,1477
2023-04-01,22,Maison,1875.0,170000.0,1446
2023-07-01,22,Maison,1982.0,177250.0,1460
2023-10-01,22,Maison,1889.0,170000.0,1469
2024-01-01,22,Maison,1905.0,170000.0,1165
2024-04-01,22,Maison,1931.0,172000.0,1232
2024-07-01,22,Maison,1942.0,175000.0,1443
2024-10-01,22,Maison,1949.0,170000.0,1449
2025-01-01,22,Maison,2049.0,180000.0,1305
2025-04-01,22,Maison,1938.0,170000.0,1342
2025-07-01,22,Maison,1960.0,178000.0,1528
2025-10-01,22,Maison,2000.0,180000.0,1377
2021-01-01,23,Appartement,743.0,49000.0,24
2021-04-01,23,Appartement,816.0,50750.0,24
2021-07-01,23,Appartement,733.0,45000.0,29
2021-10-01,23,Appartement,733.0,40000.0,32
2022-01-01,23,Appartement,816.0,47750.0,39
2022-04-01,23,Appartement,852.0,48600.0,30
2022-07-01,23,Appartement,919.0,51000.0,29
2022-10-01,23,Appartement,833.0,46500.0,36
2023-01-01,23,Appartement,1014.0,58000.0,25
2023-04-01,23,Appartement,870.0,51460.0,18
2023-07-01,23,Appartement,921.0,58000.0,24
2023-10-01,23,Appartement,881.0,50000.0,30
2024-01-01,23,Appartement,1020.0,51000.0,27
2024-04-01,23,Appartement,717.0,51100.0,26
2024-07-01,23,Appartement,794.0,50000.0,17
2024-10-01,23,Appartement,701.0,39500.0,24
2025-01-01,23,Appartement,921.0,57500.0,16
2025-04-01,23,Appartement,1020.0,62000.0,31
2025-07-01,23,Appartement,784.0,63250.0,26
2025-10-01,23,Appartement,783.0,43000.0,23
2021-01-01,23,Ensemble,672.0,53000.0,471
2021-04-01,23,Ensemble,709.0,60080.0,489
2021-07-01,23,Ensemble,670.0,55000.0,534
2021-10-01,23,Ensemble,711.0,60000.0,562
2022-01-01,23,Ensemble,712.0,62000.0,462
2022-04-01,23,Ensemble,736.0,60000.0,515
2022-07-01,23,Ensemble,766.0,64750.0,530
2022-10-01,23,Ensemble,775.0,60000.0,489
2023-01-01,23,Ensemble,786.0,60000.0,437
2023-04-01,23,Ensemble,788.0,65000.0,399
2023-07-01,23,Ensemble,811.0,67000.0,428
2023-10-01,23,Ensemble,758.0,64430.0,478
2024-01-01,23,Ensemble,755.0,60000.0,373
2024-04-01,23,Ensemble,716.0,57868.0,368
2024-07-01,23,Ensemble,806.0,63450.0,389
2024-10-01,23,Ensemble,827.0,68000.0,461
2025-01-01,23,Ensemble,749.0,63950.0,350
2025-04-01,23,Ensemble,804.0,65500.0,402
2025-07-01,23,Ensemble,821.0,70108.0,380
2025-10-01,23,Ensemble,810.0,65295.0,434
2021-01-01,23,Maison,658.0,53500.0,447
2021-04-01,23,Maison,704.0,62000.0,465
2021-07-01,23,Maison,665.0,56000.0,505
2021-10-01,23,Maison,708.0,60000.0,530
2022-01-01,23,Maison,688.0,65000.0,423
2022-04-01,23,Maison,733.0,62000.0,485
2022-07-01,23,Maison,758.0,65000.0,501
2022-10-01,23,Maison,770.0,62000.0,453
2023-01-01,23,Maison,750.0,61850.0,412
2023-04-01,23,Maison,775.0,65000.0,381
2023-07-01,23,Maison,795.0,70000.0,404
2023-10-01,23,Maison,750.0,65000.0,448
2024-01-01,23,Maison,744.0,60000.0,346
2024-04-01,23,Maison,716.0,58296.0,342
2024-07-01,23,Maison,808.0,65108.0,372
2024-10-01,23,Maison,833.0,69000.0,437
2025-01-01,23,Maison,743.0,64150.0,334
2025-04-01,23,Maison,779.0,67300.0,371
2025-07-01,23,Maison,831.0,72700.0,354
2025-10-01,23,Maison,812.0,67724.0,411
2021-01-01,24,Appartement,1358.0,72000.0,177
2021-04-01,24,Appartement,1427.0,69750.0,254
2021-07-01,24,Appartement,1462.0,74000.0,281
2021-10-01,24,Appartement,1480.0,75000.0,256
2022-01-01,24,Appartement,1529.0,75000.0,228
2022-04-01,24,Appartement,1574.0,75000.0,269
2022-07-01,24,Appartement,1575.0,78750.0,296
2022-10-01,24,Appartement,1533.0,78000.0,281
2023-01-01,24,Appartement,1665.0,80000.0,207
2023-04-01,24,Appartement,1692.0,80000.0,221
2023-07-01,24,Appartement,1628.0,78000.0,202
2023-10-01,24,Appartement,1600.0,77000.0,202
2024-01-01,24,Appartement,1531.0,77900.0,146
2024-04-01,24,Appartement,1534.0,79500.0,168
2024-07-01,24,Appartement,1579.0,74000.0,170
2024-10-01,24,Appartement,1667.0,90000.0,197
2025-01-01,24,Appartement,1642.0,81375.0,192
2025-04-01,24,Appartement,1586.0,80680.0,180
2025-07-01,24,Appartement,1733.0,81350.0,187
2025-10-01,24,Appartement,1683.0,83000.0,183
2021-01-01,24,Ensemble,1341.0,114000.0,1225
2021-04-01,24,Ensemble,1356.0,115050.0,1483
2021-07-01,24,Ensemble,1430.0,120000.0,1663
2021-10-01,24,Ensemble,1438.0,120000.0,1603
2022-01-01,24,Ensemble,1471.0,118350.0,1382
2022-04-01,24,Ensemble,1491.0,120000.0,1470
2022-07-01,24,Ensemble,1564.0,130000.0,1595
2022-10-01,24,Ensemble,1533.0,121582.0,1495
2023-01-01,24,Ensemble,1571.0,124038.0,1162
2023-04-01,24,Ensemble,1560.0,120000.0,1170
2023-07-01,24,Ensemble,1582.0,130000.0,1137
2023-10-01,24,Ensemble,1542.0,120000.0,1098
2024-01-01,24,Ensemble,1480.0,112150.0,815
2024-04-01,24,Ensemble,1522.0,120000.0,900
2024-07-01,24,Ensemble,1571.0,130000.0,1059
2024-10-01,24,Ensemble,1502.0,126360.0,1150
2025-01-01,24,Ensemble,1543.0,120000.0,1015
2025-04-01,24,Ensemble,1514.0,118000.0,996
2025-07-01,24,Ensemble,1601.0,129600.0,1115
2025-10-01,24,Ensemble,1554.0,122007.0,1188
2021-01-01,24,Maison,1333.0,120000.0,1048
2021-04-01,24,Maison,1343.0,126000.0,1229
2021-07-01,24,Maison,1417.0,133050.0,1382
2021-10-01,24,Maison,1416.0,130841.0,1347
2022-01-01,24,Maison,1453.0,130000.0,1154
2022-04-01,24,Maison,1452.0,133465.0,1201
2022-07-01,24,Maison,1560.0,143000.0,1299
2022-10-01,24,Maison,1533.0,139800.0,1214
2023-01-01,24,Maison,1555.0,137000.0,955
2023-04-01,24,Maison,1522.0,130000.0,949
2023-07-01,24,Maison,1562.0,140000.0,935
2023-10-01,24,Maison,1516.0,130000.0,896
2024-01-01,24,Maison,1440.0,127815.0,669
2024-04-01,24,Maison,1518.0,130350.0,732
2024-07-01,24,Maison,1569.0,140000.0,889
2024-10-01,24,Maison,1438.0,135000.0,953
2025-01-01,24,Maison,1500.0,130000.0,823
2025-04-01,24,Maison,1471.0,130000.0,816
2025-07-01,24,Maison,1580.0,140000.0,928
2025-10-01,24,Maison,1515.0,133028.0,1005
2021-01-01,25,Appartement,1740.0,106000.0,777
2021-04-01,25,Appartement,1867.0,112950.0,1101
2021-07-01,25,Appartement,2000.0,115000.0,1183
2021-10-01,25,Appartement,1988.0,120100.0,1011
2022-01-01,25,Appartement,2024.0,118000.0,905
2022-04-01,25,Appartement,2044.0,120000.0,1137
2022-07-01,25,Appartement,2117.0,125000.0,1095
2022-10-01,25,Appartement,2181.0,122175.0,1006
2023-01-01,25,Appartement,2043.0,123400.0,818
2023-04-01,25,Appartement,2022.0,120000.0,923
2023-07-01,25,Appartement,2037.0,115000.0,871
2023-10-01,25,Appartement,1942.0,104000.0,851
2024-01-01,25,Appartement,1933.0,110000.0,601
2024-04-01,25,Appartement,2000.0,110000.0,716
2024-07-01,25,Appartement,2011.0,120000.0,919
2024-10-01,25,Appartement,2108.0,121125.0,882
2025-01-01,25,Appartement,2079.0,119000.0,785
2025-04-01,25,Appartement,2096.0,121800.0,905
2025-07-01,25,Appartement,2208.0,127000.0,925
2025-10-01,25,Appartement,2164.0,120800.0,819
2021-01-01,25,Ensemble,1803.0,135400.0,1441
2021-04-01,25,Ensemble,1879.0,140000.0,1963
2021-07-01,25,Ensemble,1973.0,147000.0,2160
2021-10-01,25,Ensemble,2000.0,149100.0,1790
2022-01-01,25,Ensemble,2000.0,142000.0,1587
2022-04-01,25,Ensemble,2031.0,140000.0,1898
2022-07-01,25,Ensemble,2123.0,158500.0,1983
2022-10-01,25,Ensemble,2171.0,150250.0,1783
2023-01-01,25,Ensemble,2015.0,143285.0,1416
2023-04-01,25,Ensemble,2010.0,139000.0,1527
2023-07-01,25,Ensemble,2062.0,150000.0,1559
2023-10-01,25,Ensemble,1961.0,132800.0,1491
2024-01-01,25,Ensemble,1895.0,132195.0,1051
2024-04-01,25,Ensemble,1958.0,140000.0,1253
2024-07-01,25,Ensemble,2013.0,150000.0,1651
2024-10-01,25,Ensemble,2034.0,147800.0,1548
2025-01-01,25,Ensemble,2051.0,145000.0,1308
2025-04-01,25,Ensemble,2088.0,149800.0,1564
2025-07-01,25,Ensemble,2175.0,158000.0,1721
2025-10-01,25,Ensemble,2054.0,145000.0,1492
2021-01-01,25,Maison,1887.0,180000.0,664
2021-04-01,25,Maison,1906.0,185750.0,862
2021-07-01,25,Maison,1933.0,206000.0,977
2021-10-01,25,Maison,2028.0,207400.0,779
2022-01-01,25,Maison,1956.0,201850.0,682
2022-04-01,25,Maison,2019.0,199000.0,761
2022-07-01,25,Maison,2126.0,221828.0,888
2022-10-01,25,Maison,2150.0,216000.0,777
2023-01-01,25,Maison,1970.0,199500.0,598
2023-04-01,25,Maison,1984.0,200000.0,604
2023-07-01,25,Maison,2099.0,212375.0,688
2023-10-01,25,Maison,1999.0,190650.0,640
2024-01-01,25,Maison,1849.0,176275.0,450
2024-04-01,25,Maison,1893.0,192653.0,537
2024-07-01,25,Maison,2013.0,215225.0,732
2024-10-01,25,Maison,1951.0,195000.0,666
2025-01-01,25,Maison,1957.0,200000.0,523
2025-04-01,25,Maison,2083.0,212760.0,659
2025-07-01,25,Maison,2134.0,215980.0,796
2025-10-01,25,Maison,1893.0,185000.0,673
2021-01-01,26,Appartement,1640.0,103750.0,607
2021-04-01,26,Appartement,1663.0,110000.0,742
2021-07-01,26,Appartement,1733.0,112100.0,779
2021-10-01,26,Appartement,1752.0,110000.0,691
2022-01-01,26,Appartement,1867.0,119510.0,697
2022-04-01,26,Appartement,1849.0,121500.0,841
2022-07-01,26,Appartement,1900.0,123000.0,760
2022-10-01,26,Appartement,1983.0,125000.0,687
2023-01-01,26,Appartement,1897.0,119105.0,604
2023-04-01,26,Appartement,1916.0,119321.0,661
2023-07-01,26,Appartement,1910.0,114875.0,592
2023-10-01,26,Appartement,1902.0,115075.0,538
2024-01-01,26,Appartement,1897.0,120000.0,467
2024-04-01,26,Appartement,1847.0,115550.0,535
2024-07-01,26,Appartement,1854.0,117000.0,548
2024-10-01,26,Appartement,1806.0,119995.0,560
2025-01-01,26,Appartement,1910.0,120000.0,583
2025-04-01,26,Appartement,1866.0,119000.0,621
2025-07-01,26,Appartement,1916.0,123000.0,658
2025-10-01,26,Appartement,1924.0,120000.0,596
2021-01-01,26,Ensemble,1911.0,154000.0,1499
2021-04-01,26,Ensemble,1962.0,160000.0,1830
2021-07-01,26,Ensemble,2093.0,178500.0,2067
2021-10-01,26,Ensemble,2058.0,163000.0,1727
2022-01-01,26,Ensemble,2103.0,169135.0,1637
2022-04-01,26,Ensemble,2168.0,172100.0,1940
2022-07-01,26,Ensemble,2283.0,189000.0,1885
2022-10-01,26,Ensemble,2256.0,175490.0,1595
2023-01-01,26,Ensemble,2188.0,168463.0,1327
2023-04-01,26,Ensemble,2177.0,167670.0,1419
2023-07-01,26,Ensemble,2249.0,180000.0,1419
2023-10-01,26,Ensemble,2167.0,166944.0,1217
2024-01-01,26,Ensemble,2149.0,165325.0,1026
2024-04-01,26,Ensemble,2149.0,166761.0,1187
2024-07-01,26,Ensemble,2218.0,181800.0,1363
2024-10-01,26,Ensemble,2167.0,175000.0,1308
2025-01-01,26,Ensemble,2134.0,161500.0,1255
2025-04-01,26,Ensemble,2167.0,170778.0,1449
2025-07-01,26,Ensemble,2245.0,185000.0,1580
2025-10-01,26,Ensemble,2197.0,173000.0,1403
2021-01-01,26,Maison,2138.0,197997.0,892
2021-04-01,26,Maison,2168.0,205560.0,1088
2021-07-01,26,Maison,2292.0,224125.0,1288
2021-10-01,26,Maison,2298.0,217155.0,1036
2022-01-01,26,Maison,2290.0,214500.0,940
2022-04-01,26,Maison,2414.0,229250.0,1099
2022-07-01,26,Maison,2577.0,247800.0,1125
2022-10-01,26,Maison,2478.0,236579.0,908
2023-01-01,26,Maison,2496.0,228050.0,723
2023-04-01,26,Maison,2453.0,228100.0,758
2023-07-01,26,Maison,2519.0,241000.0,827
2023-10-01,26,Maison,2410.0,224000.0,679
2024-01-01,26,Maison,2375.0,220000.0,559
2024-04-01,26,Maison,2370.0,220050.0,652
2024-07-01,26,Maison,2476.0,232000.0,815
2024-10-01,26,Maison,2463.0,230000.0,748
2025-01-01,26,Maison,2378.0,224040.0,672
2025-04-01,26,Maison,2386.0,227622.0,828
2025-07-01,26,Maison,2522.0,235000.0,922
2025-10-01,26,Maison,2415.0,233700.0,807
2021-01-01,27,Appartement,1699.0,89000.0,248
2021-04-01,27,Appartement,1713.0,92250.0,356
2021-07-01,27,Appartement,1719.0,90000.0,324
2021-10-01,27,Appartement,1765.0,100000.0,321
2022-01-01,27,Appartement,1762.0,94000.0,287
2022-04-01,27,Appartement,1884.0,101736.0,318
2022-07-01,27,Appartement,1897.0,100000.0,312
2022-10-01,27,Appartement,1928.0,97000.0,306
2023-01-01,27,Appartement,1813.0,95000.0,248
2023-04-01,27,Appartement,1897.0,99100.0,263
2023-07-01,27,Appartement,1930.0,103000.0,274
2023-10-01,27,Appartement,1833.0,102000.0,231
2024-01-01,27,Appartement,1800.0,95500.0,195
2024-04-01,27,Appartement,1884.0,95000.0,238
2024-07-01,27,Appartement,1818.0,95000.0,253
2024-10-01,27,Appartement,1812.0,98000.0,226
2025-01-01,27,Appartement,1888.0,96177.0,212
2025-04-01,27,Appartement,1875.0,100000.0,267
2025-07-01,27,Appartement,1923.0,96950.0,240
2025-10-01,27,Appartement,1940.0,100000.0,267
2021-01-01,27,Ensemble,1774.0,146500.0,1355
2021-04-01,27,Ensemble,1814.0,150000.0,1642
2021-07-01,27,Ensemble,1853.0,160000.0,1930
2021-10-01,27,Ensemble,1859.0,150000.0,1553
2022-01-01,27,Ensemble,1904.0,153000.0,1374
2022-04-01,27,Ensemble,1953.0,160000.0,1575
2022-07-01,27,Ensemble,2012.0,168000.0,1694
2022-10-01,27,Ensemble,2003.0,155000.0,1382
2023-01-01,27,Ensemble,1972.0,156000.0,1129
2023-04-01,27,Ensemble,1986.0,157000.0,1238
2023-07-01,27,Ensemble,2012.0,165000.0,1329
2023-10-01,27,Ensemble,1924.0,150000.0,1174
2024-01-01,27,Ensemble,1852.0,140000.0,865
2024-04-01,27,Ensemble,1880.0,148250.0,1052
2024-07-01,27,Ensemble,1881.0,152000.0,1283
2024-10-01,27,Ensemble,1919.0,150000.0,1222
2025-01-01,27,Ensemble,1891.0,150000.0,1040
2025-04-01,27,Ensemble,1912.0,148950.0,1188
2025-07-01,27,Ensemble,1951.0,160000.0,1395
2025-10-01,27,Ensemble,1895.0,152000.0,1361
2021-01-01,27,Maison,1786.0,160000.0,1107
2021-04-01,27,Maison,1841.0,165000.0,1286
2021-07-01,27,Maison,1882.0,173000.0,1606
2021-10-01,27,Maison,1894.0,165110.0,1232
2022-01-01,27,Maison,1943.0,169000.0,1087
2022-04-01,27,Maison,1972.0,175000.0,1257
2022-07-01,27,Maison,2034.0,182675.0,1382
2022-10-01,27,Maison,2028.0,172320.0,1076
2023-01-01,27,Maison,2000.0,175000.0,881
2023-04-01,27,Maison,2000.0,170140.0,975
2023-07-01,27,Maison,2045.0,180000.0,1055
2023-10-01,27,Maison,1948.0,165000.0,943
2024-01-01,27,Maison,1865.0,160000.0,670
2024-04-01,27,Maison,1878.0,160000.0,814
2024-07-01,27,Maison,1891.0,169000.0,1030
2024-10-01,27,Maison,1935.0,165000.0,996
2025-01-01,27,Maison,1892.0,165000.0,828
2025-04-01,27,Maison,1925.0,163000.0,921
2025-07-01,27,Maison,1956.0,172920.0,1155
2025-10-01,27,Maison,1892.0,164000.0,1094
2021-01-01,28,Appartement,1967.0,97400.0,269
2021-04-01,28,Appartement,2087.0,104000.0,387
2021-07-01,28,Appartement,2071.0,102000.0,397
2021-10-01,28,Appartement,2083.0,110000.0,347
2022-01-01,28,Appartement,2189.0,100297.0,304
2022-04-01,28,Appartement,2242.0,110000.0,374
2022-07-01,28,Appartement,2230.0,122350.0,322
2022-10-01,28,Appartement,2159.0,107000.0,274
2023-01-01,28,Appartement,2175.0,105500.0,255
2023-04-01,28,Appartement,2239.0,107850.0,296
2023-07-01,28,Appartement,2158.0,101000.0,270
2023-10-01,28,Appartement,2102.0,107750.0,214
2024-01-01,28,Appartement,2123.0,105000.0,219
2024-04-01,28,Appartement,2003.0,100000.0,239
2024-07-01,28,Appartement,2116.0,106000.0,229
2024-10-01,28,Appartement,2165.0,113818.0,246
2025-01-01,28,Appartement,2093.0,100650.0,288
2025-04-01,28,Appartement,2067.0,105000.0,265
2025-07-01,28,Appartement,2131.0,112200.0,261
2025-10-01,28,Appartement,2186.0,105000.0,274
2021-01-01,28,Ensemble,1689.0,139150.0,1228
2021-04-01,28,Ensemble,1849.0,148000.0,1563
2021-07-01,28,Ensemble,1884.0,157000.0,1852
2021-10-01,28,Ensemble,1865.0,147000.0,1415
2022-01-01,28,Ensemble,1887.0,145000.0,1267
2022-04-01,28,Ensemble,1943.0,149000.0,1431
2022-07-01,28,Ensemble,2051.0,170000.0,1518
2022-10-01,28,Ensemble,1935.0,150900.0,1262
2023-01-01,28,Ensemble,1963.0,157000.0,1032
2023-04-01,28,Ensemble,1991.0,152000.0,1128
2023-07-01,28,Ensemble,2000.0,154000.0,1149
2023-10-01,28,Ensemble,1831.0,140000.0,950
2024-01-01,28,Ensemble,1861.0,145000.0,850
2024-04-01,28,Ensemble,1847.0,140540.0,918
2024-07-01,28,Ensemble,1881.0,155000.0,1092
2024-10-01,28,Ensemble,1917.0,147000.0,1031
2025-01-01,28,Ensemble,1878.0,148000.0,1057
2025-04-01,28,Ensemble,1862.0,149500.0,973
2025-07-01,28,Ensemble,1893.0,160000.0,1257
2025-10-01,28,Ensemble,1913.0,152000.0,1163
2021-01-01,28,Maison,1648.0,155000.0,959
2021-04-01,28,Maison,1769.0,166800.0,1176
2021-07-01,28,Maison,1845.0,173000.0,1455
2021-10-01,28,Maison,1811.0,165000.0,1068
2022-01-01,28,Maison,1779.0,165000.0,963
2022-04-01,28,Maison,1829.0,167000.0,1057
2022-07-01,28,Maison,2000.0,185000.0,1196
2022-10-01,28,Maison,1873.0,165000.0,988
2023-01-01,28,Maison,1915.0,176280.0,777
2023-04-01,28,Maison,1905.0,172224.0,832
2023-07-01,28,Maison,1960.0,176000.0,879
2023-10-01,28,Maison,1765.0,155000.0,736
2024-01-01,28,Maison,1802.0,158000.0,631
2024-04-01,28,Maison,1793.0,164000.0,679
2024-07-01,28,Maison,1840.0,170000.0,863
2024-10-01,28,Maison,1855.0,165000.0,785
2025-01-01,28,Maison,1848.0,167310.0,769
2025-04-01,28,Maison,1799.0,165350.0,708
2025-07-01,28,Maison,1865.0,176250.0,996
2025-10-01,28,Maison,1841.0,169000.0,889
2021-01-01,29,Appartement,1744.0,100000.0,1115
2021-04-01,29,Appartement,1825.0,104000.0,1382
2021-07-01,29,Appartement,1875.0,105600.0,1461
2021-10-01,29,Appartement,1960.0,108225.0,1264
2022-01-01,29,Appartement,2027.0,110000.0,1194
2022-04-01,29,Appartement,2087.0,115000.0,1228
2022-07-01,29,Appartement,2185.0,120442.0,1316
2022-10-01,29,Appartement,2158.0,118350.0,1176
2023-01-01,29,Appartement,2177.0,123000.0,966
2023-04-01,29,Appartement,2167.0,125000.0,977
2023-07-01,29,Appartement,2139.0,120000.0,1029
2023-10-01,29,Appartement,2136.0,115000.0,923
2024-01-01,29,Appartement,2143.0,120000.0,785
2024-04-01,29,Appartement,2178.0,120000.0,843
2024-07-01,29,Appartement,2190.0,120000.0,951
2024-10-01,29,Appartement,2230.0,119000.0,878
2025-01-01,29,Appartement,2154.0,122000.0,852
2025-04-01,29,Appartement,2221.0,122000.0,1056
2025-07-01,29,Appartement,2329.0,125000.0,1049
2025-10-01,29,Appartement,2317.0,125000.0,798
2021-01-01,29,Ensemble,1702.0,132000.0,3241
2021-04-01,29,Ensemble,1776.0,137000.0,4122
2021-07-01,29,Ensemble,1885.0,150000.0,4378
2021-10-01,29,Ensemble,1925.0,147705.0,3758
2022-01-01,29,Ensemble,2000.0,148000.0,3331
2022-04-01,29,Ensemble,2063.0,157000.0,3554
2022-07-01,29,Ensemble,2147.0,164000.0,3929
2022-10-01,29,Ensemble,2150.0,160000.0,3453
2023-01-01,29,Ensemble,2154.0,159100.0,2706
2023-04-01,29,Ensemble,2123.0,163000.0,2790
2023-07-01,29,Ensemble,2169.0,165000.0,3004
2023-10-01,29,Ensemble,2137.0,160180.0,2754
2024-01-01,29,Ensemble,2121.0,158997.0,2174
2024-04-01,29,Ensemble,2103.0,156910.0,2343
2024-07-01,29,Ensemble,2153.0,165000.0,2896
2024-10-01,29,Ensemble,2167.0,165000.0,2807
2025-01-01,29,Ensemble,2111.0,161000.0,2453
2025-04-01,29,Ensemble,2144.0,160000.0,2890
2025-07-01,29,Ensemble,2247.0,171000.0,3209
2025-10-01,29,Ensemble,2240.0,169800.0,2117
2021-01-01,29,Maison,1676.0,157664.0,2126
2021-04-01,29,Maison,1750.0,161750.0,2740
2021-07-01,29,Maison,1895.0,180000.0,2917
2021-10-01,29,Maison,1896.0,175000.0,2494
2022-01-01,29,Maison,1975.0,180000.0,2137
2022-04-01,29,Maison,2051.0,190000.0,2326
2022-07-01,29,Maison,2123.0,195290.0,2613
2022-10-01,29,Maison,2143.0,195100.0,2277
2023-01-01,29,Maison,2143.0,195000.0,1740
2023-04-01,29,Maison,2097.0,195000.0,1813
2023-07-01,29,Maison,2194.0,205000.0,1975
2023-10-01,29,Maison,2138.0,200000.0,1831
2024-01-01,29,Maison,2111.0,190000.0,1389
2024-04-01,29,Maison,2034.0,190000.0,1500
2024-07-01,29,Maison,2120.0,199000.0,1945
2024-10-01,29,Maison,2130.0,192000.0,1929
2025-01-01,29,Maison,2083.0,194000.0,1601
2025-04-01,29,Maison,2102.0,197000.0,1834
2025-07-01,29,Maison,2208.0,207000.0,2160
2025-10-01,29,Maison,2206.0,207000.0,1319
2021-01-01,2A,Appartement,3543.0,195000.0,326
2021-04-01,2A,Appartement,3474.0,189095.0,414
2021-07-01,2A,Appartement,3563.0,199500.0,386
2021-10-01,2A,Appartement,3717.0,220000.0,393
2022-01-01,2A,Appartement,3598.0,210000.0,346
2022-04-01,2A,Appartement,3702.0,204461.0,422
2022-07-01,2A,Appartement,3778.0,208240.0,333
2022-10-01,2A,Appartement,3943.0,204950.0,389
2023-01-01,2A,Appartement,3663.0,210000.0,339
2023-04-01,2A,Appartement,3957.0,220000.0,299
2023-07-01,2A,Appartement,3863.0,206150.0,260
2023-10-01,2A,Appartement,3949.0,212000.0,266
2024-01-01,2A,Appartement,3969.0,205000.0,257
2024-04-01,2A,Appartement,3906.0,203875.0,260
2024-07-01,2A,Appartement,3756.0,203650.0,250
2024-10-01,2A,Appartement,4000.0,214500.0,288
2025-01-01,2A,Appartement,4091.0,210000.0,291
2025-04-01,2A,Appartement,3806.0,205000.0,316
2025-07-01,2A,Appartement,4123.0,204475.0,290
2025-10-01,2A,Appartement,4359.0,215000.0,368
2021-01-01,2A,Ensemble,3625.0,215000.0,479
2021-04-01,2A,Ensemble,3615.0,201550.0,569
2021-07-01,2A,Ensemble,3672.0,218000.0,527
2021-10-01,2A,Ensemble,3803.0,235000.0,544
2022-01-01,2A,Ensemble,3713.0,240000.0,505
2022-04-01,2A,Ensemble,3824.0,235000.0,593
2022-07-01,2A,Ensemble,4000.0,230000.0,471
2022-10-01,2A,Ensemble,4081.0,226412.0,546
2023-01-01,2A,Ensemble,3910.0,230350.0,447
2023-04-01,2A,Ensemble,4048.0,246250.0,420
2023-07-01,2A,Ensemble,3942.0,235000.0,387
2023-10-01,2A,Ensemble,4197.0,248750.0,412
2024-01-01,2A,Ensemble,4049.0,221000.0,358
2024-04-01,2A,Ensemble,3853.0,221000.0,376
2024-07-01,2A,Ensemble,3915.0,223975.0,354
2024-10-01,2A,Ensemble,4109.0,229350.0,421
2025-01-01,2A,Ensemble,4091.0,230000.0,401
2025-04-01,2A,Ensemble,4000.0,235000.0,434
2025-07-01,2A,Ensemble,4125.0,232655.0,412
2025-10-01,2A,Ensemble,4383.0,245000.0,504
2021-01-01,2A,Maison,4327.0,358000.0,153
2021-04-01,2A,Maison,4014.0,340116.0,155
2021-07-01,2A,Maison,4091.0,350000.0,141
2021-10-01,2A,Maison,4443.0,405000.0,151
2022-01-01,2A,Maison,4286.0,405400.0,159
2022-04-01,2A,Maison,4151.0,360740.0,171
2022-07-01,2A,Maison,4851.0,399455.0,138
2022-10-01,2A,Maison,5000.0,385000.0,157
2023-01-01,2A,Maison,4737.0,378710.0,108
2023-04-01,2A,Maison,4167.0,398300.0,121
2023-07-01,2A,Maison,4000.0,369000.0,127
2023-10-01,2A,Maison,4576.0,414700.0,146
2024-01-01,2A,Maison,4167.0,328000.0,101
2024-04-01,2A,Maison,3798.0,297500.0,116
2024-07-01,2A,Maison,4282.0,377418.0,104
2024-10-01,2A,Maison,4279.0,335000.0,133
2025-01-01,2A,Maison,4089.0,389850.0,110
2025-04-01,2A,Maison,4470.0,410000.0,118
2025-07-01,2A,Maison,4125.0,410255.0,122
2025-10-01,2A,Maison,4462.0,397600.0,136
2021-01-01,2B,Appartement,2756.0,142475.0,353
2021-04-01,2B,Appartement,2774.0,149000.0,382
2021-07-01,2B,Appartement,2872.0,145000.0,366
2021-10-01,2B,Appartement,2865.0,147000.0,405
2022-01-01,2B,Appartement,2900.0,141350.0,399
2022-04-01,2B,Appartement,2998.0,141540.0,418
2022-07-01,2B,Appartement,3085.0,153200.0,364
2022-10-01,2B,Appartement,3197.0,148000.0,429
2023-01-01,2B,Appartement,2994.0,155000.0,348
2023-04-01,2B,Appartement,3150.0,150000.0,324
2023-07-01,2B,Appartement,3106.0,150000.0,285
2023-10-01,2B,Appartement,3111.0,155150.0,343
2024-01-01,2B,Appartement,3000.0,149121.0,271
2024-04-01,2B,Appartement,2995.0,145000.0,292
2024-07-01,2B,Appartement,3187.0,160000.0,284
2024-10-01,2B,Appartement,3131.0,150885.0,308
2025-01-01,2B,Appartement,3127.0,151762.0,292
2025-04-01,2B,Appartement,3231.0,149671.0,360
2025-07-01,2B,Appartement,3140.0,156900.0,335
2025-10-01,2B,Appartement,3081.0,152750.0,361
2021-01-01,2B,Ensemble,2807.0,151362.0,512
2021-04-01,2B,Ensemble,2781.0,160000.0,564
2021-07-01,2B,Ensemble,2900.0,158000.0,559
2021-10-01,2B,Ensemble,2917.0,166840.0,593
2022-01-01,2B,Ensemble,2927.0,155000.0,551
2022-04-01,2B,Ensemble,3013.0,160000.0,611
2022-07-01,2B,Ensemble,3109.0,180600.0,548
2022-10-01,2B,Ensemble,3196.0,169500.0,630
2023-01-01,2B,Ensemble,3100.0,170000.0,516
2023-04-01,2B,Ensemble,3133.0,163900.0,477
2023-07-01,2B,Ensemble,3176.0,170000.0,427
2023-10-01,2B,Ensemble,3219.0,174150.0,508
2024-01-01,2B,Ensemble,2927.0,160000.0,402
2024-04-01,2B,Ensemble,3000.0,159350.0,443
2024-07-01,2B,Ensemble,3236.0,174100.0,422
2024-10-01,2B,Ensemble,3100.0,166500.0,466
2025-01-01,2B,Ensemble,3143.0,165000.0,425
2025-04-01,2B,Ensemble,3214.0,165100.0,513
2025-07-01,2B,Ensemble,3089.0,170000.0,481
2025-10-01,2B,Ensemble,3167.0,166300.0,541
2021-01-01,2B,Maison,2846.0,225000.0,159
2021-04-01,2B,Maison,2814.0,247725.0,182
2021-07-01,2B,Maison,2935.0,230000.0,193
2021-10-01,2B,Maison,3179.0,254000.0,188
2022-01-01,2B,Maison,3000.0,261070.0,152
2022-04-01,2B,Maison,3118.0,245000.0,193
2022-07-01,2B,Maison,3137.0,301000.0,184
2022-10-01,2B,Maison,3136.0,255000.0,201
2023-01-01,2B,Maison,3256.0,243009.0,168
2023-04-01,2B,Maison,3100.0,235027.0,153
2023-07-01,2B,Maison,3306.0,273700.0,142
2023-10-01,2B,Maison,3412.0,280000.0,165
2024-01-01,2B,Maison,2799.0,217750.0,131
2024-04-01,2B,Maison,3152.0,220000.0,151
2024-07-01,2B,Maison,3431.0,288965.0,138
2024-10-01,2B,Maison,2996.0,255652.0,158
2025-01-01,2B,Maison,3212.0,280000.0,133
2025-04-01,2B,Maison,3112.0,260000.0,153
2025-07-01,2B,Maison,2905.0,276925.0,146
2025-10-01,2B,Maison,3317.0,258500.0,180
2021-01-01,30,Appartement,2117.0,97600.0,960
2021-04-01,30,Appartement,2242.0,109000.0,1266
2021-07-01,30,Appartement,2139.0,107250.0,1268
2021-10-01,30,Appartement,2190.0,106650.0,1151
2022-01-01,30,Appartement,2209.0,112860.0,1092
2022-04-01,30,Appartement,2211.0,112000.0,1243
2022-07-01,30,Appartement,2240.0,116930.0,1166
2022-10-01,30,Appartement,2312.0,120350.0,1081
2023-01-01,30,Appartement,2251.0,115000.0,948
2023-04-01,30,Appartement,2331.0,115480.0,1045
2023-07-01,30,Appartement,2354.0,118000.0,964
2023-10-01,30,Appartement,2283.0,113000.0,847
2024-01-01,30,Appartement,2208.0,110000.0,718
2024-04-01,30,Appartement,2283.0,110100.0,833
2024-07-01,30,Appartement,2223.0,110000.0,852
2024-10-01,30,Appartement,2184.0,109000.0,901
2025-01-01,30,Appartement,2352.0,119000.0,894
2025-04-01,30,Appartement,2261.0,115000.0,975
2025-07-01,30,Appartement,2347.0,120000.0,908
2025-10-01,30,Appartement,2390.0,115000.0,950
2021-01-01,30,Ensemble,2200.0,160000.0,2508
2021-04-01,30,Ensemble,2311.0,166850.0,3100
2021-07-01,30,Ensemble,2365.0,178910.0,3382
2021-10-01,30,Ensemble,2363.0,170000.0,2947
2022-01-01,30,Ensemble,2407.0,171450.0,2717
2022-04-01,30,Ensemble,2431.0,177000.0,3026
2022-07-01,30,Ensemble,2540.0,190000.0,3080
2022-10-01,30,Ensemble,2483.0,176470.0,2648
2023-01-01,30,Ensemble,2480.0,175000.0,2322
2023-04-01,30,Ensemble,2514.0,173100.0,2446
2023-07-01,30,Ensemble,2583.0,180450.0,2348
2023-10-01,30,Ensemble,2430.0,162000.0,1973
2024-01-01,30,Ensemble,2406.0,162660.0,1666
2024-04-01,30,Ensemble,2472.0,166500.0,1919
2024-07-01,30,Ensemble,2463.0,180000.0,2159
2024-10-01,30,Ensemble,2401.0,168480.0,2145
2025-01-01,30,Ensemble,2463.0,167000.0,2042
2025-04-01,30,Ensemble,2455.0,177000.0,2281
2025-07-01,30,Ensemble,2531.0,190000.0,2470
2025-10-01,30,Ensemble,2532.0,180000.0,2350
2021-01-01,30,Maison,2234.0,210025.0,1548
2021-04-01,30,Maison,2332.0,215495.0,1834
2021-07-01,30,Maison,2432.0,229345.0,2114
2021-10-01,30,Maison,2436.0,220000.0,1796
2022-01-01,30,Maison,2525.0,233490.0,1625
2022-04-01,30,Maison,2554.0,239000.0,1783
2022-07-01,30,Maison,2694.0,245030.0,1914
2022-10-01,30,Maison,2618.0,235000.0,1567
2023-01-01,30,Maison,2616.0,235000.0,1374
2023-04-01,30,Maison,2634.0,235000.0,1401
2023-07-01,30,Maison,2720.0,245100.0,1384
2023-10-01,30,Maison,2524.0,223040.0,1126
2024-01-01,30,Maison,2514.0,225500.0,948
2024-04-01,30,Maison,2575.0,226743.0,1086
2024-07-01,30,Maison,2582.0,235000.0,1307
2024-10-01,30,Maison,2544.0,225000.0,1244
2025-01-01,30,Maison,2539.0,228053.0,1148
2025-04-01,30,Maison,2512.0,232350.0,1306
2025-07-01,30,Maison,2611.0,235050.0,1562
2025-10-01,30,Maison,2615.0,236000.0,1400
2021-01-01,31,Appartement,2750.0,140000.0,2571
2021-04-01,31,Appartement,2840.0,143000.0,3059
2021-07-01,31,Appartement,2889.0,149000.0,3547
2021-10-01,31,Appartement,2857.0,148000.0,2991
2022-01-01,31,Appartement,2870.0,149000.0,2972
2022-04-01,31,Appartement,2951.0,150000.0,3370
2022-07-01,31,Appartement,3005.0,152500.0,3473
2022-10-01,31,Appartement,3007.0,152000.0,2810
2023-01-01,31,Appartement,2951.0,149500.0,2544
2023-04-01,31,Appartement,2951.0,150000.0,2645
2023-07-01,31,Appartement,2982.0,148222.0,2451
2023-10-01,31,Appartement,2920.0,141915.0,2007
2024-01-01,31,Appartement,2826.0,139000.0,1760
2024-04-01,31,Appartement,2840.0,141500.0,2085
2024-07-01,31,Appartement,2926.0,146150.0,2451
2024-10-01,31,Appartement,2836.0,142000.0,2226
2025-01-01,31,Appartement,2923.0,145000.0,2415
2025-04-01,31,Appartement,2940.0,146956.0,2343
2025-07-01,31,Appartement,2968.0,151000.0,2826
2025-10-01,31,Appartement,2948.0,147860.0,2685
2021-01-01,31,Ensemble,2687.0,174000.0,4509
2021-04-01,31,Ensemble,2779.0,180000.0,5354
2021-07-01,31,Ensemble,2825.0,192350.0,6443
2021-10-01,31,Ensemble,2822.0,182850.0,5126
2022-01-01,31,Ensemble,2830.0,180330.0,4973
2022-04-01,31,Ensemble,2923.0,185500.0,5500
2022-07-01,31,Ensemble,3000.0,195000.0,6002
2022-10-01,31,Ensemble,2973.0,190000.0,4838
2023-01-01,31,Ensemble,2928.0,181950.0,4128
2023-04-01,31,Ensemble,2926.0,185000.0,4339
2023-07-01,31,Ensemble,2968.0,197000.0,4444
2023-10-01,31,Ensemble,2862.0,180000.0,3551
2024-01-01,31,Ensemble,2785.0,170000.0,2903
2024-04-01,31,Ensemble,2785.0,175000.0,3555
2024-07-01,31,Ensemble,2854.0,191000.0,4383
2024-10-01,31,Ensemble,2789.0,178710.0,3942
2025-01-01,31,Ensemble,2852.0,184120.0,4117
2025-04-01,31,Ensemble,2854.0,185000.0,3924
2025-07-01,31,Ensemble,2881.0,194400.0,4949
2025-10-01,31,Ensemble,2847.0,185000.0,4640
2021-01-01,31,Maison,2586.0,250000.0,1938
2021-04-01,31,Maison,2694.0,267000.0,2295
2021-07-01,31,Maison,2753.0,272550.0,2896
2021-10-01,31,Maison,2777.0,267000.0,2135
2022-01-01,31,Maison,2785.0,272200.0,2001
2022-04-01,31,Maison,2886.0,277050.0,2130
2022-07-01,31,Maison,2996.0,290000.0,2529
2022-10-01,31,Maison,2911.0,277950.0,2028
2023-01-01,31,Maison,2895.0,270190.0,1584
2023-04-01,31,Maison,2874.0,270200.0,1694
2023-07-01,31,Maison,2942.0,283000.0,1993
2023-10-01,31,Maison,2765.0,256650.0,1544
2024-01-01,31,Maison,2701.0,250299.0,1143
2024-04-01,31,Maison,2726.0,255550.0,1470
2024-07-01,31,Maison,2774.0,266438.0,1932
2024-10-01,31,Maison,2722.0,253250.0,1716
2025-01-01,31,Maison,2746.0,255000.0,1702
2025-04-01,31,Maison,2722.0,258840.0,1581
2025-07-01,31,Maison,2756.0,270000.0,2123
2025-10-01,31,Maison,2725.0,258000.0,1955
2021-01-01,32,Appartement,1325.0,72000.0,107
2021-04-01,32,Appartement,1408.0,64750.0,122
2021-07-01,32,Appartement,1473.0,73000.0,109
2021-10-01,32,Appartement,1489.0,74840.0,110
2022-01-01,32,Appartement,1494.0,78000.0,107
2022-04-01,32,Appartement,1568.0,78610.0,111
2022-07-01,32,Appartement,1518.0,78000.0,108
2022-10-01,32,Appartement,1540.0,75600.0,123
2023-01-01,32,Appartement,1530.0,79900.0,103
2023-04-01,32,Appartement,1573.0,84250.0,108
2023-07-01,32,Appartement,1636.0,83000.0,107
2023-10-01,32,Appartement,1662.0,79000.0,88
2024-01-01,32,Appartement,1626.0,75000.0,54
2024-04-01,32,Appartement,1636.0,76500.0,79
2024-07-01,32,Appartement,1638.0,79000.0,75
2024-10-01,32,Appartement,1627.0,77500.0,86
2025-01-01,32,Appartement,1487.0,75500.0,80
2025-04-01,32,Appartement,1692.0,72750.0,88
2025-07-01,32,Appartement,1548.0,82500.0,90
2025-10-01,32,Appartement,1624.0,80000.0,90
2021-01-01,32,Ensemble,1286.0,119000.0,593
2021-04-01,32,Ensemble,1376.0,127400.0,734
2021-07-01,32,Ensemble,1429.0,139000.0,790
2021-10-01,32,Ensemble,1385.0,126000.0,727
2022-01-01,32,Ensemble,1437.0,130000.0,622
2022-04-01,32,Ensemble,1497.0,138000.0,673
2022-07-01,32,Ensemble,1587.0,150000.0,716
2022-10-01,32,Ensemble,1564.0,140000.0,661
2023-01-01,32,Ensemble,1509.0,135000.0,560
2023-04-01,32,Ensemble,1511.0,135235.0,548
2023-07-01,32,Ensemble,1579.0,137000.0,538
2023-10-01,32,Ensemble,1567.0,140830.0,504
2024-01-01,32,Ensemble,1464.0,130000.0,383
2024-04-01,32,Ensemble,1512.0,125000.0,415
2024-07-01,32,Ensemble,1528.0,140000.0,475
2024-10-01,32,Ensemble,1490.0,132000.0,509
2025-01-01,32,Ensemble,1562.0,145000.0,467
2025-04-01,32,Ensemble,1536.0,131500.0,512
2025-07-01,32,Ensemble,1574.0,142120.0,587
2025-10-01,32,Ensemble,1500.0,133481.0,512
2021-01-01,32,Maison,1266.0,134200.0,486
2021-04-01,32,Maison,1364.0,140000.0,612
2021-07-01,32,Maison,1422.0,150000.0,681
2021-10-01,32,Maison,1366.0,140000.0,617
2022-01-01,32,Maison,1434.0,150000.0,515
2022-04-01,32,Maison,1463.0,153000.0,562
2022-07-01,32,Maison,1613.0,164900.0,608
2022-10-01,32,Maison,1571.0,159825.0,538
2023-01-01,32,Maison,1500.0,155000.0,457
2023-04-01,32,Maison,1500.0,148000.0,440
2023-07-01,32,Maison,1570.0,155000.0,431
2023-10-01,32,Maison,1527.0,157000.0,416
2024-01-01,32,Maison,1435.0,140000.0,329
2024-04-01,32,Maison,1451.0,142250.0,336
2024-07-01,32,Maison,1517.0,155100.0,400
2024-10-01,32,Maison,1458.0,148710.0,423
2025-01-01,32,Maison,1581.0,159330.0,387
2025-04-01,32,Maison,1500.0,147000.0,424
2025-07-01,32,Maison,1575.0,155200.0,497
2025-10-01,32,Maison,1432.0,148250.0,422
2021-01-01,33,Appartement,3667.0,182000.0,2145
2021-04-01,33,Appartement,3821.0,191150.0,2647
2021-07-01,33,Appartement,3858.0,187750.0,2953
2021-10-01,33,Appartement,3914.0,190000.0,2599
2022-01-01,33,Appartement,3829.0,195000.0,2487
2022-04-01,33,Appartement,3905.0,199675.0,2824
2022-07-01,33,Appartement,4040.0,200000.0,3000
2022-10-01,33,Appartement,3922.0,192920.0,2515
2023-01-01,33,Appartement,3943.0,195000.0,2210
2023-04-01,33,Appartement,3875.0,189000.0,2173
2023-07-01,33,Appartement,3914.0,191000.0,2186
2023-10-01,33,Appartement,3750.0,177000.0,1911
2024-01-01,33,Appartement,3642.0,178150.0,1546
2024-04-01,33,Appartement,3638.0,176000.0,1673
2024-07-01,33,Appartement,3750.0,180000.0,2175
2024-10-01,33,Appartement,3659.0,177010.0,2021
2025-01-01,33,Appartement,3541.0,180000.0,1901
2025-04-01,33,Appartement,3638.0,180000.0,2294
2025-07-01,33,Appartement,3669.0,176375.0,2412
2025-10-01,33,Appartement,3638.0,176545.0,2376
2021-01-01,33,Ensemble,3441.0,239197.0,5319
2021-04-01,33,Ensemble,3571.0,243000.0,6312
2021-07-01,33,Ensemble,3625.0,257000.0,7519
2021-10-01,33,Ensemble,3667.0,249000.0,6251
2022-01-01,33,Ensemble,3674.0,247000.0,5660
2022-04-01,33,Ensemble,3689.0,246000.0,6243
2022-07-01,33,Ensemble,3889.0,270000.0,7162
2022-10-01,33,Ensemble,3759.0,246075.0,5616
2023-01-01,33,Ensemble,3775.0,246450.0,4792
2023-04-01,33,Ensemble,3740.0,241000.0,4845
2023-07-01,33,Ensemble,3718.0,250000.0,5066
2023-10-01,33,Ensemble,3537.0,223000.0,4135
2024-01-01,33,Ensemble,3485.0,225000.0,3280
2024-04-01,33,Ensemble,3457.0,228000.0,3709
2024-07-01,33,Ensemble,3557.0,235000.0,4896
2024-10-01,33,Ensemble,3448.0,228000.0,4560
2025-01-01,33,Ensemble,3422.0,230000.0,4267
2025-04-01,33,Ensemble,3416.0,225000.0,4986
2025-07-01,33,Ensemble,3494.0,235000.0,5532
2025-10-01,33,Ensemble,3428.0,226982.0,5320
2021-01-01,33,Maison,3208.0,290888.0,3174
2021-04-01,33,Maison,3333.0,301349.0,3665
2021-07-01,33,Maison,3428.0,325000.0,4566
2021-10-01,33,Maison,3411.0,308888.0,3652
2022-01-01,33,Maison,3500.0,315180.0,3173
2022-04-01,33,Maison,3438.0,315150.0,3419
2022-07-01,33,Maison,3741.0,345156.0,4162
2022-10-01,33,Maison,3603.0,324550.0,3101
2023-01-01,33,Maison,3525.0,319000.0,2582
2023-04-01,33,Maison,3549.0,318860.0,2672
2023-07-01,33,Maison,3457.0,320000.0,2880
2023-10-01,33,Maison,3271.0,294000.0,2224
2024-01-01,33,Maison,3256.0,287170.0,1734
2024-04-01,33,Maison,3203.0,293500.0,2036
2024-07-01,33,Maison,3296.0,295000.0,2721
2024-10-01,33,Maison,3226.0,285000.0,2539
2025-01-01,33,Maison,3245.0,293295.0,2366
2025-04-01,33,Maison,3148.0,285000.0,2692
2025-07-01,33,Maison,3259.0,300000.0,3120
2025-10-01,33,Maison,3177.0,293670.0,2944
2021-01-01,34,Appartement,2964.0,125010.0,2714
2021-04-01,34,Appartement,3071.0,129000.0,3633
2021-07-01,34,Appartement,3122.0,135000.0,3718
2021-10-01,34,Appartement,3206.0,130025.0,3518
2022-01-01,34,Appartement,3227.0,133265.0,3390
2022-04-01,34,Appartement,3316.0,140000.0,3783
2022-07-01,34,Appartement,3406.0,142550.0,3567
2022-10-01,34,Appartement,3425.0,140000.0,3238
2023-01-01,34,Appartement,3438.0,145000.0,2967
2023-04-01,34,Appartement,3524.0,141830.0,3092
2023-07-01,34,Appartement,3468.0,140000.0,2768
2023-10-01,34,Appartement,3340.0,133000.0,2542
2024-01-01,34,Appartement,3343.0,135000.0,2063
2024-04-01,34,Appartement,3438.0,138000.0,2509
2024-07-01,34,Appartement,3403.0,140000.0,2674
2024-10-01,34,Appartement,3335.0,136450.0,2648
2025-01-01,34,Appartement,3409.0,140000.0,2826
2025-04-01,34,Appartement,3376.0,139885.0,2598
2025-07-01,34,Appartement,3476.0,140000.0,2988
2025-10-01,34,Appartement,3397.0,141930.0,2946
2021-01-01,34,Ensemble,2831.0,160000.0,5004
2021-04-01,34,Ensemble,2905.0,161500.0,6403
2021-07-01,34,Ensemble,2997.0,171000.0,6800
2021-10-01,34,Ensemble,3028.0,163600.0,6245
2022-01-01,34,Ensemble,3081.0,164490.0,5823
2022-04-01,34,Ensemble,3152.0,171000.0,6419
2022-07-01,34,Ensemble,3257.0,179200.0,6331
2022-10-01,34,Ensemble,3279.0,171316.0,5634
2023-01-01,34,Ensemble,3274.0,178825.0,5082
2023-04-01,34,Ensemble,3321.0,173780.0,5322
2023-07-01,34,Ensemble,3295.0,175000.0,4797
2023-10-01,34,Ensemble,3200.0,160000.0,4301
2024-01-01,34,Ensemble,3138.0,161100.0,3525
2024-04-01,34,Ensemble,3252.0,168410.0,4221
2024-07-01,34,Ensemble,3227.0,175000.0,4688
2024-10-01,34,Ensemble,3160.0,168500.0,4663
2025-01-01,34,Ensemble,3206.0,170075.0,4708
2025-04-01,34,Ensemble,3219.0,170000.0,4424
2025-07-01,34,Ensemble,3300.0,178000.0,5168
2025-10-01,34,Ensemble,3243.0,176000.0,5109
2021-01-01,34,Maison,2646.0,230000.0,2290
2021-04-01,34,Maison,2726.0,235184.0,2770
2021-07-01,34,Maison,2838.0,250000.0,3082
2021-10-01,34,Maison,2816.0,240000.0,2727
2022-01-01,34,Maison,2833.0,245000.0,2433
2022-04-01,34,Maison,2863.0,245900.0,2636
2022-07-01,34,Maison,3030.0,260000.0,2764
2022-10-01,34,Maison,3042.0,253025.0,2396
2023-01-01,34,Maison,3040.0,257560.0,2115
2023-04-01,34,Maison,2991.0,255765.0,2230
2023-07-01,34,Maison,3105.0,270000.0,2029
2023-10-01,34,Maison,2966.0,244000.0,1759
2024-01-01,34,Maison,2836.0,237075.0,1462
2024-04-01,34,Maison,2985.0,247715.0,1712
2024-07-01,34,Maison,2989.0,258440.0,2014
2024-10-01,34,Maison,2941.0,250000.0,2015
2025-01-01,34,Maison,2884.0,250000.0,1882
2025-04-01,34,Maison,2939.0,258900.0,1826
2025-07-01,34,Maison,3077.0,270000.0,2180
2025-10-01,34,Maison,3000.0,250138.0,2163
2021-01-01,35,Appartement,2939.0,157500.0,1459
2021-04-01,35,Appartement,3037.0,165000.0,1946
2021-07-01,35,Appartement,3227.0,174975.0,2022
2021-10-01,35,Appartement,3226.0,168100.0,1647
2022-01-01,35,Appartement,3278.0,173000.0,1593
2022-04-01,35,Appartement,3342.0,174400.0,1773
2022-07-01,35,Appartement,3549.0,185000.0,1898
2022-10-01,35,Appartement,3476.0,175000.0,1631
2023-01-01,35,Appartement,3406.0,178000.0,1453
2023-04-01,35,Appartement,3382.0,177000.0,1427
2023-07-01,35,Appartement,3473.0,175000.0,1476
2023-10-01,35,Appartement,3362.0,170000.0,1161
2024-01-01,35,Appartement,3241.0,162050.0,1074
2024-04-01,35,Appartement,3309.0,170130.0,1183
2024-07-01,35,Appartement,3355.0,175000.0,1466
2024-10-01,35,Appartement,3319.0,174700.0,1331
2025-01-01,35,Appartement,3296.0,176000.0,1389
2025-04-01,35,Appartement,3313.0,175120.0,1363
2025-07-01,35,Appartement,3439.0,177000.0,1626
2025-10-01,35,Appartement,3453.0,176100.0,1509
2021-01-01,35,Ensemble,2500.0,179000.0,3261
2021-04-01,35,Ensemble,2550.0,185325.0,4370
2021-07-01,35,Ensemble,2697.0,203000.0,4853
2021-10-01,35,Ensemble,2708.0,194000.0,3758
2022-01-01,35,Ensemble,2766.0,200000.0,3559
2022-04-01,35,Ensemble,2828.0,199600.0,3837
2022-07-01,35,Ensemble,3000.0,225000.0,4411
2022-10-01,35,Ensemble,2955.0,200685.0,3487
2023-01-01,35,Ensemble,2915.0,202000.0,3099
2023-04-01,35,Ensemble,2857.0,205000.0,3117
2023-07-01,35,Ensemble,2912.0,211060.0,3406
2023-10-01,35,Ensemble,2881.0,203000.0,2694
2024-01-01,35,Ensemble,2767.0,193000.0,2361
2024-04-01,35,Ensemble,2828.0,200000.0,2595
2024-07-01,35,Ensemble,2857.0,210000.0,3328
2024-10-01,35,Ensemble,2761.0,204000.0,2973
2025-01-01,35,Ensemble,2867.0,210000.0,3009
2025-04-01,35,Ensemble,2842.0,205000.0,2911
2025-07-01,35,Ensemble,2909.0,215775.0,3646
2025-10-01,35,Ensemble,2883.0,207000.0,3315
2021-01-01,35,Maison,2108.0,210000.0,1802
2021-04-01,35,Maison,2174.0,220000.0,2424
2021-07-01,35,Maison,2304.0,231000.0,2831
2021-10-01,35,Maison,2303.0,225200.0,2111
2022-01-01,35,Maison,2367.0,230195.0,1966
2022-04-01,35,Maison,2386.0,238750.0,2064
2022-07-01,35,Maison,2591.0,265000.0,2513
2022-10-01,35,Maison,2520.0,243000.0,1856
2023-01-01,35,Maison,2412.0,240000.0,1646
2023-04-01,35,Maison,2444.0,238550.0,1690
2023-07-01,35,Maison,2500.0,250000.0,1930
2023-10-01,35,Maison,2478.0,243500.0,1533
2024-01-01,35,Maison,2393.0,230000.0,1287
2024-04-01,35,Maison,2386.0,230350.0,1412
2024-07-01,35,Maison,2465.0,248171.0,1862
2024-10-01,35,Maison,2364.0,232750.0,1642
2025-01-01,35,Maison,2510.0,250000.0,1620
2025-04-01,35,Maison,2423.0,237962.0,1548
2025-07-01,35,Maison,2555.0,256985.0,2020
2025-10-01,35,Maison,2418.0,243000.0,1806
2021-01-01,36,Appartement,913.0,51750.0,62
2021-04-01,36,Appartement,985.0,55200.0,73
2021-07-01,36,Appartement,968.0,60400.0,82
2021-10-01,36,Appartement,1097.0,56000.0,61
2022-01-01,36,Appartement,1154.0,61700.0,78
2022-04-01,36,Appartement,1157.0,65000.0,92
2022-07-01,36,Appartement,1095.0,66000.0,82
2022-10-01,36,Appartement,1212.0,66000.0,71
2023-01-01,36,Appartement,1086.0,64900.0,74
2023-04-01,36,Appartement,1073.0,63950.0,74
2023-07-01,36,Appartement,1205.0,68000.0,73
2023-10-01,36,Appartement,1109.0,66500.0,63
2024-01-01,36,Appartement,1179.0,65950.0,46
2024-04-01,36,Appartement,1091.0,55000.0,59
2024-07-01,36,Appartement,1071.0,60000.0,63
2024-10-01,36,Appartement,1087.0,58000.0,45
2025-01-01,36,Appartement,1200.0,61050.0,46
2025-04-01,36,Appartement,1212.0,68500.0,61
2025-07-01,36,Appartement,1173.0,61125.0,54
2025-10-01,36,Appartement,1223.0,66152.0,86
2021-01-01,36,Ensemble,894.0,66000.0,653
2021-04-01,36,Ensemble,887.0,70000.0,784
2021-07-01,36,Ensemble,1000.0,77000.0,911
2021-10-01,36,Ensemble,920.0,76800.0,825
2022-01-01,36,Ensemble,1010.0,80000.0,762
2022-04-01,36,Ensemble,984.0,78500.0,822
2022-07-01,36,Ensemble,1033.0,83000.0,837
2022-10-01,36,Ensemble,1067.0,81000.0,809
2023-01-01,36,Ensemble,1000.0,76000.0,671
2023-04-01,36,Ensemble,1049.0,81630.0,660
2023-07-01,36,Ensemble,1025.0,80000.0,688
2023-10-01,36,Ensemble,1000.0,79500.0,701
2024-01-01,36,Ensemble,941.0,74500.0,530
2024-04-01,36,Ensemble,942.0,70000.0,593
2024-07-01,36,Ensemble,1000.0,80000.0,681
2024-10-01,36,Ensemble,1015.0,78000.0,701
2025-01-01,36,Ensemble,1053.0,80000.0,526
2025-04-01,36,Ensemble,1044.0,80000.0,629
2025-07-01,36,Ensemble,1131.0,88850.0,668
2025-10-01,36,Ensemble,1020.0,80000.0,711
2021-01-01,36,Maison,885.0,70000.0,591
2021-04-01,36,Maison,867.0,74000.0,711
2021-07-01,36,Maison,1014.0,80000.0,829
2021-10-01,36,Maison,910.0,79950.0,764
2022-01-01,36,Maison,1000.0,82000.0,684
2022-04-01,36,Maison,945.0,80000.0,730
2022-07-01,36,Maison,1026.0,85000.0,755
2022-10-01,36,Maison,1029.0,84310.0,738
2023-01-01,36,Maison,962.0,80000.0,597
2023-04-01,36,Maison,1034.0,85000.0,586
2023-07-01,36,Maison,981.0,82500.0,615
2023-10-01,36,Maison,981.0,80000.0,638
2024-01-01,36,Maison,924.0,75000.0,484
2024-04-01,36,Maison,923.0,70000.0,534
2024-07-01,36,Maison,986.0,82700.0,618
2024-10-01,36,Maison,1011.0,80000.0,656
2025-01-01,36,Maison,1031.0,82000.0,480
2025-04-01,36,Maison,1021.0,85000.0,568
2025-07-01,36,Maison,1108.0,92000.0,614
2025-10-01,36,Maison,1000.0,82000.0,625
2021-01-01,37,Appartement,2366.0,123000.0,664
2021-04-01,37,Appartement,2386.0,121000.0,873
2021-07-01,37,Appartement,2575.0,129250.0,910
2021-10-01,37,Appartement,2653.0,125000.0,696
2022-01-01,37,Appartement,2612.0,132000.0,669
2022-04-01,37,Appartement,2687.0,137750.0,816
2022-07-01,37,Appartement,2798.0,139000.0,813
2022-10-01,37,Appartement,2810.0,140000.0,677
2023-01-01,37,Appartement,2717.0,134558.0,572
2023-04-01,37,Appartement,2776.0,137500.0,686
2023-07-01,37,Appartement,2698.0,130945.0,664
2023-10-01,37,Appartement,2703.0,130000.0,530
2024-01-01,37,Appartement,2632.0,124000.0,507
2024-04-01,37,Appartement,2587.0,131200.0,574
2024-07-01,37,Appartement,2568.0,128250.0,666
2024-10-01,37,Appartement,2640.0,128000.0,603
2025-01-01,37,Appartement,2619.0,130000.0,597
2025-04-01,37,Appartement,2619.0,128000.0,667
2025-07-01,37,Appartement,2671.0,128200.0,723
2025-10-01,37,Appartement,2646.0,128000.0,733
2021-01-01,37,Ensemble,2100.0,150000.0,1711
2021-04-01,37,Ensemble,2177.0,159500.0,2258
2021-07-01,37,Ensemble,2308.0,171200.0,2553
2021-10-01,37,Ensemble,2291.0,160000.0,1927
2022-01-01,37,Ensemble,2333.0,162000.0,1767
2022-04-01,37,Ensemble,2400.0,165000.0,2016
2022-07-01,37,Ensemble,2500.0,180000.0,2310
2022-10-01,37,Ensemble,2500.0,170000.0,1794
2023-01-01,37,Ensemble,2418.0,168000.0,1526
2023-04-01,37,Ensemble,2478.0,172000.0,1702
2023-07-01,37,Ensemble,2536.0,170000.0,1737
2023-10-01,37,Ensemble,2365.0,163500.0,1472
2024-01-01,37,Ensemble,2355.0,153200.0,1292
2024-04-01,37,Ensemble,2352.0,167890.0,1415
2024-07-01,37,Ensemble,2333.0,170000.0,1820
2024-10-01,37,Ensemble,2321.0,160000.0,1609
2025-01-01,37,Ensemble,2402.0,162150.0,1478
2025-04-01,37,Ensemble,2330.0,165000.0,1607
2025-07-01,37,Ensemble,2409.0,168000.0,1904
2025-10-01,37,Ensemble,2355.0,160000.0,1788
2021-01-01,37,Maison,1946.0,180000.0,1047
2021-04-01,37,Maison,2029.0,192390.0,1385
2021-07-01,37,Maison,2173.0,210000.0,1643
2021-10-01,37,Maison,2115.0,191430.0,1231
2022-01-01,37,Maison,2182.0,200000.0,1098
2022-04-01,37,Maison,2189.0,202908.0,1200
2022-07-01,37,Maison,2336.0,219000.0,1497
2022-10-01,37,Maison,2301.0,205000.0,1117
2023-01-01,37,Maison,2238.0,205500.0,954
2023-04-01,37,Maison,2279.0,205250.0,1016
2023-07-01,37,Maison,2343.0,214000.0,1073
2023-10-01,37,Maison,2145.0,191575.0,942
2024-01-01,37,Maison,2150.0,190000.0,785
2024-04-01,37,Maison,2212.0,200000.0,841
2024-07-01,37,Maison,2219.0,207500.0,1154
2024-10-01,37,Maison,2151.0,192500.0,1006
2025-01-01,37,Maison,2209.0,197500.0,881
2025-04-01,37,Maison,2150.0,200000.0,940
2025-07-01,37,Maison,2285.0,210000.0,1181
2025-10-01,37,Maison,2177.0,200000.0,1055
2021-01-01,38,Appartement,2308.0,128000.0,2283
2021-04-01,38,Appartement,2308.0,133000.0,2839
2021-07-01,38,Appartement,2433.0,136700.0,3129
2021-10-01,38,Appartement,2485.0,134000.0,2710
2022-01-01,38,Appartement,2441.0,137000.0,2528
2022-04-01,38,Appartement,2471.0,141470.0,3215
2022-07-01,38,Appartement,2589.0,145000.0,2802
2022-10-01,38,Appartement,2576.0,140000.0,2662
2023-01-01,38,Appartement,2577.0,141295.0,2095
2023-04-01,38,Appartement,2613.0,145000.0,2313
2023-07-01,38,Appartement,2609.0,145000.0,2287
2023-10-01,38,Appartement,2578.0,140000.0,1969
2024-01-01,38,Appartement,2488.0,134300.0,1546
2024-04-01,38,Appartement,2529.0,138000.0,1799
2024-07-01,38,Appartement,2510.0,140000.0,2084
2024-10-01,38,Appartement,2470.0,136000.0,1955
2025-01-01,38,Appartement,2501.0,141000.0,1840
2025-04-01,38,Appartement,2490.0,137000.0,2219
2025-07-01,38,Appartement,2552.0,145675.0,2272
2025-10-01,38,Appartement,2557.0,145000.0,1413
2021-01-01,38,Ensemble,2368.0,164000.0,3955
2021-04-01,38,Ensemble,2418.0,170000.0,4859
2021-07-01,38,Ensemble,2538.0,183400.0,5629
2021-10-01,38,Ensemble,2556.0,172000.0,4632
2022-01-01,38,Ensemble,2573.0,177000.0,4250
2022-04-01,38,Ensemble,2605.0,176000.0,5232
2022-07-01,38,Ensemble,2736.0,193000.0,4915
2022-10-01,38,Ensemble,2688.0,180000.0,4433
2023-01-01,38,Ensemble,2697.0,180000.0,3529
2023-04-01,38,Ensemble,2704.0,180000.0,3725
2023-07-01,38,Ensemble,2718.0,190000.0,3828
2023-10-01,38,Ensemble,2667.0,179400.0,3295
2024-01-01,38,Ensemble,2543.0,172000.0,2631
2024-04-01,38,Ensemble,2615.0,175000.0,2918
2024-07-01,38,Ensemble,2632.0,190000.0,3665
2024-10-01,38,Ensemble,2583.0,182000.0,3406
2025-01-01,38,Ensemble,2605.0,184000.0,3123
2025-04-01,38,Ensemble,2589.0,175383.0,3672
2025-07-01,38,Ensemble,2666.0,190000.0,3958
2025-10-01,38,Ensemble,2623.0,194250.0,2556
2021-01-01,38,Maison,2438.0,240000.0,1672
2021-04-01,38,Maison,2541.0,249945.0,2020
2021-07-01,38,Maison,2712.0,267000.0,2500
2021-10-01,38,Maison,2667.0,260000.0,1922
2022-01-01,38,Maison,2742.0,260000.0,1722
2022-04-01,38,Maison,2817.0,275000.0,2017
2022-07-01,38,Maison,2930.0,288567.0,2113
2022-10-01,38,Maison,2875.0,278000.0,1771
2023-01-01,38,Maison,2905.0,270000.0,1434
2023-04-01,38,Maison,2839.0,269650.0,1412
2023-07-01,38,Maison,2897.0,281150.0,1541
2023-10-01,38,Maison,2800.0,263875.0,1326
2024-01-01,38,Maison,2629.0,243600.0,1085
2024-04-01,38,Maison,2743.0,264000.0,1119
2024-07-01,38,Maison,2787.0,274920.0,1581
2024-10-01,38,Maison,2738.0,259900.0,1451
2025-01-01,38,Maison,2772.0,270000.0,1283
2025-04-01,38,Maison,2755.0,266500.0,1453
2025-07-01,38,Maison,2832.0,278070.0,1686
2025-10-01,38,Maison,2694.0,260000.0,1143
2021-01-01,39,Appartement,1357.0,79500.0,219
2021-04-01,39,Appartement,1325.0,81000.0,289
2021-07-01,39,Appartement,1402.0,87650.0,255
2021-10-01,39,Appartement,1408.0,90000.0,280
2022-01-01,39,Appartement,1331.0,85500.0,257
2022-04-01,39,Appartement,1420.0,90000.0,282
2022-07-01,39,Appartement,1482.0,95000.0,264
2022-10-01,39,Appartement,1429.0,95000.0,277
2023-01-01,39,Appartement,1607.0,101776.0,216
2023-04-01,39,Appartement,1542.0,95000.0,235
2023-07-01,39,Appartement,1647.0,98000.0,239
2023-10-01,39,Appartement,1400.0,86000.0,277
2024-01-01,39,Appartement,1487.0,91085.0,196
2024-04-01,39,Appartement,1510.0,95000.0,204
2024-07-01,39,Appartement,1607.0,100000.0,223
2024-10-01,39,Appartement,1568.0,85000.0,255
2025-01-01,39,Appartement,1551.0,90875.0,240
2025-04-01,39,Appartement,1692.0,103000.0,249
2025-07-01,39,Appartement,1680.0,110000.0,275
2025-10-01,39,Appartement,1582.0,95000.0,233
2021-01-01,39,Ensemble,1400.0,118400.0,663
2021-04-01,39,Ensemble,1419.0,125000.0,836
2021-07-01,39,Ensemble,1474.0,135500.0,898
2021-10-01,39,Ensemble,1512.0,127000.0,826
2022-01-01,39,Ensemble,1494.0,125000.0,706
2022-04-01,39,Ensemble,1500.0,130000.0,827
2022-07-01,39,Ensemble,1636.0,140000.0,844
2022-10-01,39,Ensemble,1585.0,138000.0,797
2023-01-01,39,Ensemble,1625.0,135000.0,600
2023-04-01,39,Ensemble,1696.0,137750.0,635
2023-07-01,39,Ensemble,1696.0,141783.0,710
2023-10-01,39,Ensemble,1567.0,125000.0,675
2024-01-01,39,Ensemble,1580.0,128000.0,497
2024-04-01,39,Ensemble,1600.0,135000.0,545
2024-07-01,39,Ensemble,1698.0,143610.0,670
2024-10-01,39,Ensemble,1631.0,139325.0,690
2025-01-01,39,Ensemble,1557.0,131625.0,590
2025-04-01,39,Ensemble,1720.0,147000.0,666
2025-07-01,39,Ensemble,1727.0,147575.0,744
2025-10-01,39,Ensemble,1649.0,140000.0,638
2021-01-01,39,Maison,1426.0,138850.0,444
2021-04-01,39,Maison,1497.0,149600.0,547
2021-07-01,39,Maison,1510.0,157000.0,643
2021-10-01,39,Maison,1566.0,152000.0,546
2022-01-01,39,Maison,1586.0,152000.0,449
2022-04-01,39,Maison,1546.0,157000.0,545
2022-07-01,39,Maison,1730.0,168874.0,580
2022-10-01,39,Maison,1706.0,168393.0,520
2023-01-01,39,Maison,1654.0,160000.0,384
2023-04-01,39,Maison,1786.0,162950.0,400
2023-07-01,39,Maison,1767.0,175500.0,471
2023-10-01,39,Maison,1705.0,165000.0,398
2024-01-01,39,Maison,1677.0,162450.0,301
2024-04-01,39,Maison,1690.0,162000.0,341
2024-07-01,39,Maison,1731.0,165000.0,447
2024-10-01,39,Maison,1675.0,170000.0,435
2025-01-01,39,Maison,1580.0,157650.0,350
2025-04-01,39,Maison,1735.0,173000.0,417
2025-07-01,39,Maison,1759.0,173000.0,469
2025-10-01,39,Maison,1690.0,167300.0,405
2021-01-01,40,Appartement,2763.0,130000.0,571
2021-04-01,40,Appartement,2869.0,134000.0,720
2021-07-01,40,Appartement,2905.0,142500.0,653
2021-10-01,40,Appartement,2936.0,137000.0,685
2022-01-01,40,Appartement,2880.0,140000.0,556
2022-04-01,40,Appartement,2891.0,140000.0,662
2022-07-01,40,Appartement,2926.0,146890.0,596
2022-10-01,40,Appartement,2921.0,150000.0,565
2023-01-01,40,Appartement,3253.0,155000.0,515
2023-04-01,40,Appartement,3280.0,155000.0,480
2023-07-01,40,Appartement,3049.0,149085.0,447
2023-10-01,40,Appartement,3109.0,145000.0,413
2024-01-01,40,Appartement,3121.0,149542.0,348
2024-04-01,40,Appartement,3190.0,152000.0,412
2024-07-01,40,Appartement,2903.0,147000.0,485
2024-10-01,40,Appartement,3204.0,152000.0,491
2025-01-01,40,Appartement,3275.0,159000.0,451
2025-04-01,40,Appartement,3163.0,157400.0,510
2025-07-01,40,Appartement,3376.0,157500.0,549
2025-10-01,40,Appartement,3182.0,154082.0,537
2021-01-01,40,Ensemble,2367.0,178000.0,1697
2021-04-01,40,Ensemble,2474.0,185250.0,1980
2021-07-01,40,Ensemble,2494.0,199950.0,2072
2021-10-01,40,Ensemble,2556.0,192250.0,1922
2022-01-01,40,Ensemble,2625.0,198500.0,1626
2022-04-01,40,Ensemble,2745.0,200000.0,1815
2022-07-01,40,Ensemble,2687.0,212000.0,1826
2022-10-01,40,Ensemble,2825.0,212475.0,1594
2023-01-01,40,Ensemble,2789.0,200000.0,1448
2023-04-01,40,Ensemble,2833.0,212850.0,1400
2023-07-01,40,Ensemble,2830.0,212700.0,1348
2023-10-01,40,Ensemble,2742.0,198500.0,1195
2024-01-01,40,Ensemble,2818.0,201810.0,988
2024-04-01,40,Ensemble,2750.0,200000.0,1209
2024-07-01,40,Ensemble,2700.0,206134.0,1492
2024-10-01,40,Ensemble,2808.0,200000.0,1407
2025-01-01,40,Ensemble,2827.0,211500.0,1282
2025-04-01,40,Ensemble,2760.0,209500.0,1441
2025-07-01,40,Ensemble,2794.0,216528.0,1651
2025-10-01,40,Ensemble,2767.0,205000.0,1468
2021-01-01,40,Maison,2246.0,212000.0,1126
2021-04-01,40,Maison,2332.0,226000.0,1260
2021-07-01,40,Maison,2341.0,230000.0,1419
2021-10-01,40,Maison,2408.0,230000.0,1237
2022-01-01,40,Maison,2500.0,235000.0,1070
2022-04-01,40,Maison,2611.0,240830.0,1153
2022-07-01,40,Maison,2591.0,249450.0,1230
2022-10-01,40,Maison,2756.0,253500.0,1029
2023-01-01,40,Maison,2650.0,243500.0,933
2023-04-01,40,Maison,2616.0,248000.0,920
2023-07-01,40,Maison,2688.0,245000.0,901
2023-10-01,40,Maison,2500.0,232500.0,782
2024-01-01,40,Maison,2634.0,242750.0,640
2024-04-01,40,Maison,2507.0,235000.0,797
2024-07-01,40,Maison,2541.0,240000.0,1007
2024-10-01,40,Maison,2577.0,235350.0,916
2025-01-01,40,Maison,2661.0,244000.0,831
2025-04-01,40,Maison,2630.0,237000.0,931
2025-07-01,40,Maison,2621.0,251600.0,1102
2025-10-01,40,Maison,2497.0,240000.0,931
2021-01-01,41,Appartement,1424.0,73786.0,146
2021-04-01,41,Appartement,1571.0,80000.0,200
2021-07-01,41,Appartement,1557.0,80000.0,214
2021-10-01,41,Appartement,1667.0,82000.0,197
2022-01-01,41,Appartement,1646.0,88750.0,174
2022-04-01,41,Appartement,1759.0,85000.0,196
2022-07-01,41,Appartement,1784.0,91000.0,203
2022-10-01,41,Appartement,1829.0,96000.0,179
2023-01-01,41,Appartement,1792.0,85000.0,173
2023-04-01,41,Appartement,1909.0,86678.0,149
2023-07-01,41,Appartement,1786.0,85000.0,179
2023-10-01,41,Appartement,1749.0,87250.0,138
2024-01-01,41,Appartement,1773.0,88000.0,123
2024-04-01,41,Appartement,1867.0,90500.0,136
2024-07-01,41,Appartement,1769.0,92750.0,134
2024-10-01,41,Appartement,1859.0,100000.0,143
2025-01-01,41,Appartement,1782.0,88000.0,141
2025-04-01,41,Appartement,1716.0,91100.0,135
2025-07-01,41,Appartement,1733.0,92600.0,157
2025-10-01,41,Appartement,1817.0,84995.0,160
2021-01-01,41,Ensemble,1318.0,105000.0,934
2021-04-01,41,Ensemble,1396.0,111000.0,1164
2021-07-01,41,Ensemble,1481.0,121000.0,1301
2021-10-01,41,Ensemble,1400.0,115000.0,1044
2022-01-01,41,Ensemble,1460.0,119700.0,931
2022-04-01,41,Ensemble,1560.0,121500.0,1071
2022-07-01,41,Ensemble,1612.0,132000.0,1179
2022-10-01,41,Ensemble,1603.0,120000.0,957
2023-01-01,41,Ensemble,1559.0,122000.0,820
2023-04-01,41,Ensemble,1522.0,115000.0,821
2023-07-01,41,Ensemble,1650.0,129000.0,880
2023-10-01,41,Ensemble,1474.0,115000.0,827
2024-01-01,41,Ensemble,1482.0,115000.0,629
2024-04-01,41,Ensemble,1562.0,120000.0,699
2024-07-01,41,Ensemble,1552.0,123175.0,850
2024-10-01,41,Ensemble,1504.0,119000.0,817
2025-01-01,41,Ensemble,1513.0,120000.0,713
2025-04-01,41,Ensemble,1520.0,125000.0,759
2025-07-01,41,Ensemble,1542.0,123625.0,852
2025-10-01,41,Ensemble,1532.0,121000.0,887
2021-01-01,41,Maison,1295.0,115000.0,788
2021-04-01,41,Maison,1345.0,120050.0,964
2021-07-01,41,Maison,1456.0,130000.0,1087
2021-10-01,41,Maison,1342.0,123000.0,847
2022-01-01,41,Maison,1398.0,128000.0,757
2022-04-01,41,Maison,1490.0,130000.0,875
2022-07-01,41,Maison,1562.0,142700.0,976
2022-10-01,41,Maison,1500.0,130000.0,778
2023-01-01,41,Maison,1494.0,135000.0,647
2023-04-01,41,Maison,1461.0,124000.0,672
2023-07-01,41,Maison,1611.0,139500.0,701
2023-10-01,41,Maison,1438.0,125000.0,689
2024-01-01,41,Maison,1442.0,122575.0,506
2024-04-01,41,Maison,1494.0,127000.0,563
2024-07-01,41,Maison,1509.0,130000.0,716
2024-10-01,41,Maison,1437.0,125000.0,674
2025-01-01,41,Maison,1475.0,128315.0,572
2025-04-01,41,Maison,1468.0,130000.0,624
2025-07-01,41,Maison,1486.0,132000.0,695
2025-10-01,41,Maison,1490.0,129000.0,727
2021-01-01,42,Appartement,1111.0,75000.0,1158
2021-04-01,42,Appartement,1186.0,78000.0,1613
2021-07-01,42,Appartement,1232.0,79000.0,1566
2021-10-01,42,Appartement,1250.0,83000.0,1408
2022-01-01,42,Appartement,1252.0,83000.0,1302
2022-04-01,42,Appartement,1289.0,85000.0,1579
2022-07-01,42,Appartement,1340.0,85000.0,1556
2022-10-01,42,Appartement,1338.0,84000.0,1274
2023-01-01,42,Appartement,1300.0,85000.0,1218
2023-04-01,42,Appartement,1303.0,82600.0,1351
2023-07-01,42,Appartement,1294.0,80925.0,1210
2023-10-01,42,Appartement,1279.0,80925.0,1080
2024-01-01,42,Appartement,1226.0,75000.0,1005
2024-04-01,42,Appartement,1200.0,78000.0,1054
2024-07-01,42,Appartement,1298.0,81250.0,1128
2024-10-01,42,Appartement,1267.0,79000.0,1087
2025-01-01,42,Appartement,1300.0,78875.0,1144
2025-04-01,42,Appartement,1259.0,80000.0,1094
2025-07-01,42,Appartement,1304.0,82810.0,1166
2025-10-01,42,Appartement,1281.0,80000.0,1190
2021-01-01,42,Ensemble,1322.0,105100.0,2160
2021-04-01,42,Ensemble,1378.0,110000.0,2859
2021-07-01,42,Ensemble,1419.0,112700.0,2863
2021-10-01,42,Ensemble,1442.0,114000.0,2575
2022-01-01,42,Ensemble,1447.0,111000.0,2294
2022-04-01,42,Ensemble,1470.0,116025.0,2702
2022-07-01,42,Ensemble,1589.0,125000.0,2759
2022-10-01,42,Ensemble,1559.0,120000.0,2339
2023-01-01,42,Ensemble,1526.0,115000.0,2079
2023-04-01,42,Ensemble,1482.0,110000.0,2234
2023-07-01,42,Ensemble,1540.0,115000.0,2140
2023-10-01,42,Ensemble,1466.0,110000.0,1875
2024-01-01,42,Ensemble,1424.0,104500.0,1695
2024-04-01,42,Ensemble,1423.0,108000.0,1770
2024-07-01,42,Ensemble,1559.0,119000.0,2067
2024-10-01,42,Ensemble,1484.0,114050.0,1954
2025-01-01,42,Ensemble,1514.0,113000.0,2001
2025-04-01,42,Ensemble,1519.0,113900.0,1913
2025-07-01,42,Ensemble,1568.0,123200.0,2141
2025-10-01,42,Ensemble,1533.0,117155.0,2154
2021-01-01,42,Maison,1756.0,165000.0,1002
2021-04-01,42,Maison,1810.0,171062.0,1246
2021-07-01,42,Maison,1875.0,180000.0,1297
2021-10-01,42,Maison,1875.0,175000.0,1167
2022-01-01,42,Maison,1962.0,180000.0,992
2022-04-01,42,Maison,2017.0,187500.0,1123
2022-07-01,42,Maison,2100.0,201500.0,1203
2022-10-01,42,Maison,2027.0,190080.0,1065
2023-01-01,42,Maison,2066.0,195000.0,861
2023-04-01,42,Maison,2045.0,190700.0,883
2023-07-01,42,Maison,2035.0,190175.0,930
2023-10-01,42,Maison,1930.0,180000.0,795
2024-01-01,42,Maison,2000.0,180000.0,690
2024-04-01,42,Maison,1936.0,182338.0,716
2024-07-01,42,Maison,2033.0,190000.0,939
2024-10-01,42,Maison,1943.0,180500.0,867
2025-01-01,42,Maison,2000.0,185700.0,857
2025-04-01,42,Maison,2019.0,186000.0,819
2025-07-01,42,Maison,2000.0,195200.0,975
2025-10-01,42,Maison,1990.0,190000.0,964
2021-01-01,43,Appartement,1156.0,83400.0,141
2021-04-01,43,Appartement,1185.0,79000.0,169
2021-07-01,43,Appartement,1299.0,91275.0,196
2021-10-01,43,Appartement,1299.0,80000.0,176
2022-01-01,43,Appartement,1323.0,85000.0,146
2022-04-01,43,Appartement,1430.0,92500.0,165
2022-07-01,43,Appartement,1371.0,90000.0,163
2022-10-01,43,Appartement,1402.0,90000.0,145
2023-01-01,43,Appartement,1474.0,101375.0,134
2023-04-01,43,Appartement,1499.0,103700.0,142
2023-07-01,43,Appartement,1475.0,90000.0,155
2023-10-01,43,Appartement,1455.0,84850.0,124
2024-01-01,43,Appartement,1415.0,91200.0,123
2024-04-01,43,Appartement,1288.0,85000.0,117
2024-07-01,43,Appartement,1491.0,109925.0,142
2024-10-01,43,Appartement,1348.0,89450.0,138
2025-01-01,43,Appartement,1535.0,103250.0,140
2025-04-01,43,Appartement,1379.0,89300.0,142
2025-07-01,43,Appartement,1550.0,96250.0,158
2025-10-01,43,Appartement,1548.0,94193.0,90
2021-01-01,43,Ensemble,1125.0,91438.0,628
2021-04-01,43,Ensemble,1130.0,92500.0,757
2021-07-01,43,Ensemble,1248.0,103000.0,822
2021-10-01,43,Ensemble,1256.0,102400.0,833
2022-01-01,43,Ensemble,1250.0,99000.0,679
2022-04-01,43,Ensemble,1300.0,107000.0,697
2022-07-01,43,Ensemble,1366.0,113773.0,711
2022-10-01,43,Ensemble,1323.0,108000.0,687
2023-01-01,43,Ensemble,1305.0,103060.0,643
2023-04-01,43,Ensemble,1354.0,107000.0,587
2023-07-01,43,Ensemble,1398.0,115000.0,555
2023-10-01,43,Ensemble,1373.0,102000.0,548
2024-01-01,43,Ensemble,1314.0,105000.0,472
2024-04-01,43,Ensemble,1308.0,108300.0,495
2024-07-01,43,Ensemble,1445.0,120000.0,590
2024-10-01,43,Ensemble,1371.0,109950.0,588
2025-01-01,43,Ensemble,1352.0,105000.0,525
2025-04-01,43,Ensemble,1375.0,108900.0,539
2025-07-01,43,Ensemble,1500.0,121700.0,631
2025-10-01,43,Ensemble,1396.0,116460.0,416
2021-01-01,43,Maison,1108.0,97500.0,487
2021-04-01,43,Maison,1114.0,99050.0,588
2021-07-01,43,Maison,1221.0,110000.0,626
2021-10-01,43,Maison,1228.0,110000.0,657
2022-01-01,43,Maison,1200.0,105000.0,533
2022-04-01,43,Maison,1269.0,116750.0,532
2022-07-01,43,Maison,1362.0,120000.0,548
2022-10-01,43,Maison,1270.0,118800.0,542
2023-01-01,43,Maison,1234.0,104500.0,509
2023-04-01,43,Maison,1292.0,110000.0,445
2023-07-01,43,Maison,1373.0,127270.0,400
2023-10-01,43,Maison,1357.0,120000.0,424
2024-01-01,43,Maison,1256.0,113000.0,349
2024-04-01,43,Maison,1336.0,118250.0,378
2024-07-01,43,Maison,1418.0,130000.0,448
2024-10-01,43,Maison,1376.0,120150.0,450
2025-01-01,43,Maison,1236.0,107000.0,385
2025-04-01,43,Maison,1369.0,117000.0,397
2025-07-01,43,Maison,1495.0,138350.0,473
2025-10-01,43,Maison,1356.0,124500.0,326
2021-01-01,44,Appartement,3417.0,169000.0,2102
2021-04-01,44,Appartement,3525.0,172050.0,2600
2021-07-01,44,Appartement,3645.0,180000.0,2660
2021-10-01,44,Appartement,3578.0,173500.0,2278
2022-01-01,44,Appartement,3578.0,177674.0,2131
2022-04-01,44,Appartement,3649.0,179950.0,2564
2022-07-01,44,Appartement,3720.0,180000.0,2645
2022-10-01,44,Appartement,3676.0,180000.0,2194
2023-01-01,44,Appartement,3629.0,177000.0,2029
2023-04-01,44,Appartement,3583.0,180000.0,2093
2023-07-01,44,Appartement,3525.0,175000.0,1887
2023-10-01,44,Appartement,3438.0,167000.0,1699
2024-01-01,44,Appartement,3370.0,169000.0,1319
2024-04-01,44,Appartement,3261.0,165000.0,1707
2024-07-01,44,Appartement,3377.0,163500.0,1943
2024-10-01,44,Appartement,3345.0,163000.0,1695
2025-01-01,44,Appartement,3279.0,165000.0,1819
2025-04-01,44,Appartement,3267.0,165438.0,1866
2025-07-01,44,Appartement,3341.0,165000.0,2115
2025-10-01,44,Appartement,3280.0,165000.0,2018
2021-01-01,44,Ensemble,3062.0,207000.0,4965
2021-04-01,44,Ensemble,3164.0,215000.0,6094
2021-07-01,44,Ensemble,3266.0,237000.0,6850
2021-10-01,44,Ensemble,3306.0,220000.0,5363
2022-01-01,44,Ensemble,3311.0,221090.0,4912
2022-04-01,44,Ensemble,3381.0,230000.0,5746
2022-07-01,44,Ensemble,3494.0,241285.0,6241
2022-10-01,44,Ensemble,3415.0,230000.0,5047
2023-01-01,44,Ensemble,3380.0,220000.0,4411
2023-04-01,44,Ensemble,3382.0,227500.0,4586
2023-07-01,44,Ensemble,3297.0,230000.0,4590
2023-10-01,44,Ensemble,3216.0,215000.0,3941
2024-01-01,44,Ensemble,3158.0,215000.0,3104
2024-04-01,44,Ensemble,3082.0,215000.0,3823
2024-07-01,44,Ensemble,3170.0,218970.0,4564
2024-10-01,44,Ensemble,3125.0,215175.0,4190
2025-01-01,44,Ensemble,3078.0,215000.0,4228
2025-04-01,44,Ensemble,3077.0,211000.0,4092
2025-07-01,44,Ensemble,3130.0,224500.0,5053
2025-10-01,44,Ensemble,3068.0,215000.0,4789
2021-01-01,44,Maison,2769.0,248000.0,2863
2021-04-01,44,Maison,2876.0,256082.0,3494
2021-07-01,44,Maison,3000.0,276350.0,4190
2021-10-01,44,Maison,3072.0,272600.0,3085
2022-01-01,44,Maison,3067.0,275000.0,2781
2022-04-01,44,Maison,3129.0,280000.0,3182
2022-07-01,44,Maison,3318.0,300360.0,3596
2022-10-01,44,Maison,3182.0,285000.0,2853
2023-01-01,44,Maison,3149.0,277000.0,2382
2023-04-01,44,Maison,3191.0,289000.0,2493
2023-07-01,44,Maison,3088.0,280000.0,2703
2023-10-01,44,Maison,2985.0,267000.0,2242
2024-01-01,44,Maison,3000.0,264420.0,1785
2024-04-01,44,Maison,2938.0,261250.0,2116
2024-07-01,44,Maison,3000.0,269990.0,2621
2024-10-01,44,Maison,2938.0,260500.0,2495
2025-01-01,44,Maison,2941.0,260000.0,2409
2025-04-01,44,Maison,2907.0,260000.0,2226
2025-07-01,44,Maison,2941.0,265000.0,2938
2025-10-01,44,Maison,2908.0,260750.0,2771
2021-01-01,45,Appartement,1989.0,105000.0,649
2021-04-01,45,Appartement,2041.0,114000.0,837
2021-07-01,45,Appartement,2106.0,113500.0,831
2021-10-01,45,Appartement,2209.0,114392.0,754
2022-01-01,45,Appartement,2129.0,114250.0,722
2022-04-01,45,Appartement,2172.0,120000.0,763
2022-07-01,45,Appartement,2381.0,118585.0,846
2022-10-01,45,Appartement,2257.0,116000.0,654
2023-01-01,45,Appartement,2316.0,117500.0,627
2023-04-01,45,Appartement,2348.0,118450.0,652
2023-07-01,45,Appartement,2427.0,115000.0,616
2023-10-01,45,Appartement,2269.0,108060.0,522
2024-01-01,45,Appartement,2120.0,110000.0,476
2024-04-01,45,Appartement,2186.0,102250.0,492
2024-07-01,45,Appartement,2271.0,110000.0,582
2024-10-01,45,Appartement,2115.0,107500.0,532
2025-01-01,45,Appartement,2125.0,109000.0,601
2025-04-01,45,Appartement,2035.0,110125.0,584
2025-07-01,45,Appartement,2214.0,115000.0,629
2025-10-01,45,Appartement,2213.0,113900.0,580
2021-01-01,45,Ensemble,1802.0,136000.0,1849
2021-04-01,45,Ensemble,1860.0,141500.0,2425
2021-07-01,45,Ensemble,1908.0,152000.0,2664
2021-10-01,45,Ensemble,1948.0,144000.0,2182
2022-01-01,45,Ensemble,1945.0,140350.0,1896
2022-04-01,45,Ensemble,1947.0,148750.0,2144
2022-07-01,45,Ensemble,2085.0,154250.0,2376
2022-10-01,45,Ensemble,2027.0,147000.0,1869
2023-01-01,45,Ensemble,2056.0,146000.0,1685
2023-04-01,45,Ensemble,2053.0,148000.0,1741
2023-07-01,45,Ensemble,2059.0,155000.0,1840
2023-10-01,45,Ensemble,1966.0,138000.0,1536
2024-01-01,45,Ensemble,1893.0,135000.0,1257
2024-04-01,45,Ensemble,1966.0,138200.0,1361
2024-07-01,45,Ensemble,1986.0,151250.0,1840
2024-10-01,45,Ensemble,1930.0,140000.0,1596
2025-01-01,45,Ensemble,1957.0,140000.0,1586
2025-04-01,45,Ensemble,1911.0,140000.0,1588
2025-07-01,45,Ensemble,1990.0,150000.0,1881
2025-10-01,45,Ensemble,1954.0,145000.0,1745
2021-01-01,45,Maison,1725.0,159075.0,1200
2021-04-01,45,Maison,1773.0,161005.0,1588
2021-07-01,45,Maison,1833.0,174000.0,1833
2021-10-01,45,Maison,1850.0,170000.0,1428
2022-01-01,45,Maison,1833.0,169150.0,1174
2022-04-01,45,Maison,1875.0,169000.0,1381
2022-07-01,45,Maison,1970.0,182000.0,1530
2022-10-01,45,Maison,1918.0,175000.0,1215
2023-01-01,45,Maison,1929.0,174900.0,1058
2023-04-01,45,Maison,1908.0,172200.0,1089
2023-07-01,45,Maison,1944.0,178000.0,1224
2023-10-01,45,Maison,1816.0,160000.0,1014
2024-01-01,45,Maison,1806.0,157500.0,781
2024-04-01,45,Maison,1888.0,169000.0,869
2024-07-01,45,Maison,1921.0,178000.0,1258
2024-10-01,45,Maison,1847.0,169500.0,1064
2025-01-01,45,Maison,1862.0,167000.0,985
2025-04-01,45,Maison,1814.0,166400.0,1004
2025-07-01,45,Maison,1911.0,175900.0,1252
2025-10-01,45,Maison,1844.0,170000.0,1165
2021-01-01,46,Appartement,1233.0,70500.0,64
2021-04-01,46,Appartement,1314.0,75090.0,90
2021-07-01,46,Appartement,1282.0,70000.0,87
2021-10-01,46,Appartement,1371.0,72500.0,76
2022-01-01,46,Appartement,1493.0,75000.0,80
2022-04-01,46,Appartement,1513.0,69000.0,90
2022-07-01,46,Appartement,1467.0,80000.0,101
2022-10-01,46,Appartement,1394.0,76005.0,96
2023-01-01,46,Appartement,1586.0,86600.0,80
2023-04-01,46,Appartement,1543.0,80000.0,89
2023-07-01,46,Appartement,1488.0,85000.0,62
2023-10-01,46,Appartement,1467.0,85500.0,59
2024-01-01,46,Appartement,1644.0,77660.0,57
2024-04-01,46,Appartement,1426.0,80000.0,78
2024-07-01,46,Appartement,1533.0,81000.0,73
2024-10-01,46,Appartement,1424.0,73500.0,84
2025-01-01,46,Appartement,1522.0,73250.0,58
2025-04-01,46,Appartement,1511.0,87225.0,76
2025-07-01,46,Appartement,1562.0,81556.0,61
2025-10-01,46,Appartement,1525.0,90000.0,76
2021-01-01,46,Ensemble,1355.0,119000.0,491
2021-04-01,46,Ensemble,1313.0,113718.0,554
2021-07-01,46,Ensemble,1407.0,124750.0,662
2021-10-01,46,Ensemble,1404.0,119000.0,657
2022-01-01,46,Ensemble,1429.0,120000.0,539
2022-04-01,46,Ensemble,1479.0,124351.0,608
2022-07-01,46,Ensemble,1512.0,130000.0,587
2022-10-01,46,Ensemble,1586.0,132300.0,562
2023-01-01,46,Ensemble,1556.0,120000.0,479
2023-04-01,46,Ensemble,1555.0,121250.0,484
2023-07-01,46,Ensemble,1530.0,130000.0,422
2023-10-01,46,Ensemble,1478.0,128000.0,468
2024-01-01,46,Ensemble,1590.0,130000.0,360
2024-04-01,46,Ensemble,1406.0,114700.0,372
2024-07-01,46,Ensemble,1541.0,123300.0,446
2024-10-01,46,Ensemble,1500.0,124995.0,472
2025-01-01,46,Ensemble,1471.0,112270.0,397
2025-04-01,46,Ensemble,1559.0,130000.0,424
2025-07-01,46,Ensemble,1532.0,130000.0,478
2025-10-01,46,Ensemble,1491.0,121700.0,524
2021-01-01,46,Maison,1381.0,123000.0,427
2021-04-01,46,Maison,1313.0,123450.0,464
2021-07-01,46,Maison,1431.0,135650.0,575
2021-10-01,46,Maison,1415.0,128037.0,581
2022-01-01,46,Maison,1412.0,132500.0,459
2022-04-01,46,Maison,1472.0,135000.0,518
2022-07-01,46,Maison,1564.0,144175.0,486
2022-10-01,46,Maison,1663.0,150000.0,466
2023-01-01,46,Maison,1543.0,131100.0,399
2023-04-01,46,Maison,1558.0,135000.0,395
2023-07-01,46,Maison,1557.0,140350.0,360
2023-10-01,46,Maison,1483.0,135514.0,409
2024-01-01,46,Maison,1568.0,140000.0,303
2024-04-01,46,Maison,1404.0,130000.0,294
2024-07-01,46,Maison,1543.0,135000.0,373
2024-10-01,46,Maison,1526.0,139000.0,388
2025-01-01,46,Maison,1455.0,120000.0,339
2025-04-01,46,Maison,1565.0,140000.0,348
2025-07-01,46,Maison,1527.0,141000.0,417
2025-10-01,46,Maison,1479.0,129500.0,448
2021-01-01,47,Appartement,1373.0,69000.0,208
2021-04-01,47,Appartement,1350.0,69900.0,238
2021-07-01,47,Appartement,1377.0,69650.0,284
2021-10-01,47,Appartement,1455.0,74000.0,221
2022-01-01,47,Appartement,1404.0,71000.0,195
2022-04-01,47,Appartement,1416.0,76000.0,236
2022-07-01,47,Appartement,1498.0,80000.0,237
2022-10-01,47,Appartement,1606.0,80000.0,222
2023-01-01,47,Appartement,1518.0,76500.0,214
2023-04-01,47,Appartement,1458.0,73610.0,213
2023-07-01,47,Appartement,1500.0,80000.0,171
2023-10-01,47,Appartement,1500.0,74700.0,172
2024-01-01,47,Appartement,1486.0,77000.0,135
2024-04-01,47,Appartement,1356.0,71500.0,171
2024-07-01,47,Appartement,1475.0,70835.0,158
2024-10-01,47,Appartement,1480.0,73000.0,172
2025-01-01,47,Appartement,1521.0,76962.0,172
2025-04-01,47,Appartement,1498.0,75000.0,170
2025-07-01,47,Appartement,1553.0,80000.0,165
2025-10-01,47,Appartement,1417.0,75113.0,177
2021-01-01,47,Ensemble,1333.0,106000.0,900
2021-04-01,47,Ensemble,1300.0,103000.0,1159
2021-07-01,47,Ensemble,1345.0,111056.0,1328
2021-10-01,47,Ensemble,1402.0,117000.0,1223
2022-01-01,47,Ensemble,1382.0,111000.0,1004
2022-04-01,47,Ensemble,1456.0,120000.0,1229
2022-07-01,47,Ensemble,1495.0,125000.0,1215
2022-10-01,47,Ensemble,1514.0,120000.0,1115
2023-01-01,47,Ensemble,1500.0,120000.0,982
2023-04-01,47,Ensemble,1484.0,118500.0,945
2023-07-01,47,Ensemble,1525.0,121455.0,858
2023-10-01,47,Ensemble,1448.0,119000.0,833
2024-01-01,47,Ensemble,1440.0,112000.0,636
2024-04-01,47,Ensemble,1390.0,113000.0,761
2024-07-01,47,Ensemble,1509.0,122500.0,839
2024-10-01,47,Ensemble,1445.0,117000.0,856
2025-01-01,47,Ensemble,1472.0,118725.0,772
2025-04-01,47,Ensemble,1425.0,120000.0,829
2025-07-01,47,Ensemble,1543.0,127950.0,911
2025-10-01,47,Ensemble,1441.0,120000.0,931
2021-01-01,47,Maison,1310.0,125000.0,692
2021-04-01,47,Maison,1268.0,124000.0,921
2021-07-01,47,Maison,1340.0,128100.0,1044
2021-10-01,47,Maison,1394.0,130000.0,1002
2022-01-01,47,Maison,1372.0,130000.0,809
2022-04-01,47,Maison,1470.0,134250.0,993
2022-07-01,47,Maison,1493.0,140000.0,978
2022-10-01,47,Maison,1491.0,135000.0,893
2023-01-01,47,Maison,1500.0,137900.0,768
2023-04-01,47,Maison,1491.0,135000.0,732
2023-07-01,47,Maison,1541.0,139000.0,687
2023-10-01,47,Maison,1429.0,135000.0,661
2024-01-01,47,Maison,1429.0,129000.0,501
2024-04-01,47,Maison,1397.0,129315.0,590
2024-07-01,47,Maison,1515.0,135000.0,681
2024-10-01,47,Maison,1435.0,130000.0,684
2025-01-01,47,Maison,1457.0,130000.0,600
2025-04-01,47,Maison,1386.0,130000.0,659
2025-07-01,47,Maison,1540.0,142000.0,746
2025-10-01,47,Maison,1441.0,130000.0,754
2021-01-01,48,Appartement,1081.0,69500.0,41
2021-04-01,48,Appartement,1372.0,85840.0,35
2021-07-01,48,Appartement,1230.0,75500.0,32
2021-10-01,48,Appartement,1548.0,93000.0,25
2022-01-01,48,Appartement,1007.0,63485.0,28
2022-04-01,48,Appartement,1312.0,90200.0,44
2022-07-01,48,Appartement,1345.0,81000.0,38
2022-10-01,48,Appartement,1430.0,90750.0,48
2023-01-01,48,Appartement,1546.0,83500.0,31
2023-04-01,48,Appartement,1477.0,85250.0,34
2023-07-01,48,Appartement,1262.0,74560.0,29
2023-10-01,48,Appartement,1406.0,95000.0,41
2024-01-01,48,Appartement,1302.0,70000.0,29
2024-04-01,48,Appartement,1670.0,95450.0,28
2024-07-01,48,Appartement,1583.0,71000.0,35
2024-10-01,48,Appartement,1889.0,114680.0,53
2025-01-01,48,Appartement,1533.0,91570.0,30
2025-04-01,48,Appartement,1469.0,69000.0,32
2025-07-01,48,Appartement,1568.0,93725.0,34
2025-10-01,48,Appartement,1488.0,84215.0,40
2021-01-01,48,Ensemble,1194.0,85000.0,227
2021-04-01,48,Ensemble,1254.0,99000.0,230
2021-07-01,48,Ensemble,1304.0,92000.0,221
2021-10-01,48,Ensemble,1338.0,100000.0,231
2022-01-01,48,Ensemble,1343.0,100000.0,159
2022-04-01,48,Ensemble,1376.0,107000.0,226
2022-07-01,48,Ensemble,1525.0,120670.0,239
2022-10-01,48,Ensemble,1364.0,105000.0,237
2023-01-01,48,Ensemble,1424.0,109015.0,195
2023-04-01,48,Ensemble,1476.0,110000.0,205
2023-07-01,48,Ensemble,1491.0,119500.0,194
2023-10-01,48,Ensemble,1406.0,106000.0,195
2024-01-01,48,Ensemble,1331.0,110000.0,154
2024-04-01,48,Ensemble,1532.0,113400.0,155
2024-07-01,48,Ensemble,1576.0,120000.0,168
2024-10-01,48,Ensemble,1557.0,125100.0,228
2025-01-01,48,Ensemble,1495.0,112300.0,146
2025-04-01,48,Ensemble,1371.0,104206.0,167
2025-07-01,48,Ensemble,1510.0,120000.0,184
2025-10-01,48,Ensemble,1589.0,116140.0,219
2021-01-01,48,Maison,1232.0,93500.0,186
2021-04-01,48,Maison,1242.0,108000.0,195
2021-07-01,48,Maison,1309.0,95000.0,189
2021-10-01,48,Maison,1245.0,104044.0,206
2022-01-01,48,Maison,1378.0,113500.0,131
2022-04-01,48,Maison,1380.0,113500.0,182
2022-07-01,48,Maison,1528.0,128500.0,201
2022-10-01,48,Maison,1310.0,113600.0,189
2023-01-01,48,Maison,1422.0,116582.0,164
2023-04-01,48,Maison,1476.0,115000.0,171
2023-07-01,48,Maison,1506.0,129000.0,165
2023-10-01,48,Maison,1399.0,110000.0,154
2024-01-01,48,Maison,1346.0,120000.0,125
2024-04-01,48,Maison,1500.0,121100.0,127
2024-07-01,48,Maison,1564.0,130000.0,133
2024-10-01,48,Maison,1500.0,129050.0,175
2025-01-01,48,Maison,1470.0,119500.0,116
2025-04-01,48,Maison,1342.0,110000.0,135
2025-07-01,48,Maison,1500.0,122800.0,150
2025-10-01,48,Maison,1622.0,135000.0,179
2021-01-01,49,Appartement,2423.0,130000.0,650
2021-04-01,49,Appartement,2549.0,131000.0,879
2021-07-01,49,Appartement,2721.0,140000.0,962
2021-10-01,49,Appartement,2716.0,140000.0,724
2022-01-01,49,Appartement,2632.0,147000.0,705
2022-04-01,49,Appartement,2880.0,148500.0,828
2022-07-01,49,Appartement,2872.0,151965.0,879
2022-10-01,49,Appartement,2761.0,143977.0,686
2023-01-01,49,Appartement,2792.0,144000.0,571
2023-04-01,49,Appartement,2804.0,154250.0,546
2023-07-01,49,Appartement,3000.0,154750.0,610
2023-10-01,49,Appartement,2634.0,138370.0,471
2024-01-01,49,Appartement,2677.0,148962.0,441
2024-04-01,49,Appartement,2744.0,140000.0,522
2024-07-01,49,Appartement,2830.0,140000.0,647
2024-10-01,49,Appartement,2691.0,142500.0,572
2025-01-01,49,Appartement,2727.0,145000.0,615
2025-04-01,49,Appartement,2712.0,147000.0,592
2025-07-01,49,Appartement,2898.0,149000.0,690
2025-10-01,49,Appartement,2696.0,145000.0,595
2021-01-01,49,Ensemble,1857.0,150750.0,2326
2021-04-01,49,Ensemble,1986.0,158000.0,2911
2021-07-01,49,Ensemble,2118.0,172000.0,3260
2021-10-01,49,Ensemble,2093.0,166130.0,2594
2022-01-01,49,Ensemble,2100.0,171350.0,2406
2022-04-01,49,Ensemble,2264.0,175160.0,2628
2022-07-01,49,Ensemble,2300.0,185000.0,2975
2022-10-01,49,Ensemble,2253.0,175430.0,2345
2023-01-01,49,Ensemble,2210.0,175000.0,2034
2023-04-01,49,Ensemble,2286.0,180000.0,2033
2023-07-01,49,Ensemble,2294.0,185000.0,2232
2023-10-01,49,Ensemble,2157.0,170000.0,1800
2024-01-01,49,Ensemble,2171.0,172500.0,1597
2024-04-01,49,Ensemble,2230.0,173125.0,1758
2024-07-01,49,Ensemble,2256.0,180000.0,2179
2024-10-01,49,Ensemble,2151.0,170000.0,2067
2025-01-01,49,Ensemble,2231.0,174450.0,2026
2025-04-01,49,Ensemble,2225.0,172000.0,1867
2025-07-01,49,Ensemble,2333.0,184900.0,2363
2025-10-01,49,Ensemble,2165.0,171450.0,2158
2021-01-01,49,Maison,1710.0,166000.0,1676
2021-04-01,49,Maison,1818.0,171000.0,2032
2021-07-01,49,Maison,1931.0,186780.0,2298
2021-10-01,49,Maison,1927.0,178500.0,1870
2022-01-01,49,Maison,1961.0,180000.0,1701
2022-04-01,49,Maison,2045.0,190650.0,1800
2022-07-01,49,Maison,2113.0,205000.0,2096
2022-10-01,49,Maison,2074.0,192000.0,1659
2023-01-01,49,Maison,2030.0,188500.0,1463
2023-04-01,49,Maison,2135.0,193000.0,1487
2023-07-01,49,Maison,2105.0,200000.0,1622
2023-10-01,49,Maison,1982.0,180000.0,1329
2024-01-01,49,Maison,2000.0,185000.0,1156
2024-04-01,49,Maison,2023.0,191600.0,1236
2024-07-01,49,Maison,2115.0,200000.0,1532
2024-10-01,49,Maison,2000.0,185000.0,1495
2025-01-01,49,Maison,2058.0,190000.0,1411
2025-04-01,49,Maison,2041.0,190000.0,1275
2025-07-01,49,Maison,2137.0,206000.0,1673
2025-10-01,49,Maison,2029.0,190000.0,1563
2021-01-01,50,Appartement,1851.0,97000.0,246
2021-04-01,50,Appartement,1770.0,94000.0,333
2021-07-01,50,Appartement,1940.0,107000.0,299
2021-10-01,50,Appartement,2051.0,105000.0,267
2022-01-01,50,Appartement,1862.0,107200.0,263
2022-04-01,50,Appartement,2022.0,105500.0,283
2022-07-01,50,Appartement,2000.0,108700.0,291
2022-10-01,50,Appartement,2147.0,109000.0,259
2023-01-01,50,Appartement,2214.0,119700.0,240
2023-04-01,50,Appartement,2075.0,112750.0,230
2023-07-01,50,Appartement,2198.0,120000.0,226
2023-10-01,50,Appartement,2227.0,119250.0,200
2024-01-01,50,Appartement,2231.0,111570.0,207
2024-04-01,50,Appartement,2327.0,118300.0,192
2024-07-01,50,Appartement,2250.0,120500.0,236
2024-10-01,50,Appartement,2206.0,125000.0,221
2025-01-01,50,Appartement,2258.0,120500.0,193
2025-04-01,50,Appartement,2389.0,120000.0,232
2025-07-01,50,Appartement,2396.0,124700.0,270
2025-10-01,50,Appartement,2375.0,117750.0,256
2021-01-01,50,Ensemble,1645.0,135000.0,1422
2021-04-01,50,Ensemble,1659.0,135000.0,1768
2021-07-01,50,Ensemble,1733.0,150000.0,1898
2021-10-01,50,Ensemble,1801.0,148000.0,1726
2022-01-01,50,Ensemble,1831.0,150000.0,1489
2022-04-01,50,Ensemble,1853.0,150000.0,1549
2022-07-01,50,Ensemble,1943.0,160000.0,1634
2022-10-01,50,Ensemble,1967.0,155000.0,1481
2023-01-01,50,Ensemble,2000.0,155000.0,1241
2023-04-01,50,Ensemble,1948.0,155000.0,1229
2023-07-01,50,Ensemble,2033.0,169750.0,1244
2023-10-01,50,Ensemble,1944.0,150000.0,1211
2024-01-01,50,Ensemble,1869.0,150000.0,996
2024-04-01,50,Ensemble,1944.0,158000.0,1100
2024-07-01,50,Ensemble,2000.0,160000.0,1309
2024-10-01,50,Ensemble,1962.0,160000.0,1368
2025-01-01,50,Ensemble,1956.0,159000.0,1113
2025-04-01,50,Ensemble,1953.0,160000.0,1305
2025-07-01,50,Ensemble,2075.0,168000.0,1451
2025-10-01,50,Ensemble,2043.0,160000.0,1470
2021-01-01,50,Maison,1596.0,145000.0,1176
2021-04-01,50,Maison,1633.0,147500.0,1435
2021-07-01,50,Maison,1709.0,157500.0,1599
2021-10-01,50,Maison,1742.0,157000.0,1459
2022-01-01,50,Maison,1815.0,157770.0,1226
2022-04-01,50,Maison,1810.0,160000.0,1266
2022-07-01,50,Maison,1939.0,175000.0,1343
2022-10-01,50,Maison,1930.0,166250.0,1222
2023-01-01,50,Maison,1947.0,170000.0,1001
2023-04-01,50,Maison,1926.0,165000.0,999
2023-07-01,50,Maison,2000.0,180000.0,1018
2023-10-01,50,Maison,1890.0,160000.0,1011
2024-01-01,50,Maison,1785.0,160000.0,789
2024-04-01,50,Maison,1883.0,166150.0,908
2024-07-01,50,Maison,1944.0,170000.0,1073
2024-10-01,50,Maison,1900.0,169500.0,1147
2025-01-01,50,Maison,1917.0,170000.0,920
2025-04-01,50,Maison,1875.0,170000.0,1073
2025-07-01,50,Maison,1970.0,180000.0,1181
2025-10-01,50,Maison,1990.0,171000.0,1214
2021-01-01,51,Appartement,2041.0,115000.0,654
2021-04-01,51,Appartement,2092.0,120000.0,855
2021-07-01,51,Appartement,2195.0,123100.0,954
2021-10-01,51,Appartement,2193.0,116000.0,791
2022-01-01,51,Appartement,2171.0,122000.0,741
2022-04-01,51,Appartement,2231.0,125000.0,830
2022-07-01,51,Appartement,2323.0,123000.0,854
2022-10-01,51,Appartement,2380.0,122000.0,715
2023-01-01,51,Appartement,2309.0,126490.0,652
2023-04-01,51,Appartement,2288.0,119000.0,679
2023-07-01,51,Appartement,2335.0,122800.0,649
2023-10-01,51,Appartement,2243.0,115450.0,608
2024-01-01,51,Appartement,2194.0,112000.0,510
2024-04-01,51,Appartement,2200.0,118000.0,602
2024-07-01,51,Appartement,2326.0,123000.0,679
2024-10-01,51,Appartement,2261.0,120000.0,618
2025-01-01,51,Appartement,2331.0,120950.0,580
2025-04-01,51,Appartement,2281.0,121450.0,678
2025-07-01,51,Appartement,2439.0,120200.0,769
2025-10-01,51,Appartement,2243.0,121950.0,534
2021-01-01,51,Ensemble,1876.0,148900.0,1550
2021-04-01,51,Ensemble,1922.0,149950.0,1998
2021-07-01,51,Ensemble,2017.0,157500.0,2215
2021-10-01,51,Ensemble,2005.0,152000.0,1817
2022-01-01,51,Ensemble,2000.0,150000.0,1707
2022-04-01,51,Ensemble,2075.0,151250.0,1810
2022-07-01,51,Ensemble,2089.0,160000.0,2059
2022-10-01,51,Ensemble,2141.0,155900.0,1678
2023-01-01,51,Ensemble,2107.0,155000.0,1475
2023-04-01,51,Ensemble,2079.0,151100.0,1548
2023-07-01,51,Ensemble,2125.0,155000.0,1509
2023-10-01,51,Ensemble,2037.0,150500.0,1422
2024-01-01,51,Ensemble,1964.0,141000.0,1182
2024-04-01,51,Ensemble,2019.0,146250.0,1339
2024-07-01,51,Ensemble,2130.0,156500.0,1587
2024-10-01,51,Ensemble,2038.0,154285.0,1515
2025-01-01,51,Ensemble,2047.0,150000.0,1302
2025-04-01,51,Ensemble,2066.0,153490.0,1518
2025-07-01,51,Ensemble,2144.0,156000.0,1796
2025-10-01,51,Ensemble,2055.0,152000.0,1224
2021-01-01,51,Maison,1778.0,175000.0,896
2021-04-01,51,Maison,1800.0,175000.0,1143
2021-07-01,51,Maison,1922.0,188000.0,1261
2021-10-01,51,Maison,1883.0,180000.0,1026
2022-01-01,51,Maison,1871.0,180000.0,966
2022-04-01,51,Maison,1929.0,182375.0,980
2022-07-01,51,Maison,1965.0,192000.0,1205
2022-10-01,51,Maison,1983.0,190000.0,963
2023-01-01,51,Maison,1988.0,185000.0,823
2023-04-01,51,Maison,1901.0,185000.0,869
2023-07-01,51,Maison,1943.0,186336.0,860
2023-10-01,51,Maison,1854.0,180000.0,814
2024-01-01,51,Maison,1839.0,170000.0,672
2024-04-01,51,Maison,1852.0,180000.0,737
2024-07-01,51,Maison,2000.0,187200.0,908
2024-10-01,51,Maison,1890.0,180000.0,897
2025-01-01,51,Maison,1885.0,180000.0,722
2025-04-01,51,Maison,1946.0,189750.0,840
2025-07-01,51,Maison,1944.0,189680.0,1027
2025-10-01,51,Maison,1913.0,180000.0,690
2021-01-01,52,Appartement,996.0,58415.0,46
2021-04-01,52,Appartement,986.0,72000.0,69
2021-07-01,52,Appartement,1068.0,76900.0,59
2021-10-01,52,Appartement,1042.0,72850.0,64
2022-01-01,52,Appartement,1078.0,71000.0,56
2022-04-01,52,Appartement,1069.0,74000.0,75
2022-07-01,52,Appartement,1123.0,79500.0,67
2022-10-01,52,Appartement,1125.0,70000.0,43
2023-01-01,52,Appartement,1154.0,83000.0,67
2023-04-01,52,Appartement,1258.0,86500.0,52
2023-07-01,52,Appartement,1142.0,66900.0,62
2023-10-01,52,Appartement,1155.0,87500.0,55
2024-01-01,52,Appartement,1097.0,73500.0,50
2024-04-01,52,Appartement,1131.0,72000.0,51
2024-07-01,52,Appartement,1019.0,67000.0,41
2024-10-01,52,Appartement,1000.0,65000.0,47
2025-01-01,52,Appartement,1182.0,90000.0,55
2025-04-01,52,Appartement,1154.0,77000.0,43
2025-07-01,52,Appartement,1145.0,75000.0,57
2025-10-01,52,Appartement,1194.0,79000.0,66
2021-01-01,52,Ensemble,802.0,75000.0,431
2021-04-01,52,Ensemble,897.0,77000.0,572
2021-07-01,52,Ensemble,954.0,88350.0,618
2021-10-01,52,Ensemble,950.0,86000.0,615
2022-01-01,52,Ensemble,897.0,78000.0,480
2022-04-01,52,Ensemble,944.0,82500.0,552
2022-07-01,52,Ensemble,983.0,90000.0,609
2022-10-01,52,Ensemble,921.0,80000.0,501
2023-01-01,52,Ensemble,900.0,75000.0,456
2023-04-01,52,Ensemble,1000.0,90000.0,462
2023-07-01,52,Ensemble,1011.0,80000.0,496
2023-10-01,52,Ensemble,923.0,80000.0,439
2024-01-01,52,Ensemble,924.0,75000.0,353
2024-04-01,52,Ensemble,965.0,80100.0,390
2024-07-01,52,Ensemble,1026.0,90000.0,454
2024-10-01,52,Ensemble,898.0,76000.0,483
2025-01-01,52,Ensemble,932.0,82962.0,369
2025-04-01,52,Ensemble,953.0,90000.0,412
2025-07-01,52,Ensemble,1056.0,92000.0,495
2025-10-01,52,Ensemble,992.0,83500.0,488
2021-01-01,52,Maison,766.0,77000.0,385
2021-04-01,52,Maison,856.0,79000.0,503
2021-07-01,52,Maison,924.0,90000.0,559
2021-10-01,52,Maison,917.0,90000.0,551
2022-01-01,52,Maison,845.0,80000.0,424
2022-04-01,52,Maison,901.0,88000.0,477
2022-07-01,52,Maison,961.0,93750.0,542
2022-10-01,52,Maison,881.0,84000.0,458
2023-01-01,52,Maison,788.0,72000.0,389
2023-04-01,52,Maison,963.0,92500.0,410
2023-07-01,52,Maison,969.0,87000.0,434
2023-10-01,52,Maison,876.0,80000.0,384
2024-01-01,52,Maison,822.0,75000.0,303
2024-04-01,52,Maison,938.0,85000.0,339
2024-07-01,52,Maison,1034.0,100000.0,413
2024-10-01,52,Maison,880.0,79500.0,436
2025-01-01,52,Maison,879.0,81750.0,314
2025-04-01,52,Maison,933.0,95000.0,369
2025-07-01,52,Maison,1029.0,101250.0,438
2025-10-01,52,Maison,940.0,85500.0,422
2021-01-01,53,Appartement,1595.0,86000.0,118
2021-04-01,53,Appartement,1630.0,87700.0,167
2021-07-01,53,Appartement,1767.0,91000.0,154
2021-10-01,53,Appartement,1750.0,95500.0,130
2022-01-01,53,Appartement,1858.0,106500.0,124
2022-04-01,53,Appartement,1871.0,96000.0,159
2022-07-01,53,Appartement,1875.0,115000.0,147
2022-10-01,53,Appartement,1846.0,105000.0,157
2023-01-01,53,Appartement,1902.0,104750.0,112
2023-04-01,53,Appartement,1869.0,108000.0,152
2023-07-01,53,Appartement,1900.0,98950.0,123
2023-10-01,53,Appartement,1747.0,94400.0,121
2024-01-01,53,Appartement,1786.0,90000.0,95
2024-04-01,53,Appartement,1875.0,112000.0,107
2024-07-01,53,Appartement,1977.0,107000.0,125
2024-10-01,53,Appartement,1897.0,95500.0,108
2025-01-01,53,Appartement,1808.0,100000.0,118
2025-04-01,53,Appartement,1846.0,96000.0,131
2025-07-01,53,Appartement,2000.0,100000.0,154
2025-10-01,53,Appartement,1974.0,114500.0,138
2021-01-01,53,Ensemble,1313.0,110400.0,927
2021-04-01,53,Ensemble,1293.0,110000.0,1214
2021-07-01,53,Ensemble,1418.0,121900.0,1363
2021-10-01,53,Ensemble,1364.0,115000.0,1145
2022-01-01,53,Ensemble,1458.0,120000.0,955
2022-04-01,53,Ensemble,1458.0,120500.0,1113
2022-07-01,53,Ensemble,1562.0,133000.0,1207
2022-10-01,53,Ensemble,1518.0,125000.0,997
2023-01-01,53,Ensemble,1500.0,122000.0,872
2023-04-01,53,Ensemble,1493.0,123170.0,888
2023-07-01,53,Ensemble,1616.0,132000.0,966
2023-10-01,53,Ensemble,1534.0,125500.0,862
2024-01-01,53,Ensemble,1467.0,119000.0,653
2024-04-01,53,Ensemble,1508.0,127000.0,761
2024-07-01,53,Ensemble,1556.0,130000.0,912
2024-10-01,53,Ensemble,1506.0,130000.0,910
2025-01-01,53,Ensemble,1534.0,129750.0,832
2025-04-01,53,Ensemble,1575.0,126000.0,862
2025-07-01,53,Ensemble,1588.0,134300.0,1015
2025-10-01,53,Ensemble,1568.0,131000.0,925
2021-01-01,53,Maison,1268.0,117500.0,809
2021-04-01,53,Maison,1237.0,115000.0,1047
2021-07-01,53,Maison,1381.0,128000.0,1209
2021-10-01,53,Maison,1308.0,120000.0,1015
2022-01-01,53,Maison,1385.0,125000.0,831
2022-04-01,53,Maison,1402.0,125000.0,954
2022-07-01,53,Maison,1500.0,137500.0,1060
2022-10-01,53,Maison,1443.0,130000.0,840
2023-01-01,53,Maison,1436.0,126500.0,760
2023-04-01,53,Maison,1400.0,127000.0,736
2023-07-01,53,Maison,1565.0,141500.0,843
2023-10-01,53,Maison,1500.0,133732.0,741
2024-01-01,53,Maison,1402.0,122000.0,558
2024-04-01,53,Maison,1429.0,131875.0,654
2024-07-01,53,Maison,1511.0,138000.0,787
2024-10-01,53,Maison,1479.0,133662.0,802
2025-01-01,53,Maison,1464.0,135000.0,714
2025-04-01,53,Maison,1445.0,130750.0,731
2025-07-01,53,Maison,1513.0,140000.0,861
2025-10-01,53,Maison,1495.0,140000.0,787
2021-01-01,54,Appartement,1666.0,97350.0,974
2021-04-01,54,Appartement,1814.0,102400.0,1227
2021-07-01,54,Appartement,1875.0,106035.0,1309
2021-10-01,54,Appartement,1835.0,102000.0,1183
2022-01-01,54,Appartement,1857.0,105650.0,1033
2022-04-01,54,Appartement,1892.0,110000.0,1217
2022-07-01,54,Appartement,2007.0,114700.0,1284
2022-10-01,54,Appartement,1957.0,114000.0,1069
2023-01-01,54,Appartement,1932.0,105012.0,843
2023-04-01,54,Appartement,1852.0,100750.0,1004
2023-07-01,54,Appartement,1999.0,108000.0,976
2023-10-01,54,Appartement,1853.0,99000.0,786
2024-01-01,54,Appartement,1825.0,109250.0,695
2024-04-01,54,Appartement,1899.0,105669.0,756
2024-07-01,54,Appartement,2032.0,102550.0,1018
2024-10-01,54,Appartement,1903.0,105000.0,904
2025-01-01,54,Appartement,1875.0,104000.0,925
2025-04-01,54,Appartement,1879.0,106962.0,858
2025-07-01,54,Appartement,1986.0,105000.0,963
2025-10-01,54,Appartement,1958.0,102500.0,919
2021-01-01,54,Ensemble,1628.0,127000.0,2222
2021-04-01,54,Ensemble,1758.0,129000.0,2662
2021-07-01,54,Ensemble,1842.0,142650.0,3201
2021-10-01,54,Ensemble,1811.0,135000.0,2652
2022-01-01,54,Ensemble,1861.0,138100.0,2305
2022-04-01,54,Ensemble,1893.0,138815.0,2692
2022-07-01,54,Ensemble,2040.0,152025.0,2916
2022-10-01,54,Ensemble,1933.0,143000.0,2317
2023-01-01,54,Ensemble,1903.0,137100.0,1879
2023-04-01,54,Ensemble,1905.0,136740.0,2157
2023-07-01,54,Ensemble,1985.0,146800.0,2254
2023-10-01,54,Ensemble,1833.0,133175.0,1854
2024-01-01,54,Ensemble,1771.0,129000.0,1533
2024-04-01,54,Ensemble,1853.0,140000.0,1774
2024-07-01,54,Ensemble,1950.0,140541.0,2316
2024-10-01,54,Ensemble,1875.0,140000.0,2105
2025-01-01,54,Ensemble,1875.0,136800.0,2009
2025-04-01,54,Ensemble,1867.0,139000.0,1897
2025-07-01,54,Ensemble,1936.0,145000.0,2348
2025-10-01,54,Ensemble,1900.0,140000.0,2177
2021-01-01,54,Maison,1604.0,156000.0,1248
2021-04-01,54,Maison,1725.0,158000.0,1435
2021-07-01,54,Maison,1804.0,174900.0,1892
2021-10-01,54,Maison,1795.0,166000.0,1469
2022-01-01,54,Maison,1865.0,172000.0,1272
2022-04-01,54,Maison,1898.0,176400.0,1475
2022-07-01,54,Maison,2067.0,194000.0,1632
2022-10-01,54,Maison,1899.0,178750.0,1248
2023-01-01,54,Maison,1881.0,171000.0,1036
2023-04-01,54,Maison,1950.0,178000.0,1153
2023-07-01,54,Maison,1970.0,181750.0,1278
2023-10-01,54,Maison,1818.0,169000.0,1068
2024-01-01,54,Maison,1725.0,156775.0,838
2024-04-01,54,Maison,1829.0,170000.0,1018
2024-07-01,54,Maison,1880.0,179000.0,1298
2024-10-01,54,Maison,1839.0,170000.0,1201
2025-01-01,54,Maison,1875.0,175000.0,1084
2025-04-01,54,Maison,1848.0,175900.0,1039
2025-07-01,54,Maison,1892.0,180500.0,1385
2025-10-01,54,Maison,1864.0,174500.0,1258
2021-01-01,55,Appartement,1053.0,74000.0,56
2021-04-01,55,Appartement,1094.0,60000.0,75
2021-07-01,55,Appartement,1082.0,79000.0,69
2021-10-01,55,Appartement,1200.0,76000.0,53
2022-01-01,55,Appartement,1105.0,68000.0,59
2022-04-01,55,Appartement,1059.0,69500.0,68
2022-07-01,55,Appartement,1203.0,82000.0,76
2022-10-01,55,Appartement,1151.0,69000.0,61
2023-01-01,55,Appartement,1188.0,71500.0,42
2023-04-01,55,Appartement,1089.0,69750.0,62
2023-07-01,55,Appartement,1077.0,67000.0,55
2023-10-01,55,Appartement,1081.0,70000.0,46
2024-01-01,55,Appartement,1113.0,85000.0,45
2024-04-01,55,Appartement,1087.0,80000.0,65
2024-07-01,55,Appartement,1086.0,77500.0,58
2024-10-01,55,Appartement,1071.0,77500.0,71
2025-01-01,55,Appartement,1033.0,65400.0,61
2025-04-01,55,Appartement,1049.0,74000.0,52
2025-07-01,55,Appartement,1129.0,81500.0,44
2025-10-01,55,Appartement,1101.0,68000.0,45
2021-01-01,55,Ensemble,875.0,80900.0,450
2021-04-01,55,Ensemble,887.0,82000.0,601
2021-07-01,55,Ensemble,966.0,95000.0,678
2021-10-01,55,Ensemble,973.0,93250.0,558
2022-01-01,55,Ensemble,1000.0,95000.0,518
2022-04-01,55,Ensemble,973.0,89000.0,589
2022-07-01,55,Ensemble,1055.0,100000.0,659
2022-10-01,55,Ensemble,1037.0,96000.0,533
2023-01-01,55,Ensemble,950.0,87858.0,406
2023-04-01,55,Ensemble,976.0,90000.0,490
2023-07-01,55,Ensemble,1087.0,103000.0,478
2023-10-01,55,Ensemble,955.0,93000.0,462
2024-01-01,55,Ensemble,990.0,87000.0,331
2024-04-01,55,Ensemble,969.0,90000.0,406
2024-07-01,55,Ensemble,1061.0,104254.0,480
2024-10-01,55,Ensemble,964.0,85500.0,505
2025-01-01,55,Ensemble,1012.0,92575.0,410
2025-04-01,55,Ensemble,1043.0,100000.0,432
2025-07-01,55,Ensemble,1114.0,105200.0,501
2025-10-01,55,Ensemble,1072.0,103000.0,449
2021-01-01,55,Maison,848.0,85000.0,394
2021-04-01,55,Maison,835.0,87500.0,526
2021-07-01,55,Maison,941.0,96900.0,609
2021-10-01,55,Maison,944.0,96000.0,505
2022-01-01,55,Maison,980.0,100000.0,459
2022-04-01,55,Maison,960.0,95000.0,521
2022-07-01,55,Maison,1030.0,107250.0,583
2022-10-01,55,Maison,1004.0,99179.0,472
2023-01-01,55,Maison,886.0,89500.0,364
2023-04-01,55,Maison,932.0,95000.0,428
2023-07-01,55,Maison,1091.0,110000.0,423
2023-10-01,55,Maison,932.0,100000.0,416
2024-01-01,55,Maison,901.0,87750.0,286
2024-04-01,55,Maison,943.0,94000.0,341
2024-07-01,55,Maison,1059.0,107800.0,422
2024-10-01,55,Maison,935.0,91500.0,434
2025-01-01,55,Maison,1009.0,99750.0,349
2025-04-01,55,Maison,1040.0,109500.0,380
2025-07-01,55,Maison,1109.0,109900.0,457
2025-10-01,55,Maison,1072.0,109150.0,404
2021-01-01,56,Appartement,2673.0,130000.0,802
2021-04-01,56,Appartement,2750.0,133250.0,1054
2021-07-01,56,Appartement,3002.0,140000.0,1038
2021-10-01,56,Appartement,3000.0,145000.0,889
2022-01-01,56,Appartement,3153.0,150000.0,876
2022-04-01,56,Appartement,3128.0,155750.0,950
2022-07-01,56,Appartement,3296.0,157890.0,904
2022-10-01,56,Appartement,3383.0,162000.0,790
2023-01-01,56,Appartement,3309.0,165000.0,689
2023-04-01,56,Appartement,3333.0,160250.0,748
2023-07-01,56,Appartement,3471.0,157379.0,751
2023-10-01,56,Appartement,3361.0,160000.0,663
2024-01-01,56,Appartement,3227.0,157500.0,498
2024-04-01,56,Appartement,3318.0,167130.0,573
2024-07-01,56,Appartement,3402.0,160000.0,720
2024-10-01,56,Appartement,3285.0,158652.0,688
2025-01-01,56,Appartement,3229.0,160000.0,613
2025-04-01,56,Appartement,3333.0,164340.0,731
2025-07-01,56,Appartement,3462.0,165000.0,769
2025-10-01,56,Appartement,3248.0,160000.0,872
2021-01-01,56,Ensemble,2286.0,170375.0,2780
2021-04-01,56,Ensemble,2348.0,170000.0,3370
2021-07-01,56,Ensemble,2460.0,185000.0,3552
2021-10-01,56,Ensemble,2564.0,188000.0,3029
2022-01-01,56,Ensemble,2667.0,190000.0,2779
2022-04-01,56,Ensemble,2671.0,190000.0,2930
2022-07-01,56,Ensemble,2794.0,205000.0,3054
2022-10-01,56,Ensemble,2853.0,209000.0,2610
2023-01-01,56,Ensemble,2857.0,200000.0,2214
2023-04-01,56,Ensemble,2881.0,200000.0,2292
2023-07-01,56,Ensemble,2870.0,208000.0,2487
2023-10-01,56,Ensemble,2846.0,200000.0,2209
2024-01-01,56,Ensemble,2714.0,196500.0,1689
2024-04-01,56,Ensemble,2803.0,204950.0,1974
2024-07-01,56,Ensemble,2870.0,210000.0,2434
2024-10-01,56,Ensemble,2778.0,198000.0,2289
2025-01-01,56,Ensemble,2743.0,205000.0,1952
2025-04-01,56,Ensemble,2833.0,210000.0,2327
2025-07-01,56,Ensemble,2907.0,210000.0,2414
2025-10-01,56,Ensemble,2759.0,200354.0,2574
2021-01-01,56,Maison,2151.0,205610.0,1978
2021-04-01,56,Maison,2148.0,205000.0,2316
2021-07-01,56,Maison,2292.0,220000.0,2514
2021-10-01,56,Maison,2379.0,223000.0,2140
2022-01-01,56,Maison,2397.0,220000.0,1903
2022-04-01,56,Maison,2444.0,226750.0,1980
2022-07-01,56,Maison,2611.0,245000.0,2150
2022-10-01,56,Maison,2647.0,246790.0,1820
2023-01-01,56,Maison,2640.0,235000.0,1525
2023-04-01,56,Maison,2669.0,240000.0,1544
2023-07-01,56,Maison,2604.0,240000.0,1736
2023-10-01,56,Maison,2581.0,229000.0,1546
2024-01-01,56,Maison,2523.0,226000.0,1191
2024-04-01,56,Maison,2552.0,235000.0,1401
2024-07-01,56,Maison,2612.0,241775.0,1714
2024-10-01,56,Maison,2543.0,226000.0,1601
2025-01-01,56,Maison,2523.0,240000.0,1339
2025-04-01,56,Maison,2594.0,240444.0,1596
2025-07-01,56,Maison,2679.0,250000.0,1645
2025-10-01,56,Maison,2576.0,235000.0,1702
2021-01-01,58,Appartement,818.0,47000.0,102
2021-04-01,58,Appartement,895.0,49550.0,128
2021-07-01,58,Appartement,904.0,46500.0,138
2021-10-01,58,Appartement,907.0,52500.0,134
2022-01-01,58,Appartement,917.0,51000.0,126
2022-04-01,58,Appartement,968.0,55000.0,121
2022-07-01,58,Appartement,999.0,56500.0,143
2022-10-01,58,Appartement,922.0,58000.0,105
2023-01-01,58,Appartement,1041.0,58000.0,91
2023-04-01,58,Appartement,1040.0,58000.0,102
2023-07-01,58,Appartement,1082.0,55750.0,120
2023-10-01,58,Appartement,970.0,55500.0,124
2024-01-01,58,Appartement,1037.0,55000.0,109
2024-04-01,58,Appartement,986.0,55000.0,111
2024-07-01,58,Appartement,978.0,52000.0,125
2024-10-01,58,Appartement,1016.0,54919.0,108
2025-01-01,58,Appartement,1000.0,56750.0,102
2025-04-01,58,Appartement,977.0,50500.0,122
2025-07-01,58,Appartement,1019.0,55000.0,129
2025-10-01,58,Appartement,1064.0,57000.0,115
2021-01-01,58,Ensemble,838.0,64750.0,736
2021-04-01,58,Ensemble,910.0,71000.0,891
2021-07-01,58,Ensemble,938.0,70000.0,985
2021-10-01,58,Ensemble,964.0,72000.0,941
2022-01-01,58,Ensemble,955.0,70200.0,827
2022-04-01,58,Ensemble,1000.0,74000.0,857
2022-07-01,58,Ensemble,978.0,75000.0,902
2022-10-01,58,Ensemble,975.0,73000.0,849
2023-01-01,58,Ensemble,1028.0,75000.0,677
2023-04-01,58,Ensemble,1033.0,75000.0,696
2023-07-01,58,Ensemble,1045.0,75000.0,741
2023-10-01,58,Ensemble,934.0,70000.0,740
2024-01-01,58,Ensemble,933.0,63000.0,579
2024-04-01,58,Ensemble,938.0,69000.0,657
2024-07-01,58,Ensemble,1014.0,73404.0,709
2024-10-01,58,Ensemble,967.0,74900.0,745
2025-01-01,58,Ensemble,979.0,70000.0,597
2025-04-01,58,Ensemble,973.0,72000.0,683
2025-07-01,58,Ensemble,1034.0,78250.0,776
2025-10-01,58,Ensemble,1013.0,75000.0,726
2021-01-01,58,Maison,853.0,70000.0,634
2021-04-01,58,Maison,920.0,75600.0,763
2021-07-01,58,Maison,947.0,76000.0,847
2021-10-01,58,Maison,973.0,76800.0,807
2022-01-01,58,Maison,970.0,80000.0,701
2022-04-01,58,Maison,1008.0,80000.0,736
2022-07-01,58,Maison,969.0,81500.0,759
2022-10-01,58,Maison,980.0,77950.0,744
2023-01-01,58,Maison,1027.0,80000.0,586
2023-04-01,58,Maison,1031.0,80000.0,594
2023-07-01,58,Maison,1040.0,84045.0,621
2023-10-01,58,Maison,918.0,73998.0,616
2024-01-01,58,Maison,891.0,65000.0,470
2024-04-01,58,Maison,922.0,72000.0,546
2024-07-01,58,Maison,1029.0,83500.0,584
2024-10-01,58,Maison,960.0,79000.0,637
2025-01-01,58,Maison,963.0,77500.0,495
2025-04-01,58,Maison,970.0,80000.0,561
2025-07-01,58,Maison,1034.0,87500.0,647
2025-10-01,58,Maison,1000.0,80000.0,611
2021-01-01,59,Appartement,2600.0,138600.0,2043
2021-04-01,59,Appartement,2807.0,141085.0,2580
2021-07-01,59,Appartement,2800.0,144500.0,2585
2021-10-01,59,Appartement,2784.0,141000.0,2308
2022-01-01,59,Appartement,2634.0,144465.0,2035
2022-04-01,59,Appartement,2770.0,147100.0,2458
2022-07-01,59,Appartement,2908.0,150000.0,2498
2022-10-01,59,Appartement,2868.0,153350.0,2208
2023-01-01,59,Appartement,2681.0,144500.0,1659
2023-04-01,59,Appartement,2715.0,144200.0,1819
2023-07-01,59,Appartement,2951.0,147000.0,1930
2023-10-01,59,Appartement,2741.0,139010.0,1768
2024-01-01,59,Appartement,2531.0,134000.0,1278
2024-04-01,59,Appartement,2554.0,138100.0,1551
2024-07-01,59,Appartement,2766.0,138700.0,1769
2024-10-01,59,Appartement,2651.0,138050.0,1688
2025-01-01,59,Appartement,2675.0,146000.0,1614
2025-04-01,59,Appartement,2667.0,145000.0,1786
2025-07-01,59,Appartement,2796.0,141000.0,2097
2025-10-01,59,Appartement,2761.0,146400.0,1894
2021-01-01,59,Ensemble,1948.0,150000.0,7356
2021-04-01,59,Ensemble,2011.0,156985.0,9418
2021-07-01,59,Ensemble,2095.0,165000.0,10257
2021-10-01,59,Ensemble,2071.0,158000.0,8571
2022-01-01,59,Ensemble,2063.0,161000.0,7751
2022-04-01,59,Ensemble,2118.0,162900.0,8789
2022-07-01,59,Ensemble,2238.0,175000.0,9498
2022-10-01,59,Ensemble,2182.0,168500.0,7576
2023-01-01,59,Ensemble,2162.0,165000.0,6272
2023-04-01,59,Ensemble,2119.0,161000.0,6700
2023-07-01,59,Ensemble,2153.0,165000.0,6954
2023-10-01,59,Ensemble,2018.0,151800.0,6238
2024-01-01,59,Ensemble,1985.0,152000.0,4978
2024-04-01,59,Ensemble,1988.0,155000.0,5956
2024-07-01,59,Ensemble,2075.0,159000.0,6992
2024-10-01,59,Ensemble,2035.0,159000.0,6650
2025-01-01,59,Ensemble,2062.0,160000.0,6275
2025-04-01,59,Ensemble,2051.0,160000.0,6957
2025-07-01,59,Ensemble,2164.0,166250.0,8042
2025-10-01,59,Ensemble,2055.0,160500.0,7435
2021-01-01,59,Maison,1774.0,157850.0,5313
2021-04-01,59,Maison,1812.0,162500.0,6838
2021-07-01,59,Maison,1927.0,173000.0,7672
2021-10-01,59,Maison,1868.0,165000.0,6263
2022-01-01,59,Maison,1914.0,168360.0,5716
2022-04-01,59,Maison,1926.0,170000.0,6331
2022-07-01,59,Maison,2067.0,185000.0,7000
2022-10-01,59,Maison,1975.0,175000.0,5368
2023-01-01,59,Maison,2005.0,176000.0,4613
2023-04-01,59,Maison,1928.0,170000.0,4881
2023-07-01,59,Maison,1950.0,172425.0,5024
2023-10-01,59,Maison,1803.0,158000.0,4470
2024-01-01,59,Maison,1819.0,160000.0,3700
2024-04-01,59,Maison,1822.0,160000.0,4405
2024-07-01,59,Maison,1887.0,168901.0,5223
2024-10-01,59,Maison,1856.0,165300.0,4962
2025-01-01,59,Maison,1880.0,166000.0,4661
2025-04-01,59,Maison,1878.0,167000.0,5171
2025-07-01,59,Maison,1988.0,176500.0,5945
2025-10-01,59,Maison,1885.0,168000.0,5541
2021-01-01,60,Appartement,2125.0,115000.0,613
2021-04-01,60,Appartement,2212.0,118680.0,713
2021-07-01,60,Appartement,2262.0,124000.0,773
2021-10-01,60,Appartement,2257.0,118000.0,671
2022-01-01,60,Appartement,2341.0,123750.0,704
2022-04-01,60,Appartement,2390.0,125000.0,709
2022-07-01,60,Appartement,2409.0,127000.0,700
2022-10-01,60,Appartement,2333.0,124000.0,571
2023-01-01,60,Appartement,2427.0,125000.0,543
2023-04-01,60,Appartement,2250.0,118540.0,563
2023-07-01,60,Appartement,2262.0,116500.0,545
2023-10-01,60,Appartement,2393.0,123350.0,504
2024-01-01,60,Appartement,2187.0,115500.0,412
2024-04-01,60,Appartement,2264.0,112975.0,472
2024-07-01,60,Appartement,2235.0,124900.0,509
2024-10-01,60,Appartement,2184.0,119000.0,502
2025-01-01,60,Appartement,2262.0,120000.0,463
2025-04-01,60,Appartement,2212.0,119000.0,532
2025-07-01,60,Appartement,2273.0,119000.0,599
2025-10-01,60,Appartement,2279.0,122000.0,545
2021-01-01,60,Ensemble,2097.0,168500.0,2217
2021-04-01,60,Ensemble,2175.0,172000.0,2683
2021-07-01,60,Ensemble,2291.0,190000.0,3189
2021-10-01,60,Ensemble,2252.0,174000.0,2536
2022-01-01,60,Ensemble,2318.0,180000.0,2362
2022-04-01,60,Ensemble,2343.0,180000.0,2439
2022-07-01,60,Ensemble,2407.0,199500.0,2885
2022-10-01,60,Ensemble,2287.0,182000.0,2092
2023-01-01,60,Ensemble,2325.0,175000.0,1834
2023-04-01,60,Ensemble,2278.0,175000.0,1842
2023-07-01,60,Ensemble,2273.0,182000.0,1996
2023-10-01,60,Ensemble,2200.0,165000.0,1701
2024-01-01,60,Ensemble,2171.0,165000.0,1362
2024-04-01,60,Ensemble,2188.0,165000.0,1601
2024-07-01,60,Ensemble,2250.0,180000.0,2041
2024-10-01,60,Ensemble,2167.0,168500.0,1889
2025-01-01,60,Ensemble,2165.0,170000.0,1733
2025-04-01,60,Ensemble,2180.0,169000.0,1921
2025-07-01,60,Ensemble,2260.0,177000.0,2309
2025-10-01,60,Ensemble,2231.0,175000.0,2044
2021-01-01,60,Maison,2079.0,189544.0,1604
2021-04-01,60,Maison,2171.0,194000.0,1970
2021-07-01,60,Maison,2295.0,210000.0,2416
2021-10-01,60,Maison,2250.0,199000.0,1865
2022-01-01,60,Maison,2308.0,203000.0,1658
2022-04-01,60,Maison,2330.0,206750.0,1730
2022-07-01,60,Maison,2407.0,220000.0,2185
2022-10-01,60,Maison,2277.0,205750.0,1521
2023-01-01,60,Maison,2292.0,200000.0,1291
2023-04-01,60,Maison,2289.0,200000.0,1279
2023-07-01,60,Maison,2277.0,210000.0,1451
2023-10-01,60,Maison,2108.0,186000.0,1197
2024-01-01,60,Maison,2166.0,189450.0,950
2024-04-01,60,Maison,2169.0,191000.0,1129
2024-07-01,60,Maison,2250.0,200000.0,1532
2024-10-01,60,Maison,2161.0,190000.0,1387
2025-01-01,60,Maison,2145.0,190000.0,1270
2025-04-01,60,Maison,2171.0,192000.0,1389
2025-07-01,60,Maison,2251.0,196875.0,1710
2025-10-01,60,Maison,2216.0,194590.0,1499
2021-01-01,61,Appartement,1092.0,57500.0,97
2021-04-01,61,Appartement,1134.0,56750.0,116
2021-07-01,61,Appartement,1087.0,57750.0,122
2021-10-01,61,Appartement,1214.0,59600.0,107
2022-01-01,61,Appartement,1229.0,58000.0,109
2022-04-01,61,Appartement,1312.0,57000.0,129
2022-07-01,61,Appartement,1286.0,60250.0,108
2022-10-01,61,Appartement,1430.0,53500.0,122
2023-01-01,61,Appartement,1182.0,60000.0,102
2023-04-01,61,Appartement,1320.0,63500.0,110
2023-07-01,61,Appartement,1318.0,70698.0,88
2023-10-01,61,Appartement,1349.0,60000.0,95
2024-01-01,61,Appartement,1221.0,58759.0,84
2024-04-01,61,Appartement,1240.0,58250.0,82
2024-07-01,61,Appartement,1319.0,67000.0,103
2024-10-01,61,Appartement,1317.0,62850.0,98
2025-01-01,61,Appartement,1167.0,63000.0,70
2025-04-01,61,Appartement,1259.0,60000.0,83
2025-07-01,61,Appartement,1230.0,63500.0,104
2025-10-01,61,Appartement,1201.0,66500.0,102
2021-01-01,61,Ensemble,1087.0,88000.0,785
2021-04-01,61,Ensemble,1128.0,87750.0,930
2021-07-01,61,Ensemble,1167.0,90017.0,984
2021-10-01,61,Ensemble,1175.0,90350.0,968
2022-01-01,61,Ensemble,1203.0,90000.0,796
2022-04-01,61,Ensemble,1275.0,100000.0,915
2022-07-01,61,Ensemble,1286.0,105000.0,923
2022-10-01,61,Ensemble,1333.0,96000.0,777
2023-01-01,61,Ensemble,1237.0,97200.0,655
2023-04-01,61,Ensemble,1308.0,97100.0,666
2023-07-01,61,Ensemble,1291.0,101750.0,726
2023-10-01,61,Ensemble,1244.0,90000.0,684
2024-01-01,61,Ensemble,1197.0,90000.0,562
2024-04-01,61,Ensemble,1260.0,102000.0,600
2024-07-01,61,Ensemble,1325.0,99680.0,738
2024-10-01,61,Ensemble,1265.0,95000.0,715
2025-01-01,61,Ensemble,1322.0,106000.0,541
2025-04-01,61,Ensemble,1324.0,100000.0,605
2025-07-01,61,Ensemble,1310.0,100000.0,702
2025-10-01,61,Ensemble,1250.0,99000.0,772
2021-01-01,61,Maison,1084.0,96410.0,688
2021-04-01,61,Maison,1128.0,95000.0,814
2021-07-01,61,Maison,1173.0,102000.0,862
2021-10-01,61,Maison,1167.0,100000.0,861
2022-01-01,61,Maison,1200.0,100000.0,687
2022-04-01,61,Maison,1263.0,109620.0,786
2022-07-01,61,Maison,1287.0,117000.0,815
2022-10-01,61,Maison,1312.0,105000.0,655
2023-01-01,61,Maison,1262.0,110000.0,553
2023-04-01,61,Maison,1301.0,110000.0,556
2023-07-01,61,Maison,1288.0,110000.0,638
2023-10-01,61,Maison,1222.0,100000.0,589
2024-01-01,61,Maison,1195.0,100000.0,478
2024-04-01,61,Maison,1266.0,110000.0,518
2024-07-01,61,Maison,1327.0,106000.0,635
2024-10-01,61,Maison,1250.0,105000.0,617
2025-01-01,61,Maison,1349.0,115000.0,471
2025-04-01,61,Maison,1327.0,107250.0,522
2025-07-01,61,Maison,1320.0,110000.0,598
2025-10-01,61,Maison,1256.0,105000.0,670
2021-01-01,62,Appartement,2130.0,110000.0,616
2021-04-01,62,Appartement,2104.0,106790.0,789
2021-07-01,62,Appartement,2188.0,111000.0,781
2021-10-01,62,Appartement,2179.0,110000.0,764
2022-01-01,62,Appartement,2133.0,110000.0,654
2022-04-01,62,Appartement,2250.0,115450.0,794
2022-07-01,62,Appartement,2278.0,117000.0,729
2022-10-01,62,Appartement,2204.0,120000.0,794
2023-01-01,62,Appartement,2259.0,117100.0,561
2023-04-01,62,Appartement,2342.0,117250.0,608
2023-07-01,62,Appartement,2396.0,119300.0,595
2023-10-01,62,Appartement,2310.0,114300.0,602
2024-01-01,62,Appartement,2305.0,114500.0,498
2024-04-01,62,Appartement,2268.0,110000.0,532
2024-07-01,62,Appartement,2415.0,117650.0,623
2024-10-01,62,Appartement,2297.0,119000.0,622
2025-01-01,62,Appartement,2174.0,118000.0,552
2025-04-01,62,Appartement,2160.0,114500.0,636
2025-07-01,62,Appartement,2338.0,118000.0,601
2025-10-01,62,Appartement,2219.0,113250.0,468
2021-01-01,62,Ensemble,1578.0,133000.0,3790
2021-04-01,62,Ensemble,1593.0,136250.0,4682
2021-07-01,62,Ensemble,1667.0,141350.0,4975
2021-10-01,62,Ensemble,1667.0,140000.0,4501
2022-01-01,62,Ensemble,1684.0,140000.0,3966
2022-04-01,62,Ensemble,1705.0,145000.0,4374
2022-07-01,62,Ensemble,1781.0,150000.0,4680
2022-10-01,62,Ensemble,1761.0,148095.0,4068
2023-01-01,62,Ensemble,1765.0,146200.0,3143
2023-04-01,62,Ensemble,1774.0,146000.0,3409
2023-07-01,62,Ensemble,1752.0,148000.0,3554
2023-10-01,62,Ensemble,1713.0,140000.0,3357
2024-01-01,62,Ensemble,1671.0,138000.0,2620
2024-04-01,62,Ensemble,1684.0,137900.0,3046
2024-07-01,62,Ensemble,1714.0,144450.0,3638
2024-10-01,62,Ensemble,1697.0,143210.0,3734
2025-01-01,62,Ensemble,1684.0,142000.0,3208
2025-04-01,62,Ensemble,1731.0,146000.0,3769
2025-07-01,62,Ensemble,1750.0,149000.0,3980
2025-10-01,62,Ensemble,1724.0,146000.0,2919
2021-01-01,62,Maison,1519.0,136635.0,3174
2021-04-01,62,Maison,1531.0,141000.0,3893
2021-07-01,62,Maison,1603.0,146000.0,4194
2021-10-01,62,Maison,1600.0,145000.0,3737
2022-01-01,62,Maison,1629.0,145000.0,3312
2022-04-01,62,Maison,1637.0,150000.0,3580
2022-07-01,62,Maison,1726.0,157000.0,3951
2022-10-01,62,Maison,1690.0,154000.0,3274
2023-01-01,62,Maison,1700.0,152000.0,2582
2023-04-01,62,Maison,1700.0,150000.0,2801
2023-07-01,62,Maison,1683.0,153140.0,2959
2023-10-01,62,Maison,1638.0,145795.0,2755
2024-01-01,62,Maison,1600.0,144025.0,2122
2024-04-01,62,Maison,1592.0,142000.0,2514
2024-07-01,62,Maison,1636.0,150000.0,3015
2024-10-01,62,Maison,1640.0,147000.0,3112
2025-01-01,62,Maison,1616.0,147675.0,2656
2025-04-01,62,Maison,1667.0,150575.0,3133
2025-07-01,62,Maison,1681.0,153700.0,3379
2025-10-01,62,Maison,1671.0,151600.0,2451
2021-01-01,63,Appartement,1960.0,107000.0,814
2021-04-01,63,Appartement,2000.0,106600.0,940
2021-07-01,63,Appartement,2000.0,108965.0,1009
2021-10-01,63,Appartement,2060.0,110000.0,873
2022-01-01,63,Appartement,2083.0,111550.0,860
2022-04-01,63,Appartement,2084.0,110000.0,974
2022-07-01,63,Appartement,2209.0,115679.0,980
2022-10-01,63,Appartement,2189.0,113000.0,876
2023-01-01,63,Appartement,2223.0,120000.0,784
2023-04-01,63,Appartement,2103.0,115400.0,799
2023-07-01,63,Appartement,2237.0,108725.0,770
2023-10-01,63,Appartement,2092.0,105200.0,747
2024-01-01,63,Appartement,2043.0,104850.0,556
2024-04-01,63,Appartement,2056.0,110000.0,641
2024-07-01,63,Appartement,2093.0,110000.0,768
2024-10-01,63,Appartement,2065.0,107700.0,777
2025-01-01,63,Appartement,2097.0,107925.0,726
2025-04-01,63,Appartement,2119.0,111895.0,811
2025-07-01,63,Appartement,2128.0,112000.0,831
2025-10-01,63,Appartement,2087.0,105500.0,839
2021-01-01,63,Ensemble,1769.0,116275.0,2000
2021-04-01,63,Ensemble,1804.0,119250.0,2366
2021-07-01,63,Ensemble,1875.0,131700.0,2638
2021-10-01,63,Ensemble,1850.0,123000.0,2241
2022-01-01,63,Ensemble,1899.0,124225.0,2006
2022-04-01,63,Ensemble,1926.0,125900.0,2309
2022-07-01,63,Ensemble,2037.0,137000.0,2512
2022-10-01,63,Ensemble,2014.0,131000.0,2232
2023-01-01,63,Ensemble,1968.0,129500.0,1916
2023-04-01,63,Ensemble,1914.0,128681.0,1966
2023-07-01,63,Ensemble,2058.0,132000.0,1893
2023-10-01,63,Ensemble,1880.0,119900.0,1875
2024-01-01,63,Ensemble,1907.0,125000.0,1402
2024-04-01,63,Ensemble,1888.0,125725.0,1602
2024-07-01,63,Ensemble,1976.0,133955.0,1926
2024-10-01,63,Ensemble,1910.0,125300.0,1929
2025-01-01,63,Ensemble,1920.0,130000.0,1818
2025-04-01,63,Ensemble,1986.0,132500.0,1873
2025-07-01,63,Ensemble,1988.0,135000.0,2068
2025-10-01,63,Ensemble,1912.0,125000.0,2127
2021-01-01,63,Maison,1535.0,133000.0,1186
2021-04-01,63,Maison,1519.0,131722.0,1426
2021-07-01,63,Maison,1746.0,162310.0,1629
2021-10-01,63,Maison,1618.0,145100.0,1368
2022-01-01,63,Maison,1667.0,143400.0,1146
2022-04-01,63,Maison,1679.0,144500.0,1335
2022-07-01,63,Maison,1858.0,162000.0,1532
2022-10-01,63,Maison,1804.0,157565.0,1356
2023-01-01,63,Maison,1717.0,142560.0,1132
2023-04-01,63,Maison,1716.0,150000.0,1167
2023-07-01,63,Maison,1870.0,160000.0,1123
2023-10-01,63,Maison,1667.0,138600.0,1128
2024-01-01,63,Maison,1764.0,145000.0,846
2024-04-01,63,Maison,1682.0,145790.0,961
2024-07-01,63,Maison,1862.0,159461.0,1158
2024-10-01,63,Maison,1741.0,149600.0,1152
2025-01-01,63,Maison,1731.0,154675.0,1092
2025-04-01,63,Maison,1845.0,164675.0,1062
2025-07-01,63,Maison,1856.0,165000.0,1237
2025-10-01,63,Maison,1700.0,148550.0,1288
2021-01-01,64,Appartement,3053.0,165000.0,1520
2021-04-01,64,Appartement,3118.0,165000.0,2063
2021-07-01,64,Appartement,3081.0,164000.0,2034
2021-10-01,64,Appartement,3102.0,170000.0,1726
2022-01-01,64,Appartement,3369.0,183800.0,1581
2022-04-01,64,Appartement,3444.0,185000.0,1770
2022-07-01,64,Appartement,2979.0,170000.0,1759
2022-10-01,64,Appartement,3169.0,176250.0,1510
2023-01-01,64,Appartement,3133.0,176000.0,1345
2023-04-01,64,Appartement,3291.0,174200.0,1402
2023-07-01,64,Appartement,3304.0,177805.0,1336
2023-10-01,64,Appartement,3053.0,167800.0,1184
2024-01-01,64,Appartement,3327.0,178850.0,1049
2024-04-01,64,Appartement,3255.0,169295.0,1205
2024-07-01,64,Appartement,3268.0,180000.0,1391
2024-10-01,64,Appartement,3441.0,176000.0,1324
2025-01-01,64,Appartement,3184.0,176052.0,1198
2025-04-01,64,Appartement,3478.0,183000.0,1485
2025-07-01,64,Appartement,3451.0,176190.0,1441
2025-10-01,64,Appartement,3560.0,181500.0,1473
2021-01-01,64,Ensemble,2600.0,184000.0,2347
2021-04-01,64,Ensemble,2606.0,185000.0,3090
2021-07-01,64,Ensemble,2590.0,195000.0,3280
2021-10-01,64,Ensemble,2667.0,195700.0,2723
2022-01-01,64,Ensemble,2781.0,200000.0,2427
2022-04-01,64,Ensemble,2809.0,207850.0,2706
2022-07-01,64,Ensemble,2717.0,205000.0,2780
2022-10-01,64,Ensemble,2851.0,210000.0,2384
2023-01-01,64,Ensemble,2762.0,200600.0,2032
2023-04-01,64,Ensemble,2843.0,202000.0,2194
2023-07-01,64,Ensemble,2841.0,205000.0,2151
2023-10-01,64,Ensemble,2771.0,197695.0,1889
2024-01-01,64,Ensemble,2783.0,200660.0,1627
2024-04-01,64,Ensemble,2763.0,195000.0,1850
2024-07-01,64,Ensemble,2850.0,209000.0,2202
2024-10-01,64,Ensemble,2841.0,200000.0,2098
2025-01-01,64,Ensemble,2799.0,203825.0,1886
2025-04-01,64,Ensemble,3000.0,212950.0,2277
2025-07-01,64,Ensemble,2935.0,209010.0,2302
2025-10-01,64,Ensemble,2990.0,205270.0,2250
2021-01-01,64,Maison,2148.0,225000.0,827
2021-04-01,64,Maison,2169.0,230270.0,1027
2021-07-01,64,Maison,2250.0,256375.0,1246
2021-10-01,64,Maison,2260.0,240000.0,997
2022-01-01,64,Maison,2266.0,235000.0,846
2022-04-01,64,Maison,2382.0,247495.0,936
2022-07-01,64,Maison,2490.0,265000.0,1021
2022-10-01,64,Maison,2503.0,268250.0,874
2023-01-01,64,Maison,2436.0,250600.0,687
2023-04-01,64,Maison,2428.0,254000.0,792
2023-07-01,64,Maison,2476.0,264900.0,815
2023-10-01,64,Maison,2373.0,242250.0,705
2024-01-01,64,Maison,2371.0,245900.0,578
2024-04-01,64,Maison,2381.0,246000.0,645
2024-07-01,64,Maison,2423.0,271000.0,811
2024-10-01,64,Maison,2333.0,235750.0,774
2025-01-01,64,Maison,2436.0,258125.0,688
2025-04-01,64,Maison,2540.0,268100.0,792
2025-07-01,64,Maison,2536.0,270000.0,861
2025-10-01,64,Maison,2419.0,258880.0,777
2021-01-01,65,Appartement,1405.0,68000.0,437
2021-04-01,65,Appartement,1523.0,72000.0,534
2021-07-01,65,Appartement,1435.0,74150.0,528
2021-10-01,65,Appartement,1649.0,76650.0,532
2022-01-01,65,Appartement,1544.0,76325.0,434
2022-04-01,65,Appartement,1643.0,73000.0,493
2022-07-01,65,Appartement,1652.0,77500.0,542
2022-10-01,65,Appartement,1721.0,80000.0,532
2023-01-01,65,Appartement,1647.0,79900.0,433
2023-04-01,65,Appartement,1600.0,75000.0,453
2023-07-01,65,Appartement,1637.0,80352.0,450
2023-10-01,65,Appartement,1721.0,81480.0,395
2024-01-01,65,Appartement,1719.0,80000.0,315
2024-04-01,65,Appartement,1800.0,87000.0,393
2024-07-01,65,Appartement,1644.0,81170.0,383
2024-10-01,65,Appartement,1667.0,84010.0,398
2025-01-01,65,Appartement,1686.0,83000.0,353
2025-04-01,65,Appartement,1739.0,80000.0,409
2025-07-01,65,Appartement,1660.0,79000.0,486
2025-10-01,65,Appartement,1868.0,90000.0,469
2021-01-01,65,Ensemble,1443.0,97500.0,913
2021-04-01,65,Ensemble,1500.0,105000.0,1120
2021-07-01,65,Ensemble,1510.0,118800.0,1213
2021-10-01,65,Ensemble,1626.0,114350.0,1126
2022-01-01,65,Ensemble,1518.0,110000.0,882
2022-04-01,65,Ensemble,1641.0,110000.0,1039
2022-07-01,65,Ensemble,1711.0,119500.0,1079
2022-10-01,65,Ensemble,1733.0,115000.0,1061
2023-01-01,65,Ensemble,1658.0,114700.0,851
2023-04-01,65,Ensemble,1682.0,113938.0,918
2023-07-01,65,Ensemble,1674.0,120000.0,967
2023-10-01,65,Ensemble,1721.0,120000.0,818
2024-01-01,65,Ensemble,1667.0,112000.0,618
2024-04-01,65,Ensemble,1710.0,120000.0,785
2024-07-01,65,Ensemble,1683.0,123585.0,835
2024-10-01,65,Ensemble,1654.0,120000.0,838
2025-01-01,65,Ensemble,1728.0,119660.0,719
2025-04-01,65,Ensemble,1742.0,120000.0,832
2025-07-01,65,Ensemble,1701.0,121000.0,993
2025-10-01,65,Ensemble,1800.0,125000.0,941
2021-01-01,65,Maison,1464.0,145000.0,476
2021-04-01,65,Maison,1493.0,146400.0,586
2021-07-01,65,Maison,1553.0,154000.0,685
2021-10-01,65,Maison,1606.0,155400.0,594
2022-01-01,65,Maison,1495.0,150000.0,448
2022-04-01,65,Maison,1638.0,154500.0,546
2022-07-01,65,Maison,1778.0,165000.0,537
2022-10-01,65,Maison,1739.0,165650.0,529
2023-01-01,65,Maison,1667.0,166400.0,418
2023-04-01,65,Maison,1726.0,160500.0,465
2023-07-01,65,Maison,1712.0,169180.0,517
2023-10-01,65,Maison,1724.0,160000.0,423
2024-01-01,65,Maison,1630.0,158600.0,303
2024-04-01,65,Maison,1667.0,158700.0,392
2024-07-01,65,Maison,1706.0,166550.0,452
2024-10-01,65,Maison,1645.0,155700.0,440
2025-01-01,65,Maison,1745.0,162750.0,366
2025-04-01,65,Maison,1750.0,162000.0,423
2025-07-01,65,Maison,1750.0,170000.0,507
2025-10-01,65,Maison,1746.0,168512.0,472
2021-01-01,66,Appartement,1856.0,82598.0,1140
2021-04-01,66,Appartement,2039.0,85000.0,1515
2021-07-01,66,Appartement,2107.0,87460.0,1366
2021-10-01,66,Appartement,2203.0,91500.0,1407
2022-01-01,66,Appartement,2151.0,89900.0,1393
2022-04-01,66,Appartement,2167.0,93928.0,1710
2022-07-01,66,Appartement,2103.0,93005.0,1502
2022-10-01,66,Appartement,2340.0,97000.0,1415
2023-01-01,66,Appartement,2283.0,100000.0,1277
2023-04-01,66,Appartement,2326.0,100000.0,1268
2023-07-01,66,Appartement,2194.0,99462.0,1125
2023-10-01,66,Appartement,2356.0,97930.0,1083
2024-01-01,66,Appartement,2173.0,94820.0,870
2024-04-01,66,Appartement,2395.0,100000.0,1029
2024-07-01,66,Appartement,2330.0,100000.0,1060
2024-10-01,66,Appartement,2330.0,100000.0,1106
2025-01-01,66,Appartement,2322.0,100000.0,1044
2025-04-01,66,Appartement,2400.0,103410.0,1163
2025-07-01,66,Appartement,2220.0,100000.0,1077
2025-10-01,66,Appartement,2476.0,103805.0,1231
2021-01-01,66,Ensemble,2049.0,125000.0,2606
2021-04-01,66,Ensemble,2182.0,130000.0,3268
2021-07-01,66,Ensemble,2211.0,136000.0,3173
2021-10-01,66,Ensemble,2266.0,134550.0,3090
2022-01-01,66,Ensemble,2280.0,135000.0,2860
2022-04-01,66,Ensemble,2338.0,135065.0,3442
2022-07-01,66,Ensemble,2331.0,143375.0,3208
2022-10-01,66,Ensemble,2452.0,142228.0,2910
2023-01-01,66,Ensemble,2411.0,137000.0,2540
2023-04-01,66,Ensemble,2420.0,140000.0,2590
2023-07-01,66,Ensemble,2406.0,142855.0,2394
2023-10-01,66,Ensemble,2422.0,135000.0,2242
2024-01-01,66,Ensemble,2400.0,135230.0,1745
2024-04-01,66,Ensemble,2447.0,143650.0,2151
2024-07-01,66,Ensemble,2444.0,147750.0,2274
2024-10-01,66,Ensemble,2399.0,145000.0,2425
2025-01-01,66,Ensemble,2437.0,141250.0,2152
2025-04-01,66,Ensemble,2454.0,143000.0,2480
2025-07-01,66,Ensemble,2410.0,150000.0,2458
2025-10-01,66,Ensemble,2500.0,144000.0,2559
2021-01-01,66,Maison,2168.0,180000.0,1466
2021-04-01,66,Maison,2265.0,190000.0,1753
2021-07-01,66,Maison,2273.0,193300.0,1807
2021-10-01,66,Maison,2310.0,190000.0,1683
2022-01-01,66,Maison,2352.0,203800.0,1467
2022-04-01,66,Maison,2469.0,209000.0,1732
2022-07-01,66,Maison,2480.0,209600.0,1706
2022-10-01,66,Maison,2545.0,207955.0,1495
2023-01-01,66,Maison,2477.0,205000.0,1263
2023-04-01,66,Maison,2490.0,200200.0,1322
2023-07-01,66,Maison,2500.0,208000.0,1269
2023-10-01,66,Maison,2460.0,197000.0,1159
2024-01-01,66,Maison,2523.0,196120.0,875
2024-04-01,66,Maison,2479.0,207000.0,1122
2024-07-01,66,Maison,2499.0,201992.0,1214
2024-10-01,66,Maison,2443.0,207700.0,1319
2025-01-01,66,Maison,2494.0,205000.0,1108
2025-04-01,66,Maison,2500.0,205000.0,1317
2025-07-01,66,Maison,2523.0,210000.0,1381
2025-10-01,66,Maison,2520.0,210000.0,1328
2021-01-01,69,Appartement,3762.0,215000.0,4209
2021-04-01,69,Appartement,3874.0,221475.0,5110
2021-07-01,69,Appartement,3996.0,234000.0,5707
2021-10-01,69,Appartement,4017.0,225000.0,4511
2022-01-01,69,Appartement,3957.0,225000.0,4287
2022-04-01,69,Appartement,4044.0,233000.0,5071
2022-07-01,69,Appartement,4191.0,238650.0,5164
2022-10-01,69,Appartement,4114.0,226350.0,4181
2023-01-01,69,Appartement,4062.0,221675.0,3742
2023-04-01,69,Appartement,3961.0,217810.0,3937
2023-07-01,69,Appartement,4000.0,221800.0,3963
2023-10-01,69,Appartement,3790.0,204290.0,3065
2024-01-01,69,Appartement,3712.0,205000.0,2665
2024-04-01,69,Appartement,3679.0,204000.0,3315
2024-07-01,69,Appartement,3815.0,210000.0,3800
2024-10-01,69,Appartement,3609.0,200000.0,3465
2025-01-01,69,Appartement,3624.0,205000.0,3417
2025-04-01,69,Appartement,3691.0,210000.0,3777
2025-07-01,69,Appartement,3833.0,213600.0,4270
2025-10-01,69,Appartement,3750.0,206000.0,3830
2021-01-01,69,Ensemble,3676.0,238000.0,5580
2021-04-01,69,Ensemble,3794.0,245000.0,6647
2021-07-01,69,Ensemble,3937.0,264365.0,7775
2021-10-01,69,Ensemble,3968.0,250000.0,5970
2022-01-01,69,Ensemble,3918.0,246400.0,5490
2022-04-01,69,Ensemble,4034.0,254000.0,6475
2022-07-01,69,Ensemble,4192.0,270000.0,6877
2022-10-01,69,Ensemble,4101.0,252000.0,5500
2023-01-01,69,Ensemble,4025.0,245000.0,4816
2023-04-01,69,Ensemble,3948.0,240000.0,5007
2023-07-01,69,Ensemble,3975.0,250000.0,5159
2023-10-01,69,Ensemble,3765.0,229000.0,3969
2024-01-01,69,Ensemble,3676.0,224160.0,3432
2024-04-01,69,Ensemble,3655.0,225000.0,4188
2024-07-01,69,Ensemble,3756.0,236500.0,4996
2024-10-01,69,Ensemble,3574.0,224500.0,4531
2025-01-01,69,Ensemble,3597.0,230350.0,4469
2025-04-01,69,Ensemble,3649.0,230170.0,4803
2025-07-01,69,Ensemble,3760.0,241236.0,5634
2025-10-01,69,Ensemble,3695.0,230000.0,4997
2021-01-01,69,Maison,3458.0,341900.0,1371
2021-04-01,69,Maison,3548.0,349820.0,1537
2021-07-01,69,Maison,3783.0,380000.0,2068
2021-10-01,69,Maison,3824.0,375000.0,1459
2022-01-01,69,Maison,3796.0,369370.0,1203
2022-04-01,69,Maison,4010.0,386925.0,1404
2022-07-01,69,Maison,4196.0,414000.0,1713
2022-10-01,69,Maison,4056.0,385000.0,1319
2023-01-01,69,Maison,3915.0,371375.0,1074
2023-04-01,69,Maison,3849.0,375120.0,1070
2023-07-01,69,Maison,3875.0,371345.0,1196
2023-10-01,69,Maison,3676.0,348100.0,904
2024-01-01,69,Maison,3585.0,346950.0,767
2024-04-01,69,Maison,3555.0,347500.0,873
2024-07-01,69,Maison,3605.0,358000.0,1196
2024-10-01,69,Maison,3447.0,330000.0,1066
2025-01-01,69,Maison,3506.0,341500.0,1052
2025-04-01,69,Maison,3513.0,337930.0,1026
2025-07-01,69,Maison,3561.0,354650.0,1364
2025-10-01,69,Maison,3479.0,345700.0,1167
2021-01-01,70,Appartement,923.0,63500.0,89
2021-04-01,70,Appartement,1035.0,59500.0,110
2021-07-01,70,Appartement,1000.0,62500.0,133
2021-10-01,70,Appartement,1073.0,62875.0,134
2022-01-01,70,Appartement,984.0,62400.0,121
2022-04-01,70,Appartement,1013.0,57500.0,127
2022-07-01,70,Appartement,1118.0,73000.0,120
2022-10-01,70,Appartement,1075.0,67000.0,119
2023-01-01,70,Appartement,1107.0,69950.0,104
2023-04-01,70,Appartement,1160.0,74000.0,101
2023-07-01,70,Appartement,990.0,65000.0,97
2023-10-01,70,Appartement,1022.0,73575.0,114
2024-01-01,70,Appartement,918.0,55500.0,66
2024-04-01,70,Appartement,994.0,60000.0,105
2024-07-01,70,Appartement,1016.0,73000.0,107
2024-10-01,70,Appartement,1014.0,63500.0,120
2025-01-01,70,Appartement,1042.0,61000.0,87
2025-04-01,70,Appartement,1087.0,68000.0,123
2025-07-01,70,Appartement,1125.0,76000.0,101
2025-10-01,70,Appartement,1069.0,64800.0,104
2021-01-01,70,Ensemble,942.0,90000.0,548
2021-04-01,70,Ensemble,1022.0,91500.0,623
2021-07-01,70,Ensemble,1061.0,100000.0,765
2021-10-01,70,Ensemble,1088.0,98000.0,687
2022-01-01,70,Ensemble,1061.0,90500.0,597
2022-04-01,70,Ensemble,1068.0,94250.0,640
2022-07-01,70,Ensemble,1157.0,113500.0,700
2022-10-01,70,Ensemble,1127.0,104000.0,647
2023-01-01,70,Ensemble,1142.0,95000.0,475
2023-04-01,70,Ensemble,1129.0,96200.0,526
2023-07-01,70,Ensemble,1104.0,100000.0,554
2023-10-01,70,Ensemble,1090.0,97500.0,566
2024-01-01,70,Ensemble,1022.0,92250.0,394
2024-04-01,70,Ensemble,1062.0,94500.0,471
2024-07-01,70,Ensemble,1138.0,110000.0,576
2024-10-01,70,Ensemble,1056.0,95000.0,594
2025-01-01,70,Ensemble,1079.0,95000.0,448
2025-04-01,70,Ensemble,1123.0,102000.0,551
2025-07-01,70,Ensemble,1170.0,106000.0,612
2025-10-01,70,Ensemble,1070.0,95000.0,621
2021-01-01,70,Maison,961.0,101650.0,459
2021-04-01,70,Maison,1020.0,102000.0,513
2021-07-01,70,Maison,1100.0,113500.0,632
2021-10-01,70,Maison,1088.0,110000.0,553
2022-01-01,70,Maison,1084.0,105000.0,476
2022-04-01,70,Maison,1083.0,109110.0,513
2022-07-01,70,Maison,1178.0,129350.0,580
2022-10-01,70,Maison,1167.0,120000.0,528
2023-01-01,70,Maison,1148.0,106770.0,371
2023-04-01,70,Maison,1127.0,111000.0,425
2023-07-01,70,Maison,1129.0,111500.0,457
2023-10-01,70,Maison,1133.0,109125.0,452
2024-01-01,70,Maison,1043.0,105000.0,328
2024-04-01,70,Maison,1088.0,112250.0,366
2024-07-01,70,Maison,1172.0,120300.0,469
2024-10-01,70,Maison,1098.0,112300.0,474
2025-01-01,70,Maison,1109.0,107880.0,361
2025-04-01,70,Maison,1156.0,118625.0,428
2025-07-01,70,Maison,1195.0,118000.0,511
2025-10-01,70,Maison,1070.0,104500.0,517
2021-01-01,71,Appartement,1147.0,70000.0,429
2021-04-01,71,Appartement,1135.0,69125.0,556
2021-07-01,71,Appartement,1253.0,77860.0,560
2021-10-01,71,Appartement,1204.0,74000.0,480
2022-01-01,71,Appartement,1269.0,78500.0,470
2022-04-01,71,Appartement,1300.0,80000.0,542
2022-07-01,71,Appartement,1324.0,83890.0,479
2022-10-01,71,Appartement,1368.0,84000.0,465
2023-01-01,71,Appartement,1331.0,79000.0,424
2023-04-01,71,Appartement,1348.0,78500.0,457
2023-07-01,71,Appartement,1364.0,80000.0,409
2023-10-01,71,Appartement,1312.0,79000.0,405
2024-01-01,71,Appartement,1236.0,76000.0,317
2024-04-01,71,Appartement,1305.0,80775.0,382
2024-07-01,71,Appartement,1337.0,82000.0,422
2024-10-01,71,Appartement,1397.0,83350.0,386
2025-01-01,71,Appartement,1450.0,82000.0,393
2025-04-01,71,Appartement,1388.0,85000.0,368
2025-07-01,71,Appartement,1386.0,85750.0,438
2025-10-01,71,Appartement,1463.0,89500.0,427
2021-01-01,71,Ensemble,1210.0,100000.0,1517
2021-04-01,71,Ensemble,1235.0,100000.0,1897
2021-07-01,71,Ensemble,1339.0,113750.0,2072
2021-10-01,71,Ensemble,1333.0,110000.0,1824
2022-01-01,71,Ensemble,1359.0,110000.0,1597
2022-04-01,71,Ensemble,1371.0,110000.0,1794
2022-07-01,71,Ensemble,1453.0,120000.0,1823
2022-10-01,71,Ensemble,1381.0,115000.0,1617
2023-01-01,71,Ensemble,1391.0,110000.0,1366
2023-04-01,71,Ensemble,1406.0,112000.0,1454
2023-07-01,71,Ensemble,1486.0,118400.0,1416
2023-10-01,71,Ensemble,1359.0,107500.0,1413
2024-01-01,71,Ensemble,1296.0,100000.0,1035
2024-04-01,71,Ensemble,1360.0,109600.0,1225
2024-07-01,71,Ensemble,1462.0,122400.0,1509
2024-10-01,71,Ensemble,1367.0,112050.0,1381
2025-01-01,71,Ensemble,1469.0,115741.0,1269
2025-04-01,71,Ensemble,1436.0,122730.0,1336
2025-07-01,71,Ensemble,1461.0,122000.0,1531
2025-10-01,71,Ensemble,1449.0,120000.0,1551
2021-01-01,71,Maison,1255.0,115900.0,1088
2021-04-01,71,Maison,1297.0,118740.0,1341
2021-07-01,71,Maison,1389.0,129000.0,1512
2021-10-01,71,Maison,1385.0,128450.0,1344
2022-01-01,71,Maison,1423.0,126000.0,1127
2022-04-01,71,Maison,1399.0,130000.0,1252
2022-07-01,71,Maison,1500.0,137925.0,1344
2022-10-01,71,Maison,1386.0,130300.0,1152
2023-01-01,71,Maison,1431.0,130000.0,942
2023-04-01,71,Maison,1435.0,129350.0,997
2023-07-01,71,Maison,1547.0,140000.0,1007
2023-10-01,71,Maison,1377.0,125000.0,1008
2024-01-01,71,Maison,1340.0,121705.0,718
2024-04-01,71,Maison,1390.0,127750.0,843
2024-07-01,71,Maison,1533.0,141500.0,1087
2024-10-01,71,Maison,1346.0,128000.0,995
2025-01-01,71,Maison,1479.0,133000.0,876
2025-04-01,71,Maison,1451.0,136750.0,968
2025-07-01,71,Maison,1518.0,140000.0,1093
2025-10-01,71,Maison,1448.0,133000.0,1124
2021-01-01,72,Appartement,1517.0,75000.0,381
2021-04-01,72,Appartement,1483.0,75000.0,490
2021-07-01,72,Appartement,1671.0,85000.0,496
2021-10-01,72,Appartement,1706.0,85000.0,385
2022-01-01,72,Appartement,1696.0,88000.0,381
2022-04-01,72,Appartement,1778.0,90000.0,451
2022-07-01,72,Appartement,1835.0,95000.0,466
2022-10-01,72,Appartement,1849.0,90000.0,384
2023-01-01,72,Appartement,1908.0,90000.0,322
2023-04-01,72,Appartement,1900.0,97200.0,357
2023-07-01,72,Appartement,1830.0,97000.0,320
2023-10-01,72,Appartement,1792.0,92000.0,314
2024-01-01,72,Appartement,1799.0,82600.0,280
2024-04-01,72,Appartement,1855.0,98000.0,321
2024-07-01,72,Appartement,1846.0,90000.0,334
2024-10-01,72,Appartement,1825.0,90000.0,279
2025-01-01,72,Appartement,1840.0,95000.0,320
2025-04-01,72,Appartement,1757.0,90000.0,370
2025-07-01,72,Appartement,1903.0,95000.0,380
2025-10-01,72,Appartement,1875.0,91500.0,349
2021-01-01,72,Ensemble,1420.0,110000.0,1695
2021-04-01,72,Ensemble,1458.0,114000.0,2078
2021-07-01,72,Ensemble,1526.0,120000.0,2362
2021-10-01,72,Ensemble,1554.0,120000.0,1836
2022-01-01,72,Ensemble,1570.0,120000.0,1716
2022-04-01,72,Ensemble,1635.0,123000.0,2028
2022-07-01,72,Ensemble,1642.0,125000.0,2062
2022-10-01,72,Ensemble,1696.0,125000.0,1688
2023-01-01,72,Ensemble,1658.0,122150.0,1486
2023-04-01,72,Ensemble,1668.0,127000.0,1516
2023-07-01,72,Ensemble,1667.0,127000.0,1595
2023-10-01,72,Ensemble,1607.0,122500.0,1442
2024-01-01,72,Ensemble,1588.0,110000.0,1111
2024-04-01,72,Ensemble,1628.0,121500.0,1313
2024-07-01,72,Ensemble,1667.0,127000.0,1504
2024-10-01,72,Ensemble,1588.0,119000.0,1477
2025-01-01,72,Ensemble,1640.0,124000.0,1359
2025-04-01,72,Ensemble,1633.0,125000.0,1484
2025-07-01,72,Ensemble,1678.0,130000.0,1700
2025-10-01,72,Ensemble,1639.0,120750.0,1613
2021-01-01,72,Maison,1385.0,125000.0,1314
2021-04-01,72,Maison,1444.0,129950.0,1588
2021-07-01,72,Maison,1481.0,135000.0,1866
2021-10-01,72,Maison,1505.0,133000.0,1451
2022-01-01,72,Maison,1525.0,135000.0,1335
2022-04-01,72,Maison,1581.0,139000.0,1577
2022-07-01,72,Maison,1587.0,140000.0,1596
2022-10-01,72,Maison,1638.0,140000.0,1304
2023-01-01,72,Maison,1579.0,135000.0,1164
2023-04-01,72,Maison,1606.0,140000.0,1159
2023-07-01,72,Maison,1618.0,139000.0,1275
2023-10-01,72,Maison,1574.0,135000.0,1128
2024-01-01,72,Maison,1543.0,125000.0,831
2024-04-01,72,Maison,1533.0,135000.0,992
2024-07-01,72,Maison,1608.0,145000.0,1170
2024-10-01,72,Maison,1524.0,130000.0,1198
2025-01-01,72,Maison,1584.0,137000.0,1039
2025-04-01,72,Maison,1592.0,140000.0,1114
2025-07-01,72,Maison,1625.0,143995.0,1320
2025-10-01,72,Maison,1567.0,135000.0,1264
2021-01-01,73,Appartement,3024.0,139670.0,1284
2021-04-01,73,Appartement,3095.0,145068.0,1746
2021-07-01,73,Appartement,3164.0,154000.0,1678
2021-10-01,73,Appartement,3401.0,147150.0,1752
2022-01-01,73,Appartement,3303.0,155100.0,1410
2022-04-01,73,Appartement,3502.0,158000.0,1688
2022-07-01,73,Appartement,3490.0,167500.0,1633
2022-10-01,73,Appartement,3644.0,155445.0,1768
2023-01-01,73,Appartement,3612.0,170225.0,1158
2023-04-01,73,Appartement,3829.0,170710.0,1366
2023-07-01,73,Appartement,3776.0,176800.0,1317
2023-10-01,73,Appartement,3778.0,155000.0,1405
2024-01-01,73,Appartement,3556.0,162546.0,916
2024-04-01,73,Appartement,3750.0,171000.0,1251
2024-07-01,73,Appartement,3776.0,177632.0,1324
2024-10-01,73,Appartement,3846.0,167095.0,1531
2025-01-01,73,Appartement,3537.0,168000.0,1047
2025-04-01,73,Appartement,3885.0,180800.0,1407
2025-07-01,73,Appartement,3767.0,173800.0,1434
2025-10-01,73,Appartement,3948.0,172400.0,1535
2021-01-01,73,Ensemble,2894.0,159000.0,1832
2021-04-01,73,Ensemble,3020.0,168650.0,2401
2021-07-01,73,Ensemble,3072.0,178500.0,2426
2021-10-01,73,Ensemble,3263.0,167500.0,2412
2022-01-01,73,Ensemble,3261.0,176570.0,1945
2022-04-01,73,Ensemble,3423.0,185000.0,2359
2022-07-01,73,Ensemble,3377.0,195000.0,2322
2022-10-01,73,Ensemble,3541.0,179000.0,2385
2023-01-01,73,Ensemble,3472.0,190000.0,1607
2023-04-01,73,Ensemble,3668.0,194925.0,1834
2023-07-01,73,Ensemble,3625.0,207350.0,1827
2023-10-01,73,Ensemble,3632.0,175000.0,1863
2024-01-01,73,Ensemble,3376.0,183725.0,1306
2024-04-01,73,Ensemble,3623.0,193900.0,1677
2024-07-01,73,Ensemble,3616.0,202000.0,1822
2024-10-01,73,Ensemble,3665.0,190000.0,2065
2025-01-01,73,Ensemble,3380.0,193470.0,1421
2025-04-01,73,Ensemble,3691.0,203725.0,1925
2025-07-01,73,Ensemble,3649.0,203000.0,1986
2025-10-01,73,Ensemble,3731.0,200000.0,2128
2021-01-01,73,Maison,2560.0,227750.0,548
2021-04-01,73,Maison,2838.0,269000.0,655
2021-07-01,73,Maison,2930.0,286225.0,748
2021-10-01,73,Maison,2955.0,250000.0,660
2022-01-01,73,Maison,3167.0,273426.0,535
2022-04-01,73,Maison,3111.0,293300.0,671
2022-07-01,73,Maison,3167.0,300100.0,689
2022-10-01,73,Maison,3271.0,296550.0,617
2023-01-01,73,Maison,3111.0,280000.0,449
2023-04-01,73,Maison,3203.0,312200.0,468
2023-07-01,73,Maison,3341.0,307155.0,510
2023-10-01,73,Maison,3204.0,277500.0,458
2024-01-01,73,Maison,3034.0,269312.0,390
2024-04-01,73,Maison,3255.0,290808.0,426
2024-07-01,73,Maison,3300.0,308875.0,498
2024-10-01,73,Maison,3284.0,296346.0,534
2025-01-01,73,Maison,3017.0,301350.0,374
2025-04-01,73,Maison,3290.0,300235.0,518
2025-07-01,73,Maison,3394.0,316000.0,552
2025-10-01,73,Maison,3215.0,307000.0,593
2021-01-01,74,Appartement,3700.0,198000.0,2267
2021-04-01,74,Appartement,3719.0,210000.0,2924
2021-07-01,74,Appartement,3878.0,218550.0,3002
2021-10-01,74,Appartement,3948.0,213970.0,2852
2022-01-01,74,Appartement,3985.0,217500.0,2557
2022-04-01,74,Appartement,4040.0,227000.0,3085
2022-07-01,74,Appartement,4143.0,228000.0,2937
2022-10-01,74,Appartement,4212.0,221000.0,2769
2023-01-01,74,Appartement,4212.0,225600.0,2243
2023-04-01,74,Appartement,4308.0,226600.0,2473
2023-07-01,74,Appartement,4300.0,235100.0,2238
2023-10-01,74,Appartement,4375.0,220000.0,2133
2024-01-01,74,Appartement,4204.0,220000.0,1698
2024-04-01,74,Appartement,4306.0,225500.0,2011
2024-07-01,74,Appartement,4309.0,234200.0,2181
2024-10-01,74,Appartement,4385.0,228800.0,2323
2025-01-01,74,Appartement,4272.0,229000.0,2243
2025-04-01,74,Appartement,4467.0,236000.0,2167
2025-07-01,74,Appartement,4484.0,246679.0,2497
2025-10-01,74,Appartement,4455.0,226800.0,2347
2021-01-01,74,Ensemble,3763.0,239400.0,3225
2021-04-01,74,Ensemble,3780.0,247502.0,4124
2021-07-01,74,Ensemble,3961.0,272000.0,4473
2021-10-01,74,Ensemble,4036.0,260000.0,4047
2022-01-01,74,Ensemble,4068.0,257000.0,3548
2022-04-01,74,Ensemble,4118.0,265000.0,4172
2022-07-01,74,Ensemble,4275.0,277400.0,4183
2022-10-01,74,Ensemble,4316.0,265000.0,3902
2023-01-01,74,Ensemble,4312.0,265000.0,3054
2023-04-01,74,Ensemble,4398.0,266862.0,3324
2023-07-01,74,Ensemble,4417.0,274800.0,3121
2023-10-01,74,Ensemble,4435.0,269841.0,2950
2024-01-01,74,Ensemble,4267.0,255000.0,2316
2024-04-01,74,Ensemble,4354.0,262000.0,2721
2024-07-01,74,Ensemble,4381.0,280000.0,3083
2024-10-01,74,Ensemble,4420.0,276490.0,3266
2025-01-01,74,Ensemble,4362.0,270000.0,3059
2025-04-01,74,Ensemble,4474.0,273950.0,2922
2025-07-01,74,Ensemble,4500.0,292000.0,3555
2025-10-01,74,Ensemble,4483.0,273885.0,3238
2021-01-01,74,Maison,3961.0,397250.0,958
2021-04-01,74,Maison,3944.0,402034.0,1200
2021-07-01,74,Maison,4158.0,438360.0,1471
2021-10-01,74,Maison,4209.0,446900.0,1195
2022-01-01,74,Maison,4288.0,439000.0,991
2022-04-01,74,Maison,4336.0,445130.0,1087
2022-07-01,74,Maison,4559.0,470000.0,1246
2022-10-01,74,Maison,4605.0,470000.0,1133
2023-01-01,74,Maison,4574.0,452000.0,811
2023-04-01,74,Maison,4598.0,473800.0,851
2023-07-01,74,Maison,4724.0,469540.0,883
2023-10-01,74,Maison,4526.0,450000.0,817
2024-01-01,74,Maison,4485.0,446900.0,618
2024-04-01,74,Maison,4461.0,453250.0,710
2024-07-01,74,Maison,4514.0,462100.0,902
2024-10-01,74,Maison,4497.0,453100.0,943
2025-01-01,74,Maison,4571.0,465500.0,816
2025-04-01,74,Maison,4502.0,450000.0,755
2025-07-01,74,Maison,4521.0,471000.0,1058
2025-10-01,74,Maison,4544.0,470000.0,891
2021-01-01,75,Appartement,10798.0,435380.0,6905
2021-04-01,75,Appartement,10810.0,445600.0,8205
2021-07-01,75,Appartement,10954.0,456200.0,8691
2021-10-01,75,Appartement,10714.0,422000.0,7883
2022-01-01,75,Appartement,10717.0,435000.0,7947
2022-04-01,75,Appartement,10714.0,439225.0,9162
2022-07-01,75,Appartement,10783.0,455850.0,9413
2022-10-01,75,Appartement,10611.0,428000.0,7877
2023-01-01,75,Appartement,10339.0,415060.0,7326
2023-04-01,75,Appartement,10184.0,405000.0,7459
2023-07-01,75,Appartement,10123.0,400000.0,7070
2023-10-01,75,Appartement,9824.0,384800.0,6171
2024-01-01,75,Appartement,9580.0,374550.0,5820
2024-04-01,75,Appartement,9531.0,371496.0,6784
2024-07-01,75,Appartement,9615.0,382750.0,6581
2024-10-01,75,Appartement,9512.0,375750.0,6249
2025-01-01,75,Appartement,9615.0,396050.0,7794
2025-04-01,75,Appartement,9615.0,387410.0,6504
2025-07-01,75,Appartement,9818.0,397000.0,7924
2025-10-01,75,Appartement,9724.0,381235.0,7082
2021-01-01,75,Ensemble,10810.0,438095.0,6935
2021-04-01,75,Ensemble,10811.0,448000.0,8243
2021-07-01,75,Ensemble,10962.0,459000.0,8738
2021-10-01,75,Ensemble,10727.0,425000.0,7932
2022-01-01,75,Ensemble,10722.0,436075.0,7976
2022-04-01,75,Ensemble,10720.0,440000.0,9218
2022-07-01,75,Ensemble,10789.0,459508.0,9452
2022-10-01,75,Ensemble,10615.0,430000.0,7910
2023-01-01,75,Ensemble,10350.0,417140.0,7356
2023-04-01,75,Ensemble,10191.0,406425.0,7486
2023-07-01,75,Ensemble,10128.0,402800.0,7111
2023-10-01,75,Ensemble,9833.0,385300.0,6213
2024-01-01,75,Ensemble,9592.0,375000.0,5844
2024-04-01,75,Ensemble,9533.0,373250.0,6808
2024-07-01,75,Ensemble,9616.0,385000.0,6616
2024-10-01,75,Ensemble,9520.0,377000.0,6271
2025-01-01,75,Ensemble,9618.0,398225.0,7836
2025-04-01,75,Ensemble,9620.0,389100.0,6525
2025-07-01,75,Ensemble,9828.0,398850.0,7964
2025-10-01,75,Ensemble,9730.0,385000.0,7121
2021-01-01,75,Maison,15968.0,1614500.0,30
2021-04-01,75,Maison,12491.0,1559525.0,38
2021-07-01,75,Maison,15390.0,1653550.0,47
2021-10-01,75,Maison,15247.0,1713000.0,49
2022-01-01,75,Maison,16929.0,1500000.0,29
2022-04-01,75,Maison,13820.0,1575000.0,56
2022-07-01,75,Maison,14167.0,1525000.0,39
2022-10-01,75,Maison,14444.0,1900000.0,33
2023-01-01,75,Maison,14701.0,1523050.0,30
2023-04-01,75,Maison,16152.0,1325000.0,27
2023-07-01,75,Maison,12695.0,1660500.0,41
2023-10-01,75,Maison,13815.0,1683100.0,42
2024-01-01,75,Maison,12525.0,1326800.0,24
2024-04-01,75,Maison,12157.0,1281500.0,24
2024-07-01,75,Maison,11667.0,1334400.0,35
2024-10-01,75,Maison,13981.0,1064775.0,22
2025-01-01,75,Maison,13219.0,1257690.0,42
2025-04-01,75,Maison,11685.0,1260641.0,21
2025-07-01,75,Maison,12346.0,1409728.0,40
2025-10-01,75,Maison,11664.0,1410000.0,39
2021-01-01,76,Appartement,2000.0,102000.0,1453
2021-04-01,76,Appartement,2056.0,106350.0,1850
2021-07-01,76,Appartement,2169.0,105000.0,1955
2021-10-01,76,Appartement,2182.0,111100.0,1631
2022-01-01,76,Appartement,2172.0,111000.0,1631
2022-04-01,76,Appartement,2250.0,111000.0,1859
2022-07-01,76,Appartement,2344.0,118000.0,1766
2022-10-01,76,Appartement,2328.0,112500.0,1661
2023-01-01,76,Appartement,2315.0,114500.0,1401
2023-04-01,76,Appartement,2273.0,111300.0,1549
2023-07-01,76,Appartement,2356.0,112100.0,1501
2023-10-01,76,Appartement,2217.0,106000.0,1367
2024-01-01,76,Appartement,2167.0,109250.0,1111
2024-04-01,76,Appartement,2183.0,107400.0,1339
2024-07-01,76,Appartement,2277.0,110000.0,1470
2024-10-01,76,Appartement,2224.0,109000.0,1345
2025-01-01,76,Appartement,2174.0,110150.0,1308
2025-04-01,76,Appartement,2192.0,110000.0,1434
2025-07-01,76,Appartement,2258.0,114000.0,1581
2025-10-01,76,Appartement,2270.0,111875.0,1530
2021-01-01,76,Ensemble,1941.0,136100.0,3360
2021-04-01,76,Ensemble,2008.0,140000.0,4336
2021-07-01,76,Ensemble,2115.0,149000.0,4717
2021-10-01,76,Ensemble,2101.0,147000.0,3991
2022-01-01,76,Ensemble,2113.0,145000.0,3676
2022-04-01,76,Ensemble,2151.0,146000.0,4160
2022-07-01,76,Ensemble,2238.0,156000.0,4328
2022-10-01,76,Ensemble,2203.0,147000.0,3693
2023-01-01,76,Ensemble,2200.0,150000.0,3245
2023-04-01,76,Ensemble,2181.0,146200.0,3324
2023-07-01,76,Ensemble,2250.0,150000.0,3461
2023-10-01,76,Ensemble,2147.0,140000.0,3067
2024-01-01,76,Ensemble,2122.0,140050.0,2502
2024-04-01,76,Ensemble,2100.0,140000.0,2889
2024-07-01,76,Ensemble,2188.0,149000.0,3418
2024-10-01,76,Ensemble,2122.0,148000.0,3183
2025-01-01,76,Ensemble,2143.0,142000.0,2904
2025-04-01,76,Ensemble,2128.0,145830.0,3261
2025-07-01,76,Ensemble,2177.0,150000.0,3727
2025-10-01,76,Ensemble,2145.0,148000.0,3612
2021-01-01,76,Maison,1897.0,162000.0,1907
2021-04-01,76,Maison,1977.0,164000.0,2486
2021-07-01,76,Maison,2088.0,175600.0,2762
2021-10-01,76,Maison,2061.0,171150.0,2360
2022-01-01,76,Maison,2083.0,173600.0,2045
2022-04-01,76,Maison,2083.0,175000.0,2301
2022-07-01,76,Maison,2186.0,184070.0,2562
2022-10-01,76,Maison,2135.0,175500.0,2032
2023-01-01,76,Maison,2165.0,180000.0,1844
2023-04-01,76,Maison,2120.0,173500.0,1775
2023-07-01,76,Maison,2188.0,182575.0,1960
2023-10-01,76,Maison,2104.0,172650.0,1700
2024-01-01,76,Maison,2100.0,174980.0,1391
2024-04-01,76,Maison,2045.0,171750.0,1550
2024-07-01,76,Maison,2128.0,175000.0,1948
2024-10-01,76,Maison,2069.0,174500.0,1838
2025-01-01,76,Maison,2106.0,173150.0,1596
2025-04-01,76,Maison,2081.0,173500.0,1827
2025-07-01,76,Maison,2140.0,182375.0,2146
2025-10-01,76,Maison,2091.0,174650.0,2082
2021-01-01,77,Appartement,3061.0,158000.0,1686
2021-04-01,77,Appartement,3177.0,165000.0,2112
2021-07-01,77,Appartement,3303.0,172000.0,2242
2021-10-01,77,Appartement,3333.0,170736.0,1939
2022-01-01,77,Appartement,3384.0,170000.0,1938
2022-04-01,77,Appartement,3400.0,175000.0,2001
2022-07-01,77,Appartement,3407.0,180000.0,2061
2022-10-01,77,Appartement,3429.0,175000.0,1696
2023-01-01,77,Appartement,3379.0,173000.0,1548
2023-04-01,77,Appartement,3343.0,173000.0,1602
2023-07-01,77,Appartement,3333.0,170000.0,1512
2023-10-01,77,Appartement,3358.0,167000.0,1284
2024-01-01,77,Appartement,3223.0,161320.0,1070
2024-04-01,77,Appartement,3136.0,164000.0,1173
2024-07-01,77,Appartement,3227.0,165000.0,1371
2024-10-01,77,Appartement,3218.0,160000.0,1356
2025-01-01,77,Appartement,3203.0,162250.0,1478
2025-04-01,77,Appartement,3244.0,168000.0,1417
2025-07-01,77,Appartement,3377.0,175000.0,1577
2025-10-01,77,Appartement,3286.0,165024.0,1480
2021-01-01,77,Ensemble,2950.0,210000.0,3788
2021-04-01,77,Ensemble,3011.0,214151.0,4765
2021-07-01,77,Ensemble,3154.0,235000.0,5651
2021-10-01,77,Ensemble,3140.0,222251.0,4372
2022-01-01,77,Ensemble,3229.0,220000.0,4158
2022-04-01,77,Ensemble,3287.0,223000.0,4263
2022-07-01,77,Ensemble,3333.0,246000.0,5042
2022-10-01,77,Ensemble,3287.0,225000.0,3649
2023-01-01,77,Ensemble,3256.0,220000.0,3180
2023-04-01,77,Ensemble,3221.0,220000.0,3396
2023-07-01,77,Ensemble,3182.0,234000.0,3554
2023-10-01,77,Ensemble,3119.0,212950.0,2792
2024-01-01,77,Ensemble,3061.0,205000.0,2317
2024-04-01,77,Ensemble,3000.0,214000.0,2615
2024-07-01,77,Ensemble,3053.0,225000.0,3283
2024-10-01,77,Ensemble,3000.0,209000.0,3053
2025-01-01,77,Ensemble,3039.0,212000.0,3164
2025-04-01,77,Ensemble,3040.0,217000.0,3095
2025-07-01,77,Ensemble,3120.0,235000.0,3857
2025-10-01,77,Ensemble,3048.0,220000.0,3465
2021-01-01,77,Maison,2862.0,267075.0,2102
2021-04-01,77,Maison,2892.0,270500.0,2653
2021-07-01,77,Maison,3063.0,289999.0,3409
2021-10-01,77,Maison,2982.0,279500.0,2433
2022-01-01,77,Maison,3110.0,285000.0,2220
2022-04-01,77,Maison,3171.0,295000.0,2262
2022-07-01,77,Maison,3267.0,309000.0,2981
2022-10-01,77,Maison,3167.0,295000.0,1953
2023-01-01,77,Maison,3145.0,290250.0,1632
2023-04-01,77,Maison,3107.0,285000.0,1794
2023-07-01,77,Maison,3085.0,289700.0,2042
2023-10-01,77,Maison,2917.0,270000.0,1508
2024-01-01,77,Maison,2910.0,260000.0,1247
2024-04-01,77,Maison,2908.0,265000.0,1442
2024-07-01,77,Maison,2937.0,275000.0,1912
2024-10-01,77,Maison,2819.0,264800.0,1697
2025-01-01,77,Maison,2920.0,270000.0,1686
2025-04-01,77,Maison,2924.0,270000.0,1678
2025-07-01,77,Maison,2969.0,285000.0,2280
2025-10-01,77,Maison,2893.0,270000.0,1985
2021-01-01,78,Appartement,3947.0,218500.0,2245
2021-04-01,78,Appartement,3900.0,220000.0,2810
2021-07-01,78,Appartement,4042.0,233000.0,3293
2021-10-01,78,Appartement,3965.0,220700.0,2518
2022-01-01,78,Appartement,4140.0,225000.0,2531
2022-04-01,78,Appartement,4130.0,231500.0,2827
2022-07-01,78,Appartement,4195.0,238000.0,2979
2022-10-01,78,Appartement,4175.0,230000.0,2185
2023-01-01,78,Appartement,4219.0,228250.0,2076
2023-04-01,78,Appartement,4028.0,218500.0,2128
2023-07-01,78,Appartement,4075.0,230000.0,2140
2023-10-01,78,Appartement,3928.0,211000.0,1595
2024-01-01,78,Appartement,3809.0,206000.0,1442
2024-04-01,78,Appartement,3889.0,212000.0,1723
2024-07-01,78,Appartement,3924.0,223000.0,1950
2024-10-01,78,Appartement,3906.0,212346.0,1713
2025-01-01,78,Appartement,3874.0,219000.0,1816
2025-04-01,78,Appartement,3905.0,220000.0,2031
2025-07-01,78,Appartement,4023.0,225000.0,2183
2025-10-01,78,Appartement,3961.0,214640.0,1990
2021-01-01,78,Ensemble,3886.0,275000.0,3852
2021-04-01,78,Ensemble,3886.0,277000.0,4760
2021-07-01,78,Ensemble,4034.0,308570.0,6107
2021-10-01,78,Ensemble,3977.0,279440.0,4312
2022-01-01,78,Ensemble,4074.0,280000.0,4125
2022-04-01,78,Ensemble,4130.0,288050.0,4659
2022-07-01,78,Ensemble,4200.0,314700.0,5489
2022-10-01,78,Ensemble,4182.0,291300.0,3629
2023-01-01,78,Ensemble,4180.0,281550.0,3341
2023-04-01,78,Ensemble,4016.0,275000.0,3498
2023-07-01,78,Ensemble,4048.0,295225.0,3754
2023-10-01,78,Ensemble,3909.0,257000.0,2668
2024-01-01,78,Ensemble,3818.0,256100.0,2305
2024-04-01,78,Ensemble,3860.0,269000.0,2801
2024-07-01,78,Ensemble,3888.0,289000.0,3428
2024-10-01,78,Ensemble,3863.0,267000.0,2918
2025-01-01,78,Ensemble,3802.0,268920.0,2954
2025-04-01,78,Ensemble,3843.0,271500.0,3397
2025-07-01,78,Ensemble,3961.0,296050.0,4035
2025-10-01,78,Ensemble,3841.0,269115.0,3412
2021-01-01,78,Maison,3812.0,365350.0,1607
2021-04-01,78,Maison,3849.0,379700.0,1950
2021-07-01,78,Maison,4023.0,400990.0,2814
2021-10-01,78,Maison,4000.0,388425.0,1794
2022-01-01,78,Maison,3977.0,389595.0,1594
2022-04-01,78,Maison,4132.0,400000.0,1832
2022-07-01,78,Maison,4200.0,414000.0,2510
2022-10-01,78,Maison,4204.0,410000.0,1444
2023-01-01,78,Maison,4116.0,378000.0,1265
2023-04-01,78,Maison,3990.0,373800.0,1370
2023-07-01,78,Maison,4011.0,392160.0,1614
2023-10-01,78,Maison,3889.0,360000.0,1073
2024-01-01,78,Maison,3824.0,362000.0,863
2024-04-01,78,Maison,3795.0,364038.0,1078
2024-07-01,78,Maison,3843.0,372300.0,1478
2024-10-01,78,Maison,3800.0,351200.0,1205
2025-01-01,78,Maison,3719.0,364400.0,1138
2025-04-01,78,Maison,3780.0,360000.0,1366
2025-07-01,78,Maison,3899.0,380000.0,1852
2025-10-01,78,Maison,3690.0,350000.0,1422
2021-01-01,79,Appartement,1345.0,79500.0,125
2021-04-01,79,Appartement,1567.0,77000.0,151
2021-07-01,79,Appartement,1542.0,75000.0,137
2021-10-01,79,Appartement,1558.0,79900.0,143
2022-01-01,79,Appartement,1771.0,80000.0,128
2022-04-01,79,Appartement,1675.0,84000.0,139
2022-07-01,79,Appartement,1804.0,84250.0,128
2022-10-01,79,Appartement,1783.0,90000.0,146
2023-01-01,79,Appartement,1893.0,95000.0,99
2023-04-01,79,Appartement,1881.0,88000.0,138
2023-07-01,79,Appartement,1885.0,96000.0,108
2023-10-01,79,Appartement,1846.0,82825.0,90
2024-01-01,79,Appartement,1847.0,79500.0,86
2024-04-01,79,Appartement,1885.0,86700.0,96
2024-07-01,79,Appartement,1777.0,84000.0,117
2024-10-01,79,Appartement,1692.0,76950.0,120
2025-01-01,79,Appartement,1716.0,82900.0,93
2025-04-01,79,Appartement,1866.0,90000.0,128
2025-07-01,79,Appartement,1932.0,86760.0,112
2025-10-01,79,Appartement,1618.0,73000.0,120
2021-01-01,79,Ensemble,1165.0,101000.0,1291
2021-04-01,79,Ensemble,1178.0,107000.0,1626
2021-07-01,79,Ensemble,1227.0,116950.0,1797
2021-10-01,79,Ensemble,1253.0,110000.0,1539
2022-01-01,79,Ensemble,1288.0,113462.0,1327
2022-04-01,79,Ensemble,1354.0,117500.0,1409
2022-07-01,79,Ensemble,1423.0,125500.0,1586
2022-10-01,79,Ensemble,1375.0,120000.0,1398
2023-01-01,79,Ensemble,1398.0,124000.0,1097
2023-04-01,79,Ensemble,1409.0,120000.0,1214
2023-07-01,79,Ensemble,1406.0,126750.0,1170
2023-10-01,79,Ensemble,1323.0,117475.0,1126
2024-01-01,79,Ensemble,1381.0,115000.0,850
2024-04-01,79,Ensemble,1349.0,118610.0,921
2024-07-01,79,Ensemble,1435.0,125000.0,1152
2024-10-01,79,Ensemble,1333.0,117000.0,1199
2025-01-01,79,Ensemble,1420.0,125349.0,959
2025-04-01,79,Ensemble,1401.0,124000.0,1104
2025-07-01,79,Ensemble,1440.0,132750.0,1192
2025-10-01,79,Ensemble,1321.0,120000.0,1239
2021-01-01,79,Maison,1148.0,109950.0,1166
2021-04-01,79,Maison,1136.0,110000.0,1475
2021-07-01,79,Maison,1200.0,120000.0,1660
2021-10-01,79,Maison,1228.0,115000.0,1396
2022-01-01,79,Maison,1237.0,120000.0,1199
2022-04-01,79,Maison,1310.0,120000.0,1270
2022-07-01,79,Maison,1366.0,130000.0,1458
2022-10-01,79,Maison,1333.0,125000.0,1252
2023-01-01,79,Maison,1352.0,127500.0,998
2023-04-01,79,Maison,1343.0,126775.0,1076
2023-07-01,79,Maison,1354.0,132000.0,1062
2023-10-01,79,Maison,1291.0,120000.0,1036
2024-01-01,79,Maison,1349.0,120000.0,764
2024-04-01,79,Maison,1295.0,120000.0,825
2024-07-01,79,Maison,1390.0,130000.0,1035
2024-10-01,79,Maison,1314.0,122500.0,1079
2025-01-01,79,Maison,1398.0,133725.0,866
2025-04-01,79,Maison,1348.0,130000.0,976
2025-07-01,79,Maison,1397.0,137000.0,1080
2025-10-01,79,Maison,1292.0,126670.0,1119
2021-01-01,80,Appartement,2149.0,100000.0,300
2021-04-01,80,Appartement,2148.0,96500.0,352
2021-07-01,80,Appartement,2215.0,100000.0,442
2021-10-01,80,Appartement,2267.0,105000.0,357
2022-01-01,80,Appartement,2267.0,110000.0,383
2022-04-01,80,Appartement,2283.0,108975.0,430
2022-07-01,80,Appartement,2480.0,113000.0,427
2022-10-01,80,Appartement,2500.0,110000.0,378
2023-01-01,80,Appartement,2391.0,116450.0,263
2023-04-01,80,Appartement,2434.0,114000.0,317
2023-07-01,80,Appartement,2500.0,112000.0,329
2023-10-01,80,Appartement,2409.0,115000.0,289
2024-01-01,80,Appartement,2333.0,108300.0,233
2024-04-01,80,Appartement,2538.0,115000.0,248
2024-07-01,80,Appartement,2556.0,108000.0,315
2024-10-01,80,Appartement,2392.0,115000.0,299
2025-01-01,80,Appartement,2448.0,110875.0,228
2025-04-01,80,Appartement,2441.0,113525.0,294
2025-07-01,80,Appartement,2507.0,112000.0,329
2025-10-01,80,Appartement,2500.0,108250.0,296
2021-01-01,80,Ensemble,1667.0,124000.0,1547
2021-04-01,80,Ensemble,1647.0,125000.0,1895
2021-07-01,80,Ensemble,1674.0,130000.0,2231
2021-10-01,80,Ensemble,1667.0,125000.0,1931
2022-01-01,80,Ensemble,1733.0,125000.0,1729
2022-04-01,80,Ensemble,1747.0,128000.0,1883
2022-07-01,80,Ensemble,1905.0,140490.0,1962
2022-10-01,80,Ensemble,1882.0,135000.0,1712
2023-01-01,80,Ensemble,1819.0,135000.0,1394
2023-04-01,80,Ensemble,1880.0,130000.0,1384
2023-07-01,80,Ensemble,1858.0,137300.0,1456
2023-10-01,80,Ensemble,1800.0,130000.0,1382
2024-01-01,80,Ensemble,1776.0,124250.0,1106
2024-04-01,80,Ensemble,1731.0,127000.0,1214
2024-07-01,80,Ensemble,1822.0,132815.0,1568
2024-10-01,80,Ensemble,1755.0,133600.0,1528
2025-01-01,80,Ensemble,1791.0,135595.0,1270
2025-04-01,80,Ensemble,1715.0,130000.0,1452
2025-07-01,80,Ensemble,1771.0,135644.0,1716
2025-10-01,80,Ensemble,1815.0,133000.0,1568
2021-01-01,80,Maison,1542.0,130000.0,1247
2021-04-01,80,Maison,1562.0,130000.0,1543
2021-07-01,80,Maison,1578.0,136750.0,1789
2021-10-01,80,Maison,1567.0,131000.0,1574
2022-01-01,80,Maison,1617.0,131700.0,1346
2022-04-01,80,Maison,1627.0,137000.0,1453
2022-07-01,80,Maison,1767.0,150000.0,1535
2022-10-01,80,Maison,1729.0,145000.0,1334
2023-01-01,80,Maison,1682.0,142000.0,1131
2023-04-01,80,Maison,1708.0,137000.0,1067
2023-07-01,80,Maison,1718.0,148600.0,1127
2023-10-01,80,Maison,1676.0,135000.0,1093
2024-01-01,80,Maison,1625.0,130000.0,873
2024-04-01,80,Maison,1592.0,131325.0,966
2024-07-01,80,Maison,1667.0,138000.0,1253
2024-10-01,80,Maison,1625.0,140000.0,1229
2025-01-01,80,Maison,1651.0,140000.0,1042
2025-04-01,80,Maison,1600.0,138250.0,1158
2025-07-01,80,Maison,1654.0,145000.0,1387
2025-10-01,80,Maison,1667.0,140000.0,1272
2021-01-01,81,Appartement,1577.0,82980.0,173
2021-04-01,81,Appartement,1736.0,86100.0,230
2021-07-01,81,Appartement,1791.0,90688.0,214
2021-10-01,81,Appartement,1780.0,88900.0,215
2022-01-01,81,Appartement,1922.0,99000.0,194
2022-04-01,81,Appartement,1766.0,90100.0,190
2022-07-01,81,Appartement,1853.0,97750.0,228
2022-10-01,81,Appartement,1979.0,104000.0,225
2023-01-01,81,Appartement,2013.0,103400.0,177
2023-04-01,81,Appartement,1922.0,96750.0,180
2023-07-01,81,Appartement,1925.0,93000.0,173
2023-10-01,81,Appartement,1890.0,90100.0,156
2024-01-01,81,Appartement,1898.0,94240.0,141
2024-04-01,81,Appartement,1868.0,106000.0,155
2024-07-01,81,Appartement,1876.0,92550.0,166
2024-10-01,81,Appartement,2000.0,96000.0,159
2025-01-01,81,Appartement,1922.0,92600.0,176
2025-04-01,81,Appartement,1957.0,97000.0,171
2025-07-01,81,Appartement,1941.0,88565.0,202
2025-10-01,81,Appartement,2133.0,96750.0,87
2021-01-01,81,Ensemble,1426.0,123000.0,1021
2021-04-01,81,Ensemble,1486.0,125000.0,1244
2021-07-01,81,Ensemble,1627.0,143000.0,1391
2021-10-01,81,Ensemble,1548.0,130000.0,1225
2022-01-01,81,Ensemble,1594.0,134000.0,1056
2022-04-01,81,Ensemble,1602.0,139000.0,1135
2022-07-01,81,Ensemble,1693.0,148000.0,1285
2022-10-01,81,Ensemble,1666.0,135000.0,1137
2023-01-01,81,Ensemble,1650.0,141990.0,977
2023-04-01,81,Ensemble,1635.0,130000.0,913
2023-07-01,81,Ensemble,1713.0,142450.0,1004
2023-10-01,81,Ensemble,1598.0,134320.0,913
2024-01-01,81,Ensemble,1526.0,127645.0,742
2024-04-01,81,Ensemble,1571.0,130000.0,835
2024-07-01,81,Ensemble,1680.0,135900.0,959
2024-10-01,81,Ensemble,1629.0,136350.0,934
2025-01-01,81,Ensemble,1671.0,135000.0,890
2025-04-01,81,Ensemble,1617.0,135000.0,786
2025-07-01,81,Ensemble,1670.0,136000.0,1044
2025-10-01,81,Ensemble,1713.0,130000.0,440
2021-01-01,81,Maison,1398.0,130400.0,848
2021-04-01,81,Maison,1426.0,140000.0,1014
2021-07-01,81,Maison,1568.0,155000.0,1177
2021-10-01,81,Maison,1489.0,140000.0,1010
2022-01-01,81,Maison,1494.0,145000.0,862
2022-04-01,81,Maison,1543.0,150000.0,945
2022-07-01,81,Maison,1647.0,163000.0,1057
2022-10-01,81,Maison,1566.0,146549.0,912
2023-01-01,81,Maison,1595.0,155000.0,800
2023-04-01,81,Maison,1550.0,144700.0,733
2023-07-01,81,Maison,1652.0,159000.0,831
2023-10-01,81,Maison,1518.0,144800.0,757
2024-01-01,81,Maison,1462.0,138000.0,601
2024-04-01,81,Maison,1486.0,140000.0,680
2024-07-01,81,Maison,1622.0,151680.0,793
2024-10-01,81,Maison,1552.0,145000.0,775
2025-01-01,81,Maison,1564.0,149750.0,714
2025-04-01,81,Maison,1524.0,148402.0,615
2025-07-01,81,Maison,1574.0,151750.0,842
2025-10-01,81,Maison,1612.0,144000.0,353
2021-01-01,82,Appartement,1496.0,80000.0,184
2021-04-01,82,Appartement,1571.0,82000.0,209
2021-07-01,82,Appartement,1599.0,92000.0,208
2021-10-01,82,Appartement,1618.0,91000.0,203
2022-01-01,82,Appartement,1650.0,93000.0,176
2022-04-01,82,Appartement,1750.0,98360.0,181
2022-07-01,82,Appartement,1823.0,95100.0,188
2022-10-01,82,Appartement,1860.0,105000.0,189
2023-01-01,82,Appartement,1838.0,97000.0,142
2023-04-01,82,Appartement,1915.0,99125.0,166
2023-07-01,82,Appartement,1794.0,102750.0,130
2023-10-01,82,Appartement,1837.0,102000.0,133
2024-01-01,82,Appartement,1780.0,99995.0,126
2024-04-01,82,Appartement,1792.0,90000.0,123
2024-07-01,82,Appartement,1813.0,95750.0,146
2024-10-01,82,Appartement,1818.0,103000.0,142
2025-01-01,82,Appartement,1804.0,104000.0,142
2025-04-01,82,Appartement,1836.0,98250.0,158
2025-07-01,82,Appartement,1918.0,108000.0,165
2025-10-01,82,Appartement,1877.0,105000.0,169
2021-01-01,82,Ensemble,1512.0,121095.0,664
2021-04-01,82,Ensemble,1636.0,135000.0,867
2021-07-01,82,Ensemble,1667.0,150000.0,972
2021-10-01,82,Ensemble,1649.0,141000.0,813
2022-01-01,82,Ensemble,1680.0,142056.0,733
2022-04-01,82,Ensemble,1779.0,153000.0,797
2022-07-01,82,Ensemble,1878.0,165000.0,854
2022-10-01,82,Ensemble,1823.0,148300.0,779
2023-01-01,82,Ensemble,1822.0,153500.0,658
2023-04-01,82,Ensemble,1829.0,140000.0,651
2023-07-01,82,Ensemble,1867.0,155075.0,658
2023-10-01,82,Ensemble,1767.0,145000.0,561
2024-01-01,82,Ensemble,1713.0,137500.0,451
2024-04-01,82,Ensemble,1700.0,138780.0,529
2024-07-01,82,Ensemble,1782.0,153000.0,607
2024-10-01,82,Ensemble,1830.0,152000.0,605
2025-01-01,82,Ensemble,1720.0,140000.0,582
2025-04-01,82,Ensemble,1792.0,147366.0,608
2025-07-01,82,Ensemble,1786.0,158000.0,718
2025-10-01,82,Ensemble,1844.0,151000.0,702
2021-01-01,82,Maison,1517.0,145000.0,480
2021-04-01,82,Maison,1665.0,159950.0,658
2021-07-01,82,Maison,1729.0,168325.0,764
2021-10-01,82,Maison,1655.0,165000.0,610
2022-01-01,82,Maison,1684.0,168364.0,557
2022-04-01,82,Maison,1786.0,175000.0,616
2022-07-01,82,Maison,1891.0,187717.0,666
2022-10-01,82,Maison,1806.0,171000.0,590
2023-01-01,82,Maison,1818.0,175000.0,516
2023-04-01,82,Maison,1800.0,170000.0,485
2023-07-01,82,Maison,1875.0,175000.0,528
2023-10-01,82,Maison,1727.0,162750.0,428
2024-01-01,82,Maison,1655.0,160000.0,325
2024-04-01,82,Maison,1666.0,164615.0,406
2024-07-01,82,Maison,1776.0,170000.0,461
2024-10-01,82,Maison,1830.0,171000.0,463
2025-01-01,82,Maison,1686.0,158885.0,440
2025-04-01,82,Maison,1755.0,170000.0,450
2025-07-01,82,Maison,1762.0,174000.0,553
2025-10-01,82,Maison,1816.0,173700.0,533
2021-01-01,83,Appartement,3330.0,150250.0,3324
2021-04-01,83,Appartement,3371.0,155500.0,4366
2021-07-01,83,Appartement,3438.0,165000.0,4301
2021-10-01,83,Appartement,3642.0,165000.0,3770
2022-01-01,83,Appartement,3600.0,165000.0,4092
2022-04-01,83,Appartement,3623.0,169800.0,4441
2022-07-01,83,Appartement,3617.0,174528.0,4097
2022-10-01,83,Appartement,3803.0,171700.0,3539
2023-01-01,83,Appartement,3794.0,175000.0,3369
2023-04-01,83,Appartement,3815.0,178625.0,3458
2023-07-01,83,Appartement,3841.0,179442.0,3096
2023-10-01,83,Appartement,3874.0,175000.0,2851
2024-01-01,83,Appartement,3694.0,170000.0,2451
2024-04-01,83,Appartement,3834.0,179229.0,2892
2024-07-01,83,Appartement,3779.0,177375.0,2956
2024-10-01,83,Appartement,3747.0,177000.0,2865
2025-01-01,83,Appartement,3818.0,178000.0,2913
2025-04-01,83,Appartement,3740.0,179420.0,3457
2025-07-01,83,Appartement,3749.0,180000.0,3292
2025-10-01,83,Appartement,3825.0,180000.0,3289
2021-01-01,83,Ensemble,3417.0,180450.0,4904
2021-04-01,83,Ensemble,3489.0,188000.0,6298
2021-07-01,83,Ensemble,3578.0,204745.0,6457
2021-10-01,83,Ensemble,3721.0,200000.0,5592
2022-01-01,83,Ensemble,3715.0,199675.0,5892
2022-04-01,83,Ensemble,3761.0,204000.0,6252
2022-07-01,83,Ensemble,3773.0,212000.0,5968
2022-10-01,83,Ensemble,3953.0,210000.0,5126
2023-01-01,83,Ensemble,3873.0,205000.0,4677
2023-04-01,83,Ensemble,3936.0,210000.0,4842
2023-07-01,83,Ensemble,4000.0,214400.0,4395
2023-10-01,83,Ensemble,4000.0,211000.0,4061
2024-01-01,83,Ensemble,3864.0,200000.0,3440
2024-04-01,83,Ensemble,3940.0,210950.0,4104
2024-07-01,83,Ensemble,3896.0,216020.0,4306
2024-10-01,83,Ensemble,3870.0,210000.0,4155
2025-01-01,83,Ensemble,3933.0,215000.0,4213
2025-04-01,83,Ensemble,3844.0,215000.0,4870
2025-07-01,83,Ensemble,3923.0,222000.0,4877
2025-10-01,83,Ensemble,3990.0,217370.0,4739
2021-01-01,83,Maison,3572.0,300000.0,1580
2021-04-01,83,Maison,3700.0,321000.0,1932
2021-07-01,83,Maison,3827.0,340010.0,2156
2021-10-01,83,Maison,3892.0,335000.0,1822
2022-01-01,83,Maison,3956.0,350000.0,1800
2022-04-01,83,Maison,4041.0,360000.0,1811
2022-07-01,83,Maison,4000.0,353300.0,1871
2022-10-01,83,Maison,4241.0,360000.0,1587
2023-01-01,83,Maison,4112.0,349000.0,1308
2023-04-01,83,Maison,4174.0,350000.0,1384
2023-07-01,83,Maison,4286.0,370000.0,1299
2023-10-01,83,Maison,4299.0,355685.0,1210
2024-01-01,83,Maison,4164.0,352500.0,989
2024-04-01,83,Maison,4172.0,346732.0,1212
2024-07-01,83,Maison,4097.0,345068.0,1350
2024-10-01,83,Maison,4056.0,348000.0,1290
2025-01-01,83,Maison,4137.0,357700.0,1300
2025-04-01,83,Maison,4080.0,365000.0,1413
2025-07-01,83,Maison,4153.0,360000.0,1585
2025-10-01,83,Maison,4261.0,365000.0,1450
2021-01-01,84,Appartement,2027.0,108000.0,678
2021-04-01,84,Appartement,2024.0,107000.0,768
2021-07-01,84,Appartement,2056.0,107250.0,812
2021-10-01,84,Appartement,2058.0,110000.0,687
2022-01-01,84,Appartement,2110.0,110000.0,739
2022-04-01,84,Appartement,2143.0,115000.0,776
2022-07-01,84,Appartement,2221.0,115500.0,763
2022-10-01,84,Appartement,2256.0,119000.0,715
2023-01-01,84,Appartement,2326.0,117600.0,650
2023-04-01,84,Appartement,2303.0,112250.0,680
2023-07-01,84,Appartement,2315.0,113890.0,657
2023-10-01,84,Appartement,2280.0,115700.0,589
2024-01-01,84,Appartement,2197.0,111875.0,528
2024-04-01,84,Appartement,2150.0,109126.0,558
2024-07-01,84,Appartement,2293.0,115000.0,561
2024-10-01,84,Appartement,2195.0,115000.0,579
2025-01-01,84,Appartement,2183.0,111000.0,601
2025-04-01,84,Appartement,2232.0,111119.0,648
2025-07-01,84,Appartement,2273.0,119000.0,637
2025-10-01,84,Appartement,2270.0,112050.0,657
2021-01-01,84,Ensemble,2364.0,177050.0,1760
2021-04-01,84,Ensemble,2361.0,180150.0,2004
2021-07-01,84,Ensemble,2454.0,193092.0,2286
2021-10-01,84,Ensemble,2458.0,192000.0,1939
2022-01-01,84,Ensemble,2471.0,189000.0,1854
2022-04-01,84,Ensemble,2500.0,192000.0,2016
2022-07-01,84,Ensemble,2679.0,200350.0,2120
2022-10-01,84,Ensemble,2639.0,190000.0,1772
2023-01-01,84,Ensemble,2652.0,185514.0,1593
2023-04-01,84,Ensemble,2649.0,177432.0,1530
2023-07-01,84,Ensemble,2642.0,192775.0,1578
2023-10-01,84,Ensemble,2645.0,185000.0,1434
2024-01-01,84,Ensemble,2521.0,173005.0,1210
2024-04-01,84,Ensemble,2458.0,173000.0,1350
2024-07-01,84,Ensemble,2588.0,200000.0,1521
2024-10-01,84,Ensemble,2531.0,189000.0,1498
2025-01-01,84,Ensemble,2521.0,185000.0,1404
2025-04-01,84,Ensemble,2547.0,185000.0,1590
2025-07-01,84,Ensemble,2645.0,198450.0,1624
2025-10-01,84,Ensemble,2641.0,195000.0,1683
2021-01-01,84,Maison,2570.0,230000.0,1082
2021-04-01,84,Maison,2514.0,231500.0,1236
2021-07-01,84,Maison,2683.0,245080.0,1474
2021-10-01,84,Maison,2727.0,246588.0,1252
2022-01-01,84,Maison,2732.0,247530.0,1115
2022-04-01,84,Maison,2727.0,250000.0,1240
2022-07-01,84,Maison,2898.0,252500.0,1357
2022-10-01,84,Maison,2937.0,264000.0,1057
2023-01-01,84,Maison,2909.0,260000.0,943
2023-04-01,84,Maison,2936.0,254750.0,850
2023-07-01,84,Maison,2865.0,262500.0,921
2023-10-01,84,Maison,2830.0,250000.0,845
2024-01-01,84,Maison,2737.0,241810.0,682
2024-04-01,84,Maison,2666.0,240000.0,792
2024-07-01,84,Maison,2781.0,252650.0,960
2024-10-01,84,Maison,2727.0,250000.0,919
2025-01-01,84,Maison,2808.0,248000.0,803
2025-04-01,84,Maison,2736.0,246500.0,942
2025-07-01,84,Maison,2828.0,255000.0,987
2025-10-01,84,Maison,2882.0,264465.0,1026
2021-01-01,85,Appartement,2712.0,108570.0,569
2021-04-01,85,Appartement,2884.0,115000.0,750
2021-07-01,85,Appartement,2895.0,120370.0,679
2021-10-01,85,Appartement,3068.0,124500.0,670
2022-01-01,85,Appartement,3068.0,125000.0,600
2022-04-01,85,Appartement,3249.0,130050.0,628
2022-07-01,85,Appartement,3222.0,137290.0,537
2022-10-01,85,Appartement,3343.0,134000.0,527
2023-01-01,85,Appartement,3356.0,139000.0,493
2023-04-01,85,Appartement,3478.0,138500.0,513
2023-07-01,85,Appartement,3229.0,129750.0,446
2023-10-01,85,Appartement,3309.0,129450.0,418
2024-01-01,85,Appartement,3114.0,129250.0,354
2024-04-01,85,Appartement,3402.0,130000.0,406
2024-07-01,85,Appartement,3232.0,130000.0,417
2024-10-01,85,Appartement,3243.0,134100.0,455
2025-01-01,85,Appartement,3257.0,135000.0,393
2025-04-01,85,Appartement,3178.0,133500.0,446
2025-07-01,85,Appartement,3290.0,135000.0,508
2025-10-01,85,Appartement,3314.0,133750.0,530
2021-01-01,85,Ensemble,2150.0,160000.0,2741
2021-04-01,85,Ensemble,2281.0,170000.0,3446
2021-07-01,85,Ensemble,2320.0,180000.0,3666
2021-10-01,85,Ensemble,2462.0,180000.0,3230
2022-01-01,85,Ensemble,2473.0,180000.0,2802
2022-04-01,85,Ensemble,2545.0,190000.0,3088
2022-07-01,85,Ensemble,2586.0,204050.0,3055
2022-10-01,85,Ensemble,2619.0,194000.0,2729
2023-01-01,85,Ensemble,2604.0,188000.0,2315
2023-04-01,85,Ensemble,2648.0,198450.0,2426
2023-07-01,85,Ensemble,2588.0,191589.0,2441
2023-10-01,85,Ensemble,2609.0,190000.0,2210
2024-01-01,85,Ensemble,2527.0,187500.0,1903
2024-04-01,85,Ensemble,2499.0,190000.0,2116
2024-07-01,85,Ensemble,2500.0,190000.0,2402
2024-10-01,85,Ensemble,2559.0,190000.0,2516
2025-01-01,85,Ensemble,2473.0,190100.0,2149
2025-04-01,85,Ensemble,2500.0,189750.0,2370
2025-07-01,85,Ensemble,2532.0,195000.0,2786
2025-10-01,85,Ensemble,2551.0,188000.0,2695
2021-01-01,85,Maison,2043.0,175000.0,2172
2021-04-01,85,Maison,2147.0,186400.0,2696
2021-07-01,85,Maison,2220.0,198000.0,2987
2021-10-01,85,Maison,2333.0,199000.0,2560
2022-01-01,85,Maison,2328.0,199900.0,2202
2022-04-01,85,Maison,2374.0,205000.0,2460
2022-07-01,85,Maison,2466.0,219000.0,2518
2022-10-01,85,Maison,2473.0,210000.0,2202
2023-01-01,85,Maison,2447.0,206400.0,1822
2023-04-01,85,Maison,2481.0,215000.0,1913
2023-07-01,85,Maison,2460.0,210000.0,1995
2023-10-01,85,Maison,2437.0,205000.0,1792
2024-01-01,85,Maison,2425.0,201300.0,1549
2024-04-01,85,Maison,2339.0,200090.0,1710
2024-07-01,85,Maison,2391.0,203000.0,1985
2024-10-01,85,Maison,2429.0,205000.0,2061
2025-01-01,85,Maison,2365.0,205000.0,1756
2025-04-01,85,Maison,2363.0,203000.0,1924
2025-07-01,85,Maison,2420.0,208450.0,2278
2025-10-01,85,Maison,2408.0,200000.0,2165
2021-01-01,86,Appartement,1816.0,81200.0,260
2021-04-01,86,Appartement,1942.0,84500.0,349
2021-07-01,86,Appartement,2062.0,85000.0,374
2021-10-01,86,Appartement,1984.0,84000.0,336
2022-01-01,86,Appartement,1969.0,92000.0,305
2022-04-01,86,Appartement,2000.0,92000.0,336
2022-07-01,86,Appartement,2167.0,97000.0,371
2022-10-01,86,Appartement,2197.0,90000.0,319
2023-01-01,86,Appartement,2034.0,91830.0,256
2023-04-01,86,Appartement,2093.0,94750.0,272
2023-07-01,86,Appartement,2168.0,89300.0,276
2023-10-01,86,Appartement,2021.0,90000.0,239
2024-01-01,86,Appartement,2088.0,92546.0,184
2024-04-01,86,Appartement,1944.0,85000.0,234
2024-07-01,86,Appartement,2069.0,92000.0,271
2024-10-01,86,Appartement,2183.0,88700.0,280
2025-01-01,86,Appartement,2105.0,89750.0,214
2025-04-01,86,Appartement,1967.0,82000.0,272
2025-07-01,86,Appartement,2157.0,88500.0,314
2025-10-01,86,Appartement,2133.0,86000.0,269
2021-01-01,86,Ensemble,1436.0,103000.0,1188
2021-04-01,86,Ensemble,1437.0,111000.0,1629
2021-07-01,86,Ensemble,1497.0,115000.0,1719
2021-10-01,86,Ensemble,1429.0,110000.0,1559
2022-01-01,86,Ensemble,1451.0,115000.0,1348
2022-04-01,86,Ensemble,1492.0,115150.0,1476
2022-07-01,86,Ensemble,1645.0,125000.0,1625
2022-10-01,86,Ensemble,1583.0,119000.0,1419
2023-01-01,86,Ensemble,1556.0,113000.0,1105
2023-04-01,86,Ensemble,1591.0,117000.0,1187
2023-07-01,86,Ensemble,1663.0,122000.0,1255
2023-10-01,86,Ensemble,1517.0,112500.0,1110
2024-01-01,86,Ensemble,1451.0,105750.0,916
2024-04-01,86,Ensemble,1571.0,110000.0,985
2024-07-01,86,Ensemble,1623.0,121000.0,1269
2024-10-01,86,Ensemble,1575.0,115500.0,1236
2025-01-01,86,Ensemble,1525.0,115000.0,941
2025-04-01,86,Ensemble,1559.0,117000.0,1151
2025-07-01,86,Ensemble,1667.0,120000.0,1329
2025-10-01,86,Ensemble,1610.0,120000.0,1157
2021-01-01,86,Maison,1280.0,115678.0,928
2021-04-01,86,Maison,1298.0,121000.0,1280
2021-07-01,86,Maison,1341.0,127000.0,1345
2021-10-01,86,Maison,1269.0,123000.0,1223
2022-01-01,86,Maison,1302.0,125000.0,1043
2022-04-01,86,Maison,1316.0,125000.0,1140
2022-07-01,86,Maison,1500.0,140000.0,1254
2022-10-01,86,Maison,1413.0,133000.0,1100
2023-01-01,86,Maison,1407.0,127000.0,849
2023-04-01,86,Maison,1412.0,130000.0,915
2023-07-01,86,Maison,1534.0,138000.0,979
2023-10-01,86,Maison,1356.0,120000.0,871
2024-01-01,86,Maison,1263.0,118000.0,732
2024-04-01,86,Maison,1417.0,122000.0,751
2024-07-01,86,Maison,1433.0,134625.0,998
2024-10-01,86,Maison,1425.0,130000.0,956
2025-01-01,86,Maison,1382.0,125000.0,727
2025-04-01,86,Maison,1432.0,130000.0,879
2025-07-01,86,Maison,1474.0,140000.0,1015
2025-10-01,86,Maison,1458.0,133500.0,888
2021-01-01,87,Appartement,1418.0,76500.0,388
2021-04-01,87,Appartement,1519.0,82225.0,432
2021-07-01,87,Appartement,1597.0,81000.0,455
2021-10-01,87,Appartement,1580.0,78375.0,434
2022-01-01,87,Appartement,1606.0,82000.0,409
2022-04-01,87,Appartement,1666.0,80000.0,423
2022-07-01,87,Appartement,1708.0,84850.0,436
2022-10-01,87,Appartement,1667.0,89500.0,395
2023-01-01,87,Appartement,1692.0,85400.0,346
2023-04-01,87,Appartement,1641.0,88000.0,396
2023-07-01,87,Appartement,1674.0,78550.0,378
2023-10-01,87,Appartement,1557.0,81000.0,319
2024-01-01,87,Appartement,1569.0,80250.0,270
2024-04-01,87,Appartement,1500.0,75250.0,320
2024-07-01,87,Appartement,1462.0,76700.0,293
2024-10-01,87,Appartement,1478.0,65000.0,385
2025-01-01,87,Appartement,1490.0,77400.0,307
2025-04-01,87,Appartement,1538.0,79000.0,392
2025-07-01,87,Appartement,1497.0,73000.0,375
2025-10-01,87,Appartement,1502.0,75100.0,366
2021-01-01,87,Ensemble,1338.0,89970.0,1099
2021-04-01,87,Ensemble,1394.0,97900.0,1285
2021-07-01,87,Ensemble,1451.0,103000.0,1424
2021-10-01,87,Ensemble,1395.0,96750.0,1314
2022-01-01,87,Ensemble,1459.0,100000.0,1234
2022-04-01,87,Ensemble,1491.0,100000.0,1302
2022-07-01,87,Ensemble,1596.0,114425.0,1352
2022-10-01,87,Ensemble,1505.0,104300.0,1175
2023-01-01,87,Ensemble,1500.0,100000.0,1003
2023-04-01,87,Ensemble,1514.0,102000.0,1049
2023-07-01,87,Ensemble,1519.0,105000.0,1085
2023-10-01,87,Ensemble,1364.0,92000.0,1007
2024-01-01,87,Ensemble,1403.0,97000.0,842
2024-04-01,87,Ensemble,1396.0,90000.0,887
2024-07-01,87,Ensemble,1431.0,102000.0,955
2024-10-01,87,Ensemble,1421.0,90000.0,1069
2025-01-01,87,Ensemble,1420.0,99625.0,902
2025-04-01,87,Ensemble,1427.0,95500.0,1077
2025-07-01,87,Ensemble,1469.0,103000.0,1120
2025-10-01,87,Ensemble,1441.0,100000.0,1079
2021-01-01,87,Maison,1253.0,108000.0,711
2021-04-01,87,Maison,1242.0,114200.0,853
2021-07-01,87,Maison,1324.0,121550.0,969
2021-10-01,87,Maison,1209.0,111975.0,880
2022-01-01,87,Maison,1318.0,113000.0,825
2022-04-01,87,Maison,1339.0,118000.0,879
2022-07-01,87,Maison,1504.0,136500.0,916
2022-10-01,87,Maison,1326.0,120000.0,780
2023-01-01,87,Maison,1359.0,116000.0,657
2023-04-01,87,Maison,1378.0,118750.0,653
2023-07-01,87,Maison,1406.0,120650.0,707
2023-10-01,87,Maison,1200.0,107750.0,688
2024-01-01,87,Maison,1219.0,110000.0,572
2024-04-01,87,Maison,1300.0,110000.0,567
2024-07-01,87,Maison,1408.0,122900.0,662
2024-10-01,87,Maison,1337.0,116365.0,684
2025-01-01,87,Maison,1354.0,120000.0,595
2025-04-01,87,Maison,1300.0,120000.0,685
2025-07-01,87,Maison,1427.0,126150.0,745
2025-10-01,87,Maison,1400.0,125000.0,713
2021-01-01,88,Appartement,1056.0,67000.0,305
2021-04-01,88,Appartement,1055.0,75000.0,405
2021-07-01,88,Appartement,1181.0,80000.0,389
2021-10-01,88,Appartement,1235.0,80000.0,427
2022-01-01,88,Appartement,1134.0,71250.0,340
2022-04-01,88,Appartement,1282.0,81450.0,384
2022-07-01,88,Appartement,1260.0,83500.0,369
2022-10-01,88,Appartement,1235.0,85500.0,360
2023-01-01,88,Appartement,1185.0,75000.0,327
2023-04-01,88,Appartement,1282.0,76575.0,312
2023-07-01,88,Appartement,1245.0,77715.0,302
2023-10-01,88,Appartement,1321.0,75500.0,326
2024-01-01,88,Appartement,1236.0,80000.0,229
2024-04-01,88,Appartement,1270.0,80075.0,266
2024-07-01,88,Appartement,1320.0,80250.0,290
2024-10-01,88,Appartement,1340.0,80000.0,291
2025-01-01,88,Appartement,1335.0,81925.0,274
2025-04-01,88,Appartement,1394.0,85750.0,294
2025-07-01,88,Appartement,1321.0,85500.0,292
2025-10-01,88,Appartement,1397.0,84700.0,303
2021-01-01,88,Ensemble,1065.0,90000.0,924
2021-04-01,88,Ensemble,1081.0,93600.0,1165
2021-07-01,88,Ensemble,1166.0,100000.0,1276
2021-10-01,88,Ensemble,1225.0,100000.0,1222
2022-01-01,88,Ensemble,1170.0,95000.0,1005
2022-04-01,88,Ensemble,1242.0,100000.0,1097
2022-07-01,88,Ensemble,1312.0,115000.0,1183
2022-10-01,88,Ensemble,1250.0,106000.0,1041
2023-01-01,88,Ensemble,1239.0,96500.0,853
2023-04-01,88,Ensemble,1282.0,102000.0,897
2023-07-01,88,Ensemble,1254.0,104000.0,970
2023-10-01,88,Ensemble,1222.0,95000.0,913
2024-01-01,88,Ensemble,1184.0,93000.0,704
2024-04-01,88,Ensemble,1297.0,106000.0,757
2024-07-01,88,Ensemble,1330.0,110000.0,923
2024-10-01,88,Ensemble,1299.0,109525.0,922
2025-01-01,88,Ensemble,1319.0,110000.0,870
2025-04-01,88,Ensemble,1354.0,106500.0,827
2025-07-01,88,Ensemble,1352.0,115000.0,973
2025-10-01,88,Ensemble,1333.0,115000.0,886
2021-01-01,88,Maison,1075.0,101800.0,619
2021-04-01,88,Maison,1090.0,110000.0,760
2021-07-01,88,Maison,1159.0,117400.0,887
2021-10-01,88,Maison,1217.0,115000.0,795
2022-01-01,88,Maison,1186.0,114000.0,665
2022-04-01,88,Maison,1218.0,119000.0,713
2022-07-01,88,Maison,1351.0,133700.0,814
2022-10-01,88,Maison,1257.0,120500.0,681
2023-01-01,88,Maison,1282.0,124750.0,526
2023-04-01,88,Maison,1288.0,125000.0,585
2023-07-01,88,Maison,1261.0,122750.0,668
2023-10-01,88,Maison,1148.0,111100.0,587
2024-01-01,88,Maison,1158.0,118200.0,475
2024-04-01,88,Maison,1315.0,125000.0,491
2024-07-01,88,Maison,1332.0,125000.0,633
2024-10-01,88,Maison,1250.0,123500.0,631
2025-01-01,88,Maison,1304.0,125060.0,596
2025-04-01,88,Maison,1316.0,124060.0,533
2025-07-01,88,Maison,1375.0,134700.0,681
2025-10-01,88,Maison,1308.0,130000.0,583
2021-01-01,89,Appartement,1312.0,65000.0,183
2021-04-01,89,Appartement,1387.0,76000.0,225
2021-07-01,89,Appartement,1369.0,74600.0,242
2021-10-01,89,Appartement,1431.0,74000.0,204
2022-01-01,89,Appartement,1379.0,74000.0,193
2022-04-01,89,Appartement,1531.0,80000.0,227
2022-07-01,89,Appartement,1429.0,78500.0,174
2022-10-01,89,Appartement,1492.0,75000.0,181
2023-01-01,89,Appartement,1513.0,79500.0,182
2023-04-01,89,Appartement,1480.0,78000.0,184
2023-07-01,89,Appartement,1663.0,78925.0,182
2023-10-01,89,Appartement,1459.0,72500.0,162
2024-01-01,89,Appartement,1522.0,84000.0,145
2024-04-01,89,Appartement,1600.0,77809.0,157
2024-07-01,89,Appartement,1508.0,77500.0,169
2024-10-01,89,Appartement,1490.0,79000.0,145
2025-01-01,89,Appartement,1403.0,74000.0,159
2025-04-01,89,Appartement,1437.0,80000.0,163
2025-07-01,89,Appartement,1503.0,71000.0,182
2025-10-01,89,Appartement,1510.0,77000.0,185
2021-01-01,89,Ensemble,1173.0,96000.0,1151
2021-04-01,89,Ensemble,1271.0,105000.0,1359
2021-07-01,89,Ensemble,1350.0,115800.0,1534
2021-10-01,89,Ensemble,1300.0,107500.0,1369
2022-01-01,89,Ensemble,1327.0,102000.0,1124
2022-04-01,89,Ensemble,1364.0,108000.0,1167
2022-07-01,89,Ensemble,1390.0,120000.0,1267
2022-10-01,89,Ensemble,1429.0,110000.0,1114
2023-01-01,89,Ensemble,1320.0,100000.0,957
2023-04-01,89,Ensemble,1375.0,107750.0,944
2023-07-01,89,Ensemble,1489.0,119000.0,1005
2023-10-01,89,Ensemble,1356.0,107000.0,955
2024-01-01,89,Ensemble,1401.0,108000.0,741
2024-04-01,89,Ensemble,1349.0,100000.0,814
2024-07-01,89,Ensemble,1333.0,110000.0,981
2024-10-01,89,Ensemble,1348.0,107050.0,952
2025-01-01,89,Ensemble,1355.0,105000.0,844
2025-04-01,89,Ensemble,1374.0,106500.0,862
2025-07-01,89,Ensemble,1375.0,109000.0,1059
2025-10-01,89,Ensemble,1402.0,112500.0,985
2021-01-01,89,Maison,1150.0,105240.0,968
2021-04-01,89,Maison,1251.0,117000.0,1134
2021-07-01,89,Maison,1345.0,125000.0,1292
2021-10-01,89,Maison,1286.0,115000.0,1165
2022-01-01,89,Maison,1300.0,113000.0,931
2022-04-01,89,Maison,1313.0,115000.0,940
2022-07-01,89,Maison,1380.0,125000.0,1093
2022-10-01,89,Maison,1417.0,120000.0,933
2023-01-01,89,Maison,1298.0,110000.0,775
2023-04-01,89,Maison,1334.0,118250.0,760
2023-07-01,89,Maison,1426.0,130000.0,823
2023-10-01,89,Maison,1324.0,120000.0,793
2024-01-01,89,Maison,1332.0,118000.0,596
2024-04-01,89,Maison,1280.0,110000.0,657
2024-07-01,89,Maison,1281.0,118700.0,812
2024-10-01,89,Maison,1317.0,118000.0,807
2025-01-01,89,Maison,1341.0,117000.0,685
2025-04-01,89,Maison,1350.0,117000.0,699
2025-07-01,89,Maison,1338.0,120000.0,877
2025-10-01,89,Maison,1391.0,120790.0,800
2021-01-01,90,Appartement,1155.0,70000.0,191
2021-04-01,90,Appartement,1271.0,81600.0,236
2021-07-01,90,Appartement,1250.0,86000.0,263
2021-10-01,90,Appartement,1265.0,82000.0,232
2022-01-01,90,Appartement,1400.0,84000.0,210
2022-04-01,90,Appartement,1280.0,87800.0,248
2022-07-01,90,Appartement,1385.0,88500.0,251
2022-10-01,90,Appartement,1294.0,79750.0,220
2023-01-01,90,Appartement,1275.0,80375.0,178
2023-04-01,90,Appartement,1303.0,78000.0,219
2023-07-01,90,Appartement,1295.0,76000.0,208
2023-10-01,90,Appartement,1150.0,68600.0,204
2024-01-01,90,Appartement,1273.0,80000.0,165
2024-04-01,90,Appartement,1278.0,70875.0,156
2024-07-01,90,Appartement,1250.0,72000.0,149
2024-10-01,90,Appartement,1291.0,75000.0,208
2025-01-01,90,Appartement,1289.0,81575.0,180
2025-04-01,90,Appartement,1225.0,77500.0,239
2025-07-01,90,Appartement,1295.0,81980.0,220
2025-10-01,90,Appartement,1261.0,79000.0,177
2021-01-01,90,Ensemble,1389.0,109900.0,361
2021-04-01,90,Ensemble,1419.0,112000.0,410
2021-07-01,90,Ensemble,1487.0,123700.0,465
2021-10-01,90,Ensemble,1456.0,115050.0,425
2022-01-01,90,Ensemble,1480.0,117000.0,362
2022-04-01,90,Ensemble,1498.0,126298.0,432
2022-07-01,90,Ensemble,1529.0,136675.0,463
2022-10-01,90,Ensemble,1468.0,120000.0,408
2023-01-01,90,Ensemble,1443.0,113800.0,307
2023-04-01,90,Ensemble,1444.0,110850.0,373
2023-07-01,90,Ensemble,1500.0,120000.0,375
2023-10-01,90,Ensemble,1333.0,100000.0,367
2024-01-01,90,Ensemble,1414.0,113000.0,287
2024-04-01,90,Ensemble,1453.0,114000.0,290
2024-07-01,90,Ensemble,1433.0,125380.0,303
2024-10-01,90,Ensemble,1406.0,106000.0,359
2025-01-01,90,Ensemble,1393.0,110000.0,321
2025-04-01,90,Ensemble,1393.0,106600.0,391
2025-07-01,90,Ensemble,1482.0,120000.0,408
2025-10-01,90,Ensemble,1442.0,125000.0,347
2021-01-01,90,Maison,1667.0,165000.0,170
2021-04-01,90,Maison,1665.0,164250.0,174
2021-07-01,90,Maison,1818.0,180650.0,202
2021-10-01,90,Maison,1731.0,172000.0,193
2022-01-01,90,Maison,1673.0,167500.0,152
2022-04-01,90,Maison,1816.0,181500.0,184
2022-07-01,90,Maison,1894.0,206000.0,212
2022-10-01,90,Maison,1851.0,182600.0,188
2023-01-01,90,Maison,1726.0,176000.0,129
2023-04-01,90,Maison,1690.0,170000.0,154
2023-07-01,90,Maison,1836.0,196000.0,167
2023-10-01,90,Maison,1650.0,158100.0,163
2024-01-01,90,Maison,1600.0,162000.0,122
2024-04-01,90,Maison,1680.0,160000.0,134
2024-07-01,90,Maison,1687.0,175000.0,154
2024-10-01,90,Maison,1599.0,154000.0,151
2025-01-01,90,Maison,1730.0,165000.0,141
2025-04-01,90,Maison,1627.0,175975.0,152
2025-07-01,90,Maison,1722.0,175825.0,188
2025-10-01,90,Maison,1595.0,174050.0,170
2021-01-01,91,Appartement,2909.0,159500.0,1779
2021-04-01,91,Appartement,2949.0,162600.0,2329
2021-07-01,91,Appartement,2978.0,169000.0,2562
2021-10-01,91,Appartement,3029.0,167500.0,2073
2022-01-01,91,Appartement,3103.0,169000.0,2071
2022-04-01,91,Appartement,3146.0,170000.0,2277
2022-07-01,91,Appartement,3219.0,174992.0,2428
2022-10-01,91,Appartement,3162.0,170000.0,1808
2023-01-01,91,Appartement,3125.0,168950.0,1662
2023-04-01,91,Appartement,3076.0,164900.0,1833
2023-07-01,91,Appartement,3059.0,167700.0,1655
2023-10-01,91,Appartement,3022.0,157000.0,1378
2024-01-01,91,Appartement,2932.0,155768.0,1270
2024-04-01,91,Appartement,2904.0,155000.0,1446
2024-07-01,91,Appartement,2934.0,160000.0,1540
2024-10-01,91,Appartement,2897.0,155000.0,1475
2025-01-01,91,Appartement,2893.0,158000.0,1511
2025-04-01,91,Appartement,2931.0,160000.0,1507
2025-07-01,91,Appartement,3012.0,164000.0,1676
2025-10-01,91,Appartement,2939.0,160000.0,1603
2021-01-01,91,Ensemble,3182.0,226000.0,3447
2021-04-01,91,Ensemble,3200.0,226000.0,4446
2021-07-01,91,Ensemble,3333.0,250000.0,5336
2021-10-01,91,Ensemble,3352.0,239000.0,4041
2022-01-01,91,Ensemble,3395.0,230000.0,3771
2022-04-01,91,Ensemble,3358.0,235000.0,4157
2022-07-01,91,Ensemble,3512.0,258650.0,4950
2022-10-01,91,Ensemble,3431.0,237036.0,3479
2023-01-01,91,Ensemble,3359.0,225000.0,2956
2023-04-01,91,Ensemble,3333.0,225000.0,3264
2023-07-01,91,Ensemble,3325.0,237010.0,3227
2023-10-01,91,Ensemble,3233.0,216796.0,2533
2024-01-01,91,Ensemble,3141.0,209000.0,2239
2024-04-01,91,Ensemble,3108.0,210750.0,2628
2024-07-01,91,Ensemble,3147.0,233150.0,3132
2024-10-01,91,Ensemble,3101.0,220000.0,2821
2025-01-01,91,Ensemble,3111.0,219000.0,2861
2025-04-01,91,Ensemble,3100.0,222000.0,2854
2025-07-01,91,Ensemble,3185.0,244000.0,3507
2025-10-01,91,Ensemble,3140.0,222000.0,3093
2021-01-01,91,Maison,3418.0,316750.0,1668
2021-04-01,91,Maison,3429.0,320000.0,2117
2021-07-01,91,Maison,3564.0,339000.0,2774
2021-10-01,91,Maison,3611.0,329350.0,1968
2022-01-01,91,Maison,3674.0,332000.0,1700
2022-04-01,91,Maison,3624.0,339000.0,1880
2022-07-01,91,Maison,3759.0,351024.0,2522
2022-10-01,91,Maison,3655.0,328500.0,1671
2023-01-01,91,Maison,3639.0,330000.0,1294
2023-04-01,91,Maison,3603.0,330000.0,1431
2023-07-01,91,Maison,3530.0,333100.0,1572
2023-10-01,91,Maison,3459.0,305000.0,1155
2024-01-01,91,Maison,3382.0,303000.0,969
2024-04-01,91,Maison,3314.0,302950.0,1182
2024-07-01,91,Maison,3330.0,310000.0,1592
2024-10-01,91,Maison,3274.0,296250.0,1346
2025-01-01,91,Maison,3333.0,307000.0,1350
2025-04-01,91,Maison,3274.0,310000.0,1347
2025-07-01,91,Maison,3330.0,317000.0,1831
2025-10-01,91,Maison,3296.0,304960.0,1490
2021-01-01,92,Appartement,6901.0,345400.0,3989
2021-04-01,92,Appartement,7051.0,357000.0,4777
2021-07-01,92,Appartement,7171.0,380000.0,5622
2021-10-01,92,Appartement,7083.0,355000.0,4259
2022-01-01,92,Appartement,7143.0,363500.0,4481
2022-04-01,92,Appartement,7143.0,360000.0,4961
2022-07-01,92,Appartement,7258.0,382400.0,5295
2022-10-01,92,Appartement,7037.0,353079.0,4098
2023-01-01,92,Appartement,7024.0,344074.0,3870
2023-04-01,92,Appartement,6833.0,338652.0,3882
2023-07-01,92,Appartement,6767.0,350000.0,3751
2023-10-01,92,Appartement,6546.0,320000.0,2986
2024-01-01,92,Appartement,6493.0,312100.0,2827
2024-04-01,92,Appartement,6417.0,315000.0,3263
2024-07-01,92,Appartement,6361.0,335000.0,3640
2024-10-01,92,Appartement,6213.0,310000.0,3221
2025-01-01,92,Appartement,6383.0,325000.0,3795
2025-04-01,92,Appartement,6371.0,328850.0,3715
2025-07-01,92,Appartement,6463.0,342250.0,4385
2025-10-01,92,Appartement,6472.0,320000.0,3883
2021-01-01,92,Ensemble,7009.0,374865.0,4524
2021-04-01,92,Ensemble,7148.0,386165.0,5410
2021-07-01,92,Ensemble,7286.0,417120.0,6507
2021-10-01,92,Ensemble,7224.0,385175.0,4904
2022-01-01,92,Ensemble,7264.0,386000.0,5017
2022-04-01,92,Ensemble,7275.0,388000.0,5601
2022-07-01,92,Ensemble,7406.0,420000.0,6121
2022-10-01,92,Ensemble,7118.0,380000.0,4671
2023-01-01,92,Ensemble,7124.0,367870.0,4324
2023-04-01,92,Ensemble,6923.0,366012.0,4350
2023-07-01,92,Ensemble,6900.0,384875.0,4338
2023-10-01,92,Ensemble,6650.0,344000.0,3338
2024-01-01,92,Ensemble,6562.0,335000.0,3138
2024-04-01,92,Ensemble,6510.0,339275.0,3662
2024-07-01,92,Ensemble,6500.0,365000.0,4178
2024-10-01,92,Ensemble,6333.0,343020.0,3671
2025-01-01,92,Ensemble,6463.0,348000.0,4241
2025-04-01,92,Ensemble,6449.0,350000.0,4152
2025-07-01,92,Ensemble,6582.0,375000.0,5077
2025-10-01,92,Ensemble,6522.0,348000.0,4442
2021-01-01,92,Maison,8010.0,773000.0,535
2021-04-01,92,Maison,7965.0,820000.0,633
2021-07-01,92,Maison,8140.0,857000.0,885
2021-10-01,92,Maison,8197.0,835500.0,645
2022-01-01,92,Maison,8385.0,830596.0,536
2022-04-01,92,Maison,8395.0,820000.0,640
2022-07-01,92,Maison,8508.0,850736.0,826
2022-10-01,92,Maison,7900.0,805500.0,573
2023-01-01,92,Maison,8301.0,766458.0,454
2023-04-01,92,Maison,8084.0,800000.0,468
2023-07-01,92,Maison,7995.0,813000.0,587
2023-10-01,92,Maison,7588.0,757375.0,352
2024-01-01,92,Maison,7438.0,743770.0,311
2024-04-01,92,Maison,7200.0,727440.0,399
2024-07-01,92,Maison,7500.0,752169.0,538
2024-10-01,92,Maison,7191.0,707708.0,450
2025-01-01,92,Maison,7397.0,739790.0,446
2025-04-01,92,Maison,7020.0,705000.0,437
2025-07-01,92,Maison,7223.0,750000.0,692
2025-10-01,92,Maison,7051.0,725000.0,559
2021-01-01,93,Appartement,3879.0,180000.0,2421
2021-04-01,93,Appartement,3880.0,193000.0,2762
2021-07-01,93,Appartement,4143.0,205000.0,3029
2021-10-01,93,Appartement,3948.0,190000.0,2544
2022-01-01,93,Appartement,4117.0,195000.0,2627
2022-04-01,93,Appartement,4177.0,200000.0,2812
2022-07-01,93,Appartement,4244.0,208000.0,2917
2022-10-01,93,Appartement,4179.0,203900.0,2443
2023-01-01,93,Appartement,4064.0,190000.0,2173
2023-04-01,93,Appartement,4036.0,189000.0,2242
2023-07-01,93,Appartement,4103.0,199000.0,2106
2023-10-01,93,Appartement,3973.0,180000.0,1807
2024-01-01,93,Appartement,3824.0,180000.0,1619
2024-04-01,93,Appartement,3793.0,175000.0,1790
2024-07-01,93,Appartement,3957.0,185000.0,1837
2024-10-01,93,Appartement,3854.0,183000.0,1763
2025-01-01,93,Appartement,3929.0,185200.0,1952
2025-04-01,93,Appartement,3956.0,187000.0,1951
2025-07-01,93,Appartement,4090.0,197000.0,2257
2025-10-01,93,Appartement,4023.0,192250.0,2130
2021-01-01,93,Ensemble,3912.0,224100.0,3563
2021-04-01,93,Ensemble,3930.0,235000.0,4031
2021-07-01,93,Ensemble,4191.0,255000.0,4598
2021-10-01,93,Ensemble,4015.0,236000.0,3758
2022-01-01,93,Ensemble,4150.0,232300.0,3724
2022-04-01,93,Ensemble,4167.0,242000.0,4101
2022-07-01,93,Ensemble,4231.0,255103.0,4319
2022-10-01,93,Ensemble,4220.0,243000.0,3548
2023-01-01,93,Ensemble,4107.0,231000.0,3081
2023-04-01,93,Ensemble,4062.0,225000.0,3113
2023-07-01,93,Ensemble,4117.0,240000.0,3077
2023-10-01,93,Ensemble,3968.0,220000.0,2584
2024-01-01,93,Ensemble,3854.0,216580.0,2303
2024-04-01,93,Ensemble,3806.0,214500.0,2541
2024-07-01,93,Ensemble,3909.0,228000.0,2715
2024-10-01,93,Ensemble,3837.0,225000.0,2627
2025-01-01,93,Ensemble,3852.0,224000.0,2808
2025-04-01,93,Ensemble,3917.0,225000.0,2787
2025-07-01,93,Ensemble,3993.0,235095.0,3242
2025-10-01,93,Ensemble,3976.0,229000.0,2993
2021-01-01,93,Maison,3962.0,319000.0,1142
2021-04-01,93,Maison,4000.0,325000.0,1269
2021-07-01,93,Maison,4232.0,344600.0,1569
2021-10-01,93,Maison,4155.0,330000.0,1214
2022-01-01,93,Maison,4231.0,335000.0,1097
2022-04-01,93,Maison,4154.0,340000.0,1289
2022-07-01,93,Maison,4212.0,353955.0,1402
2022-10-01,93,Maison,4295.0,340000.0,1105
2023-01-01,93,Maison,4155.0,340000.0,908
2023-04-01,93,Maison,4120.0,322500.0,871
2023-07-01,93,Maison,4143.0,335000.0,971
2023-10-01,93,Maison,3963.0,312000.0,777
2024-01-01,93,Maison,3912.0,307400.0,684
2024-04-01,93,Maison,3831.0,310000.0,751
2024-07-01,93,Maison,3860.0,309500.0,878
2024-10-01,93,Maison,3809.0,300000.0,864
2025-01-01,93,Maison,3737.0,303750.0,856
2025-04-01,93,Maison,3835.0,319000.0,836
2025-07-01,93,Maison,3860.0,318000.0,985
2025-10-01,93,Maison,3857.0,310000.0,863
2021-01-01,94,Appartement,4903.0,240000.0,2691
2021-04-01,94,Appartement,4900.0,242250.0,3306
2021-07-01,94,Appartement,5023.0,254962.0,3718
2021-10-01,94,Appartement,4940.0,242000.0,3071
2022-01-01,94,Appartement,5203.0,249678.0,3001
2022-04-01,94,Appartement,5123.0,250000.0,3466
2022-07-01,94,Appartement,5278.0,259450.0,3398
2022-10-01,94,Appartement,5174.0,248000.0,2859
2023-01-01,94,Appartement,5131.0,245000.0,2576
2023-04-01,94,Appartement,5000.0,235000.0,2609
2023-07-01,94,Appartement,4878.0,240000.0,2463
2023-10-01,94,Appartement,4761.0,224000.0,2098
2024-01-01,94,Appartement,4741.0,225000.0,1783
2024-04-01,94,Appartement,4651.0,227600.0,2054
2024-07-01,94,Appartement,4703.0,231850.0,2356
2024-10-01,94,Appartement,4603.0,223800.0,2149
2025-01-01,94,Appartement,4750.0,230000.0,2346
2025-04-01,94,Appartement,4664.0,236000.0,2510
2025-07-01,94,Appartement,4797.0,235750.0,2690
2025-10-01,94,Appartement,4792.0,230000.0,2434
2021-01-01,94,Ensemble,4944.0,278000.0,3547
2021-04-01,94,Ensemble,4979.0,280000.0,4364
2021-07-01,94,Ensemble,5079.0,300000.0,5054
2021-10-01,94,Ensemble,5051.0,280000.0,4018
2022-01-01,94,Ensemble,5254.0,286000.0,3837
2022-04-01,94,Ensemble,5206.0,290000.0,4486
2022-07-01,94,Ensemble,5333.0,310000.0,4599
2022-10-01,94,Ensemble,5300.0,281250.0,3670
2023-01-01,94,Ensemble,5200.0,280000.0,3271
2023-04-01,94,Ensemble,5043.0,270000.0,3338
2023-07-01,94,Ensemble,4974.0,280646.0,3234
2023-10-01,94,Ensemble,4857.0,255000.0,2713
2024-01-01,94,Ensemble,4766.0,260000.0,2313
2024-04-01,94,Ensemble,4688.0,257697.0,2607
2024-07-01,94,Ensemble,4801.0,272200.0,3149
2024-10-01,94,Ensemble,4646.0,263090.0,2836
2025-01-01,94,Ensemble,4750.0,262000.0,2985
2025-04-01,94,Ensemble,4707.0,270000.0,3243
2025-07-01,94,Ensemble,4811.0,284125.0,3596
2025-10-01,94,Ensemble,4770.0,269028.0,3213
2021-01-01,94,Maison,5108.0,442500.0,856
2021-04-01,94,Maison,5220.0,477214.0,1058
2021-07-01,94,Maison,5239.0,475000.0,1336
2021-10-01,94,Maison,5412.0,480000.0,947
2022-01-01,94,Maison,5517.0,471275.0,836
2022-04-01,94,Maison,5508.0,500000.0,1020
2022-07-01,94,Maison,5545.0,514750.0,1201
2022-10-01,94,Maison,5806.0,500000.0,811
2023-01-01,94,Maison,5474.0,470000.0,695
2023-04-01,94,Maison,5283.0,475000.0,729
2023-07-01,94,Maison,5369.0,480000.0,771
2023-10-01,94,Maison,5214.0,447500.0,615
2024-01-01,94,Maison,4912.0,415000.0,530
2024-04-01,94,Maison,4930.0,425500.0,553
2024-07-01,94,Maison,5148.0,450000.0,793
2024-10-01,94,Maison,4833.0,427720.0,687
2025-01-01,94,Maison,4750.0,425000.0,639
2025-04-01,94,Maison,4920.0,429000.0,733
2025-07-01,94,Maison,4861.0,461070.0,906
2025-10-01,94,Maison,4674.0,431650.0,779
2021-01-01,95,Appartement,3164.0,170000.0,1749
2021-04-01,95,Appartement,3238.0,175000.0,2111
2021-07-01,95,Appartement,3294.0,184100.0,2287
2021-10-01,95,Appartement,3310.0,177300.0,1880
2022-01-01,95,Appartement,3333.0,179000.0,1852
2022-04-01,95,Appartement,3394.0,183500.0,2056
2022-07-01,95,Appartement,3401.0,188000.0,2096
2022-10-01,95,Appartement,3470.0,181000.0,1624
2023-01-01,95,Appartement,3379.0,181000.0,1516
2023-04-01,95,Appartement,3333.0,177000.0,1588
2023-07-01,95,Appartement,3235.0,179000.0,1502
2023-10-01,95,Appartement,3162.0,173000.0,1168
2024-01-01,95,Appartement,3163.0,168000.0,1105
2024-04-01,95,Appartement,3196.0,170000.0,1222
2024-07-01,95,Appartement,3159.0,175000.0,1372
2024-10-01,95,Appartement,3131.0,170000.0,1294
2025-01-01,95,Appartement,3167.0,173500.0,1215
2025-04-01,95,Appartement,3171.0,170000.0,1441
2025-07-01,95,Appartement,3262.0,176000.0,1530
2025-10-01,95,Appartement,3190.0,170000.0,1400
2021-01-01,95,Ensemble,3364.0,229200.0,3281
2021-04-01,95,Ensemble,3433.0,234250.0,4030
2021-07-01,95,Ensemble,3546.0,260000.0,4814
2021-10-01,95,Ensemble,3523.0,242050.0,3667
2022-01-01,95,Ensemble,3555.0,243000.0,3503
2022-04-01,95,Ensemble,3577.0,246500.0,3843
2022-07-01,95,Ensemble,3691.0,266875.0,4317
2022-10-01,95,Ensemble,3674.0,245000.0,3147
2023-01-01,95,Ensemble,3580.0,240000.0,2825
2023-04-01,95,Ensemble,3545.0,233034.0,2940
2023-07-01,95,Ensemble,3517.0,245000.0,2968
2023-10-01,95,Ensemble,3434.0,235000.0,2283
2024-01-01,95,Ensemble,3333.0,218000.0,1999
2024-04-01,95,Ensemble,3346.0,225000.0,2303
2024-07-01,95,Ensemble,3381.0,243000.0,2748
2024-10-01,95,Ensemble,3333.0,228900.0,2497
2025-01-01,95,Ensemble,3369.0,230000.0,2348
2025-04-01,95,Ensemble,3337.0,225000.0,2732
2025-07-01,95,Ensemble,3419.0,249000.0,3165
2025-10-01,95,Ensemble,3308.0,228000.0,2725
2021-01-01,95,Maison,3571.0,320125.0,1532
2021-04-01,95,Maison,3658.0,329000.0,1919
2021-07-01,95,Maison,3765.0,346000.0,2527
2021-10-01,95,Maison,3786.0,335000.0,1787
2022-01-01,95,Maison,3797.0,340000.0,1651
2022-04-01,95,Maison,3824.0,345000.0,1787
2022-07-01,95,Maison,3959.0,356950.0,2221
2022-10-01,95,Maison,3886.0,348000.0,1523
2023-01-01,95,Maison,3827.0,337450.0,1309
2023-04-01,95,Maison,3762.0,330000.0,1352
2023-07-01,95,Maison,3785.0,335750.0,1466
2023-10-01,95,Maison,3724.0,325000.0,1115
2024-01-01,95,Maison,3543.0,310000.0,894
2024-04-01,95,Maison,3523.0,305000.0,1081
2024-07-01,95,Maison,3544.0,324642.0,1376
2024-10-01,95,Maison,3529.0,312000.0,1203
2025-01-01,95,Maison,3526.0,315000.0,1133
2025-04-01,95,Maison,3471.0,315300.0,1291
2025-07-01,95,Maison,3546.0,330000.0,1635
2025-10-01,95,Maison,3434.0,315000.0,1325
2021-01-01,971,Appartement,2609.0,126000.0,243
2021-04-01,971,Appartement,2733.0,133924.0,255
2021-07-01,971,Appartement,2749.0,139500.0,320
2021-10-01,971,Appartement,2986.0,140000.0,319
2022-01-01,971,Appartement,2837.0,136112.0,285
2022-04-01,971,Appartement,2963.0,137086.0,305
2022-07-01,971,Appartement,3125.0,148218.0,288
2022-10-01,971,Appartement,3245.0,149000.0,277
2023-01-01,971,Appartement,3226.0,145000.0,261
2023-04-01,971,Appartement,3413.0,152310.0,261
2023-07-01,971,Appartement,3175.0,143005.0,254
2023-10-01,971,Appartement,3214.0,153650.0,207
2024-01-01,971,Appartement,3163.0,145250.0,171
2024-04-01,971,Appartement,3355.0,160820.0,185
2024-07-01,971,Appartement,3335.0,155000.0,217
2024-10-01,971,Appartement,3264.0,144583.0,210
2025-01-01,971,Appartement,3250.0,150000.0,185
2025-04-01,971,Appartement,3591.0,155535.0,211
2025-07-01,971,Appartement,3426.0,155175.0,240
2025-10-01,971,Appartement,3374.0,155718.0,182
2021-01-01,971,Ensemble,2600.0,159000.0,444
2021-04-01,971,Ensemble,2722.0,156000.0,449
2021-07-01,971,Ensemble,2762.0,162000.0,550
2021-10-01,971,Ensemble,2906.0,160000.0,543
2022-01-01,971,Ensemble,2778.0,155000.0,506
2022-04-01,971,Ensemble,2927.0,160000.0,515
2022-07-01,971,Ensemble,3034.0,163675.0,558
2022-10-01,971,Ensemble,3019.0,165250.0,583
2023-01-01,971,Ensemble,3097.0,163175.0,436
2023-04-01,971,Ensemble,3172.0,170250.0,466
2023-07-01,971,Ensemble,3035.0,164745.0,490
2023-10-01,971,Ensemble,2934.0,164500.0,404
2024-01-01,971,Ensemble,2927.0,163180.0,336
2024-04-01,971,Ensemble,2981.0,170000.0,392
2024-07-01,971,Ensemble,2980.0,170000.0,430
2024-10-01,971,Ensemble,2950.0,160000.0,459
2025-01-01,971,Ensemble,2867.0,165000.0,365
2025-04-01,971,Ensemble,3156.0,176688.0,446
2025-07-01,971,Ensemble,3221.0,180000.0,483
2025-10-01,971,Ensemble,2784.0,168000.0,431
2021-01-01,971,Maison,2596.0,232000.0,201
2021-04-01,971,Maison,2653.0,245000.0,194
2021-07-01,971,Maison,2762.0,265000.0,230
2021-10-01,971,Maison,2656.0,236450.0,224
2022-01-01,971,Maison,2650.0,240000.0,221
2022-04-01,971,Maison,2824.0,260000.0,210
2022-07-01,971,Maison,2908.0,265580.0,270
2022-10-01,971,Maison,2678.0,240000.0,306
2023-01-01,971,Maison,2933.0,254300.0,175
2023-04-01,971,Maison,2944.0,250000.0,205
2023-07-01,971,Maison,2784.0,250000.0,236
2023-10-01,971,Maison,2505.0,235000.0,197
2024-01-01,971,Maison,2670.0,235000.0,165
2024-04-01,971,Maison,2409.0,210000.0,207
2024-07-01,971,Maison,2575.0,200000.0,213
2024-10-01,971,Maison,2692.0,201134.0,249
2025-01-01,971,Maison,2420.0,202500.0,180
2025-04-01,971,Maison,2720.0,252390.0,235
2025-07-01,971,Maison,2706.0,240000.0,243
2025-10-01,971,Maison,2248.0,214000.0,249
2021-01-01,972,Appartement,2642.0,135000.0,178
2021-04-01,972,Appartement,2689.0,138000.0,229
2021-07-01,972,Appartement,2681.0,145000.0,237
2021-10-01,972,Appartement,2620.0,143150.0,250
2022-01-01,972,Appartement,2679.0,148500.0,196
2022-04-01,972,Appartement,2833.0,150380.0,267
2022-07-01,972,Appartement,2881.0,151900.0,269
2022-10-01,972,Appartement,2783.0,149000.0,285
2023-01-01,972,Appartement,2787.0,154500.0,232
2023-04-01,972,Appartement,2768.0,143440.0,238
2023-07-01,972,Appartement,2770.0,145000.0,203
2023-10-01,972,Appartement,2946.0,148000.0,205
2024-01-01,972,Appartement,2728.0,140000.0,160
2024-04-01,972,Appartement,2810.0,150000.0,186
2024-07-01,972,Appartement,2967.0,151000.0,214
2024-10-01,972,Appartement,2806.0,146000.0,218
2025-01-01,972,Appartement,2875.0,152995.0,203
2025-04-01,972,Appartement,2985.0,160000.0,202
2025-07-01,972,Appartement,3177.0,161301.0,231
2025-10-01,972,Appartement,3080.0,137800.0,98
2021-01-01,972,Ensemble,2545.0,151580.0,351
2021-04-01,972,Ensemble,2641.0,155000.0,434
2021-07-01,972,Ensemble,2604.0,162500.0,447
2021-10-01,972,Ensemble,2582.0,160000.0,448
2022-01-01,972,Ensemble,2557.0,163000.0,360
2022-04-01,972,Ensemble,2750.0,162000.0,471
2022-07-01,972,Ensemble,2881.0,172500.0,477
2022-10-01,972,Ensemble,2712.0,162400.0,489
2023-01-01,972,Ensemble,2768.0,164001.0,402
2023-04-01,972,Ensemble,2692.0,160000.0,405
2023-07-01,972,Ensemble,2618.0,154822.0,404
2023-10-01,972,Ensemble,2710.0,155000.0,421
2024-01-01,972,Ensemble,2541.0,149200.0,288
2024-04-01,972,Ensemble,2763.0,166000.0,363
2024-07-01,972,Ensemble,2776.0,164000.0,411
2024-10-01,972,Ensemble,2606.0,155000.0,435
2025-01-01,972,Ensemble,2783.0,160000.0,349
2025-04-01,972,Ensemble,2854.0,170000.0,390
2025-07-01,972,Ensemble,2908.0,170000.0,395
2025-10-01,972,Ensemble,2860.0,142000.0,182
2021-01-01,972,Maison,2500.0,230000.0,173
2021-04-01,972,Maison,2554.0,219500.0,205
2021-07-01,972,Maison,2293.0,244375.0,210
2021-10-01,972,Maison,2556.0,227500.0,198
2022-01-01,972,Maison,2379.0,205000.0,164
2022-04-01,972,Maison,2600.0,219000.0,204
2022-07-01,972,Maison,2884.0,261675.0,208
2022-10-01,972,Maison,2649.0,237500.0,204
2023-01-01,972,Maison,2706.0,238500.0,170
2023-04-01,972,Maison,2524.0,225000.0,167
2023-07-01,972,Maison,2143.0,198100.0,201
2023-10-01,972,Maison,2011.0,165000.0,216
2024-01-01,972,Maison,2081.0,168500.0,128
2024-04-01,972,Maison,2505.0,245000.0,177
2024-07-01,972,Maison,2607.0,200000.0,197
2024-10-01,972,Maison,2158.0,175000.0,217
2025-01-01,972,Maison,2257.0,220000.0,146
2025-04-01,972,Maison,2399.0,202000.0,188
2025-07-01,972,Maison,2186.0,189500.0,164
2025-10-01,972,Maison,2386.0,179778.0,84
2021-01-01,973,Appartement,2400.0,130000.0,76
2021-04-01,973,Appartement,2649.0,130000.0,76
2021-07-01,973,Appartement,2750.0,120500.0,90
2021-10-01,973,Appartement,2468.0,132000.0,90
2022-01-01,973,Appartement,2653.0,129000.0,65
2022-04-01,973,Appartement,2646.0,135000.0,87
2022-07-01,973,Appartement,2687.0,143450.0,86
2022-10-01,973,Appartement,2633.0,134000.0,85
2023-01-01,973,Appartement,2524.0,140600.0,77
2023-04-01,973,Appartement,2774.0,135000.0,69
2023-07-01,973,Appartement,2616.0,135000.0,83
2023-10-01,973,Appartement,2603.0,140000.0,87
2024-01-01,973,Appartement,2756.0,138000.0,61
2024-04-01,973,Appartement,2682.0,130000.0,55
2024-07-01,973,Appartement,2577.0,126500.0,66
2024-10-01,973,Appartement,2619.0,123500.0,77
2025-01-01,973,Appartement,2798.0,137000.0,85
2025-04-01,973,Appartement,2862.0,135220.0,74
2025-07-01,973,Appartement,2786.0,151000.0,72
2025-10-01,973,Appartement,2830.0,148400.0,89
2021-01-01,973,Ensemble,2326.0,162500.0,185
2021-04-01,973,Ensemble,2417.0,151442.0,206
2021-07-01,973,Ensemble,2587.0,167750.0,220
2021-10-01,973,Ensemble,2474.0,170400.0,199
2022-01-01,973,Ensemble,2508.0,165000.0,169
2022-04-01,973,Ensemble,2500.0,161488.0,218
2022-07-01,973,Ensemble,2698.0,175000.0,216
2022-10-01,973,Ensemble,2572.0,166250.0,184
2023-01-01,973,Ensemble,2558.0,175000.0,167
2023-04-01,973,Ensemble,2684.0,168350.0,180
2023-07-01,973,Ensemble,2629.0,183500.0,204
2023-10-01,973,Ensemble,2619.0,183100.0,195
2024-01-01,973,Ensemble,2635.0,165500.0,139
2024-04-01,973,Ensemble,2699.0,172500.0,148
2024-07-01,973,Ensemble,2558.0,175000.0,173
2024-10-01,973,Ensemble,2552.0,160000.0,182
2025-01-01,973,Ensemble,2723.0,170000.0,179
2025-04-01,973,Ensemble,2781.0,180000.0,167
2025-07-01,973,Ensemble,2701.0,180000.0,171
2025-10-01,973,Ensemble,2789.0,185000.0,225
2021-01-01,973,Maison,2314.0,235000.0,109
2021-04-01,973,Maison,2209.0,193000.0,130
2021-07-01,973,Maison,2425.0,231000.0,130
2021-10-01,973,Maison,2499.0,233400.0,109
2022-01-01,973,Maison,2425.0,210540.0,104
2022-04-01,973,Maison,2190.0,200000.0,131
2022-07-01,973,Maison,2724.0,249650.0,130
2022-10-01,973,Maison,2531.0,228002.0,99
2023-01-01,973,Maison,2571.0,230000.0,90
2023-04-01,973,Maison,2545.0,246100.0,111
2023-07-01,973,Maison,2632.0,249000.0,121
2023-10-01,973,Maison,2681.0,263750.0,108
2024-01-01,973,Maison,2545.0,210000.0,78
2024-04-01,973,Maison,2714.0,240845.0,93
2024-07-01,973,Maison,2550.0,240000.0,107
2024-10-01,973,Maison,2500.0,225000.0,105
2025-01-01,973,Maison,2577.0,245000.0,94
2025-04-01,973,Maison,2680.0,246100.0,93
2025-07-01,973,Maison,2650.0,250000.0,99
2025-10-01,973,Maison,2731.0,249250.0,136
2021-01-01,974,Appartement,2216.0,107000.0,570
2021-04-01,974,Appartement,2317.0,114000.0,651
2021-07-01,974,Appartement,2311.0,114000.0,712
2021-10-01,974,Appartement,2358.0,120000.0,716
2022-01-01,974,Appartement,2389.0,121000.0,605
2022-04-01,974,Appartement,2564.0,125000.0,717
2022-07-01,974,Appartement,2477.0,125000.0,692
2022-10-01,974,Appartement,2553.0,122715.0,752
2023-01-01,974,Appartement,2502.0,125000.0,608
2023-04-01,974,Appartement,2607.0,125000.0,581
2023-07-01,974,Appartement,2633.0,128000.0,609
2023-10-01,974,Appartement,2593.0,125000.0,581
2024-01-01,974,Appartement,2635.0,131180.0,434
2024-04-01,974,Appartement,2750.0,130300.0,445
2024-07-01,974,Appartement,2734.0,130000.0,557
2024-10-01,974,Appartement,2727.0,133000.0,569
2025-01-01,974,Appartement,2872.0,135000.0,410
2025-04-01,974,Appartement,2853.0,140500.0,512
2025-07-01,974,Appartement,2877.0,132000.0,575
2025-10-01,974,Appartement,2834.0,136935.0,514
2021-01-01,974,Ensemble,2323.0,157000.0,1224
2021-04-01,974,Ensemble,2437.0,164400.0,1396
2021-07-01,974,Ensemble,2454.0,170000.0,1536
2021-10-01,974,Ensemble,2391.0,160000.0,1553
2022-01-01,974,Ensemble,2478.0,161500.0,1262
2022-04-01,974,Ensemble,2600.0,169000.0,1464
2022-07-01,974,Ensemble,2619.0,180000.0,1527
2022-10-01,974,Ensemble,2614.0,169000.0,1505
2023-01-01,974,Ensemble,2650.0,163000.0,1255
2023-04-01,974,Ensemble,2650.0,162175.0,1216
2023-07-01,974,Ensemble,2727.0,170000.0,1277
2023-10-01,974,Ensemble,2637.0,162000.0,1167
2024-01-01,974,Ensemble,2662.0,170000.0,878
2024-04-01,974,Ensemble,2766.0,175000.0,962
2024-07-01,974,Ensemble,2779.0,175000.0,1157
2024-10-01,974,Ensemble,2727.0,173000.0,1161
2025-01-01,974,Ensemble,2829.0,185000.0,919
2025-04-01,974,Ensemble,2812.0,180000.0,1097
2025-07-01,974,Ensemble,2861.0,183000.0,1277
2025-10-01,974,Ensemble,2778.0,182000.0,1126
2021-01-01,974,Maison,2500.0,217425.0,654
2021-04-01,974,Maison,2539.0,230000.0,745
2021-07-01,974,Maison,2623.0,229500.0,824
2021-10-01,974,Maison,2429.0,214000.0,837
2022-01-01,974,Maison,2632.0,235000.0,657
2022-04-01,974,Maison,2667.0,245000.0,747
2022-07-01,974,Maison,2726.0,245000.0,835
2022-10-01,974,Maison,2700.0,240000.0,753
2023-01-01,974,Maison,2810.0,240000.0,647
2023-04-01,974,Maison,2679.0,225000.0,635
2023-07-01,974,Maison,2848.0,244000.0,668
2023-10-01,974,Maison,2701.0,232500.0,586
2024-01-01,974,Maison,2709.0,228400.0,444
2024-04-01,974,Maison,2778.0,243890.0,517
2024-07-01,974,Maison,2862.0,242000.0,600
2024-10-01,974,Maison,2751.0,242000.0,592
2025-01-01,974,Maison,2800.0,240000.0,509
2025-04-01,974,Maison,2754.0,237150.0,585
2025-07-01,974,Maison,2855.0,253000.0,702
2025-10-01,974,Maison,2701.0,240000.0,612
