Date,Department,Type,PrixM2Median,PrixMedian,NbVentes
2014-01-01,01,Appartement,2024.0,139000.0,365
2014-04-01,01,Appartement,1850.0,130000.0,422
2014-07-01,01,Appartement,1947.0,130000.0,444
2014-10-01,01,Appartement,2161.0,138422.0,434
2015-01-01,01,Appartement,1927.0,126500.0,386
2015-04-01,01,Appartement,1778.0,125000.0,466
2015-07-01,01,Appartement,1962.0,128000.0,499
2015-10-01,01,Appartement,2118.0,136934.0,476
2016-01-01,01,Appartement,2071.0,133966.0,435
2016-04-01,01,Appartement,2086.0,144300.0,515
2016-07-01,01,Appartement,2026.0,141272.0,560
2016-10-01,01,Appartement,2100.0,140000.0,529
2017-01-01,01,Appartement,2084.0,138000.0,557
2017-04-01,01,Appartement,2072.0,139833.0,594
2017-07-01,01,Appartement,2159.0,145000.0,607
2017-10-01,01,Appartement,2209.0,140000.0,555
2018-01-01,01,Appartement,2194.0,148800.0,513
2018-04-01,01,Appartement,3043.0,175750.0,344
2018-07-01,01,Appartement,2927.0,171650.0,344
2018-10-01,01,Appartement,3306.0,187810.0,271
2019-01-01,01,Appartement,2019.0,133300.0,603
2019-04-01,01,Appartement,2083.0,135000.0,652
2019-07-01,01,Appartement,2081.0,144000.0,733
2019-10-01,01,Appartement,2052.0,143500.0,724
2020-01-01,01,Appartement,2231.0,145000.0,630
2020-04-01,01,Appartement,2189.0,145000.0,624
2020-07-01,01,Appartement,2231.0,148000.0,693
2020-10-01,01,Appartement,2275.0,148152.0,776
2014-01-01,01,Ensemble,1885.0,160000.0,1008
2014-04-01,01,Ensemble,1800.0,158000.0,1117
2014-07-01,01,Ensemble,1915.0,175600.0,1394
2014-10-01,01,Ensemble,1903.0,168000.0,1220
2015-01-01,01,Ensemble,1859.0,166100.0,1100
2015-04-01,01,Ensemble,1825.0,164000.0,1308
2015-07-01,01,Ensemble,1876.0,175000.0,1596
2015-10-01,01,Ensemble,1913.0,171000.0,1428
2016-01-01,01,Ensemble,1917.0,166500.0,1177
2016-04-01,01,Ensemble,1914.0,171832.0,1473
2016-07-01,01,Ensemble,1899.0,173988.0,1662
2016-10-01,01,Ensemble,1903.0,167350.0,1552
2017-01-01,01,Ensemble,1880.0,168000.0,1543
2017-04-01,01,Ensemble,1943.0,170700.0,1607
2017-07-01,01,Ensemble,2029.0,184000.0,1892
2017-10-01,01,Ensemble,1978.0,175000.0,1623
2018-01-01,01,Ensemble,2044.0,175000.0,1351
2018-04-01,01,Ensemble,2145.0,189000.0,827
2018-07-01,01,Ensemble,2222.0,195000.0,876
2018-10-01,01,Ensemble,2348.0,193450.0,645
2019-01-01,01,Ensemble,1964.0,172000.0,1653
2019-04-01,01,Ensemble,2023.0,180000.0,1749
2019-07-01,01,Ensemble,2069.0,193500.0,2220
2019-10-01,01,Ensemble,2056.0,187000.0,2034
2020-01-01,01,Ensemble,2098.0,183250.0,1601
2020-04-01,01,Ensemble,2107.0,185000.0,1613
2020-07-01,01,Ensemble,2197.0,197500.0,1951
2020-10-01,01,Ensemble,2191.0,193451.0,2298
2014-01-01,01,Maison,1834.0,173020.0,643
2014-04-01,01,Maison,1791.0,176200.0,695
2014-07-01,01,Maison,1911.0,191475.0,950
2014-10-01,01,Maison,1819.0,180000.0,786
2015-01-01,01,Maison,1843.0,180000.0,714
2015-04-01,01,Maison,1840.0,180878.0,842
2015-07-01,01,Maison,1859.0,189750.0,1097
2015-10-01,01,Maison,1860.0,187148.0,952
2016-01-01,01,Maison,1870.0,181500.0,742
2016-04-01,01,Maison,1869.0,183300.0,958
2016-07-01,01,Maison,1856.0,188000.0,1102
2016-10-01,01,Maison,1833.0,180080.0,1023
2017-01-01,01,Maison,1801.0,182255.0,986
2017-04-01,01,Maison,1879.0,190000.0,1013
2017-07-01,01,Maison,1997.0,203000.0,1285
2017-10-01,01,Maison,1944.0,192035.0,1068
2018-01-01,01,Maison,1974.0,202005.0,838
2018-04-01,01,Maison,1923.0,195000.0,483
2018-07-01,01,Maison,2054.0,205995.0,532
2018-10-01,01,Maison,2018.0,196712.0,374
2019-01-01,01,Maison,1943.0,194792.0,1050
2019-04-01,01,Maison,2002.0,202650.0,1097
2019-07-01,01,Maison,2068.0,217800.0,1487
2019-10-01,01,Maison,2056.0,205720.0,1310
2020-01-01,01,Maison,2052.0,211950.0,971
2020-04-01,01,Maison,2083.0,215140.0,989
2020-07-01,01,Maison,2180.0,225675.0,1258
2020-10-01,01,Maison,2176.0,220000.0,1522
2014-01-01,02,Appartement,1266.0,75000.0,90
2014-04-01,02,Appartement,1277.0,74000.0,73
2014-07-01,02,Appartement,1342.0,73500.0,72
2014-10-01,02,Appartement,1197.0,69000.0,71
2015-01-01,02,Appartement,1226.0,70750.0,74
2015-04-01,02,Appartement,1132.0,65000.0,89
2015-07-01,02,Appartement,1233.0,60000.0,83
2015-10-01,02,Appartement,1226.0,63850.0,98
2016-01-01,02,Appartement,1121.0,69500.0,103
2016-04-01,02,Appartement,1210.0,73500.0,100
2016-07-01,02,Appartement,1120.0,67000.0,105
2016-10-01,02,Appartement,1139.0,68269.0,104
2017-01-01,02,Appartement,1217.0,76700.0,102
2017-04-01,02,Appartement,1319.0,75000.0,104
2017-07-01,02,Appartement,1216.0,74500.0,93
2017-10-01,02,Appartement,1182.0,65000.0,107
2018-01-01,02,Appartement,1222.0,65000.0,81
2018-04-01,02,Appartement,1195.0,70000.0,111
2018-07-01,02,Appartement,1302.0,75000.0,77
2019-01-01,02,Appartement,1233.0,63000.0,97
2019-04-01,02,Appartement,1095.0,66500.0,142
2019-07-01,02,Appartement,1167.0,65800.0,143
2019-10-01,02,Appartement,1164.0,62500.0,148
2020-01-01,02,Appartement,1182.0,70000.0,119
2020-04-01,02,Appartement,1168.0,60000.0,124
2020-07-01,02,Appartement,1252.0,71250.0,144
2020-10-01,02,Appartement,1280.0,74333.0,174
2014-01-01,02,Ensemble,1109.0,95000.0,898
2014-04-01,02,Ensemble,1091.0,98050.0,778
2014-07-01,02,Ensemble,1115.0,97250.0,948
2014-10-01,02,Ensemble,1078.0,90000.0,933
2015-01-01,02,Ensemble,1066.0,95000.0,888
2015-04-01,02,Ensemble,1051.0,91750.0,948
2015-07-01,02,Ensemble,1119.0,100506.0,1140
2015-10-01,02,Ensemble,1048.0,88100.0,1095
2016-01-01,02,Ensemble,1040.0,90000.0,856
2016-04-01,02,Ensemble,1048.0,89000.0,991
2016-07-01,02,Ensemble,1091.0,97000.0,1185
2016-10-01,02,Ensemble,1074.0,92000.0,1141
2017-01-01,02,Ensemble,1089.0,95000.0,1084
2017-04-01,02,Ensemble,1076.0,95850.0,1194
2017-07-01,02,Ensemble,1138.0,100000.0,1245
2017-10-01,02,Ensemble,1089.0,95000.0,1102
2018-01-01,02,Ensemble,1100.0,95500.0,1047
2018-04-01,02,Ensemble,1099.0,95000.0,1098
2018-07-01,02,Ensemble,1161.0,105000.0,789
2018-10-01,02,Ensemble,1168.0,105000.0,569
2019-01-01,02,Ensemble,1100.0,95000.0,1079
2019-04-01,02,Ensemble,1115.0,95000.0,1203
2019-07-01,02,Ensemble,1117.0,100000.0,1448
2019-10-01,02,Ensemble,1080.0,95000.0,1407
2020-01-01,02,Ensemble,1111.0,94126.0,1111
2020-04-01,02,Ensemble,1111.0,100000.0,1025
2020-07-01,02,Ensemble,1162.0,102900.0,1391
2020-10-01,02,Ensemble,1159.0,102000.0,1789
2014-01-01,02,Maison,1091.0,98500.0,808
2014-04-01,02,Maison,1085.0,100000.0,705
2014-07-01,02,Maison,1105.0,100000.0,876
2014-10-01,02,Maison,1067.0,92675.0,862
2015-01-01,02,Maison,1043.0,98000.0,814
2015-04-01,02,Maison,1038.0,95000.0,859
2015-07-01,02,Maison,1110.0,105000.0,1057
2015-10-01,02,Maison,1037.0,90100.0,997
2016-01-01,02,Maison,1020.0,92800.0,753
2016-04-01,02,Maison,1034.0,90000.0,891
2016-07-01,02,Maison,1088.0,100000.0,1080
2016-10-01,02,Maison,1060.0,95000.0,1037
2017-01-01,02,Maison,1075.0,98000.0,982
2017-04-01,02,Maison,1059.0,100000.0,1090
2017-07-01,02,Maison,1130.0,103000.0,1152
2017-10-01,02,Maison,1071.0,100000.0,995
2018-01-01,02,Maison,1087.0,99000.0,966
2018-04-01,02,Maison,1083.0,98000.0,987
2018-07-01,02,Maison,1144.0,110000.0,712
2018-10-01,02,Maison,1163.0,108000.0,529
2019-01-01,02,Maison,1079.0,98000.0,982
2019-04-01,02,Maison,1117.0,100500.0,1061
2019-07-01,02,Maison,1100.0,105000.0,1305
2019-10-01,02,Maison,1074.0,100000.0,1259
2020-01-01,02,Maison,1099.0,98000.0,992
2020-04-01,02,Maison,1100.0,105000.0,901
2020-07-01,02,Maison,1155.0,110000.0,1247
2020-10-01,02,Maison,1149.0,105500.0,1615
2014-01-01,03,Appartement,1008.0,54500.0,170
2014-04-01,03,Appartement,1000.0,56875.0,204
2014-07-01,03,Appartement,1011.0,55750.0,170
2014-10-01,03,Appartement,1079.0,60000.0,182
2015-01-01,03,Appartement,982.0,55000.0,170
2015-04-01,03,Appartement,1000.0,57000.0,189
2015-07-01,03,Appartement,976.0,53000.0,223
2015-10-01,03,Appartement,950.0,55000.0,215
2016-01-01,03,Appartement,1000.0,60000.0,195
2016-04-01,03,Appartement,923.0,50200.0,219
2016-07-01,03,Appartement,959.0,53730.0,230
2016-10-01,03,Appartement,997.0,55000.0,200
2017-01-01,03,Appartement,1000.0,54000.0,211
2017-04-01,03,Appartement,900.0,53000.0,239
2017-07-01,03,Appartement,961.0,55000.0,253
2017-10-01,03,Appartement,911.0,49000.0,243
2018-01-01,03,Appartement,950.0,52000.0,189
2018-04-01,03,Appartement,966.0,56500.0,228
2018-07-01,03,Appartement,953.0,51750.0,204
2018-10-01,03,Appartement,1131.0,61000.0,78
2019-01-01,03,Appartement,990.0,48500.0,245
2019-04-01,03,Appartement,1005.0,54000.0,285
2019-07-01,03,Appartement,1037.0,57000.0,263
2019-10-01,03,Appartement,1051.0,55000.0,303
2020-01-01,03,Appartement,1040.0,55000.0,284
2020-04-01,03,Appartement,1000.0,52500.0,268
2020-07-01,03,Appartement,1077.0,57800.0,268
2020-10-01,03,Appartement,1075.0,58000.0,377
2014-01-01,03,Ensemble,1000.0,73200.0,582
2014-04-01,03,Ensemble,988.0,72000.0,700
2014-07-01,03,Ensemble,1000.0,73765.0,712
2014-10-01,03,Ensemble,1016.0,75000.0,714
2015-01-01,03,Ensemble,1000.0,72750.0,624
2015-04-01,03,Ensemble,961.0,73750.0,706
2015-07-01,03,Ensemble,986.0,76000.0,850
2015-10-01,03,Ensemble,944.0,73000.0,889
2016-01-01,03,Ensemble,968.0,70000.0,701
2016-04-01,03,Ensemble,957.0,70000.0,761
2016-07-01,03,Ensemble,978.0,75000.0,896
2016-10-01,03,Ensemble,969.0,72000.0,803
2017-01-01,03,Ensemble,988.0,79600.0,761
2017-04-01,03,Ensemble,949.0,76250.0,846
2017-07-01,03,Ensemble,1020.0,73900.0,895
2017-10-01,03,Ensemble,970.0,70000.0,877
2018-01-01,03,Ensemble,975.0,75000.0,723
2018-04-01,03,Ensemble,962.0,74500.0,855
2018-07-01,03,Ensemble,989.0,75000.0,788
2018-10-01,03,Ensemble,1071.0,82000.0,282
2019-01-01,03,Ensemble,979.0,71000.0,828
2019-04-01,03,Ensemble,1000.0,74900.0,897
2019-07-01,03,Ensemble,1034.0,75000.0,973
2019-10-01,03,Ensemble,1049.0,75250.0,1004
2020-01-01,03,Ensemble,1024.0,77000.0,796
2020-04-01,03,Ensemble,1000.0,75000.0,837
2020-07-01,03,Ensemble,1031.0,78000.0,1028
2020-10-01,03,Ensemble,1047.0,78000.0,1312
2014-01-01,03,Maison,1000.0,83973.0,412
2014-04-01,03,Maison,982.0,83000.0,496
2014-07-01,03,Maison,996.0,81500.0,542
2014-10-01,03,Maison,1000.0,80000.0,532
2015-01-01,03,Maison,1000.0,80000.0,454
2015-04-01,03,Maison,956.0,77400.0,517
2015-07-01,03,Maison,988.0,82000.0,627
2015-10-01,03,Maison,942.0,81540.0,674
2016-01-01,03,Maison,954.0,78000.0,506
2016-04-01,03,Maison,979.0,82750.0,542
2016-07-01,03,Maison,984.0,83500.0,666
2016-10-01,03,Maison,962.0,80000.0,603
2017-01-01,03,Maison,988.0,90000.0,550
2017-04-01,03,Maison,972.0,83000.0,607
2017-07-01,03,Maison,1042.0,85000.0,642
2017-10-01,03,Maison,1000.0,83330.0,634
2018-01-01,03,Maison,985.0,82300.0,534
2018-04-01,03,Maison,955.0,83000.0,627
2018-07-01,03,Maison,1004.0,85000.0,584
2018-10-01,03,Maison,1054.0,93000.0,204
2019-01-01,03,Maison,973.0,80000.0,583
2019-04-01,03,Maison,1000.0,86500.0,612
2019-07-01,03,Maison,1022.0,88500.0,710
2019-10-01,03,Maison,1047.0,90000.0,701
2020-01-01,03,Maison,1010.0,90000.0,512
2020-04-01,03,Maison,1000.0,90500.0,569
2020-07-01,03,Maison,1021.0,89605.0,760
2020-10-01,03,Maison,1023.0,87000.0,935
2014-01-01,04,Appartement,1759.0,75500.0,170
2014-04-01,04,Appartement,1710.0,70000.0,155
2014-07-01,04,Appartement,1780.0,73500.0,183
2014-10-01,04,Appartement,1765.0,65000.0,195
2015-01-01,04,Appartement,1742.0,71750.0,154
2015-04-01,04,Appartement,1647.0,70000.0,173
2015-07-01,04,Appartement,1630.0,75000.0,183
2015-10-01,04,Appartement,1681.0,68500.0,191
2016-01-01,04,Appartement,1744.0,64000.0,156
2016-04-01,04,Appartement,1759.0,65570.0,243
2016-07-01,04,Appartement,1705.0,70860.0,206
2016-10-01,04,Appartement,1742.0,65000.0,217
2017-01-01,04,Appartement,1711.0,71625.0,216
2017-04-01,04,Appartement,1667.0,74625.0,260
2017-07-01,04,Appartement,1722.0,71600.0,220
2017-10-01,04,Appartement,1739.0,63000.0,239
2018-01-01,04,Appartement,1506.0,67950.0,218
2018-04-01,04,Appartement,1553.0,64200.0,248
2018-07-01,04,Appartement,1604.0,64100.0,236
2018-10-01,04,Appartement,1661.0,68930.0,193
2019-01-01,04,Appartement,1590.0,62765.0,244
2019-04-01,04,Appartement,1635.0,64000.0,282
2019-07-01,04,Appartement,1663.0,71000.0,305
2019-10-01,04,Appartement,1763.0,69635.0,346
2020-01-01,04,Appartement,1741.0,67280.0,234
2020-04-01,04,Appartement,1748.0,75000.0,246
2020-07-01,04,Appartement,1725.0,71806.0,272
2020-10-01,04,Appartement,1798.0,66950.0,436
2014-01-01,04,Ensemble,1851.0,116500.0,386
2014-04-01,04,Ensemble,1818.0,111570.0,329
2014-07-01,04,Ensemble,1973.0,120250.0,426
2014-10-01,04,Ensemble,1860.0,108000.0,422
2015-01-01,04,Ensemble,1818.0,110000.0,373
2015-04-01,04,Ensemble,1806.0,118200.0,390
2015-07-01,04,Ensemble,1833.0,112000.0,405
2015-10-01,04,Ensemble,1875.0,117000.0,447
2016-01-01,04,Ensemble,1834.0,115000.0,341
2016-04-01,04,Ensemble,1810.0,94300.0,449
2016-07-01,04,Ensemble,1875.0,116000.0,470
2016-10-01,04,Ensemble,1875.0,117500.0,494
2017-01-01,04,Ensemble,1875.0,115000.0,492
2017-04-01,04,Ensemble,1858.0,115000.0,569
2017-07-01,04,Ensemble,1924.0,127000.0,554
2017-10-01,04,Ensemble,1871.0,113700.0,533
2018-01-01,04,Ensemble,1788.0,110000.0,481
2018-04-01,04,Ensemble,1690.0,100000.0,527
2018-07-01,04,Ensemble,1874.0,116580.0,554
2018-10-01,04,Ensemble,1848.0,112500.0,443
2019-01-01,04,Ensemble,1744.0,100000.0,530
2019-04-01,04,Ensemble,1818.0,103650.0,616
2019-07-01,04,Ensemble,1851.0,115000.0,655
2019-10-01,04,Ensemble,1856.0,105000.0,704
2020-01-01,04,Ensemble,1943.0,117880.0,520
2020-04-01,04,Ensemble,1937.0,117400.0,532
2020-07-01,04,Ensemble,1905.0,120000.0,619
2020-10-01,04,Ensemble,2000.0,115000.0,913
2014-01-01,04,Maison,1941.0,160000.0,216
2014-04-01,04,Maison,1923.0,163500.0,174
2014-07-01,04,Maison,2082.0,173800.0,243
2014-10-01,04,Maison,1923.0,151500.0,227
2015-01-01,04,Maison,1887.0,154000.0,219
2015-04-01,04,Maison,2000.0,165000.0,217
2015-07-01,04,Maison,2087.0,164000.0,222
2015-10-01,04,Maison,2068.0,160500.0,256
2016-01-01,04,Maison,1956.0,170000.0,185
2016-04-01,04,Maison,1897.0,169000.0,206
2016-07-01,04,Maison,2045.0,169165.0,264
2016-10-01,04,Maison,1967.0,170000.0,277
2017-01-01,04,Maison,2007.0,172000.0,276
2017-04-01,04,Maison,2024.0,175000.0,309
2017-07-01,04,Maison,2085.0,170000.0,334
2017-10-01,04,Maison,2027.0,161500.0,294
2018-01-01,04,Maison,2047.0,177000.0,263
2018-04-01,04,Maison,1904.0,156500.0,279
2018-07-01,04,Maison,2097.0,181515.0,318
2018-10-01,04,Maison,2051.0,160000.0,250
2019-01-01,04,Maison,1883.0,160000.0,286
2019-04-01,04,Maison,2000.0,168500.0,334
2019-07-01,04,Maison,2118.0,170000.0,350
2019-10-01,04,Maison,1983.0,165000.0,358
2020-01-01,04,Maison,2111.0,177400.0,286
2020-04-01,04,Maison,2144.0,186500.0,286
2020-07-01,04,Maison,2095.0,170000.0,347
2020-10-01,04,Maison,2208.0,180025.0,477
2014-01-01,05,Appartement,2115.0,91536.0,370
2014-04-01,05,Appartement,2230.0,84150.0,341
2014-07-01,05,Appartement,2111.0,94000.0,401
2014-10-01,05,Appartement,2132.0,84500.0,411
2015-01-01,05,Appartement,2034.0,96000.0,307
2015-04-01,05,Appartement,2214.0,90650.0,381
2015-07-01,05,Appartement,2167.0,100500.0,409
2015-10-01,05,Appartement,2088.0,85000.0,464
2016-01-01,05,Appartement,1948.0,90000.0,320
2016-04-01,05,Appartement,2096.0,100000.0,357
2016-07-01,05,Appartement,2019.0,90000.0,409
2016-10-01,05,Appartement,2111.0,90000.0,477
2017-01-01,05,Appartement,2000.0,87200.0,396
2017-04-01,05,Appartement,2000.0,90000.0,441
2017-07-01,05,Appartement,2112.0,92000.0,420
2017-10-01,05,Appartement,2082.0,80023.0,500
2018-01-01,05,Appartement,2018.0,82000.0,393
2018-04-01,05,Appartement,1972.0,90000.0,493
2018-07-01,05,Appartement,2083.0,92380.0,458
2018-10-01,05,Appartement,2121.0,85000.0,491
2019-01-01,05,Appartement,2073.0,89110.0,445
2019-04-01,05,Appartement,2133.0,93210.0,524
2019-07-01,05,Appartement,2083.0,90000.0,549
2019-10-01,05,Appartement,2159.0,85000.0,651
2020-01-01,05,Appartement,2071.0,85000.0,447
2020-04-01,05,Appartement,2202.0,100000.0,445
2020-07-01,05,Appartement,2138.0,90000.0,483
2020-10-01,05,Appartement,2241.0,85500.0,759
2014-01-01,05,Ensemble,2185.0,105000.0,505
2014-04-01,05,Ensemble,2178.0,101000.0,448
2014-07-01,05,Ensemble,2155.0,115000.0,555
2014-10-01,05,Ensemble,2143.0,105000.0,569
2015-01-01,05,Ensemble,2090.0,116500.0,446
2015-04-01,05,Ensemble,2193.0,120000.0,559
2015-07-01,05,Ensemble,2160.0,120000.0,593
2015-10-01,05,Ensemble,2095.0,110000.0,662
2016-01-01,05,Ensemble,1956.0,104050.0,452
2016-04-01,05,Ensemble,2135.0,120000.0,520
2016-07-01,05,Ensemble,2111.0,110425.0,588
2016-10-01,05,Ensemble,2146.0,110000.0,684
2017-01-01,05,Ensemble,2047.0,110000.0,572
2017-04-01,05,Ensemble,2041.0,114000.0,635
2017-07-01,05,Ensemble,2157.0,120000.0,641
2017-10-01,05,Ensemble,2100.0,101485.0,720
2018-01-01,05,Ensemble,2031.0,100000.0,598
2018-04-01,05,Ensemble,2050.0,110000.0,699
2018-07-01,05,Ensemble,2097.0,117500.0,677
2018-10-01,05,Ensemble,2193.0,105500.0,706
2019-01-01,05,Ensemble,2140.0,103750.0,614
2019-04-01,05,Ensemble,2176.0,110000.0,743
2019-07-01,05,Ensemble,2162.0,115000.0,793
2019-10-01,05,Ensemble,2192.0,110000.0,919
2020-01-01,05,Ensemble,2105.0,108000.0,630
2020-04-01,05,Ensemble,2233.0,124610.0,628
2020-07-01,05,Ensemble,2197.0,120000.0,730
2020-10-01,05,Ensemble,2319.0,115000.0,1067
2014-01-01,05,Maison,2300.0,196000.0,135
2014-04-01,05,Maison,2041.0,180000.0,107
2014-07-01,05,Maison,2230.0,194300.0,154
2014-10-01,05,Maison,2171.0,190000.0,158
2015-01-01,05,Maison,2143.0,177000.0,139
2015-04-01,05,Maison,2179.0,185500.0,178
2015-07-01,05,Maison,2138.0,199500.0,184
2015-10-01,05,Maison,2106.0,179000.0,198
2016-01-01,05,Maison,1964.0,167500.0,132
2016-04-01,05,Maison,2146.0,200000.0,163
2016-07-01,05,Maison,2250.0,203785.0,179
2016-10-01,05,Maison,2238.0,181150.0,207
2017-01-01,05,Maison,2160.0,185836.0,176
2017-04-01,05,Maison,2131.0,201000.0,194
2017-07-01,05,Maison,2238.0,201000.0,221
2017-10-01,05,Maison,2156.0,199000.0,220
2018-01-01,05,Maison,2068.0,187500.0,205
2018-04-01,05,Maison,2155.0,204125.0,206
2018-07-01,05,Maison,2167.0,210000.0,219
2018-10-01,05,Maison,2333.0,195000.0,215
2019-01-01,05,Maison,2233.0,200000.0,169
2019-04-01,05,Maison,2245.0,200500.0,219
2019-07-01,05,Maison,2268.0,210000.0,244
2019-10-01,05,Maison,2312.0,212135.0,268
2020-01-01,05,Maison,2292.0,190000.0,183
2020-04-01,05,Maison,2364.0,206700.0,183
2020-07-01,05,Maison,2370.0,225000.0,247
2020-10-01,05,Maison,2472.0,236350.0,308
2014-01-01,06,Appartement,3631.0,180000.0,3400
2014-04-01,06,Appartement,3667.0,181000.0,3243
2014-07-01,06,Appartement,3667.0,180000.0,3545
2014-10-01,06,Appartement,3605.0,180000.0,3223
2015-01-01,06,Appartement,3593.0,176421.0,3144
2015-04-01,06,Appartement,3605.0,180000.0,3682
2015-07-01,06,Appartement,3636.0,185000.0,3972
2015-10-01,06,Appartement,3652.0,180000.0,4051
2016-01-01,06,Appartement,3579.0,180000.0,3591
2016-04-01,06,Appartement,3571.0,180000.0,4187
2016-07-01,06,Appartement,3656.0,182000.0,4344
2016-10-01,06,Appartement,3710.0,180000.0,4156
2017-01-01,06,Appartement,3619.0,183000.0,4382
2017-04-01,06,Appartement,3703.0,183000.0,4790
2017-07-01,06,Appartement,3774.0,190000.0,4667
2017-10-01,06,Appartement,3817.0,185000.0,4509
2018-01-01,06,Appartement,3724.0,186075.0,4125
2018-04-01,06,Appartement,3723.0,185125.0,3438
2018-07-01,06,Appartement,3750.0,186150.0,3113
2018-10-01,06,Appartement,3764.0,184275.0,1510
2019-01-01,06,Appartement,3886.0,190000.0,4759
2019-04-01,06,Appartement,3839.0,185400.0,5179
2019-07-01,06,Appartement,3943.0,195000.0,5402
2019-10-01,06,Appartement,4000.0,190000.0,5127
2020-01-01,06,Appartement,4000.0,199000.0,4643
2020-04-01,06,Appartement,3971.0,200000.0,4038
2020-07-01,06,Appartement,4028.0,192775.0,4636
2020-10-01,06,Appartement,4109.0,200000.0,5430
2014-01-01,06,Ensemble,3667.0,190000.0,3854
2014-04-01,06,Ensemble,3689.0,191435.0,3639
2014-07-01,06,Ensemble,3727.0,190000.0,4056
2014-10-01,06,Ensemble,3667.0,190000.0,3693
2015-01-01,06,Ensemble,3643.0,185000.0,3528
2015-04-01,06,Ensemble,3645.0,190000.0,4167
2015-07-01,06,Ensemble,3700.0,198000.0,4552
2015-10-01,06,Ensemble,3696.0,194000.0,4644
2016-01-01,06,Ensemble,3621.0,190000.0,4102
2016-04-01,06,Ensemble,3613.0,190000.0,4675
2016-07-01,06,Ensemble,3704.0,195000.0,4943
2016-10-01,06,Ensemble,3750.0,195000.0,4695
2017-01-01,06,Ensemble,3668.0,195000.0,4982
2017-04-01,06,Ensemble,3742.0,194500.0,5395
2017-07-01,06,Ensemble,3820.0,203000.0,5329
2017-10-01,06,Ensemble,3857.0,200000.0,5126
2018-01-01,06,Ensemble,3768.0,197988.0,4648
2018-04-01,06,Ensemble,3777.0,199000.0,3842
2018-07-01,06,Ensemble,3819.0,200000.0,3485
2018-10-01,06,Ensemble,3862.0,195000.0,1680
2019-01-01,06,Ensemble,3913.0,200000.0,5327
2019-04-01,06,Ensemble,3874.0,200000.0,5818
2019-07-01,06,Ensemble,4000.0,210000.0,6168
2019-10-01,06,Ensemble,4037.0,200000.0,5769
2020-01-01,06,Ensemble,4038.0,210000.0,5186
2020-04-01,06,Ensemble,4032.0,210000.0,4575
2020-07-01,06,Ensemble,4066.0,205000.0,5297
2020-10-01,06,Ensemble,4167.0,214000.0,6176
2014-01-01,06,Maison,4121.0,332842.0,454
2014-04-01,06,Maison,3923.0,339950.0,396
2014-07-01,06,Maison,4200.0,375000.0,511
2014-10-01,06,Maison,4244.0,342257.0,470
2015-01-01,06,Maison,4167.0,346300.0,384
2015-04-01,06,Maison,4082.0,350000.0,485
2015-07-01,06,Maison,4217.0,364500.0,580
2015-10-01,06,Maison,4118.0,368000.0,593
2016-01-01,06,Maison,3971.0,352000.0,511
2016-04-01,06,Maison,3988.0,345000.0,488
2016-07-01,06,Maison,4094.0,359100.0,599
2016-10-01,06,Maison,4146.0,350000.0,539
2017-01-01,06,Maison,4094.0,342450.0,600
2017-04-01,06,Maison,4026.0,350000.0,605
2017-07-01,06,Maison,4167.0,380150.0,662
2017-10-01,06,Maison,4220.0,356000.0,617
2018-01-01,06,Maison,4174.0,359000.0,523
2018-04-01,06,Maison,4286.0,372500.0,404
2018-07-01,06,Maison,4581.0,414000.0,372
2018-10-01,06,Maison,4943.0,438500.0,170
2019-01-01,06,Maison,4225.0,365000.0,568
2019-04-01,06,Maison,4271.0,375000.0,639
2019-07-01,06,Maison,4302.0,390000.0,766
2019-10-01,06,Maison,4381.0,384000.0,642
2020-01-01,06,Maison,4388.0,390000.0,543
2020-04-01,06,Maison,4417.0,390000.0,537
2020-07-01,06,Maison,4333.0,388500.0,661
2020-10-01,06,Maison,4590.0,400000.0,746
2014-01-01,07,Appartement,1325.0,90000.0,148
2014-04-01,07,Appartement,1231.0,80000.0,151
2014-07-01,07,Appartement,1323.0,86000.0,151
2014-10-01,07,Appartement,1324.0,83000.0,119
2015-01-01,07,Appartement,1287.0,82500.0,153
2015-04-01,07,Appartement,1352.0,83385.0,172
2015-07-01,07,Appartement,1348.0,84350.0,178
2015-10-01,07,Appartement,1271.0,81500.0,198
2016-01-01,07,Appartement,1323.0,79845.0,146
2016-04-01,07,Appartement,1200.0,78000.0,197
2016-07-01,07,Appartement,1249.0,82650.0,200
2016-10-01,07,Appartement,1338.0,83500.0,185
2017-01-01,07,Appartement,1338.0,88000.0,178
2017-04-01,07,Appartement,1353.0,86000.0,203
2017-07-01,07,Appartement,1220.0,78100.0,188
2017-10-01,07,Appartement,1269.0,90000.0,180
2018-01-01,07,Appartement,1311.0,80000.0,164
2018-04-01,07,Appartement,1287.0,79000.0,110
2018-07-01,07,Appartement,1267.0,92000.0,99
2018-10-01,07,Appartement,1278.0,90000.0,63
2019-01-01,07,Appartement,1206.0,80000.0,221
2019-04-01,07,Appartement,1275.0,79000.0,231
2019-07-01,07,Appartement,1299.0,78750.0,218
2019-10-01,07,Appartement,1429.0,90169.0,245
2020-01-01,07,Appartement,1227.0,80660.0,211
2020-04-01,07,Appartement,1313.0,85000.0,206
2020-07-01,07,Appartement,1376.0,93250.0,192
2020-10-01,07,Appartement,1487.0,93150.0,284
2014-01-01,07,Ensemble,1533.0,120000.0,528
2014-04-01,07,Ensemble,1513.0,119075.0,602
2014-07-01,07,Ensemble,1578.0,128425.0,644
2014-10-01,07,Ensemble,1569.0,129000.0,553
2015-01-01,07,Ensemble,1522.0,114000.0,497
2015-04-01,07,Ensemble,1515.0,121500.0,615
2015-07-01,07,Ensemble,1591.0,127000.0,735
2015-10-01,07,Ensemble,1557.0,120000.0,764
2016-01-01,07,Ensemble,1466.0,117000.0,546
2016-04-01,07,Ensemble,1533.0,125000.0,728
2016-07-01,07,Ensemble,1529.0,130000.0,735
2016-10-01,07,Ensemble,1591.0,125000.0,741
2017-01-01,07,Ensemble,1588.0,120000.0,676
2017-04-01,07,Ensemble,1583.0,127500.0,752
2017-07-01,07,Ensemble,1587.0,130000.0,865
2017-10-01,07,Ensemble,1558.0,126000.0,815
2018-01-01,07,Ensemble,1623.0,130000.0,682
2018-04-01,07,Ensemble,1505.0,128050.0,376
2018-07-01,07,Ensemble,1658.0,145000.0,390
2018-10-01,07,Ensemble,1608.0,135900.0,238
2019-01-01,07,Ensemble,1547.0,120000.0,803
2019-04-01,07,Ensemble,1564.0,126000.0,847
2019-07-01,07,Ensemble,1607.0,135000.0,909
2019-10-01,07,Ensemble,1628.0,133425.0,1006
2020-01-01,07,Ensemble,1568.0,120000.0,760
2020-04-01,07,Ensemble,1606.0,127500.0,775
2020-07-01,07,Ensemble,1708.0,140000.0,869
2020-10-01,07,Ensemble,1733.0,144675.0,1240
2014-01-01,07,Maison,1577.0,139750.0,380
2014-04-01,07,Maison,1620.0,140000.0,451
2014-07-01,07,Maison,1657.0,145900.0,493
2014-10-01,07,Maison,1614.0,140000.0,434
2015-01-01,07,Maison,1655.0,139500.0,344
2015-04-01,07,Maison,1612.0,142000.0,443
2015-07-01,07,Maison,1646.0,144000.0,557
2015-10-01,07,Maison,1669.0,144000.0,566
2016-01-01,07,Maison,1525.0,131362.0,400
2016-04-01,07,Maison,1654.0,147000.0,531
2016-07-01,07,Maison,1661.0,154000.0,535
2016-10-01,07,Maison,1698.0,150000.0,556
2017-01-01,07,Maison,1679.0,139650.0,498
2017-04-01,07,Maison,1709.0,147500.0,549
2017-07-01,07,Maison,1681.0,150000.0,677
2017-10-01,07,Maison,1625.0,143000.0,635
2018-01-01,07,Maison,1716.0,150000.0,518
2018-04-01,07,Maison,1645.0,155000.0,266
2018-07-01,07,Maison,1792.0,158450.0,291
2018-10-01,07,Maison,1667.0,155000.0,175
2019-01-01,07,Maison,1706.0,147250.0,582
2019-04-01,07,Maison,1700.0,150000.0,616
2019-07-01,07,Maison,1743.0,157000.0,691
2019-10-01,07,Maison,1717.0,151000.0,761
2020-01-01,07,Maison,1730.0,149000.0,549
2020-04-01,07,Maison,1725.0,154000.0,569
2020-07-01,07,Maison,1765.0,160000.0,677
2020-10-01,07,Maison,1833.0,164117.0,956
2014-01-01,08,Appartement,1024.0,65000.0,61
2014-04-01,08,Appartement,907.0,62500.0,66
2014-07-01,08,Appartement,1000.0,62000.0,63
2014-10-01,08,Appartement,885.0,42500.0,57
2015-01-01,08,Appartement,1058.0,68000.0,63
2015-04-01,08,Appartement,862.0,58000.0,93
2015-07-01,08,Appartement,988.0,65350.0,80
2015-10-01,08,Appartement,887.0,55000.0,71
2016-01-01,08,Appartement,920.0,50500.0,78
2016-04-01,08,Appartement,943.0,58000.0,101
2016-07-01,08,Appartement,1000.0,69550.0,73
2016-10-01,08,Appartement,857.0,55000.0,81
2017-01-01,08,Appartement,836.0,50500.0,90
2017-04-01,08,Appartement,910.0,57000.0,95
2017-07-01,08,Appartement,1015.0,65000.0,74
2017-10-01,08,Appartement,901.0,56500.0,102
2018-01-01,08,Appartement,979.0,66000.0,86
2018-04-01,08,Appartement,921.0,63500.0,96
2018-07-01,08,Appartement,881.0,54000.0,91
2019-01-01,08,Appartement,909.0,56500.0,106
2019-04-01,08,Appartement,1020.0,60000.0,111
2019-07-01,08,Appartement,955.0,55000.0,110
2019-10-01,08,Appartement,900.0,58000.0,117
2020-01-01,08,Appartement,1023.0,68500.0,99
2020-04-01,08,Appartement,937.0,62700.0,114
2020-07-01,08,Appartement,963.0,57500.0,112
2020-10-01,08,Appartement,975.0,59000.0,120
2014-01-01,08,Ensemble,1029.0,90000.0,392
2014-04-01,08,Ensemble,1033.0,90000.0,449
2014-07-01,08,Ensemble,1078.0,100000.0,489
2014-10-01,08,Ensemble,1000.0,90000.0,474
2015-01-01,08,Ensemble,1053.0,95000.0,403
2015-04-01,08,Ensemble,1022.0,90000.0,491
2015-07-01,08,Ensemble,1077.0,100000.0,529
2015-10-01,08,Ensemble,975.0,90000.0,537
2016-01-01,08,Ensemble,958.0,78000.0,430
2016-04-01,08,Ensemble,968.0,81000.0,549
2016-07-01,08,Ensemble,1056.0,93000.0,632
2016-10-01,08,Ensemble,970.0,85000.0,544
2017-01-01,08,Ensemble,1059.0,93000.0,545
2017-04-01,08,Ensemble,1033.0,95000.0,548
2017-07-01,08,Ensemble,1091.0,102500.0,572
2017-10-01,08,Ensemble,979.0,88000.0,604
2018-01-01,08,Ensemble,1045.0,95000.0,557
2018-04-01,08,Ensemble,1042.0,90000.0,605
2018-07-01,08,Ensemble,1100.0,98000.0,623
2018-10-01,08,Ensemble,1143.0,100500.0,230
2019-01-01,08,Ensemble,980.0,89000.0,609
2019-04-01,08,Ensemble,1031.0,90000.0,625
2019-07-01,08,Ensemble,1061.0,94000.0,699
2019-10-01,08,Ensemble,1000.0,88000.0,702
2020-01-01,08,Ensemble,1056.0,100000.0,501
2020-04-01,08,Ensemble,1000.0,91000.0,592
2020-07-01,08,Ensemble,1062.0,102000.0,666
2020-10-01,08,Ensemble,1041.0,90000.0,854
2014-01-01,08,Maison,1034.0,100000.0,331
2014-04-01,08,Maison,1063.0,100000.0,383
2014-07-01,08,Maison,1084.0,108750.0,426
2014-10-01,08,Maison,1024.0,95000.0,417
2015-01-01,08,Maison,1050.0,100000.0,340
2015-04-01,08,Maison,1080.0,100000.0,398
2015-07-01,08,Maison,1090.0,105000.0,449
2015-10-01,08,Maison,990.0,95000.0,466
2016-01-01,08,Maison,972.0,85550.0,352
2016-04-01,08,Maison,968.0,90000.0,448
2016-07-01,08,Maison,1078.0,100000.0,559
2016-10-01,08,Maison,1000.0,95000.0,463
2017-01-01,08,Maison,1089.0,100000.0,455
2017-04-01,08,Maison,1078.0,105000.0,453
2017-07-01,08,Maison,1114.0,110000.0,498
2017-10-01,08,Maison,1021.0,96500.0,502
2018-01-01,08,Maison,1053.0,100000.0,471
2018-04-01,08,Maison,1073.0,99000.0,509
2018-07-01,08,Maison,1143.0,109000.0,532
2018-10-01,08,Maison,1169.0,110000.0,201
2019-01-01,08,Maison,1000.0,95000.0,503
2019-04-01,08,Maison,1032.0,98000.0,514
2019-07-01,08,Maison,1073.0,100000.0,589
2019-10-01,08,Maison,1024.0,98000.0,585
2020-01-01,08,Maison,1076.0,109900.0,402
2020-04-01,08,Maison,1026.0,105000.0,478
2020-07-01,08,Maison,1089.0,110000.0,554
2020-10-01,08,Maison,1064.0,100000.0,734
2014-04-01,09,Appartement,1277.0,62000.0,51
2014-07-01,09,Appartement,1385.0,65000.0,65
2014-10-01,09,Appartement,1370.0,65000.0,57
2015-04-01,09,Appartement,1056.0,56000.0,57
2015-07-01,09,Appartement,1264.0,55000.0,58
2015-10-01,09,Appartement,1594.0,65000.0,56
2016-04-01,09,Appartement,1160.0,60000.0,53
2016-07-01,09,Appartement,1246.0,62260.0,54
2016-10-01,09,Appartement,1243.0,58500.0,81
2017-01-01,09,Appartement,1162.0,55000.0,66
2017-04-01,09,Appartement,1277.0,53000.0,65
2017-07-01,09,Appartement,1252.0,54700.0,68
2017-10-01,09,Appartement,1148.0,50000.0,75
2019-01-01,09,Appartement,1250.0,54500.0,77
2019-04-01,09,Appartement,1190.0,50000.0,87
2019-07-01,09,Appartement,1134.0,56000.0,90
2019-10-01,09,Appartement,1238.0,58000.0,95
2020-01-01,09,Appartement,1197.0,58000.0,91
2020-04-01,09,Appartement,1321.0,57000.0,81
2020-07-01,09,Appartement,1271.0,60500.0,86
2020-10-01,09,Appartement,1299.0,59500.0,103
2014-01-01,09,Ensemble,1182.0,89175.0,326
2014-04-01,09,Ensemble,1157.0,86000.0,337
2014-07-01,09,Ensemble,1215.0,100000.0,385
2014-10-01,09,Ensemble,1296.0,90000.0,362
2015-01-01,09,Ensemble,1100.0,85000.0,307
2015-04-01,09,Ensemble,1118.0,86000.0,371
2015-07-01,09,Ensemble,1193.0,92050.0,412
2015-10-01,09,Ensemble,1156.0,86490.0,425
2016-01-01,09,Ensemble,1133.0,86000.0,357
2016-04-01,09,Ensemble,1065.0,83500.0,396
2016-07-01,09,Ensemble,1188.0,95000.0,486
2016-10-01,09,Ensemble,1161.0,81835.0,442
2017-01-01,09,Ensemble,1133.0,86400.0,479
2017-04-01,09,Ensemble,1122.0,88000.0,475
2017-07-01,09,Ensemble,1165.0,90000.0,501
2017-10-01,09,Ensemble,1133.0,88800.0,505
2018-01-01,09,Ensemble,1237.0,82000.0,191
2018-04-01,09,Ensemble,1159.0,86500.0,242
2018-07-01,09,Ensemble,1219.0,90000.0,176
2018-10-01,09,Ensemble,1141.0,88250.0,330
2019-01-01,09,Ensemble,1164.0,83000.0,489
2019-04-01,09,Ensemble,1172.0,81750.0,540
2019-07-01,09,Ensemble,1205.0,95000.0,590
2019-10-01,09,Ensemble,1167.0,87000.0,599
2020-01-01,09,Ensemble,1193.0,85690.0,530
2020-04-01,09,Ensemble,1250.0,86000.0,483
2020-07-01,09,Ensemble,1247.0,94000.0,597
2020-10-01,09,Ensemble,1282.0,103250.0,764
2014-01-01,09,Maison,1176.0,95000.0,281
2014-04-01,09,Maison,1104.0,90500.0,286
2014-07-01,09,Maison,1188.0,108800.0,320
2014-10-01,09,Maison,1270.0,102000.0,305
2015-01-01,09,Maison,1091.0,90000.0,270
2015-04-01,09,Maison,1131.0,95000.0,314
2015-07-01,09,Maison,1166.0,105000.0,354
2015-10-01,09,Maison,1103.0,93000.0,369
2016-01-01,09,Maison,1118.0,94000.0,309
2016-04-01,09,Maison,1062.0,90000.0,343
2016-07-01,09,Maison,1175.0,103750.0,432
2016-10-01,09,Maison,1136.0,95000.0,361
2017-01-01,09,Maison,1117.0,96625.0,413
2017-04-01,09,Maison,1079.0,95200.0,410
2017-07-01,09,Maison,1147.0,99900.0,433
2017-10-01,09,Maison,1131.0,98500.0,430
2018-01-01,09,Maison,1191.0,90000.0,160
2018-04-01,09,Maison,1206.0,104000.0,199
2018-07-01,09,Maison,1208.0,102400.0,146
2018-10-01,09,Maison,1141.0,95000.0,286
2019-01-01,09,Maison,1137.0,92405.0,412
2019-04-01,09,Maison,1171.0,97000.0,453
2019-07-01,09,Maison,1211.0,110000.0,500
2019-10-01,09,Maison,1133.0,98900.0,504
2020-01-01,09,Maison,1190.0,99000.0,439
2020-04-01,09,Maison,1238.0,100000.0,402
2020-07-01,09,Maison,1240.0,105000.0,511
2020-10-01,09,Maison,1278.0,110000.0,661
2014-01-01,10,Appartement,1275.0,70074.0,238
2014-04-01,10,Appartement,1268.0,67900.0,217
2014-07-01,10,Appartement,1261.0,73000.0,250
2014-10-01,10,Appartement,1183.0,65000.0,214
2015-01-01,10,Appartement,1155.0,62400.0,196
2015-04-01,10,Appartement,1206.0,71000.0,252
2015-07-01,10,Appartement,1230.0,66000.0,247
2015-10-01,10,Appartement,1222.0,68000.0,240
2016-01-01,10,Appartement,1200.0,70000.0,201
2016-04-01,10,Appartement,1156.0,64250.0,284
2016-07-01,10,Appartement,1250.0,65000.0,264
2016-10-01,10,Appartement,1200.0,70000.0,259
2017-01-01,10,Appartement,1300.0,65000.0,277
2017-04-01,10,Appartement,1252.0,69560.0,292
2017-07-01,10,Appartement,1279.0,72000.0,283
2017-10-01,10,Appartement,1261.0,65000.0,281
2018-01-01,10,Appartement,1197.0,67000.0,249
2018-04-01,10,Appartement,1286.0,67500.0,258
2018-07-01,10,Appartement,1275.0,67000.0,255
2018-10-01,10,Appartement,1367.0,73000.0,273
2019-01-01,10,Appartement,1270.0,73250.0,274
2019-04-01,10,Appartement,1250.0,68750.0,344
2019-07-01,10,Appartement,1318.0,71000.0,354
2019-10-01,10,Appartement,1310.0,69250.0,334
2020-01-01,10,Appartement,1360.0,71500.0,308
2020-04-01,10,Appartement,1316.0,74700.0,300
2020-07-01,10,Appartement,1379.0,75000.0,318
2020-10-01,10,Appartement,1409.0,75000.0,388
2014-01-01,10,Ensemble,1297.0,95000.0,572
2014-04-01,10,Ensemble,1302.0,100000.0,656
2014-07-01,10,Ensemble,1299.0,100000.0,716
2014-10-01,10,Ensemble,1250.0,95000.0,609
2015-01-01,10,Ensemble,1214.0,90000.0,594
2015-04-01,10,Ensemble,1250.0,94500.0,704
2015-07-01,10,Ensemble,1316.0,105500.0,791
2015-10-01,10,Ensemble,1252.0,100000.0,742
2016-01-01,10,Ensemble,1280.0,102200.0,631
2016-04-01,10,Ensemble,1238.0,92000.0,776
2016-07-01,10,Ensemble,1304.0,109900.0,818
2016-10-01,10,Ensemble,1273.0,100000.0,760
2017-01-01,10,Ensemble,1309.0,100000.0,738
2017-04-01,10,Ensemble,1250.0,97000.0,815
2017-07-01,10,Ensemble,1335.0,105000.0,888
2017-10-01,10,Ensemble,1275.0,98000.0,803
2018-01-01,10,Ensemble,1227.0,90000.0,718
2018-04-01,10,Ensemble,1302.0,97575.0,776
2018-07-01,10,Ensemble,1304.0,105000.0,893
2018-10-01,10,Ensemble,1357.0,100000.0,832
2019-01-01,10,Ensemble,1293.0,97000.0,803
2019-04-01,10,Ensemble,1281.0,94000.0,913
2019-07-01,10,Ensemble,1344.0,103750.0,1052
2019-10-01,10,Ensemble,1327.0,93000.0,975
2020-01-01,10,Ensemble,1356.0,99000.0,832
2020-04-01,10,Ensemble,1321.0,99000.0,821
2020-07-01,10,Ensemble,1338.0,100390.0,970
2020-10-01,10,Ensemble,1409.0,108000.0,1187
2014-01-01,10,Maison,1312.0,119500.0,334
2014-04-01,10,Maison,1320.0,120000.0,439
2014-07-01,10,Maison,1314.0,120000.0,466
2014-10-01,10,Maison,1370.0,120000.0,395
2015-01-01,10,Maison,1256.0,117100.0,398
2015-04-01,10,Maison,1294.0,117500.0,452
2015-07-01,10,Maison,1362.0,125000.0,544
2015-10-01,10,Maison,1290.0,118750.0,502
2016-01-01,10,Maison,1327.0,125000.0,430
2016-04-01,10,Maison,1286.0,121000.0,492
2016-07-01,10,Maison,1345.0,130000.0,554
2016-10-01,10,Maison,1324.0,120000.0,501
2017-01-01,10,Maison,1319.0,125000.0,461
2017-04-01,10,Maison,1244.0,121200.0,523
2017-07-01,10,Maison,1377.0,128500.0,605
2017-10-01,10,Maison,1286.0,125000.0,522
2018-01-01,10,Maison,1252.0,117000.0,469
2018-04-01,10,Maison,1319.0,119500.0,518
2018-07-01,10,Maison,1328.0,124500.0,638
2018-10-01,10,Maison,1340.0,125000.0,559
2019-01-01,10,Maison,1321.0,120000.0,529
2019-04-01,10,Maison,1312.0,123000.0,569
2019-07-01,10,Maison,1365.0,129875.0,698
2019-10-01,10,Maison,1333.0,123000.0,641
2020-01-01,10,Maison,1355.0,128000.0,524
2020-04-01,10,Maison,1327.0,128000.0,521
2020-07-01,10,Maison,1315.0,128500.0,652
2020-10-01,10,Maison,1408.0,135000.0,799
2014-01-01,11,Appartement,1944.0,72000.0,279
2014-04-01,11,Appartement,1836.0,69000.0,306
2014-07-01,11,Appartement,1940.0,72500.0,328
2014-10-01,11,Appartement,1928.0,75700.0,317
2015-01-01,11,Appartement,1925.0,71000.0,283
2015-04-01,11,Appartement,1818.0,72000.0,323
2015-07-01,11,Appartement,1833.0,72000.0,345
2015-10-01,11,Appartement,1805.0,73000.0,401
2016-01-01,11,Appartement,1826.0,70000.0,286
2016-04-01,11,Appartement,1750.0,68500.0,354
2016-07-01,11,Appartement,1887.0,74385.0,362
2016-10-01,11,Appartement,1974.0,73070.0,431
2017-01-01,11,Appartement,1852.0,72000.0,377
2017-04-01,11,Appartement,1793.0,66950.0,432
2017-07-01,11,Appartement,1910.0,72000.0,433
2017-10-01,11,Appartement,1915.0,70000.0,446
2018-01-01,11,Appartement,1760.0,70000.0,408
2018-04-01,11,Appartement,1829.0,71770.0,402
2018-07-01,11,Appartement,1885.0,69600.0,326
2018-10-01,11,Appartement,1535.0,58500.0,88
2019-01-01,11,Appartement,1786.0,68000.0,407
2019-04-01,11,Appartement,1778.0,68000.0,449
2019-07-01,11,Appartement,1875.0,66299.0,515
2019-10-01,11,Appartement,1857.0,71500.0,546
2020-01-01,11,Appartement,1850.0,68500.0,478
2020-04-01,11,Appartement,1823.0,71000.0,428
2020-07-01,11,Appartement,1856.0,72475.0,484
2020-10-01,11,Appartement,1901.0,70000.0,587
2014-01-01,11,Ensemble,1568.0,103500.0,1037
2014-04-01,11,Ensemble,1560.0,100000.0,1070
2014-07-01,11,Ensemble,1611.0,108750.0,1206
2014-10-01,11,Ensemble,1612.0,107350.0,1172
2015-01-01,11,Ensemble,1543.0,104000.0,1025
2015-04-01,11,Ensemble,1528.0,100000.0,1169
2015-07-01,11,Ensemble,1559.0,110000.0,1364
2015-10-01,11,Ensemble,1567.0,105000.0,1424
2016-01-01,11,Ensemble,1516.0,103000.0,1131
2016-04-01,11,Ensemble,1513.0,100000.0,1345
2016-07-01,11,Ensemble,1596.0,107000.0,1399
2016-10-01,11,Ensemble,1645.0,108000.0,1485
2017-01-01,11,Ensemble,1555.0,101000.0,1400
2017-04-01,11,Ensemble,1545.0,100750.0,1507
2017-07-01,11,Ensemble,1643.0,107000.0,1557
2017-10-01,11,Ensemble,1630.0,101500.0,1616
2018-01-01,11,Ensemble,1551.0,102000.0,1439
2018-04-01,11,Ensemble,1611.0,106000.0,1396
2018-07-01,11,Ensemble,1686.0,110625.0,1122
2018-10-01,11,Ensemble,1392.0,105000.0,371
2019-01-01,11,Ensemble,1600.0,104500.0,1314
2019-04-01,11,Ensemble,1592.0,106195.0,1584
2019-07-01,11,Ensemble,1667.0,108000.0,1777
2019-10-01,11,Ensemble,1625.0,105000.0,1809
2020-01-01,11,Ensemble,1600.0,102000.0,1505
2020-04-01,11,Ensemble,1600.0,103650.0,1460
2020-07-01,11,Ensemble,1620.0,106000.0,1730
2020-10-01,11,Ensemble,1703.0,111948.0,2120
2014-01-01,11,Maison,1467.0,120000.0,758
2014-04-01,11,Maison,1453.0,119972.0,764
2014-07-01,11,Maison,1532.0,127500.0,878
2014-10-01,11,Maison,1509.0,122000.0,855
2015-01-01,11,Maison,1431.0,120000.0,742
2015-04-01,11,Maison,1421.0,118000.0,846
2015-07-01,11,Maison,1462.0,128000.0,1019
2015-10-01,11,Maison,1476.0,126000.0,1023
2016-01-01,11,Maison,1426.0,119000.0,845
2016-04-01,11,Maison,1436.0,117000.0,991
2016-07-01,11,Maison,1497.0,121000.0,1037
2016-10-01,11,Maison,1555.0,125000.0,1054
2017-01-01,11,Maison,1474.0,120000.0,1023
2017-04-01,11,Maison,1462.0,122000.0,1075
2017-07-01,11,Maison,1523.0,125000.0,1124
2017-10-01,11,Maison,1570.0,123898.0,1170
2018-01-01,11,Maison,1495.0,125000.0,1031
2018-04-01,11,Maison,1518.0,128100.0,994
2018-07-01,11,Maison,1641.0,135000.0,796
2018-10-01,11,Maison,1358.0,128400.0,283
2019-01-01,11,Maison,1523.0,127900.0,907
2019-04-01,11,Maison,1538.0,130000.0,1135
2019-07-01,11,Maison,1610.0,130000.0,1262
2019-10-01,11,Maison,1542.0,126550.0,1263
2020-01-01,11,Maison,1512.0,127020.0,1027
2020-04-01,11,Maison,1513.0,130000.0,1032
2020-07-01,11,Maison,1558.0,130000.0,1246
2020-10-01,11,Maison,1641.0,135000.0,1533
2014-01-01,12,Appartement,1314.0,79000.0,193
2014-04-01,12,Appartement,1229.0,77500.0,186
2014-07-01,12,Appartement,1395.0,75350.0,198
2014-10-01,12,Appartement,1331.0,79000.0,174
2015-01-01,12,Appartement,1289.0,74700.0,170
2015-04-01,12,Appartement,1292.0,75000.0,215
2015-07-01,12,Appartement,1340.0,77000.0,185
2015-10-01,12,Appartement,1312.0,74000.0,197
2016-01-01,12,Appartement,1345.0,80500.0,172
2016-04-01,12,Appartement,1336.0,77000.0,246
2016-07-01,12,Appartement,1342.0,76000.0,264
2016-10-01,12,Appartement,1298.0,76900.0,220
2017-01-01,12,Appartement,1361.0,79600.0,212
2017-04-01,12,Appartement,1423.0,84000.0,275
2017-07-01,12,Appartement,1392.0,79250.0,244
2017-10-01,12,Appartement,1435.0,82300.0,183
2018-01-01,12,Appartement,1074.0,72225.0,54
2018-04-01,12,Appartement,1186.0,73430.0,61
2019-01-01,12,Appartement,1383.0,75750.0,258
2019-04-01,12,Appartement,1511.0,87850.0,263
2019-07-01,12,Appartement,1551.0,84000.0,303
2019-10-01,12,Appartement,1505.0,86400.0,305
2020-01-01,12,Appartement,1564.0,85000.0,253
2020-04-01,12,Appartement,1537.0,90000.0,261
2020-07-01,12,Appartement,1649.0,88500.0,256
2020-10-01,12,Appartement,1660.0,89000.0,350
2014-01-01,12,Ensemble,1211.0,90000.0,555
2014-04-01,12,Ensemble,1190.0,85000.0,514
2014-07-01,12,Ensemble,1310.0,92000.0,567
2014-10-01,12,Ensemble,1246.0,90000.0,571
2015-01-01,12,Ensemble,1240.0,89070.0,498
2015-04-01,12,Ensemble,1248.0,87200.0,614
2015-07-01,12,Ensemble,1288.0,94000.0,631
2015-10-01,12,Ensemble,1226.0,95000.0,654
2016-01-01,12,Ensemble,1176.0,87500.0,513
2016-04-01,12,Ensemble,1265.0,90950.0,688
2016-07-01,12,Ensemble,1244.0,88500.0,718
2016-10-01,12,Ensemble,1257.0,90000.0,719
2017-01-01,12,Ensemble,1278.0,90000.0,670
2017-04-01,12,Ensemble,1279.0,97000.0,749
2017-07-01,12,Ensemble,1281.0,99000.0,743
2017-10-01,12,Ensemble,1226.0,93100.0,595
2018-01-01,12,Ensemble,1074.0,80000.0,189
2018-04-01,12,Ensemble,1131.0,81250.0,202
2019-01-01,12,Ensemble,1252.0,81200.0,715
2019-04-01,12,Ensemble,1302.0,92000.0,756
2019-07-01,12,Ensemble,1370.0,97135.0,886
2019-10-01,12,Ensemble,1314.0,99000.0,923
2020-01-01,12,Ensemble,1317.0,94000.0,748
2020-04-01,12,Ensemble,1414.0,102700.0,718
2020-07-01,12,Ensemble,1287.0,98300.0,853
2020-10-01,12,Ensemble,1413.0,103000.0,1079
2014-01-01,12,Maison,1137.0,100000.0,362
2014-04-01,12,Maison,1168.0,91200.0,328
2014-07-01,12,Maison,1218.0,112000.0,369
2014-10-01,12,Maison,1200.0,100000.0,397
2015-01-01,12,Maison,1224.0,105000.0,328
2015-04-01,12,Maison,1178.0,100000.0,399
2015-07-01,12,Maison,1254.0,110000.0,446
2015-10-01,12,Maison,1183.0,111000.0,457
2016-01-01,12,Maison,1060.0,95000.0,341
2016-04-01,12,Maison,1211.0,104000.0,442
2016-07-01,12,Maison,1191.0,100000.0,454
2016-10-01,12,Maison,1230.0,110000.0,499
2017-01-01,12,Maison,1218.0,100660.0,458
2017-04-01,12,Maison,1168.0,106510.0,474
2017-07-01,12,Maison,1250.0,120000.0,499
2017-10-01,12,Maison,1152.0,100000.0,412
2018-01-01,12,Maison,1173.0,84500.0,135
2018-04-01,12,Maison,1099.0,88000.0,141
2019-01-01,12,Maison,1129.0,90000.0,457
2019-04-01,12,Maison,1111.0,95000.0,493
2019-07-01,12,Maison,1226.0,108400.0,583
2019-10-01,12,Maison,1210.0,106550.0,618
2020-01-01,12,Maison,1222.0,105000.0,495
2020-04-01,12,Maison,1292.0,116500.0,457
2020-07-01,12,Maison,1175.0,105000.0,597
2020-10-01,12,Maison,1261.0,115000.0,729
2014-01-01,13,Appartement,2500.0,143000.0,2889
2014-04-01,13,Appartement,2491.0,143000.0,3058
2014-07-01,13,Appartement,2505.0,143000.0,2877
2014-10-01,13,Appartement,2500.0,140000.0,2611
2015-01-01,13,Appartement,2446.0,140000.0,2753
2015-04-01,13,Appartement,2448.0,141000.0,3081
2015-07-01,13,Appartement,2500.0,142000.0,3663
2015-10-01,13,Appartement,2471.0,140000.0,3447
2016-01-01,13,Appartement,2400.0,135000.0,3050
2016-04-01,13,Appartement,2456.0,136870.0,3576
2016-07-01,13,Appartement,2507.0,142550.0,3838
2016-10-01,13,Appartement,2511.0,140000.0,3493
2017-01-01,13,Appartement,2515.0,142000.0,3873
2017-04-01,13,Appartement,2554.0,142000.0,4232
2017-07-01,13,Appartement,2567.0,145000.0,4170
2017-10-01,13,Appartement,2562.0,139500.0,3872
2018-01-01,13,Appartement,2586.0,144010.0,3811
2018-04-01,13,Appartement,2463.0,139582.0,3427
2018-07-01,13,Appartement,2565.0,143000.0,2772
2018-10-01,13,Appartement,2775.0,152110.0,1930
2019-01-01,13,Appartement,2592.0,143000.0,4129
2019-04-01,13,Appartement,2634.0,146000.0,4440
2019-07-01,13,Appartement,2757.0,150000.0,5026
2019-10-01,13,Appartement,2769.0,147000.0,4541
2020-01-01,13,Appartement,2795.0,150000.0,3843
2020-04-01,13,Appartement,2754.0,152975.0,3718
2020-07-01,13,Appartement,2881.0,156900.0,4567
2020-10-01,13,Appartement,2868.0,155000.0,5263
2014-01-01,13,Ensemble,2692.0,170000.0,4150
2014-04-01,13,Ensemble,2707.0,170000.0,4442
2014-07-01,13,Ensemble,2750.0,178650.0,4371
2014-10-01,13,Ensemble,2727.0,175000.0,3989
2015-01-01,13,Ensemble,2657.0,169000.0,4044
2015-04-01,13,Ensemble,2655.0,173000.0,4595
2015-07-01,13,Ensemble,2753.0,184100.0,5678
2015-10-01,13,Ensemble,2706.0,180000.0,5272
2016-01-01,13,Ensemble,2681.0,170165.0,4586
2016-04-01,13,Ensemble,2672.0,170000.0,5252
2016-07-01,13,Ensemble,2778.0,181900.0,5906
2016-10-01,13,Ensemble,2757.0,177385.0,5302
2017-01-01,13,Ensemble,2749.0,177951.0,5672
2017-04-01,13,Ensemble,2778.0,176000.0,6273
2017-07-01,13,Ensemble,2862.0,187925.0,6416
2017-10-01,13,Ensemble,2787.0,174600.0,5832
2018-01-01,13,Ensemble,2824.0,180000.0,5629
2018-04-01,13,Ensemble,2692.0,165000.0,4772
2018-07-01,13,Ensemble,2773.0,170000.0,3817
2018-10-01,13,Ensemble,2991.0,180000.0,2534
2019-01-01,13,Ensemble,2847.0,175430.0,5948
2019-04-01,13,Ensemble,2889.0,180600.0,6467
2019-07-01,13,Ensemble,3011.0,193470.0,7512
2019-10-01,13,Ensemble,3018.0,187575.0,6782
2020-01-01,13,Ensemble,3030.0,185000.0,5528
2020-04-01,13,Ensemble,3000.0,187050.0,5404
2020-07-01,13,Ensemble,3125.0,200000.0,6746
2020-10-01,13,Ensemble,3144.0,200000.0,7916
2014-01-01,13,Maison,3081.0,260900.0,1261
2014-04-01,13,Maison,3130.0,277112.0,1384
2014-07-01,13,Maison,3122.0,278875.0,1494
2014-10-01,13,Maison,3060.0,265000.0,1378
2015-01-01,13,Maison,3088.0,270000.0,1291
2015-04-01,13,Maison,3038.0,265132.0,1514
2015-07-01,13,Maison,3125.0,279580.0,2015
2015-10-01,13,Maison,3111.0,274920.0,1825
2016-01-01,13,Maison,3174.0,276700.0,1536
2016-04-01,13,Maison,3097.0,270000.0,1676
2016-07-01,13,Maison,3220.0,290000.0,2068
2016-10-01,13,Maison,3186.0,280000.0,1809
2017-01-01,13,Maison,3180.0,282000.0,1799
2017-04-01,13,Maison,3212.0,281450.0,2041
2017-07-01,13,Maison,3313.0,302200.0,2246
2017-10-01,13,Maison,3195.0,284200.0,1960
2018-01-01,13,Maison,3291.0,286450.0,1818
2018-04-01,13,Maison,3249.0,282000.0,1345
2018-07-01,13,Maison,3400.0,309000.0,1045
2018-10-01,13,Maison,3906.0,359950.0,604
2019-01-01,13,Maison,3366.0,300000.0,1819
2019-04-01,13,Maison,3400.0,310000.0,2027
2019-07-01,13,Maison,3438.0,315000.0,2486
2019-10-01,13,Maison,3480.0,313000.0,2241
2020-01-01,13,Maison,3493.0,310000.0,1685
2020-04-01,13,Maison,3453.0,306500.0,1686
2020-07-01,13,Maison,3578.0,325000.0,2179
2020-10-01,13,Maison,3647.0,335000.0,2653
2014-01-01,14,Appartement,2177.0,95750.0,814
2014-04-01,14,Appartement,2315.0,98000.0,575
2014-07-01,14,Appartement,2255.0,96000.0,780
2014-10-01,14,Appartement,2272.0,95000.0,744
2015-01-01,14,Appartement,2140.0,92000.0,759
2015-04-01,14,Appartement,2116.0,91152.0,780
2015-07-01,14,Appartement,2129.0,90000.0,939
2015-10-01,14,Appartement,2166.0,89850.0,922
2016-01-01,14,Appartement,2164.0,95000.0,753
2016-04-01,14,Appartement,2080.0,90000.0,932
2016-07-01,14,Appartement,2213.0,93300.0,1058
2016-10-01,14,Appartement,2222.0,93000.0,1019
2017-01-01,14,Appartement,2146.0,95000.0,1016
2017-04-01,14,Appartement,2179.0,92000.0,1109
2017-07-01,14,Appartement,2296.0,97361.0,1186
2017-10-01,14,Appartement,2258.0,94000.0,1126
2018-01-01,14,Appartement,2326.0,95000.0,655
2018-04-01,14,Appartement,2636.0,102000.0,461
2018-07-01,14,Appartement,2709.0,101000.0,484
2018-10-01,14,Appartement,2654.0,100662.0,365
2019-01-01,14,Appartement,2286.0,100000.0,1141
2019-04-01,14,Appartement,2344.0,102000.0,1308
2019-07-01,14,Appartement,2414.0,99000.0,1371
2019-10-01,14,Appartement,2500.0,100000.0,1420
2020-01-01,14,Appartement,2500.0,104000.0,1222
2020-04-01,14,Appartement,2500.0,107000.0,1103
2020-07-01,14,Appartement,2576.0,110000.0,1245
2020-10-01,14,Appartement,2679.0,113000.0,1581
2014-01-01,14,Ensemble,2000.0,132000.0,1752
2014-04-01,14,Ensemble,1960.0,130000.0,1296
2014-07-01,14,Ensemble,2000.0,135000.0,1835
2014-10-01,14,Ensemble,1976.0,125000.0,1649
2015-01-01,14,Ensemble,1914.0,125000.0,1666
2015-04-01,14,Ensemble,1932.0,126500.0,1779
2015-07-01,14,Ensemble,1927.0,136500.0,2309
2015-10-01,14,Ensemble,1953.0,125000.0,2057
2016-01-01,14,Ensemble,1945.0,130000.0,1713
2016-04-01,14,Ensemble,1955.0,125000.0,1945
2016-07-01,14,Ensemble,2013.0,135000.0,2369
2016-10-01,14,Ensemble,2010.0,133700.0,2201
2017-01-01,14,Ensemble,2000.0,134550.0,2222
2017-04-01,14,Ensemble,2000.0,130000.0,2374
2017-07-01,14,Ensemble,2077.0,135000.0,2605
2017-10-01,14,Ensemble,2097.0,127000.0,2320
2018-01-01,14,Ensemble,2100.0,127000.0,1296
2018-04-01,14,Ensemble,2245.0,128250.0,825
2018-07-01,14,Ensemble,2355.0,137000.0,936
2018-10-01,14,Ensemble,2338.0,126000.0,671
2019-01-01,14,Ensemble,2083.0,135800.0,2477
2019-04-01,14,Ensemble,2129.0,135000.0,2688
2019-07-01,14,Ensemble,2182.0,140000.0,2996
2019-10-01,14,Ensemble,2239.0,135000.0,2931
2020-01-01,14,Ensemble,2258.0,143510.0,2455
2020-04-01,14,Ensemble,2285.0,145000.0,2210
2020-07-01,14,Ensemble,2329.0,150000.0,2680
2020-10-01,14,Ensemble,2365.0,155000.0,3395
2014-01-01,14,Maison,1858.0,165000.0,938
2014-04-01,14,Maison,1789.0,157000.0,721
2014-07-01,14,Maison,1859.0,170000.0,1055
2014-10-01,14,Maison,1797.0,160000.0,905
2015-01-01,14,Maison,1770.0,155000.0,907
2015-04-01,14,Maison,1821.0,163000.0,999
2015-07-01,14,Maison,1837.0,170500.0,1370
2015-10-01,14,Maison,1818.0,160400.0,1135
2016-01-01,14,Maison,1831.0,165000.0,960
2016-04-01,14,Maison,1873.0,162500.0,1013
2016-07-01,14,Maison,1900.0,174000.0,1311
2016-10-01,14,Maison,1903.0,170000.0,1182
2017-01-01,14,Maison,1923.0,170000.0,1206
2017-04-01,14,Maison,1895.0,168500.0,1265
2017-07-01,14,Maison,1953.0,173000.0,1419
2017-10-01,14,Maison,1932.0,173625.0,1194
2018-01-01,14,Maison,1926.0,165115.0,641
2018-04-01,14,Maison,1945.0,170000.0,364
2018-07-01,14,Maison,2078.0,170900.0,452
2018-10-01,14,Maison,1914.0,162750.0,306
2019-01-01,14,Maison,1930.0,173000.0,1336
2019-04-01,14,Maison,1972.0,176000.0,1380
2019-07-01,14,Maison,2026.0,185000.0,1625
2019-10-01,14,Maison,2029.0,180000.0,1511
2020-01-01,14,Maison,2100.0,192000.0,1233
2020-04-01,14,Maison,2135.0,190000.0,1107
2020-07-01,14,Maison,2130.0,200000.0,1435
2020-10-01,14,Maison,2163.0,197800.0,1814
2014-01-01,15,Appartement,1127.0,70000.0,87
2014-04-01,15,Appartement,1079.0,63650.0,71
2014-07-01,15,Appartement,1162.0,67500.0,114
2014-10-01,15,Appartement,1178.0,65600.0,94
2015-01-01,15,Appartement,1039.0,59250.0,70
2015-04-01,15,Appartement,1058.0,66000.0,93
2015-07-01,15,Appartement,1077.0,69500.0,112
2015-10-01,15,Appartement,1007.0,57500.0,111
2016-01-01,15,Appartement,1035.0,66600.0,90
2016-04-01,15,Appartement,1000.0,57000.0,98
2016-07-01,15,Appartement,1067.0,62500.0,111
2016-10-01,15,Appartement,1084.0,60000.0,104
2017-01-01,15,Appartement,1000.0,59000.0,107
2017-04-01,15,Appartement,1000.0,62250.0,114
2017-07-01,15,Appartement,1089.0,72000.0,79
2017-10-01,15,Appartement,1000.0,62250.0,98
2018-01-01,15,Appartement,1024.0,65000.0,101
2018-04-01,15,Appartement,1134.0,74200.0,87
2018-07-01,15,Appartement,1114.0,66500.0,71
2019-01-01,15,Appartement,1049.0,66667.0,89
2019-04-01,15,Appartement,1106.0,60000.0,115
2019-07-01,15,Appartement,1135.0,66000.0,104
2019-10-01,15,Appartement,1119.0,66250.0,120
2020-01-01,15,Appartement,1254.0,74000.0,106
2020-04-01,15,Appartement,1073.0,63452.0,90
2020-07-01,15,Appartement,1270.0,73000.0,97
2020-10-01,15,Appartement,1196.0,65550.0,139
2014-01-01,15,Ensemble,1121.0,82000.0,282
2014-04-01,15,Ensemble,1079.0,75000.0,243
2014-07-01,15,Ensemble,1091.0,75236.0,320
2014-10-01,15,Ensemble,1058.0,73000.0,295
2015-01-01,15,Ensemble,1004.0,73000.0,228
2015-04-01,15,Ensemble,1037.0,78000.0,283
2015-07-01,15,Ensemble,1114.0,80750.0,326
2015-10-01,15,Ensemble,974.0,69000.0,357
2016-01-01,15,Ensemble,1034.0,80000.0,261
2016-04-01,15,Ensemble,996.0,70000.0,339
2016-07-01,15,Ensemble,1054.0,76000.0,340
2016-10-01,15,Ensemble,1069.0,85250.0,374
2017-01-01,15,Ensemble,1000.0,75000.0,332
2017-04-01,15,Ensemble,1047.0,80000.0,342
2017-07-01,15,Ensemble,1089.0,85000.0,345
2017-10-01,15,Ensemble,1013.0,80000.0,357
2018-01-01,15,Ensemble,1013.0,77750.0,314
2018-04-01,15,Ensemble,1050.0,77000.0,261
2018-07-01,15,Ensemble,1043.0,81000.0,231
2019-01-01,15,Ensemble,1000.0,72000.0,321
2019-04-01,15,Ensemble,1072.0,75000.0,365
2019-07-01,15,Ensemble,1069.0,78500.0,389
2019-10-01,15,Ensemble,1101.0,81900.0,444
2020-01-01,15,Ensemble,1167.0,81700.0,310
2020-04-01,15,Ensemble,1042.0,74000.0,308
2020-07-01,15,Ensemble,1135.0,85500.0,381
2020-10-01,15,Ensemble,1105.0,84500.0,565
2014-01-01,15,Maison,1111.0,92300.0,195
2014-04-01,15,Maison,1078.0,92100.0,172
2014-07-01,15,Maison,1035.0,84000.0,206
2014-10-01,15,Maison,990.0,78000.0,201
2015-01-01,15,Maison,1000.0,85900.0,158
2015-04-01,15,Maison,1032.0,83800.0,190
2015-07-01,15,Maison,1125.0,100000.0,214
2015-10-01,15,Maison,957.0,75000.0,246
2016-01-01,15,Maison,1034.0,90000.0,171
2016-04-01,15,Maison,974.0,85000.0,241
2016-07-01,15,Maison,1013.0,90000.0,229
2016-10-01,15,Maison,1069.0,100000.0,270
2017-01-01,15,Maison,983.0,85000.0,225
2017-04-01,15,Maison,1094.0,93500.0,228
2017-07-01,15,Maison,1093.0,97228.0,266
2017-10-01,15,Maison,1019.0,89000.0,259
2018-01-01,15,Maison,1000.0,85000.0,213
2018-04-01,15,Maison,1000.0,80800.0,174
2018-07-01,15,Maison,1003.0,95000.0,160
2019-01-01,15,Maison,960.0,81970.0,232
2019-04-01,15,Maison,1063.0,90000.0,250
2019-07-01,15,Maison,1037.0,85000.0,285
2019-10-01,15,Maison,1095.0,90608.0,324
2020-01-01,15,Maison,1063.0,90150.0,204
2020-04-01,15,Maison,1008.0,84500.0,218
2020-07-01,15,Maison,1058.0,90000.0,284
2020-10-01,15,Maison,1060.0,94970.0,426
2014-01-01,16,Appartement,1057.0,67000.0,58
2014-04-01,16,Appartement,1000.0,67500.0,63
2014-07-01,16,Appartement,1130.0,59900.0,58
2014-10-01,16,Appartement,1148.0,68000.0,58
2015-04-01,16,Appartement,1071.0,57000.0,69
2015-07-01,16,Appartement,1030.0,56250.0,62
2015-10-01,16,Appartement,1049.0,62500.0,52
2016-01-01,16,Appartement,1000.0,63000.0,63
2016-04-01,16,Appartement,1026.0,57500.0,65
2016-07-01,16,Appartement,1044.0,56375.0,76
2016-10-01,16,Appartement,1078.0,67000.0,68
2017-01-01,16,Appartement,1012.0,56245.0,66
2017-04-01,16,Appartement,1075.0,60000.0,73
2017-07-01,16,Appartement,1153.0,61500.0,87
2017-10-01,16,Appartement,1000.0,58000.0,97
2018-01-01,16,Appartement,1148.0,63000.0,69
2018-04-01,16,Appartement,1172.0,60500.0,81
2018-10-01,16,Appartement,1106.0,66485.0,54
2019-01-01,16,Appartement,1196.0,59750.0,78
2019-04-01,16,Appartement,1115.0,62250.0,118
2019-07-01,16,Appartement,1181.0,63750.0,112
2019-10-01,16,Appartement,1218.0,67800.0,102
2020-01-01,16,Appartement,1255.0,60000.0,107
2020-04-01,16,Appartement,1230.0,70000.0,95
2020-07-01,16,Appartement,1282.0,69975.0,116
2020-10-01,16,Appartement,1325.0,71470.0,144
2014-01-01,16,Ensemble,1046.0,91000.0,663
2014-04-01,16,Ensemble,1054.0,90000.0,670
2014-07-01,16,Ensemble,1088.0,97000.0,743
2014-10-01,16,Ensemble,1055.0,90000.0,726
2015-01-01,16,Ensemble,1062.0,93000.0,631
2015-04-01,16,Ensemble,1038.0,87000.0,760
2015-07-01,16,Ensemble,1081.0,97000.0,850
2015-10-01,16,Ensemble,1036.0,90000.0,869
2016-01-01,16,Ensemble,1016.0,90000.0,708
2016-04-01,16,Ensemble,1000.0,89000.0,767
2016-07-01,16,Ensemble,1062.0,90000.0,890
2016-10-01,16,Ensemble,1041.0,90000.0,872
2017-01-01,16,Ensemble,1020.0,90000.0,809
2017-04-01,16,Ensemble,1070.0,95000.0,893
2017-07-01,16,Ensemble,1121.0,97000.0,957
2017-10-01,16,Ensemble,1036.0,90000.0,899
2018-01-01,16,Ensemble,1062.0,91000.0,772
2018-04-01,16,Ensemble,1087.0,95000.0,753
2018-07-01,16,Ensemble,1267.0,117000.0,297
2018-10-01,16,Ensemble,1231.0,110000.0,367
2019-01-01,16,Ensemble,1145.0,100000.0,876
2019-04-01,16,Ensemble,1117.0,95990.0,981
2019-07-01,16,Ensemble,1168.0,105000.0,1145
2019-10-01,16,Ensemble,1150.0,97000.0,1129
2020-01-01,16,Ensemble,1143.0,99554.0,918
2020-04-01,16,Ensemble,1192.0,104750.0,852
2020-07-01,16,Ensemble,1195.0,107000.0,995
2020-10-01,16,Ensemble,1232.0,110000.0,1447
2014-01-01,16,Maison,1044.0,95000.0,605
2014-04-01,16,Maison,1064.0,95000.0,607
2014-07-01,16,Maison,1082.0,100000.0,685
2014-10-01,16,Maison,1040.0,90250.0,668
2015-01-01,16,Maison,1063.0,95000.0,589
2015-04-01,16,Maison,1026.0,90000.0,691
2015-07-01,16,Maison,1093.0,100000.0,788
2015-10-01,16,Maison,1034.0,92000.0,817
2016-01-01,16,Maison,1019.0,94750.0,645
2016-04-01,16,Maison,996.0,92435.0,702
2016-07-01,16,Maison,1066.0,94275.0,814
2016-10-01,16,Maison,1033.0,92820.0,804
2017-01-01,16,Maison,1020.0,96450.0,743
2017-04-01,16,Maison,1068.0,100000.0,820
2017-07-01,16,Maison,1120.0,100000.0,870
2017-10-01,16,Maison,1044.0,95312.0,802
2018-01-01,16,Maison,1047.0,97000.0,703
2018-04-01,16,Maison,1076.0,100000.0,672
2018-07-01,16,Maison,1309.0,123125.0,268
2018-10-01,16,Maison,1261.0,118500.0,313
2019-01-01,16,Maison,1132.0,108500.0,798
2019-04-01,16,Maison,1117.0,105000.0,863
2019-07-01,16,Maison,1167.0,110000.0,1033
2019-10-01,16,Maison,1133.0,103000.0,1027
2020-01-01,16,Maison,1114.0,105000.0,811
2020-04-01,16,Maison,1174.0,110000.0,757
2020-07-01,16,Maison,1183.0,115000.0,879
2020-10-01,16,Maison,1202.0,117000.0,1303
2014-01-01,17,Appartement,2838.0,115600.0,430
2014-04-01,17,Appartement,2867.0,115000.0,360
2014-07-01,17,Appartement,2838.0,115000.0,473
2014-10-01,17,Appartement,2727.0,114000.0,447
2015-01-01,17,Appartement,2852.0,123000.0,370
2015-04-01,17,Appartement,2780.0,115000.0,442
2015-07-01,17,Appartement,2939.0,118000.0,522
2015-10-01,17,Appartement,2677.0,114500.0,585
2016-01-01,17,Appartement,2806.0,115600.0,429
2016-04-01,17,Appartement,2746.0,119925.0,516
2016-07-01,17,Appartement,2800.0,118000.0,609
2016-10-01,17,Appartement,2871.0,118555.0,651
2017-01-01,17,Appartement,2822.0,119000.0,613
2017-04-01,17,Appartement,2933.0,122600.0,637
2017-07-01,17,Appartement,3000.0,130000.0,648
2017-10-01,17,Appartement,3061.0,120000.0,662
2018-01-01,17,Appartement,2871.0,121000.0,589
2018-04-01,17,Appartement,2947.0,127810.0,650
2018-07-01,17,Appartement,3135.0,127350.0,698
2018-10-01,17,Appartement,3242.0,135000.0,326
2019-01-01,17,Appartement,3101.0,129250.0,656
2019-04-01,17,Appartement,3114.0,123000.0,781
2019-07-01,17,Appartement,3150.0,129000.0,825
2019-10-01,17,Appartement,3240.0,132000.0,801
2020-01-01,17,Appartement,3210.0,133950.0,598
2020-04-01,17,Appartement,3228.0,137000.0,615
2020-07-01,17,Appartement,3488.0,144500.0,644
2020-10-01,17,Appartement,3378.0,141100.0,826
2014-01-01,17,Ensemble,2076.0,150000.0,1842
2014-04-01,17,Ensemble,2028.0,145000.0,1520
2014-07-01,17,Ensemble,2083.0,150000.0,2149
2014-10-01,17,Ensemble,2062.0,150000.0,1985
2015-01-01,17,Ensemble,2058.0,153000.0,1645
2015-04-01,17,Ensemble,1981.0,145000.0,1894
2015-07-01,17,Ensemble,2083.0,153000.0,2420
2015-10-01,17,Ensemble,2070.0,150500.0,2404
2016-01-01,17,Ensemble,2042.0,154000.0,1981
2016-04-01,17,Ensemble,2000.0,155000.0,2239
2016-07-01,17,Ensemble,2046.0,155000.0,2752
2016-10-01,17,Ensemble,2105.0,153050.0,2673
2017-01-01,17,Ensemble,2157.0,160000.0,2597
2017-04-01,17,Ensemble,2111.0,158500.0,2677
2017-07-01,17,Ensemble,2129.0,167000.0,3074
2017-10-01,17,Ensemble,2202.0,164450.0,2871
2018-01-01,17,Ensemble,2211.0,165000.0,2501
2018-04-01,17,Ensemble,2181.0,165000.0,2749
2018-07-01,17,Ensemble,2255.0,171000.0,3059
2018-10-01,17,Ensemble,2485.0,185125.0,1318
2019-01-01,17,Ensemble,2290.0,165050.0,2776
2019-04-01,17,Ensemble,2288.0,163000.0,2972
2019-07-01,17,Ensemble,2327.0,172300.0,3529
2019-10-01,17,Ensemble,2391.0,170000.0,3340
2020-01-01,17,Ensemble,2433.0,176500.0,2565
2020-04-01,17,Ensemble,2400.0,177596.0,2655
2020-07-01,17,Ensemble,2381.0,182000.0,3089
2020-10-01,17,Ensemble,2454.0,187000.0,3848
2014-01-01,17,Maison,1887.0,165000.0,1412
2014-04-01,17,Maison,1877.0,159400.0,1160
2014-07-01,17,Maison,1871.0,161825.0,1676
2014-10-01,17,Maison,1931.0,163549.0,1538
2015-01-01,17,Maison,1883.0,165000.0,1275
2015-04-01,17,Maison,1806.0,159875.0,1452
2015-07-01,17,Maison,1915.0,165000.0,1898
2015-10-01,17,Maison,1917.0,168000.0,1819
2016-01-01,17,Maison,1915.0,165450.0,1552
2016-04-01,17,Maison,1852.0,166700.0,1723
2016-07-01,17,Maison,1895.0,169000.0,2143
2016-10-01,17,Maison,1913.0,166250.0,2022
2017-01-01,17,Maison,1970.0,175200.0,1984
2017-04-01,17,Maison,1924.0,170000.0,2040
2017-07-01,17,Maison,1960.0,175500.0,2426
2017-10-01,17,Maison,2020.0,180000.0,2209
2018-01-01,17,Maison,2030.0,183045.0,1912
2018-04-01,17,Maison,1988.0,178500.0,2099
2018-07-01,17,Maison,2096.0,188000.0,2361
2018-10-01,17,Maison,2316.0,205500.0,992
2019-01-01,17,Maison,2059.0,180000.0,2120
2019-04-01,17,Maison,2013.0,182500.0,2191
2019-07-01,17,Maison,2109.0,190000.0,2704
2019-10-01,17,Maison,2157.0,187150.0,2539
2020-01-01,17,Maison,2241.0,195000.0,1967
2020-04-01,17,Maison,2184.0,195000.0,2040
2020-07-01,17,Maison,2160.0,195000.0,2445
2020-10-01,17,Maison,2259.0,205000.0,3022
2014-01-01,18,Appartement,1256.0,70000.0,78
2014-04-01,18,Appartement,1234.0,64900.0,102
2014-07-01,18,Appartement,1194.0,68000.0,91
2014-10-01,18,Appartement,1227.0,66400.0,79
2015-01-01,18,Appartement,1185.0,60000.0,79
2015-04-01,18,Appartement,1148.0,67000.0,113
2015-07-01,18,Appartement,1248.0,57750.0,86
2015-10-01,18,Appartement,1111.0,59000.0,116
2016-01-01,18,Appartement,1184.0,55000.0,89
2016-04-01,18,Appartement,1140.0,59000.0,117
2016-07-01,18,Appartement,1154.0,61750.0,114
2016-10-01,18,Appartement,1083.0,58500.0,122
2017-01-01,18,Appartement,1161.0,60000.0,117
2017-04-01,18,Appartement,1176.0,62500.0,135
2017-07-01,18,Appartement,1144.0,61750.0,120
2017-10-01,18,Appartement,1198.0,60000.0,141
2018-01-01,18,Appartement,1031.0,62000.0,103
2018-04-01,18,Appartement,1233.0,60100.0,113
2018-07-01,18,Appartement,1088.0,61500.0,140
2018-10-01,18,Appartement,1111.0,55000.0,119
2019-01-01,18,Appartement,1220.0,57500.0,127
2019-04-01,18,Appartement,1124.0,63000.0,157
2019-07-01,18,Appartement,1220.0,66000.0,176
2019-10-01,18,Appartement,1146.0,60000.0,162
2020-01-01,18,Appartement,1140.0,61500.0,180
2020-04-01,18,Appartement,1156.0,62180.0,156
2020-07-01,18,Appartement,1333.0,63500.0,159
2020-10-01,18,Appartement,1343.0,66500.0,169
2014-01-01,18,Ensemble,1073.0,81256.0,492
2014-04-01,18,Ensemble,1017.0,78512.0,601
2014-07-01,18,Ensemble,1143.0,85000.0,613
2014-10-01,18,Ensemble,1060.0,85000.0,574
2015-01-01,18,Ensemble,1070.0,80230.0,521
2015-04-01,18,Ensemble,1077.0,80000.0,615
2015-07-01,18,Ensemble,1154.0,93000.0,715
2015-10-01,18,Ensemble,1051.0,80000.0,723
2016-01-01,18,Ensemble,1080.0,80000.0,569
2016-04-01,18,Ensemble,971.0,79000.0,708
2016-07-01,18,Ensemble,1100.0,89000.0,763
2016-10-01,18,Ensemble,1035.0,80300.0,744
2017-01-01,18,Ensemble,1034.0,80000.0,723
2017-04-01,18,Ensemble,1000.0,79000.0,736
2017-07-01,18,Ensemble,1067.0,85000.0,825
2017-10-01,18,Ensemble,1042.0,77000.0,786
2018-01-01,18,Ensemble,1000.0,80000.0,652
2018-04-01,18,Ensemble,1026.0,75000.0,655
2018-07-01,18,Ensemble,1064.0,86000.0,842
2018-10-01,18,Ensemble,1056.0,82000.0,735
2019-01-01,18,Ensemble,1012.0,80000.0,722
2019-04-01,18,Ensemble,1014.0,75750.0,820
2019-07-01,18,Ensemble,1069.0,86000.0,956
2019-10-01,18,Ensemble,1007.0,79200.0,891
2020-01-01,18,Ensemble,1024.0,76000.0,783
2020-04-01,18,Ensemble,1079.0,81000.0,679
2020-07-01,18,Ensemble,1113.0,82000.0,887
2020-10-01,18,Ensemble,1063.0,80000.0,1127
2014-01-01,18,Maison,1015.0,86682.0,414
2014-04-01,18,Maison,981.0,80000.0,499
2014-07-01,18,Maison,1091.0,91000.0,522
2014-10-01,18,Maison,1032.0,86000.0,495
2015-01-01,18,Maison,1043.0,85000.0,442
2015-04-01,18,Maison,1051.0,83000.0,502
2015-07-01,18,Maison,1129.0,100000.0,629
2015-10-01,18,Maison,1031.0,87000.0,607
2016-01-01,18,Maison,1062.0,88000.0,480
2016-04-01,18,Maison,955.0,81000.0,591
2016-07-01,18,Maison,1092.0,95000.0,649
2016-10-01,18,Maison,1023.0,85000.0,622
2017-01-01,18,Maison,1000.0,85000.0,606
2017-04-01,18,Maison,961.0,81000.0,601
2017-07-01,18,Maison,1053.0,92500.0,705
2017-10-01,18,Maison,1011.0,82000.0,645
2018-01-01,18,Maison,987.0,85000.0,549
2018-04-01,18,Maison,1000.0,80000.0,542
2018-07-01,18,Maison,1058.0,92750.0,702
2018-10-01,18,Maison,1050.0,89300.0,616
2019-01-01,18,Maison,973.0,85000.0,595
2019-04-01,18,Maison,978.0,84000.0,663
2019-07-01,18,Maison,1024.0,95000.0,780
2019-10-01,18,Maison,987.0,85000.0,729
2020-01-01,18,Maison,1000.0,82000.0,603
2020-04-01,18,Maison,1059.0,90000.0,523
2020-07-01,18,Maison,1043.0,86200.0,728
2020-10-01,18,Maison,1012.0,84000.0,958
2014-01-01,19,Appartement,1090.0,55500.0,92
2014-04-01,19,Appartement,1143.0,64000.0,83
2014-07-01,19,Appartement,1236.0,73500.0,98
2014-10-01,19,Appartement,1152.0,61475.0,80
2015-01-01,19,Appartement,1090.0,60000.0,87
2015-04-01,19,Appartement,1137.0,63000.0,105
2015-07-01,19,Appartement,1164.0,72500.0,99
2015-10-01,19,Appartement,1064.0,67900.0,85
2016-01-01,19,Appartement,1091.0,64000.0,88
2016-04-01,19,Appartement,1066.0,65000.0,118
2016-07-01,19,Appartement,1042.0,64000.0,113
2016-10-01,19,Appartement,1128.0,62255.0,108
2017-01-01,19,Appartement,1159.0,60000.0,111
2017-04-01,19,Appartement,1125.0,57500.0,129
2017-07-01,19,Appartement,1100.0,61000.0,118
2017-10-01,19,Appartement,1065.0,60000.0,113
2018-01-01,19,Appartement,1110.0,57000.0,108
2018-04-01,19,Appartement,1175.0,69000.0,126
2018-07-01,19,Appartement,1167.0,61000.0,115
2018-10-01,19,Appartement,1209.0,70250.0,96
2019-01-01,19,Appartement,1200.0,67000.0,137
2019-04-01,19,Appartement,1154.0,64750.0,168
2019-07-01,19,Appartement,1272.0,66295.0,148
2019-10-01,19,Appartement,1288.0,69000.0,143
2020-01-01,19,Appartement,1225.0,62443.0,111
2020-04-01,19,Appartement,1198.0,63000.0,100
2020-07-01,19,Appartement,1320.0,74500.0,143
2020-10-01,19,Appartement,1288.0,68500.0,187
2014-01-01,19,Ensemble,1096.0,85500.0,414
2014-04-01,19,Ensemble,1147.0,87500.0,405
2014-07-01,19,Ensemble,1142.0,90000.0,463
2014-10-01,19,Ensemble,1100.0,78000.0,385
2015-01-01,19,Ensemble,1129.0,84500.0,348
2015-04-01,19,Ensemble,1130.0,85750.0,458
2015-07-01,19,Ensemble,1160.0,91500.0,519
2015-10-01,19,Ensemble,1102.0,89500.0,507
2016-01-01,19,Ensemble,1142.0,86300.0,398
2016-04-01,19,Ensemble,1038.0,83000.0,487
2016-07-01,19,Ensemble,1130.0,85000.0,532
2016-10-01,19,Ensemble,1071.0,81000.0,499
2017-01-01,19,Ensemble,1136.0,88000.0,483
2017-04-01,19,Ensemble,1143.0,88000.0,548
2017-07-01,19,Ensemble,1084.0,85000.0,582
2017-10-01,19,Ensemble,1110.0,85000.0,561
2018-01-01,19,Ensemble,1100.0,85000.0,511
2018-04-01,19,Ensemble,1143.0,90000.0,523
2018-07-01,19,Ensemble,1174.0,94000.0,567
2018-10-01,19,Ensemble,1150.0,85000.0,452
2019-01-01,19,Ensemble,1139.0,84000.0,539
2019-04-01,19,Ensemble,1160.0,84000.0,597
2019-07-01,19,Ensemble,1201.0,90000.0,680
2019-10-01,19,Ensemble,1184.0,94000.0,666
2020-01-01,19,Ensemble,1176.0,87000.0,506
2020-04-01,19,Ensemble,1172.0,87000.0,489
2020-07-01,19,Ensemble,1224.0,96000.0,661
2020-10-01,19,Ensemble,1255.0,97110.0,839
2014-01-01,19,Maison,1109.0,93500.0,322
2014-04-01,19,Maison,1157.0,93500.0,322
2014-07-01,19,Maison,1123.0,100000.0,365
2014-10-01,19,Maison,1087.0,83000.0,305
2015-01-01,19,Maison,1140.0,95000.0,261
2015-04-01,19,Maison,1119.0,94200.0,353
2015-07-01,19,Maison,1159.0,100215.0,420
2015-10-01,19,Maison,1111.0,95000.0,422
2016-01-01,19,Maison,1149.0,96000.0,310
2016-04-01,19,Maison,1031.0,90000.0,369
2016-07-01,19,Maison,1162.0,92000.0,419
2016-10-01,19,Maison,1056.0,90000.0,391
2017-01-01,19,Maison,1132.0,99500.0,372
2017-04-01,19,Maison,1150.0,100000.0,419
2017-07-01,19,Maison,1083.0,92500.0,464
2017-10-01,19,Maison,1112.0,94500.0,448
2018-01-01,19,Maison,1096.0,95000.0,403
2018-04-01,19,Maison,1129.0,97500.0,397
2018-07-01,19,Maison,1176.0,107300.0,452
2018-10-01,19,Maison,1117.0,95000.0,356
2019-01-01,19,Maison,1101.0,90500.0,402
2019-04-01,19,Maison,1167.0,97200.0,429
2019-07-01,19,Maison,1185.0,100000.0,532
2019-10-01,19,Maison,1173.0,105000.0,523
2020-01-01,19,Maison,1172.0,100000.0,395
2020-04-01,19,Maison,1165.0,100000.0,389
2020-07-01,19,Maison,1205.0,109500.0,518
2020-10-01,19,Maison,1250.0,110000.0,652
2014-01-01,21,Appartement,1887.0,102750.0,712
2014-04-01,21,Appartement,1974.0,100000.0,559
2014-07-01,21,Appartement,2021.0,102000.0,669
2014-10-01,21,Appartement,1915.0,104048.0,578
2015-01-01,21,Appartement,1880.0,105000.0,538
2015-04-01,21,Appartement,1900.0,100000.0,708
2015-07-01,21,Appartement,1989.0,104000.0,867
2015-10-01,21,Appartement,1922.0,103000.0,721
2016-01-01,21,Appartement,1882.0,101000.0,641
2016-04-01,21,Appartement,1885.0,100000.0,864
2016-07-01,21,Appartement,1938.0,100000.0,896
2016-10-01,21,Appartement,1861.0,96000.0,719
2017-01-01,21,Appartement,1858.0,102300.0,787
2017-04-01,21,Appartement,1905.0,98000.0,961
2017-07-01,21,Appartement,1975.0,104880.0,864
2017-10-01,21,Appartement,1994.0,105000.0,827
2018-01-01,21,Appartement,1889.0,101600.0,764
2018-04-01,21,Appartement,1900.0,100000.0,860
2018-07-01,21,Appartement,1985.0,104200.0,616
2019-01-01,21,Appartement,1966.0,100000.0,868
2019-04-01,21,Appartement,1920.0,99000.0,1007
2019-07-01,21,Appartement,2043.0,104000.0,1154
2019-10-01,21,Appartement,2098.0,109000.0,1019
2020-01-01,21,Appartement,2111.0,108000.0,936
2020-04-01,21,Appartement,2167.0,111000.0,872
2020-07-01,21,Appartement,2241.0,113850.0,1053
2020-10-01,21,Appartement,2157.0,113500.0,1073
2014-01-01,21,Ensemble,1816.0,122350.0,1360
2014-04-01,21,Ensemble,1857.0,120065.0,1102
2014-07-01,21,Ensemble,1894.0,135000.0,1480
2014-10-01,21,Ensemble,1790.0,128000.0,1283
2015-01-01,21,Ensemble,1769.0,123750.0,1128
2015-04-01,21,Ensemble,1817.0,126000.0,1446
2015-07-01,21,Ensemble,1873.0,132000.0,1829
2015-10-01,21,Ensemble,1800.0,128500.0,1543
2016-01-01,21,Ensemble,1750.0,124900.0,1283
2016-04-01,21,Ensemble,1784.0,120000.0,1659
2016-07-01,21,Ensemble,1862.0,130000.0,1869
2016-10-01,21,Ensemble,1776.0,125000.0,1511
2017-01-01,21,Ensemble,1798.0,124000.0,1532
2017-04-01,21,Ensemble,1837.0,121500.0,1828
2017-07-01,21,Ensemble,1892.0,134000.0,1858
2017-10-01,21,Ensemble,1875.0,130000.0,1774
2018-01-01,21,Ensemble,1825.0,125000.0,1501
2018-04-01,21,Ensemble,1830.0,123000.0,1669
2018-07-01,21,Ensemble,1852.0,137000.0,1499
2018-10-01,21,Ensemble,1448.0,143500.0,114
2019-01-01,21,Ensemble,1867.0,127000.0,1696
2019-04-01,21,Ensemble,1839.0,122250.0,1968
2019-07-01,21,Ensemble,1972.0,135000.0,2341
2019-10-01,21,Ensemble,1960.0,131000.0,2068
2020-01-01,21,Ensemble,2011.0,126400.0,1743
2020-04-01,21,Ensemble,2036.0,137145.0,1710
2020-07-01,21,Ensemble,2082.0,139000.0,2182
2020-10-01,21,Ensemble,2019.0,137375.0,2304
2014-01-01,21,Maison,1705.0,154000.0,648
2014-04-01,21,Maison,1683.0,155000.0,543
2014-07-01,21,Maison,1729.0,161900.0,811
2014-10-01,21,Maison,1653.0,155000.0,705
2015-01-01,21,Maison,1681.0,151500.0,590
2015-04-01,21,Maison,1729.0,158300.0,738
2015-07-01,21,Maison,1719.0,160432.0,962
2015-10-01,21,Maison,1700.0,160000.0,822
2016-01-01,21,Maison,1548.0,155000.0,642
2016-04-01,21,Maison,1630.0,153000.0,795
2016-07-01,21,Maison,1733.0,170000.0,973
2016-10-01,21,Maison,1687.0,160000.0,792
2017-01-01,21,Maison,1720.0,162000.0,745
2017-04-01,21,Maison,1688.0,165000.0,867
2017-07-01,21,Maison,1806.0,170550.0,994
2017-10-01,21,Maison,1726.0,165000.0,947
2018-01-01,21,Maison,1726.0,166000.0,737
2018-04-01,21,Maison,1733.0,165000.0,809
2018-07-01,21,Maison,1738.0,176000.0,883
2018-10-01,21,Maison,1308.0,158500.0,88
2019-01-01,21,Maison,1750.0,170000.0,828
2019-04-01,21,Maison,1733.0,163000.0,961
2019-07-01,21,Maison,1902.0,183750.0,1187
2019-10-01,21,Maison,1770.0,171000.0,1049
2020-01-01,21,Maison,1806.0,174700.0,807
2020-04-01,21,Maison,1868.0,182375.0,838
2020-07-01,21,Maison,1865.0,185700.0,1129
2020-10-01,21,Maison,1837.0,179000.0,1231
2014-01-01,22,Appartement,1511.0,82000.0,197
2014-04-01,22,Appartement,1542.0,83610.0,202
2014-07-01,22,Appartement,1516.0,80000.0,209
2014-10-01,22,Appartement,1533.0,76000.0,210
2015-01-01,22,Appartement,1514.0,82836.0,181
2015-04-01,22,Appartement,1451.0,79120.0,225
2015-07-01,22,Appartement,1388.0,80000.0,253
2015-10-01,22,Appartement,1500.0,75000.0,275
2016-01-01,22,Appartement,1452.0,80000.0,257
2016-04-01,22,Appartement,1461.0,80650.0,266
2016-07-01,22,Appartement,1455.0,72381.0,306
2016-10-01,22,Appartement,1500.0,83000.0,279
2017-01-01,22,Appartement,1407.0,75000.0,315
2017-04-01,22,Appartement,1433.0,77000.0,309
2017-07-01,22,Appartement,1533.0,81000.0,311
2017-10-01,22,Appartement,1525.0,77000.0,287
2018-01-01,22,Appartement,1623.0,80000.0,310
2018-04-01,22,Appartement,1519.0,75979.0,289
2018-07-01,22,Appartement,1592.0,77500.0,242
2018-10-01,22,Appartement,1529.0,80000.0,153
2019-01-01,22,Appartement,1542.0,80000.0,358
2019-04-01,22,Appartement,1533.0,74000.0,442
2019-07-01,22,Appartement,1543.0,78000.0,456
2019-10-01,22,Appartement,1630.0,83250.0,468
2020-01-01,22,Appartement,1589.0,85000.0,444
2020-04-01,22,Appartement,1659.0,82000.0,448
2020-07-01,22,Appartement,1652.0,79010.0,433
2020-10-01,22,Appartement,1720.0,85682.0,500
2014-01-01,22,Ensemble,1341.0,108000.0,1063
2014-04-01,22,Ensemble,1347.0,105000.0,1124
2014-07-01,22,Ensemble,1381.0,115000.0,1269
2014-10-01,22,Ensemble,1324.0,105000.0,1248
2015-01-01,22,Ensemble,1303.0,105000.0,1174
2015-04-01,22,Ensemble,1280.0,105000.0,1378
2015-07-01,22,Ensemble,1333.0,115000.0,1607
2015-10-01,22,Ensemble,1351.0,109173.0,1562
2016-01-01,22,Ensemble,1275.0,105000.0,1397
2016-04-01,22,Ensemble,1346.0,110000.0,1470
2016-07-01,22,Ensemble,1350.0,110000.0,1773
2016-10-01,22,Ensemble,1325.0,106000.0,1712
2017-01-01,22,Ensemble,1302.0,103000.0,1607
2017-04-01,22,Ensemble,1338.0,111500.0,1678
2017-07-01,22,Ensemble,1384.0,119000.0,1858
2017-10-01,22,Ensemble,1364.0,110000.0,1718
2018-01-01,22,Ensemble,1396.0,116250.0,1625
2018-04-01,22,Ensemble,1375.0,109365.0,1532
2018-07-01,22,Ensemble,1361.0,115000.0,1370
2018-10-01,22,Ensemble,1386.0,115000.0,946
2019-01-01,22,Ensemble,1408.0,115000.0,1790
2019-04-01,22,Ensemble,1398.0,111175.0,1926
2019-07-01,22,Ensemble,1475.0,121500.0,2226
2019-10-01,22,Ensemble,1491.0,120000.0,2333
2020-01-01,22,Ensemble,1486.0,122000.0,1874
2020-04-01,22,Ensemble,1475.0,123000.0,1869
2020-07-01,22,Ensemble,1538.0,125000.0,2012
2020-10-01,22,Ensemble,1562.0,130000.0,2728
2014-01-01,22,Maison,1331.0,115150.0,866
2014-04-01,22,Maison,1295.0,112000.0,922
2014-07-01,22,Maison,1352.0,120000.0,1060
2014-10-01,22,Maison,1287.0,112000.0,1038
2015-01-01,22,Maison,1279.0,110000.0,993
2015-04-01,22,Maison,1257.0,115000.0,1153
2015-07-01,22,Maison,1320.0,120700.0,1354
2015-10-01,22,Maison,1316.0,115000.0,1287
2016-01-01,22,Maison,1233.0,110000.0,1140
2016-04-01,22,Maison,1325.0,120000.0,1204
2016-07-01,22,Maison,1325.0,120000.0,1467
2016-10-01,22,Maison,1285.0,111625.0,1433
2017-01-01,22,Maison,1280.0,110800.0,1292
2017-04-01,22,Maison,1332.0,122000.0,1369
2017-07-01,22,Maison,1364.0,125000.0,1547
2017-10-01,22,Maison,1333.0,120000.0,1431
2018-01-01,22,Maison,1345.0,125000.0,1315
2018-04-01,22,Maison,1349.0,120000.0,1243
2018-07-01,22,Maison,1342.0,125000.0,1128
2018-10-01,22,Maison,1362.0,123000.0,793
2019-01-01,22,Maison,1377.0,126000.0,1432
2019-04-01,22,Maison,1374.0,125000.0,1484
2019-07-01,22,Maison,1466.0,134349.0,1770
2019-10-01,22,Maison,1453.0,130000.0,1865
2020-01-01,22,Maison,1456.0,135400.0,1430
2020-04-01,22,Maison,1440.0,138000.0,1421
2020-07-01,22,Maison,1500.0,140000.0,1579
2020-10-01,22,Maison,1527.0,144900.0,2228
2014-01-01,23,Ensemble,745.0,60250.0,234
2014-04-01,23,Ensemble,729.0,55125.0,188
2014-07-01,23,Ensemble,693.0,59822.0,275
2014-10-01,23,Ensemble,714.0,52200.0,288
2015-01-01,23,Ensemble,676.0,56000.0,232
2015-04-01,23,Ensemble,609.0,50000.0,246
2015-07-01,23,Ensemble,696.0,57000.0,286
2015-10-01,23,Ensemble,688.0,55000.0,345
2016-01-01,23,Ensemble,671.0,56500.0,244
2016-04-01,23,Ensemble,714.0,58000.0,299
2016-07-01,23,Ensemble,684.0,58464.0,320
2016-10-01,23,Ensemble,655.0,55000.0,339
2017-01-01,23,Ensemble,683.0,56500.0,294
2017-04-01,23,Ensemble,700.0,58100.0,315
2017-07-01,23,Ensemble,652.0,58000.0,335
2017-10-01,23,Ensemble,644.0,50000.0,331
2018-01-01,23,Ensemble,648.0,55000.0,289
2018-04-01,23,Ensemble,627.0,52750.0,288
2018-07-01,23,Ensemble,677.0,52500.0,351
2018-10-01,23,Ensemble,655.0,58000.0,371
2019-01-01,23,Ensemble,640.0,54000.0,317
2019-04-01,23,Ensemble,631.0,54850.0,362
2019-07-01,23,Ensemble,647.0,52000.0,369
2019-10-01,23,Ensemble,640.0,52900.0,420
2020-01-01,23,Ensemble,682.0,50000.0,296
2020-04-01,23,Ensemble,628.0,54500.0,305
2020-07-01,23,Ensemble,593.0,50000.0,381
2020-10-01,23,Ensemble,667.0,51000.0,578
2014-01-01,23,Maison,716.0,60500.0,219
2014-04-01,23,Maison,727.0,55250.0,177
2014-07-01,23,Maison,688.0,60000.0,261
2014-10-01,23,Maison,713.0,54500.0,272
2015-01-01,23,Maison,675.0,56500.0,221
2015-04-01,23,Maison,591.0,50000.0,230
2015-07-01,23,Maison,693.0,57000.0,271
2015-10-01,23,Maison,664.0,55000.0,327
2016-01-01,23,Maison,667.0,59000.0,233
2016-04-01,23,Maison,704.0,58000.0,274
2016-07-01,23,Maison,680.0,59500.0,306
2016-10-01,23,Maison,634.0,55000.0,324
2017-01-01,23,Maison,662.0,58750.0,276
2017-04-01,23,Maison,690.0,60000.0,297
2017-07-01,23,Maison,650.0,60000.0,323
2017-10-01,23,Maison,636.0,51000.0,309
2018-01-01,23,Maison,631.0,56800.0,264
2018-04-01,23,Maison,608.0,52750.0,272
2018-07-01,23,Maison,673.0,54000.0,335
2018-10-01,23,Maison,655.0,59125.0,354
2019-01-01,23,Maison,614.0,54800.0,293
2019-04-01,23,Maison,627.0,56425.0,332
2019-07-01,23,Maison,638.0,53250.0,346
2019-10-01,23,Maison,625.0,53000.0,399
2020-01-01,23,Maison,680.0,50000.0,282
2020-04-01,23,Maison,619.0,54750.0,290
2020-07-01,23,Maison,590.0,50000.0,364
2020-10-01,23,Maison,656.0,50865.0,552
2014-01-01,24,Appartement,1241.0,63200.0,85
2014-04-01,24,Appartement,1332.0,71000.0,86
2014-07-01,24,Appartement,1255.0,69500.0,94
2014-10-01,24,Appartement,1331.0,76000.0,91
2015-01-01,24,Appartement,1205.0,60000.0,88
2015-04-01,24,Appartement,1181.0,70000.0,96
2015-07-01,24,Appartement,1219.0,66000.0,103
2015-10-01,24,Appartement,1366.0,66000.0,120
2016-01-01,24,Appartement,1314.0,75000.0,92
2016-04-01,24,Appartement,1292.0,65000.0,123
2016-07-01,24,Appartement,1283.0,78000.0,115
2016-10-01,24,Appartement,1197.0,61000.0,145
2017-01-01,24,Appartement,1308.0,70250.0,130
2017-04-01,24,Appartement,1373.0,70000.0,142
2017-07-01,24,Appartement,1300.0,70500.0,128
2017-10-01,24,Appartement,1282.0,65000.0,124
2018-01-01,24,Appartement,1297.0,67000.0,128
2018-04-01,24,Appartement,1298.0,70000.0,158
2018-07-01,24,Appartement,1316.0,68650.0,134
2018-10-01,24,Appartement,1346.0,72000.0,87
2019-01-01,24,Appartement,1309.0,65100.0,152
2019-04-01,24,Appartement,1250.0,63000.0,189
2019-07-01,24,Appartement,1303.0,70000.0,203
2019-10-01,24,Appartement,1333.0,72000.0,213
2020-01-01,24,Appartement,1364.0,75000.0,145
2020-04-01,24,Appartement,1324.0,71000.0,173
2020-07-01,24,Appartement,1417.0,70000.0,172
2020-10-01,24,Appartement,1347.0,70548.0,218
2014-01-01,24,Ensemble,1250.0,100000.0,646
2014-04-01,24,Ensemble,1207.0,100000.0,644
2014-07-01,24,Ensemble,1197.0,100000.0,754
2014-10-01,24,Ensemble,1192.0,100000.0,732
2015-01-01,24,Ensemble,1146.0,95000.0,658
2015-04-01,24,Ensemble,1175.0,98000.0,687
2015-07-01,24,Ensemble,1203.0,101600.0,893
2015-10-01,24,Ensemble,1227.0,104000.0,919
2016-01-01,24,Ensemble,1201.0,100500.0,696
2016-04-01,24,Ensemble,1176.0,100000.0,774
2016-07-01,24,Ensemble,1182.0,100000.0,933
2016-10-01,24,Ensemble,1200.0,100000.0,971
2017-01-01,24,Ensemble,1219.0,99938.0,838
2017-04-01,24,Ensemble,1213.0,100000.0,962
2017-07-01,24,Ensemble,1189.0,101400.0,991
2017-10-01,24,Ensemble,1229.0,102000.0,987
2018-01-01,24,Ensemble,1223.0,102000.0,840
2018-04-01,24,Ensemble,1222.0,100000.0,955
2018-07-01,24,Ensemble,1235.0,109000.0,1006
2018-10-01,24,Ensemble,1250.0,105000.0,656
2019-01-01,24,Ensemble,1250.0,100000.0,917
2019-04-01,24,Ensemble,1250.0,99805.0,1028
2019-07-01,24,Ensemble,1250.0,104000.0,1223
2019-10-01,24,Ensemble,1239.0,102875.0,1224
2020-01-01,24,Ensemble,1270.0,104000.0,983
2020-04-01,24,Ensemble,1288.0,105000.0,881
2020-07-01,24,Ensemble,1301.0,105000.0,1094
2020-10-01,24,Ensemble,1314.0,115000.0,1550
2014-01-01,24,Maison,1250.0,105000.0,561
2014-04-01,24,Maison,1166.0,102750.0,558
2014-07-01,24,Maison,1181.0,101750.0,660
2014-10-01,24,Maison,1179.0,102500.0,641
2015-01-01,24,Maison,1138.0,100000.0,570
2015-04-01,24,Maison,1171.0,104000.0,591
2015-07-01,24,Maison,1191.0,106750.0,790
2015-10-01,24,Maison,1197.0,110000.0,799
2016-01-01,24,Maison,1188.0,107800.0,604
2016-04-01,24,Maison,1152.0,105000.0,651
2016-07-01,24,Maison,1175.0,105000.0,818
2016-10-01,24,Maison,1200.0,105900.0,826
2017-01-01,24,Maison,1170.0,105500.0,708
2017-04-01,24,Maison,1185.0,107000.0,820
2017-07-01,24,Maison,1151.0,109000.0,863
2017-10-01,24,Maison,1217.0,110000.0,863
2018-01-01,24,Maison,1200.0,110000.0,712
2018-04-01,24,Maison,1205.0,110000.0,797
2018-07-01,24,Maison,1224.0,115000.0,872
2018-10-01,24,Maison,1237.0,111000.0,569
2019-01-01,24,Maison,1235.0,110000.0,765
2019-04-01,24,Maison,1250.0,108000.0,839
2019-07-01,24,Maison,1229.0,115000.0,1020
2019-10-01,24,Maison,1212.0,110000.0,1011
2020-01-01,24,Maison,1250.0,110000.0,838
2020-04-01,24,Maison,1274.0,115000.0,708
2020-07-01,24,Maison,1273.0,113626.0,922
2020-10-01,24,Maison,1308.0,123000.0,1332
2014-01-01,25,Appartement,1560.0,94000.0,598
2014-04-01,25,Appartement,1574.0,94650.0,533
2014-07-01,25,Appartement,1644.0,97000.0,649
2014-10-01,25,Appartement,1661.0,96850.0,604
2015-01-01,25,Appartement,1574.0,98500.0,547
2015-04-01,25,Appartement,1608.0,95000.0,648
2015-07-01,25,Appartement,1625.0,94000.0,749
2015-10-01,25,Appartement,1583.0,92000.0,692
2016-01-01,25,Appartement,1500.0,91200.0,540
2016-04-01,25,Appartement,1497.0,85000.0,652
2016-07-01,25,Appartement,1630.0,92450.0,766
2016-10-01,25,Appartement,1627.0,95000.0,683
2017-01-01,25,Appartement,1526.0,91000.0,655
2017-04-01,25,Appartement,1600.0,92000.0,806
2017-07-01,25,Appartement,1637.0,99900.0,751
2017-10-01,25,Appartement,1618.0,90000.0,683
2018-01-01,25,Appartement,1432.0,79000.0,228
2018-04-01,25,Appartement,998.0,64000.0,76
2019-01-01,25,Appartement,1596.0,98000.0,782
2019-04-01,25,Appartement,1679.0,100000.0,873
2019-07-01,25,Appartement,1718.0,103200.0,966
2019-10-01,25,Appartement,1691.0,105000.0,934
2020-01-01,25,Appartement,1780.0,101440.0,698
2020-04-01,25,Appartement,1716.0,106096.0,699
2020-07-01,25,Appartement,1778.0,103000.0,957
2020-10-01,25,Appartement,1844.0,109750.0,1037
2014-01-01,25,Ensemble,1560.0,120000.0,1088
2014-04-01,25,Ensemble,1584.0,122500.0,1019
2014-07-01,25,Ensemble,1677.0,130000.0,1290
2014-10-01,25,Ensemble,1666.0,124728.0,1121
2015-01-01,25,Ensemble,1585.0,124000.0,975
2015-04-01,25,Ensemble,1609.0,125000.0,1189
2015-07-01,25,Ensemble,1644.0,127150.0,1440
2015-10-01,25,Ensemble,1608.0,121350.0,1335
2016-01-01,25,Ensemble,1543.0,120000.0,986
2016-04-01,25,Ensemble,1552.0,120000.0,1225
2016-07-01,25,Ensemble,1667.0,121900.0,1449
2016-10-01,25,Ensemble,1628.0,125000.0,1338
2017-01-01,25,Ensemble,1589.0,121275.0,1194
2017-04-01,25,Ensemble,1637.0,120000.0,1444
2017-07-01,25,Ensemble,1673.0,136100.0,1499
2017-10-01,25,Ensemble,1643.0,129700.0,1320
2018-01-01,25,Ensemble,1517.0,120000.0,541
2018-04-01,25,Ensemble,1214.0,110000.0,193
2018-07-01,25,Ensemble,1471.0,131100.0,52
2018-10-01,25,Ensemble,1333.0,110000.0,75
2019-01-01,25,Ensemble,1642.0,121000.0,1384
2019-04-01,25,Ensemble,1684.0,125000.0,1583
2019-07-01,25,Ensemble,1749.0,135000.0,1898
2019-10-01,25,Ensemble,1734.0,132700.0,1800
2020-01-01,25,Ensemble,1777.0,132000.0,1234
2020-04-01,25,Ensemble,1716.0,134500.0,1335
2020-07-01,25,Ensemble,1798.0,135000.0,1834
2020-10-01,25,Ensemble,1841.0,139000.0,1956
2014-01-01,25,Maison,1563.0,155250.0,490
2014-04-01,25,Maison,1595.0,157000.0,486
2014-07-01,25,Maison,1706.0,171000.0,641
2014-10-01,25,Maison,1667.0,170000.0,517
2015-01-01,25,Maison,1599.0,161250.0,428
2015-04-01,25,Maison,1609.0,160000.0,541
2015-07-01,25,Maison,1662.0,173000.0,691
2015-10-01,25,Maison,1642.0,160000.0,643
2016-01-01,25,Maison,1616.0,156980.0,446
2016-04-01,25,Maison,1644.0,167850.0,573
2016-07-01,25,Maison,1674.0,169000.0,683
2016-10-01,25,Maison,1630.0,160000.0,655
2017-01-01,25,Maison,1677.0,166600.0,539
2017-04-01,25,Maison,1660.0,161900.0,638
2017-07-01,25,Maison,1727.0,178000.0,748
2017-10-01,25,Maison,1667.0,165000.0,637
2018-01-01,25,Maison,1543.0,149350.0,313
2018-04-01,25,Maison,1354.0,135000.0,117
2019-01-01,25,Maison,1703.0,168000.0,602
2019-04-01,25,Maison,1689.0,172200.0,710
2019-07-01,25,Maison,1790.0,181080.0,932
2019-10-01,25,Maison,1777.0,177910.0,866
2020-01-01,25,Maison,1760.0,175000.0,536
2020-04-01,25,Maison,1726.0,175200.0,636
2020-07-01,25,Maison,1850.0,187200.0,877
2020-10-01,25,Maison,1835.0,176825.0,919
2014-01-01,26,Appartement,1452.0,88500.0,387
2014-04-01,26,Appartement,1418.0,89000.0,451
2014-07-01,26,Appartement,1474.0,90000.0,446
2014-10-01,26,Appartement,1397.0,87825.0,386
2015-01-01,26,Appartement,1469.0,94500.0,393
2015-04-01,26,Appartement,1420.0,90000.0,455
2015-07-01,26,Appartement,1450.0,90000.0,465
2015-10-01,26,Appartement,1437.0,91450.0,471
2016-01-01,26,Appartement,1407.0,93000.0,409
2016-04-01,26,Appartement,1439.0,91300.0,519
2016-07-01,26,Appartement,1447.0,93525.0,552
2016-10-01,26,Appartement,1458.0,97965.0,544
2017-01-01,26,Appartement,1412.0,89535.0,524
2017-04-01,26,Appartement,1459.0,92500.0,609
2017-07-01,26,Appartement,1525.0,94925.0,550
2017-10-01,26,Appartement,1451.0,91750.0,542
2018-01-01,26,Appartement,1452.0,92880.0,224
2018-07-01,26,Appartement,1413.0,91000.0,78
2018-10-01,26,Appartement,1462.0,90175.0,302
2019-01-01,26,Appartement,1490.0,95000.0,600
2019-04-01,26,Appartement,1465.0,94332.0,673
2019-07-01,26,Appartement,1518.0,97850.0,674
2019-10-01,26,Appartement,1571.0,100000.0,664
2020-01-01,26,Appartement,1574.0,100000.0,575
2020-04-01,26,Appartement,1533.0,100460.0,541
2020-07-01,26,Appartement,1595.0,105960.0,591
2020-10-01,26,Appartement,1640.0,104594.0,692
2014-01-01,26,Ensemble,1667.0,130000.0,909
2014-04-01,26,Ensemble,1667.0,130000.0,968
2014-07-01,26,Ensemble,1688.0,140000.0,1099
2014-10-01,26,Ensemble,1738.0,139300.0,981
2015-01-01,26,Ensemble,1674.0,131250.0,908
2015-04-01,26,Ensemble,1656.0,135175.0,1120
2015-07-01,26,Ensemble,1714.0,146900.0,1245
2015-10-01,26,Ensemble,1697.0,140000.0,1214
2016-01-01,26,Ensemble,1667.0,134000.0,977
2016-04-01,26,Ensemble,1669.0,138000.0,1224
2016-07-01,26,Ensemble,1716.0,145100.0,1379
2016-10-01,26,Ensemble,1716.0,139000.0,1332
2017-01-01,26,Ensemble,1679.0,134000.0,1291
2017-04-01,26,Ensemble,1721.0,137794.0,1498
2017-07-01,26,Ensemble,1799.0,154000.0,1545
2017-10-01,26,Ensemble,1757.0,143348.0,1350
2018-01-01,26,Ensemble,1691.0,144900.0,616
2018-07-01,26,Ensemble,1892.0,152620.0,224
2018-10-01,26,Ensemble,1802.0,150000.0,811
2019-01-01,26,Ensemble,1723.0,137033.0,1445
2019-04-01,26,Ensemble,1739.0,138954.0,1565
2019-07-01,26,Ensemble,1834.0,152000.0,1729
2019-10-01,26,Ensemble,1782.0,145000.0,1666
2020-01-01,26,Ensemble,1756.0,135000.0,1285
2020-04-01,26,Ensemble,1832.0,150000.0,1341
2020-07-01,26,Ensemble,1897.0,160000.0,1518
2020-10-01,26,Ensemble,1933.0,163750.0,1800
2014-01-01,26,Maison,1833.0,167000.0,522
2014-04-01,26,Maison,1889.0,175000.0,517
2014-07-01,26,Maison,1839.0,175000.0,653
2014-10-01,26,Maison,1850.0,170000.0,595
2015-01-01,26,Maison,1771.0,162200.0,515
2015-04-01,26,Maison,1829.0,170000.0,665
2015-07-01,26,Maison,1868.0,175775.0,780
2015-10-01,26,Maison,1849.0,175600.0,743
2016-01-01,26,Maison,1891.0,175000.0,568
2016-04-01,26,Maison,1859.0,174000.0,705
2016-07-01,26,Maison,1905.0,178960.0,827
2016-10-01,26,Maison,1854.0,171500.0,788
2017-01-01,26,Maison,1875.0,178300.0,767
2017-04-01,26,Maison,1885.0,176800.0,889
2017-07-01,26,Maison,1938.0,186100.0,995
2017-10-01,26,Maison,1944.0,180000.0,808
2018-01-01,26,Maison,1870.0,180000.0,392
2018-07-01,26,Maison,2047.0,184200.0,146
2018-10-01,26,Maison,1970.0,184000.0,509
2019-01-01,26,Maison,1925.0,180000.0,845
2019-04-01,26,Maison,1988.0,187450.0,892
2019-07-01,26,Maison,2056.0,198910.0,1055
2019-10-01,26,Maison,1970.0,186180.0,1002
2020-01-01,26,Maison,1991.0,185000.0,710
2020-04-01,26,Maison,2055.0,195000.0,800
2020-07-01,26,Maison,2074.0,203000.0,927
2020-10-01,26,Maison,2127.0,205000.0,1108
2014-01-01,27,Appartement,1692.0,89000.0,173
2014-04-01,27,Appartement,1576.0,90652.0,150
2014-07-01,27,Appartement,1609.0,87000.0,147
2014-10-01,27,Appartement,1696.0,91000.0,136
2015-01-01,27,Appartement,1595.0,95000.0,145
2015-04-01,27,Appartement,1709.0,87500.0,171
2015-07-01,27,Appartement,1506.0,90000.0,173
2015-10-01,27,Appartement,1622.0,90500.0,146
2016-01-01,27,Appartement,1538.0,84000.0,142
2016-04-01,27,Appartement,1513.0,79300.0,184
2016-07-01,27,Appartement,1532.0,87000.0,157
2016-10-01,27,Appartement,1631.0,82000.0,185
2017-01-01,27,Appartement,1643.0,87500.0,192
2017-04-01,27,Appartement,1493.0,82000.0,196
2017-07-01,27,Appartement,1636.0,85000.0,199
2017-10-01,27,Appartement,1645.0,80000.0,190
2018-01-01,27,Appartement,1521.0,86500.0,176
2018-04-01,27,Appartement,1553.0,88000.0,177
2018-07-01,27,Appartement,1588.0,82000.0,76
2018-10-01,27,Appartement,1427.0,76000.0,51
2019-01-01,27,Appartement,1566.0,83250.0,198
2019-04-01,27,Appartement,1558.0,87000.0,230
2019-07-01,27,Appartement,1606.0,87250.0,278
2019-10-01,27,Appartement,1542.0,78000.0,251
2020-01-01,27,Appartement,1579.0,87000.0,205
2020-04-01,27,Appartement,1673.0,90000.0,255
2020-07-01,27,Appartement,1595.0,85500.0,218
2020-10-01,27,Appartement,1686.0,92000.0,299
2014-01-01,27,Ensemble,1687.0,130000.0,852
2014-04-01,27,Ensemble,1629.0,132800.0,807
2014-07-01,27,Ensemble,1650.0,137259.0,958
2014-10-01,27,Ensemble,1628.0,132000.0,865
2015-01-01,27,Ensemble,1602.0,132000.0,820
2015-04-01,27,Ensemble,1633.0,131800.0,941
2015-07-01,27,Ensemble,1630.0,140000.0,1109
2015-10-01,27,Ensemble,1589.0,130000.0,968
2016-01-01,27,Ensemble,1571.0,130000.0,815
2016-04-01,27,Ensemble,1542.0,127700.0,1023
2016-07-01,27,Ensemble,1633.0,140500.0,1086
2016-10-01,27,Ensemble,1587.0,130500.0,1030
2017-01-01,27,Ensemble,1600.0,128000.0,1066
2017-04-01,27,Ensemble,1600.0,134000.0,1136
2017-07-01,27,Ensemble,1641.0,139150.0,1286
2017-10-01,27,Ensemble,1637.0,133000.0,1082
2018-01-01,27,Ensemble,1642.0,135000.0,988
2018-04-01,27,Ensemble,1641.0,136000.0,1040
2018-07-01,27,Ensemble,1697.0,150000.0,613
2018-10-01,27,Ensemble,1598.0,135000.0,291
2019-01-01,27,Ensemble,1637.0,134000.0,1163
2019-04-01,27,Ensemble,1642.0,136010.0,1263
2019-07-01,27,Ensemble,1667.0,140000.0,1583
2019-10-01,27,Ensemble,1662.0,135000.0,1370
2020-01-01,27,Ensemble,1648.0,136354.0,1104
2020-04-01,27,Ensemble,1690.0,140000.0,1241
2020-07-01,27,Ensemble,1718.0,152500.0,1424
2020-10-01,27,Ensemble,1737.0,145000.0,1792
2014-01-01,27,Maison,1683.0,139000.0,679
2014-04-01,27,Maison,1632.0,142950.0,657
2014-07-01,27,Maison,1659.0,146000.0,811
2014-10-01,27,Maison,1618.0,140000.0,729
2015-01-01,27,Maison,1605.0,140000.0,675
2015-04-01,27,Maison,1610.0,140000.0,770
2015-07-01,27,Maison,1642.0,147750.0,936
2015-10-01,27,Maison,1583.0,138000.0,822
2016-01-01,27,Maison,1583.0,136000.0,673
2016-04-01,27,Maison,1551.0,135000.0,839
2016-07-01,27,Maison,1653.0,148000.0,929
2016-10-01,27,Maison,1583.0,141000.0,845
2017-01-01,27,Maison,1592.0,138000.0,874
2017-04-01,27,Maison,1624.0,142000.0,940
2017-07-01,27,Maison,1642.0,149000.0,1087
2017-10-01,27,Maison,1633.0,142000.0,892
2018-01-01,27,Maison,1667.0,145000.0,812
2018-04-01,27,Maison,1667.0,145000.0,863
2018-07-01,27,Maison,1712.0,156200.0,537
2018-10-01,27,Maison,1660.0,146350.0,240
2019-01-01,27,Maison,1653.0,145000.0,965
2019-04-01,27,Maison,1656.0,146000.0,1033
2019-07-01,27,Maison,1682.0,150000.0,1305
2019-10-01,27,Maison,1688.0,147500.0,1119
2020-01-01,27,Maison,1664.0,147000.0,899
2020-04-01,27,Maison,1699.0,153000.0,986
2020-07-01,27,Maison,1762.0,162000.0,1206
2020-10-01,27,Maison,1750.0,155000.0,1493
2014-01-01,28,Appartement,1900.0,100000.0,179
2014-04-01,28,Appartement,2000.0,101700.0,173
2014-07-01,28,Appartement,2065.0,110000.0,187
2014-10-01,28,Appartement,1829.0,95000.0,171
2015-01-01,28,Appartement,1800.0,97000.0,191
2015-04-01,28,Appartement,1920.0,107000.0,228
2015-07-01,28,Appartement,1929.0,105000.0,213
2015-10-01,28,Appartement,1891.0,93908.0,197
2016-01-01,28,Appartement,1860.0,102000.0,165
2016-04-01,28,Appartement,1882.0,101500.0,206
2016-07-01,28,Appartement,2045.0,102000.0,203
2016-10-01,28,Appartement,1966.0,107500.0,188
2017-01-01,28,Appartement,1981.0,100000.0,221
2017-04-01,28,Appartement,1931.0,100000.0,249
2017-07-01,28,Appartement,2004.0,107500.0,224
2017-10-01,28,Appartement,2074.0,106000.0,183
2018-01-01,28,Appartement,2008.0,95000.0,190
2018-04-01,28,Appartement,1989.0,100000.0,239
2018-07-01,28,Appartement,1969.0,105000.0,225
2018-10-01,28,Appartement,1870.0,96500.0,189
2019-01-01,28,Appartement,1897.0,98500.0,235
2019-04-01,28,Appartement,1932.0,90000.0,288
2019-07-01,28,Appartement,2074.0,100000.0,303
2019-10-01,28,Appartement,2035.0,100000.0,269
2020-01-01,28,Appartement,2010.0,100000.0,255
2020-04-01,28,Appartement,1990.0,92190.0,242
2020-07-01,28,Appartement,2143.0,100000.0,269
2020-10-01,28,Appartement,2088.0,99400.0,317
2014-01-01,28,Ensemble,1691.0,132500.0,718
2014-04-01,28,Ensemble,1695.0,135000.0,771
2014-07-01,28,Ensemble,1750.0,140000.0,913
2014-10-01,28,Ensemble,1646.0,135000.0,802
2015-01-01,28,Ensemble,1621.0,126500.0,768
2015-04-01,28,Ensemble,1657.0,135000.0,976
2015-07-01,28,Ensemble,1696.0,140000.0,1126
2015-10-01,28,Ensemble,1631.0,130000.0,918
2016-01-01,28,Ensemble,1612.0,129500.0,812
2016-04-01,28,Ensemble,1637.0,136000.0,977
2016-07-01,28,Ensemble,1667.0,139000.0,1133
2016-10-01,28,Ensemble,1604.0,130000.0,1091
2017-01-01,28,Ensemble,1631.0,131000.0,1005
2017-04-01,28,Ensemble,1686.0,135000.0,1122
2017-07-01,28,Ensemble,1724.0,144450.0,1231
2017-10-01,28,Ensemble,1638.0,138000.0,1028
2018-01-01,28,Ensemble,1577.0,132840.0,952
2018-04-01,28,Ensemble,1598.0,130000.0,1041
2018-07-01,28,Ensemble,1667.0,138000.0,1220
2018-10-01,28,Ensemble,1636.0,135900.0,1018
2019-01-01,28,Ensemble,1657.0,130925.0,1084
2019-04-01,28,Ensemble,1707.0,136540.0,1177
2019-07-01,28,Ensemble,1779.0,146000.0,1456
2019-10-01,28,Ensemble,1679.0,140000.0,1306
2020-01-01,28,Ensemble,1685.0,137000.0,1116
2020-04-01,28,Ensemble,1710.0,142400.0,1075
2020-07-01,28,Ensemble,1799.0,148575.0,1378
2020-10-01,28,Ensemble,1732.0,145000.0,1576
2014-01-01,28,Maison,1667.0,145000.0,539
2014-04-01,28,Maison,1619.0,145000.0,598
2014-07-01,28,Maison,1660.0,150000.0,726
2014-10-01,28,Maison,1607.0,145600.0,631
2015-01-01,28,Maison,1589.0,140000.0,577
2015-04-01,28,Maison,1562.0,147350.0,748
2015-07-01,28,Maison,1629.0,150000.0,913
2015-10-01,28,Maison,1567.0,143000.0,721
2016-01-01,28,Maison,1556.0,136000.0,647
2016-04-01,28,Maison,1552.0,147000.0,771
2016-07-01,28,Maison,1611.0,149150.0,930
2016-10-01,28,Maison,1523.0,135000.0,903
2017-01-01,28,Maison,1539.0,144760.0,784
2017-04-01,28,Maison,1603.0,148000.0,873
2017-07-01,28,Maison,1667.0,152160.0,1007
2017-10-01,28,Maison,1595.0,145000.0,845
2018-01-01,28,Maison,1509.0,145000.0,762
2018-04-01,28,Maison,1545.0,141995.0,802
2018-07-01,28,Maison,1600.0,150000.0,995
2018-10-01,28,Maison,1599.0,147500.0,829
2019-01-01,28,Maison,1594.0,145000.0,849
2019-04-01,28,Maison,1630.0,155000.0,889
2019-07-01,28,Maison,1722.0,160000.0,1153
2019-10-01,28,Maison,1609.0,150500.0,1037
2020-01-01,28,Maison,1607.0,150000.0,861
2020-04-01,28,Maison,1667.0,155000.0,833
2020-07-01,28,Maison,1725.0,162340.0,1109
2020-10-01,28,Maison,1667.0,159860.0,1259
2014-01-01,29,Appartement,1286.0,73850.0,611
2014-04-01,29,Appartement,1283.0,75000.0,621
2014-07-01,29,Appartement,1339.0,72500.0,657
2014-10-01,29,Appartement,1293.0,75000.0,641
2015-01-01,29,Appartement,1284.0,73658.0,570
2015-04-01,29,Appartement,1236.0,73000.0,765
2015-07-01,29,Appartement,1286.0,73500.0,806
2015-10-01,29,Appartement,1286.0,70500.0,833
2016-01-01,29,Appartement,1279.0,73000.0,697
2016-04-01,29,Appartement,1239.0,70000.0,814
2016-07-01,29,Appartement,1258.0,73000.0,873
2016-10-01,29,Appartement,1295.0,71285.0,837
2017-01-01,29,Appartement,1286.0,74500.0,867
2017-04-01,29,Appartement,1281.0,73000.0,1040
2017-07-01,29,Appartement,1290.0,72000.0,940
2017-10-01,29,Appartement,1345.0,74000.0,881
2018-01-01,29,Appartement,1267.0,70500.0,856
2018-04-01,29,Appartement,1355.0,75000.0,891
2018-07-01,29,Appartement,1306.0,75000.0,676
2018-10-01,29,Appartement,1333.0,73000.0,467
2019-01-01,29,Appartement,1352.0,77000.0,1029
2019-04-01,29,Appartement,1410.0,77500.0,1103
2019-07-01,29,Appartement,1430.0,80000.0,1258
2019-10-01,29,Appartement,1474.0,80000.0,1243
2020-01-01,29,Appartement,1511.0,85000.0,1088
2020-04-01,29,Appartement,1561.0,85320.0,981
2020-07-01,29,Appartement,1633.0,87000.0,1125
2020-10-01,29,Appartement,1673.0,90600.0,1335
2014-01-01,29,Ensemble,1359.0,105000.0,1979
2014-04-01,29,Ensemble,1338.0,103900.0,1933
2014-07-01,29,Ensemble,1397.0,110500.0,2296
2014-10-01,29,Ensemble,1358.0,109000.0,2162
2015-01-01,29,Ensemble,1351.0,110000.0,1966
2015-04-01,29,Ensemble,1333.0,107580.0,2399
2015-07-01,29,Ensemble,1365.0,113000.0,2756
2015-10-01,29,Ensemble,1343.0,108000.0,2635
2016-01-01,29,Ensemble,1325.0,103700.0,2223
2016-04-01,29,Ensemble,1322.0,105000.0,2447
2016-07-01,29,Ensemble,1364.0,110000.0,2957
2016-10-01,29,Ensemble,1358.0,108250.0,2646
2017-01-01,29,Ensemble,1383.0,112000.0,2724
2017-04-01,29,Ensemble,1360.0,108000.0,3019
2017-07-01,29,Ensemble,1404.0,114000.0,3097
2017-10-01,29,Ensemble,1408.0,110774.0,2916
2018-01-01,29,Ensemble,1350.0,108000.0,2546
2018-04-01,29,Ensemble,1438.0,110000.0,2356
2018-07-01,29,Ensemble,1519.0,118500.0,1649
2018-10-01,29,Ensemble,1484.0,114500.0,1301
2019-01-01,29,Ensemble,1425.0,113250.0,3058
2019-04-01,29,Ensemble,1468.0,114175.0,3294
2019-07-01,29,Ensemble,1500.0,120000.0,3947
2019-10-01,29,Ensemble,1522.0,119000.0,3695
2020-01-01,29,Ensemble,1557.0,120000.0,3071
2020-04-01,29,Ensemble,1587.0,125000.0,2930
2020-07-01,29,Ensemble,1617.0,128000.0,3453
2020-10-01,29,Ensemble,1667.0,131525.0,4288
2014-01-01,29,Maison,1388.0,125000.0,1368
2014-04-01,29,Maison,1368.0,125000.0,1312
2014-07-01,29,Maison,1429.0,132000.0,1639
2014-10-01,29,Maison,1398.0,129000.0,1521
2015-01-01,29,Maison,1376.0,128000.0,1396
2015-04-01,29,Maison,1365.0,128000.0,1634
2015-07-01,29,Maison,1408.0,132000.0,1950
2015-10-01,29,Maison,1364.0,125000.0,1802
2016-01-01,29,Maison,1365.0,124000.0,1526
2016-04-01,29,Maison,1368.0,130000.0,1633
2016-07-01,29,Maison,1405.0,130618.0,2084
2016-10-01,29,Maison,1395.0,132000.0,1809
2017-01-01,29,Maison,1434.0,135000.0,1857
2017-04-01,29,Maison,1414.0,130000.0,1979
2017-07-01,29,Maison,1467.0,136500.0,2157
2017-10-01,29,Maison,1440.0,134000.0,2035
2018-01-01,29,Maison,1397.0,131000.0,1690
2018-04-01,29,Maison,1494.0,138000.0,1465
2018-07-01,29,Maison,1654.0,155000.0,973
2018-10-01,29,Maison,1569.0,147500.0,834
2019-01-01,29,Maison,1463.0,139000.0,2029
2019-04-01,29,Maison,1500.0,140000.0,2191
2019-07-01,29,Maison,1538.0,145000.0,2689
2019-10-01,29,Maison,1550.0,142000.0,2452
2020-01-01,29,Maison,1579.0,147000.0,1983
2020-04-01,29,Maison,1610.0,150000.0,1949
2020-07-01,29,Maison,1600.0,155000.0,2328
2020-10-01,29,Maison,1667.0,155000.0,2953
2014-01-01,2A,Appartement,3067.0,160000.0,201
2014-04-01,2A,Appartement,2785.0,162750.0,200
2014-07-01,2A,Appartement,3025.0,150500.0,205
2014-10-01,2A,Appartement,3158.0,177000.0,197
2015-01-01,2A,Appartement,3135.0,170600.0,197
2015-04-01,2A,Appartement,2967.0,174500.0,187
2015-07-01,2A,Appartement,2879.0,163000.0,244
2015-10-01,2A,Appartement,2935.0,157500.0,252
2016-01-01,2A,Appartement,3181.0,179000.0,196
2016-04-01,2A,Appartement,3000.0,170000.0,241
2016-07-01,2A,Appartement,2882.0,160000.0,284
2016-10-01,2A,Appartement,3113.0,177500.0,270
2017-01-01,2A,Appartement,3110.0,160000.0,288
2017-04-01,2A,Appartement,3072.0,167000.0,309
2017-07-01,2A,Appartement,2987.0,163860.0,301
2017-10-01,2A,Appartement,3035.0,179000.0,260
2019-01-01,2A,Appartement,3229.0,177000.0,281
2019-04-01,2A,Appartement,3188.0,189000.0,344
2019-07-01,2A,Appartement,3092.0,180000.0,338
2019-10-01,2A,Appartement,3300.0,180000.0,350
2020-01-01,2A,Appartement,3316.0,175892.0,326
2020-04-01,2A,Appartement,3367.0,199000.0,258
2020-07-01,2A,Appartement,3133.0,185000.0,267
2020-10-01,2A,Appartement,3393.0,190000.0,325
2014-01-01,2A,Ensemble,3028.0,178180.0,294
2014-04-01,2A,Ensemble,2800.0,170000.0,255
2014-07-01,2A,Ensemble,3025.0,160000.0,293
2014-10-01,2A,Ensemble,3091.0,182250.0,298
2015-01-01,2A,Ensemble,3103.0,180000.0,273
2015-04-01,2A,Ensemble,2943.0,178300.0,264
2015-07-01,2A,Ensemble,2942.0,174500.0,332
2015-10-01,2A,Ensemble,2959.0,170000.0,352
2016-01-01,2A,Ensemble,3142.0,187175.0,268
2016-04-01,2A,Ensemble,3000.0,185000.0,337
2016-07-01,2A,Ensemble,2901.0,175000.0,375
2016-10-01,2A,Ensemble,3110.0,200000.0,382
2017-01-01,2A,Ensemble,3167.0,177000.0,401
2017-04-01,2A,Ensemble,3088.0,190000.0,439
2017-07-01,2A,Ensemble,3038.0,184000.0,412
2017-10-01,2A,Ensemble,3057.0,195000.0,387
2019-01-01,2A,Ensemble,3279.0,191000.0,385
2019-04-01,2A,Ensemble,3229.0,205222.0,456
2019-07-01,2A,Ensemble,3232.0,195000.0,471
2019-10-01,2A,Ensemble,3415.0,214170.0,487
2020-01-01,2A,Ensemble,3326.0,190000.0,427
2020-04-01,2A,Ensemble,3400.0,218250.0,368
2020-07-01,2A,Ensemble,3197.0,195000.0,381
2020-10-01,2A,Ensemble,3447.0,210830.0,467
2014-01-01,2A,Maison,2875.0,227000.0,93
2014-04-01,2A,Maison,3080.0,244000.0,55
2014-07-01,2A,Maison,3024.0,213000.0,88
2014-10-01,2A,Maison,2917.0,240000.0,101
2015-01-01,2A,Maison,3018.0,260000.0,76
2015-04-01,2A,Maison,2750.0,195000.0,77
2015-07-01,2A,Maison,3161.0,251000.0,88
2015-10-01,2A,Maison,3031.0,253505.0,100
2016-01-01,2A,Maison,2877.0,209500.0,72
2016-04-01,2A,Maison,3086.0,263500.0,96
2016-07-01,2A,Maison,3102.0,260000.0,91
2016-10-01,2A,Maison,3099.0,266750.0,112
2017-01-01,2A,Maison,3503.0,285000.0,113
2017-04-01,2A,Maison,3183.0,264167.0,130
2017-07-01,2A,Maison,3281.0,300000.0,111
2017-10-01,2A,Maison,3147.0,279575.0,127
2019-01-01,2A,Maison,3388.0,282000.0,104
2019-04-01,2A,Maison,3435.0,325000.0,112
2019-07-01,2A,Maison,3624.0,334700.0,133
2019-10-01,2A,Maison,3824.0,359375.0,137
2020-01-01,2A,Maison,3412.0,315000.0,101
2020-04-01,2A,Maison,3473.0,298000.0,110
2020-07-01,2A,Maison,3317.0,287500.0,114
2020-10-01,2A,Maison,3739.0,334920.0,142
2014-01-01,2B,Appartement,2311.0,119500.0,242
2014-04-01,2B,Appartement,2254.0,106000.0,164
2014-07-01,2B,Appartement,2344.0,127000.0,230
2014-10-01,2B,Appartement,2400.0,122085.0,239
2015-01-01,2B,Appartement,2411.0,121500.0,172
2015-04-01,2B,Appartement,2305.0,120000.0,213
2015-07-01,2B,Appartement,2410.0,135000.0,214
2015-10-01,2B,Appartement,2346.0,130000.0,247
2016-01-01,2B,Appartement,2510.0,129250.0,214
2016-04-01,2B,Appartement,2231.0,122200.0,241
2016-07-01,2B,Appartement,2377.0,127000.0,237
2016-10-01,2B,Appartement,2323.0,122350.0,256
2017-01-01,2B,Appartement,2446.0,126110.0,304
2017-04-01,2B,Appartement,2384.0,120640.0,264
2017-07-01,2B,Appartement,2323.0,114000.0,290
2017-10-01,2B,Appartement,2564.0,125000.0,309
2018-01-01,2B,Appartement,2520.0,132332.0,122
2019-01-01,2B,Appartement,2567.0,125000.0,249
2019-04-01,2B,Appartement,2500.0,135000.0,280
2019-07-01,2B,Appartement,2652.0,142250.0,344
2019-10-01,2B,Appartement,2664.0,145000.0,304
2020-01-01,2B,Appartement,2625.0,145750.0,280
2020-04-01,2B,Appartement,2647.0,146850.0,224
2020-07-01,2B,Appartement,2667.0,135000.0,271
2020-10-01,2B,Appartement,2744.0,137735.0,381
2014-01-01,2B,Ensemble,2245.0,136000.0,358
2014-04-01,2B,Ensemble,2320.0,120000.0,258
2014-07-01,2B,Ensemble,2423.0,143925.0,360
2014-10-01,2B,Ensemble,2393.0,132000.0,349
2015-01-01,2B,Ensemble,2357.0,125000.0,276
2015-04-01,2B,Ensemble,2305.0,130000.0,321
2015-07-01,2B,Ensemble,2400.0,150000.0,308
2015-10-01,2B,Ensemble,2384.0,141950.0,364
2016-01-01,2B,Ensemble,2500.0,140000.0,325
2016-04-01,2B,Ensemble,2196.0,130000.0,361
2016-07-01,2B,Ensemble,2429.0,140000.0,359
2016-10-01,2B,Ensemble,2282.0,140000.0,420
2017-01-01,2B,Ensemble,2396.0,140000.0,434
2017-04-01,2B,Ensemble,2346.0,130000.0,405
2017-07-01,2B,Ensemble,2373.0,128950.0,410
2017-10-01,2B,Ensemble,2500.0,131900.0,442
2018-01-01,2B,Ensemble,2567.0,153055.0,178
2019-01-01,2B,Ensemble,2529.0,150000.0,409
2019-04-01,2B,Ensemble,2543.0,150000.0,439
2019-07-01,2B,Ensemble,2623.0,158000.0,523
2019-10-01,2B,Ensemble,2647.0,157390.0,485
2020-01-01,2B,Ensemble,2721.0,166000.0,438
2020-04-01,2B,Ensemble,2713.0,166625.0,332
2020-07-01,2B,Ensemble,2685.0,153170.0,432
2020-10-01,2B,Ensemble,2744.0,160000.0,561
2014-01-01,2B,Maison,2131.0,178000.0,116
2014-04-01,2B,Maison,2508.0,195000.0,94
2014-07-01,2B,Maison,2561.0,182500.0,130
2014-10-01,2B,Maison,2371.0,170000.0,110
2015-01-01,2B,Maison,2224.0,132500.0,104
2015-04-01,2B,Maison,2319.0,172500.0,108
2015-07-01,2B,Maison,2394.0,212500.0,94
2015-10-01,2B,Maison,2467.0,199100.0,117
2016-01-01,2B,Maison,2483.0,200000.0,111
2016-04-01,2B,Maison,2080.0,169106.0,120
2016-07-01,2B,Maison,2451.0,210250.0,122
2016-10-01,2B,Maison,2155.0,190000.0,164
2017-01-01,2B,Maison,2306.0,200000.0,130
2017-04-01,2B,Maison,2305.0,170000.0,141
2017-07-01,2B,Maison,2382.0,200000.0,120
2017-10-01,2B,Maison,2368.0,176000.0,133
2018-01-01,2B,Maison,2671.0,233000.0,56
2019-01-01,2B,Maison,2479.0,222175.0,160
2019-04-01,2B,Maison,2622.0,240000.0,159
2019-07-01,2B,Maison,2500.0,224500.0,179
2019-10-01,2B,Maison,2590.0,200000.0,181
2020-01-01,2B,Maison,2893.0,236500.0,158
2020-04-01,2B,Maison,2809.0,251500.0,108
2020-07-01,2B,Maison,2711.0,240000.0,161
2020-10-01,2B,Maison,2754.0,250752.0,180
2014-01-01,30,Appartement,1778.0,92000.0,559
2014-04-01,30,Appartement,1778.0,93000.0,577
2014-07-01,30,Appartement,1866.0,100000.0,598
2014-10-01,30,Appartement,1838.0,93000.0,559
2015-01-01,30,Appartement,1711.0,92400.0,545
2015-04-01,30,Appartement,1765.0,87000.0,621
2015-07-01,30,Appartement,1817.0,97000.0,720
2015-10-01,30,Appartement,1737.0,88500.0,713
2016-01-01,30,Appartement,1731.0,89000.0,647
2016-04-01,30,Appartement,1756.0,90000.0,767
2016-07-01,30,Appartement,1764.0,90000.0,706
2016-10-01,30,Appartement,1855.0,90000.0,820
2017-01-01,30,Appartement,1831.0,88450.0,764
2017-04-01,30,Appartement,1902.0,92700.0,857
2017-07-01,30,Appartement,1851.0,90000.0,795
2017-10-01,30,Appartement,1774.0,88000.0,781
2018-01-01,30,Appartement,1861.0,94300.0,756
2018-04-01,30,Appartement,1854.0,93000.0,863
2018-07-01,30,Appartement,1892.0,93470.0,913
2018-10-01,30,Appartement,1800.0,87888.0,718
2019-01-01,30,Appartement,1850.0,93000.0,819
2019-04-01,30,Appartement,1944.0,96000.0,1035
2019-07-01,30,Appartement,1926.0,95000.0,1000
2019-10-01,30,Appartement,1909.0,95000.0,990
2020-01-01,30,Appartement,1973.0,96450.0,865
2020-04-01,30,Appartement,1959.0,97660.0,849
2020-07-01,30,Appartement,2023.0,100000.0,930
2020-10-01,30,Appartement,2000.0,96000.0,1147
2014-01-01,30,Ensemble,1934.0,136096.0,1382
2014-04-01,30,Ensemble,1922.0,144250.0,1472
2014-07-01,30,Ensemble,1961.0,150000.0,1702
2014-10-01,30,Ensemble,1964.0,146000.0,1483
2015-01-01,30,Ensemble,1905.0,141700.0,1414
2015-04-01,30,Ensemble,1929.0,145000.0,1657
2015-07-01,30,Ensemble,2000.0,152000.0,1939
2015-10-01,30,Ensemble,1917.0,145000.0,1793
2016-01-01,30,Ensemble,1950.0,140000.0,1581
2016-04-01,30,Ensemble,1933.0,142000.0,1883
2016-07-01,30,Ensemble,1971.0,150000.0,1950
2016-10-01,30,Ensemble,1977.0,148000.0,2029
2017-01-01,30,Ensemble,1969.0,150000.0,2005
2017-04-01,30,Ensemble,1989.0,150000.0,2234
2017-07-01,30,Ensemble,2015.0,155000.0,2199
2017-10-01,30,Ensemble,2000.0,151000.0,2125
2018-01-01,30,Ensemble,1996.0,150000.0,1985
2018-04-01,30,Ensemble,2022.0,150000.0,2175
2018-07-01,30,Ensemble,2080.0,159000.0,2504
2018-10-01,30,Ensemble,2002.0,154358.0,1962
2019-01-01,30,Ensemble,2037.0,151500.0,2059
2019-04-01,30,Ensemble,2048.0,147300.0,2456
2019-07-01,30,Ensemble,2107.0,158000.0,2661
2019-10-01,30,Ensemble,2087.0,157250.0,2568
2020-01-01,30,Ensemble,2107.0,154500.0,2079
2020-04-01,30,Ensemble,2095.0,152000.0,2133
2020-07-01,30,Ensemble,2176.0,160000.0,2406
2020-10-01,30,Ensemble,2193.0,163390.0,3086
2014-01-01,30,Maison,1983.0,172500.0,823
2014-04-01,30,Maison,2000.0,180000.0,895
2014-07-01,30,Maison,2000.0,182300.0,1104
2014-10-01,30,Maison,1986.0,177000.0,924
2015-01-01,30,Maison,1982.0,175000.0,869
2015-04-01,30,Maison,2000.0,180000.0,1036
2015-07-01,30,Maison,2056.0,190000.0,1219
2015-10-01,30,Maison,2015.0,180000.0,1080
2016-01-01,30,Maison,2030.0,186090.0,934
2016-04-01,30,Maison,2000.0,180000.0,1116
2016-07-01,30,Maison,2047.0,185000.0,1244
2016-10-01,30,Maison,2018.0,181650.0,1209
2017-01-01,30,Maison,2031.0,186500.0,1241
2017-04-01,30,Maison,2017.0,185000.0,1377
2017-07-01,30,Maison,2085.0,196475.0,1404
2017-10-01,30,Maison,2085.0,190000.0,1344
2018-01-01,30,Maison,2059.0,180000.0,1229
2018-04-01,30,Maison,2089.0,190830.0,1312
2018-07-01,30,Maison,2155.0,196000.0,1591
2018-10-01,30,Maison,2104.0,190900.0,1244
2019-01-01,30,Maison,2111.0,190000.0,1240
2019-04-01,30,Maison,2104.0,189600.0,1421
2019-07-01,30,Maison,2174.0,202870.0,1661
2019-10-01,30,Maison,2154.0,200000.0,1578
2020-01-01,30,Maison,2165.0,200585.0,1214
2020-04-01,30,Maison,2177.0,199865.0,1284
2020-07-01,30,Maison,2254.0,206968.0,1476
2020-10-01,30,Maison,2256.0,206050.0,1939
2014-01-01,31,Appartement,2370.0,120000.0,1730
2014-04-01,31,Appartement,2344.0,120800.0,1729
2014-07-01,31,Appartement,2424.0,118930.0,1955
2014-10-01,31,Appartement,2410.0,119878.0,1708
2015-01-01,31,Appartement,2375.0,118836.0,1758
2015-04-01,31,Appartement,2324.0,118000.0,1899
2015-07-01,31,Appartement,2390.0,120000.0,2275
2015-10-01,31,Appartement,2393.0,122295.0,2054
2016-01-01,31,Appartement,2400.0,124440.0,1790
2016-04-01,31,Appartement,2409.0,123000.0,2065
2016-07-01,31,Appartement,2417.0,120000.0,2287
2016-10-01,31,Appartement,2419.0,125000.0,2276
2017-01-01,31,Appartement,2420.0,122190.0,2412
2017-04-01,31,Appartement,2440.0,126000.0,2489
2017-07-01,31,Appartement,2449.0,125301.0,2601
2017-10-01,31,Appartement,2484.0,125100.0,2233
2018-01-01,31,Appartement,2438.0,125000.0,2021
2018-04-01,31,Appartement,2448.0,127000.0,2145
2018-07-01,31,Appartement,2529.0,130000.0,2555
2018-10-01,31,Appartement,2613.0,130000.0,1810
2019-01-01,31,Appartement,2500.0,129000.0,2517
2019-04-01,31,Appartement,2498.0,126855.0,2588
2019-07-01,31,Appartement,2600.0,132500.0,2874
2019-10-01,31,Appartement,2591.0,132295.0,2914
2020-01-01,31,Appartement,2615.0,133000.0,2658
2020-04-01,31,Appartement,2653.0,140000.0,2558
2020-07-01,31,Appartement,2718.0,139425.0,2572
2020-10-01,31,Appartement,2725.0,137500.0,2939
2014-01-01,31,Ensemble,2350.0,151105.0,2982
2014-04-01,31,Ensemble,2303.0,153000.0,2925
2014-07-01,31,Ensemble,2390.0,159722.0,3578
2014-10-01,31,Ensemble,2344.0,151825.0,2996
2015-01-01,31,Ensemble,2312.0,150000.0,3019
2015-04-01,31,Ensemble,2300.0,152000.0,3267
2015-07-01,31,Ensemble,2375.0,160000.0,4150
2015-10-01,31,Ensemble,2344.0,158000.0,3701
2016-01-01,31,Ensemble,2356.0,153500.0,3068
2016-04-01,31,Ensemble,2348.0,156000.0,3586
2016-07-01,31,Ensemble,2412.0,165000.0,4253
2016-10-01,31,Ensemble,2375.0,155000.0,3846
2017-01-01,31,Ensemble,2375.0,155000.0,4078
2017-04-01,31,Ensemble,2405.0,161825.0,4338
2017-07-01,31,Ensemble,2444.0,167000.0,4691
2017-10-01,31,Ensemble,2449.0,159000.0,3911
2018-01-01,31,Ensemble,2432.0,161650.0,3587
2018-04-01,31,Ensemble,2431.0,160000.0,3836
2018-07-01,31,Ensemble,2556.0,168000.0,4333
2018-10-01,31,Ensemble,2639.0,161290.0,2738
2019-01-01,31,Ensemble,2470.0,161000.0,4213
2019-04-01,31,Ensemble,2495.0,163727.0,4471
2019-07-01,31,Ensemble,2583.0,173000.0,5158
2019-10-01,31,Ensemble,2552.0,165000.0,4931
2020-01-01,31,Ensemble,2576.0,165000.0,4294
2020-04-01,31,Ensemble,2609.0,171000.0,4270
2020-07-01,31,Ensemble,2667.0,183000.0,4713
2020-10-01,31,Ensemble,2664.0,176625.0,5324
2014-01-01,31,Maison,2300.0,215274.0,1252
2014-04-01,31,Maison,2231.0,216075.0,1196
2014-07-01,31,Maison,2353.0,228400.0,1623
2014-10-01,31,Maison,2262.0,213000.0,1288
2015-01-01,31,Maison,2222.0,208900.0,1261
2015-04-01,31,Maison,2263.0,218250.0,1368
2015-07-01,31,Maison,2353.0,225000.0,1875
2015-10-01,31,Maison,2286.0,220000.0,1647
2016-01-01,31,Maison,2289.0,219905.0,1278
2016-04-01,31,Maison,2273.0,215241.0,1521
2016-07-01,31,Maison,2407.0,236200.0,1966
2016-10-01,31,Maison,2311.0,218000.0,1570
2017-01-01,31,Maison,2326.0,220000.0,1666
2017-04-01,31,Maison,2364.0,229500.0,1849
2017-07-01,31,Maison,2437.0,240000.0,2090
2017-10-01,31,Maison,2410.0,230000.0,1678
2018-01-01,31,Maison,2419.0,230000.0,1566
2018-04-01,31,Maison,2409.0,231500.0,1691
2018-07-01,31,Maison,2591.0,253785.0,1778
2018-10-01,31,Maison,2700.0,267150.0,928
2019-01-01,31,Maison,2437.0,230000.0,1696
2019-04-01,31,Maison,2494.0,240000.0,1883
2019-07-01,31,Maison,2560.0,253075.0,2284
2019-10-01,31,Maison,2516.0,245700.0,2017
2020-01-01,31,Maison,2526.0,245325.0,1636
2020-04-01,31,Maison,2532.0,243920.0,1712
2020-07-01,31,Maison,2623.0,260000.0,2141
2020-10-01,31,Maison,2593.0,250000.0,2385
2014-07-01,32,Appartement,1169.0,82900.0,58
2016-04-01,32,Appartement,1310.0,67000.0,63
2016-07-01,32,Appartement,1310.0,64500.0,67
2016-10-01,32,Appartement,1204.0,75000.0,61
2017-01-01,32,Appartement,1313.0,74000.0,60
2017-04-01,32,Appartement,1353.0,72000.0,68
2017-07-01,32,Appartement,1361.0,70000.0,71
2019-01-01,32,Appartement,1364.0,64378.0,72
2019-04-01,32,Appartement,1341.0,64500.0,92
2019-07-01,32,Appartement,1303.0,55500.0,90
2019-10-01,32,Appartement,1304.0,64000.0,89
2020-01-01,32,Appartement,1316.0,71000.0,94
2020-04-01,32,Appartement,1368.0,75000.0,95
2020-07-01,32,Appartement,1399.0,66000.0,84
2020-10-01,32,Appartement,1384.0,74000.0,118
2014-01-01,32,Ensemble,1200.0,108000.0,321
2014-04-01,32,Ensemble,1250.0,122000.0,309
2014-07-01,32,Ensemble,1331.0,129441.0,382
2014-10-01,32,Ensemble,1180.0,105000.0,346
2015-01-01,32,Ensemble,1207.0,110500.0,313
2015-04-01,32,Ensemble,1202.0,118425.0,368
2015-07-01,32,Ensemble,1220.0,120000.0,448
2015-10-01,32,Ensemble,1273.0,120000.0,419
2016-01-01,32,Ensemble,1259.0,115645.0,363
2016-04-01,32,Ensemble,1218.0,109000.0,419
2016-07-01,32,Ensemble,1250.0,116000.0,482
2016-10-01,32,Ensemble,1200.0,107500.0,433
2017-01-01,32,Ensemble,1234.0,115000.0,419
2017-04-01,32,Ensemble,1194.0,115000.0,508
2017-07-01,32,Ensemble,1222.0,115000.0,542
2017-10-01,32,Ensemble,1171.0,110000.0,417
2018-01-01,32,Ensemble,1193.0,105000.0,129
2018-04-01,32,Ensemble,1329.0,115500.0,140
2018-07-01,32,Ensemble,1282.0,107825.0,126
2018-10-01,32,Ensemble,1231.0,129350.0,104
2019-01-01,32,Ensemble,1280.0,113905.0,472
2019-04-01,32,Ensemble,1226.0,110500.0,500
2019-07-01,32,Ensemble,1280.0,117000.0,613
2019-10-01,32,Ensemble,1296.0,120500.0,588
2020-01-01,32,Ensemble,1289.0,113550.0,488
2020-04-01,32,Ensemble,1250.0,105000.0,459
2020-07-01,32,Ensemble,1356.0,130000.0,529
2020-10-01,32,Ensemble,1288.0,124652.0,745
2014-01-01,32,Maison,1217.0,120000.0,273
2014-04-01,32,Maison,1250.0,126000.0,276
2014-07-01,32,Maison,1354.0,139000.0,324
2014-10-01,32,Maison,1167.0,111870.0,307
2015-01-01,32,Maison,1200.0,118000.0,271
2015-04-01,32,Maison,1197.0,120000.0,332
2015-07-01,32,Maison,1199.0,130000.0,401
2015-10-01,32,Maison,1273.0,124650.0,381
2016-01-01,32,Maison,1238.0,120000.0,319
2016-04-01,32,Maison,1190.0,114925.0,356
2016-07-01,32,Maison,1235.0,127350.0,415
2016-10-01,32,Maison,1197.0,119000.0,372
2017-01-01,32,Maison,1220.0,125622.0,359
2017-04-01,32,Maison,1159.0,120000.0,440
2017-07-01,32,Maison,1185.0,123500.0,471
2017-10-01,32,Maison,1127.0,116500.0,368
2018-01-01,32,Maison,1173.0,110000.0,115
2018-04-01,32,Maison,1348.0,125500.0,117
2018-07-01,32,Maison,1199.0,130000.0,101
2018-10-01,32,Maison,1292.0,138500.0,91
2019-01-01,32,Maison,1273.0,128000.0,400
2019-04-01,32,Maison,1157.0,125000.0,408
2019-07-01,32,Maison,1270.0,130000.0,523
2019-10-01,32,Maison,1293.0,132000.0,499
2020-01-01,32,Maison,1272.0,125000.0,394
2020-04-01,32,Maison,1159.0,123800.0,364
2020-07-01,32,Maison,1338.0,145000.0,445
2020-10-01,32,Maison,1278.0,138500.0,627
2014-01-01,33,Appartement,2621.0,130000.0,1492
2014-04-01,33,Appartement,2702.0,132500.0,1431
2014-07-01,33,Appartement,2727.0,131150.0,1742
2014-10-01,33,Appartement,2690.0,130250.0,1544
2015-01-01,33,Appartement,2696.0,132900.0,1429
2015-04-01,33,Appartement,2655.0,133500.0,1668
2015-07-01,33,Appartement,2708.0,135000.0,2023
2015-10-01,33,Appartement,2775.0,137000.0,1982
2016-01-01,33,Appartement,2762.0,136000.0,1647
2016-04-01,33,Appartement,2805.0,141500.0,1911
2016-07-01,33,Appartement,2842.0,144000.0,2189
2016-10-01,33,Appartement,2950.0,142000.0,2192
2017-01-01,33,Appartement,2917.0,146500.0,2075
2017-04-01,33,Appartement,2955.0,147000.0,2254
2017-07-01,33,Appartement,3010.0,155000.0,2390
2017-10-01,33,Appartement,3137.0,154000.0,2316
2018-01-01,33,Appartement,3250.0,160000.0,2055
2018-04-01,33,Appartement,3286.0,162916.0,1952
2018-07-01,33,Appartement,3333.0,165000.0,2052
2018-10-01,33,Appartement,3383.0,160000.0,1171
2019-01-01,33,Appartement,3346.0,165000.0,1988
2019-04-01,33,Appartement,3500.0,170000.0,2188
2019-07-01,33,Appartement,3468.0,170000.0,2461
2019-10-01,33,Appartement,3483.0,167420.0,2251
2020-01-01,33,Appartement,3527.0,170000.0,2003
2020-04-01,33,Appartement,3529.0,179075.0,1778
2020-07-01,33,Appartement,3674.0,183000.0,2162
2020-10-01,33,Appartement,3702.0,180000.0,2623
2014-01-01,33,Ensemble,2473.0,165000.0,3421
2014-04-01,33,Ensemble,2473.0,170000.0,3566
2014-07-01,33,Ensemble,2530.0,175000.0,4393
2014-10-01,33,Ensemble,2465.0,165000.0,3802
2015-01-01,33,Ensemble,2524.0,170000.0,3486
2015-04-01,33,Ensemble,2485.0,173000.0,4043
2015-07-01,33,Ensemble,2533.0,179575.0,5262
2015-10-01,33,Ensemble,2548.0,175000.0,4769
2016-01-01,33,Ensemble,2544.0,173475.0,3980
2016-04-01,33,Ensemble,2604.0,180000.0,4678
2016-07-01,33,Ensemble,2649.0,190000.0,5591
2016-10-01,33,Ensemble,2670.0,181000.0,5168
2017-01-01,33,Ensemble,2720.0,190000.0,5047
2017-04-01,33,Ensemble,2729.0,189625.0,5488
2017-07-01,33,Ensemble,2815.0,205000.0,6201
2017-10-01,33,Ensemble,2889.0,195000.0,5460
2018-01-01,33,Ensemble,2926.0,200000.0,4876
2018-04-01,33,Ensemble,2941.0,208100.0,4998
2018-07-01,33,Ensemble,3049.0,214000.0,5490
2018-10-01,33,Ensemble,3196.0,205000.0,2704
2019-01-01,33,Ensemble,3112.0,210000.0,4761
2019-04-01,33,Ensemble,3140.0,210990.0,5271
2019-07-01,33,Ensemble,3220.0,222000.0,6329
2019-10-01,33,Ensemble,3200.0,219500.0,5595
2020-01-01,33,Ensemble,3270.0,219200.0,4685
2020-04-01,33,Ensemble,3305.0,228900.0,4208
2020-07-01,33,Ensemble,3367.0,240000.0,5569
2020-10-01,33,Ensemble,3367.0,235000.0,6788
2014-01-01,33,Maison,2320.0,205000.0,1929
2014-04-01,33,Maison,2259.0,205000.0,2135
2014-07-01,33,Maison,2391.0,215600.0,2651
2014-10-01,33,Maison,2292.0,198925.0,2258
2015-01-01,33,Maison,2379.0,204800.0,2057
2015-04-01,33,Maison,2353.0,211500.0,2375
2015-07-01,33,Maison,2407.0,217500.0,3239
2015-10-01,33,Maison,2367.0,210400.0,2787
2016-01-01,33,Maison,2368.0,215000.0,2333
2016-04-01,33,Maison,2467.0,220000.0,2767
2016-07-01,33,Maison,2512.0,233850.0,3402
2016-10-01,33,Maison,2451.0,220000.0,2976
2017-01-01,33,Maison,2555.0,230000.0,2972
2017-04-01,33,Maison,2557.0,234500.0,3234
2017-07-01,33,Maison,2664.0,249000.0,3811
2017-10-01,33,Maison,2653.0,240000.0,3144
2018-01-01,33,Maison,2665.0,244500.0,2821
2018-04-01,33,Maison,2702.0,249882.0,3046
2018-07-01,33,Maison,2821.0,257775.0,3438
2018-10-01,33,Maison,3051.0,266500.0,1533
2019-01-01,33,Maison,2881.0,260000.0,2773
2019-04-01,33,Maison,2852.0,260000.0,3083
2019-07-01,33,Maison,3000.0,274000.0,3868
2019-10-01,33,Maison,2954.0,268700.0,3344
2020-01-01,33,Maison,3056.0,275950.0,2682
2020-04-01,33,Maison,3075.0,281625.0,2430
2020-07-01,33,Maison,3146.0,290000.0,3407
2020-10-01,33,Maison,3095.0,285053.0,4165
2014-01-01,34,Appartement,2581.0,110000.0,1703
2014-04-01,34,Appartement,2632.0,110000.0,1748
2014-07-01,34,Appartement,2675.0,107280.0,1959
2014-10-01,34,Appartement,2681.0,107618.0,1808
2015-01-01,34,Appartement,2586.0,106000.0,1653
2015-04-01,34,Appartement,2525.0,108000.0,1978
2015-07-01,34,Appartement,2625.0,112000.0,2258
2015-10-01,34,Appartement,2660.0,110000.0,2173
2016-01-01,34,Appartement,2591.0,105000.0,1867
2016-04-01,34,Appartement,2577.0,107325.0,2244
2016-07-01,34,Appartement,2656.0,112050.0,2538
2016-10-01,34,Appartement,2686.0,109800.0,2451
2017-01-01,34,Appartement,2595.0,110000.0,2389
2017-04-01,34,Appartement,2615.0,112500.0,2781
2017-07-01,34,Appartement,2700.0,113369.0,2664
2017-10-01,34,Appartement,2723.0,112000.0,2664
2018-01-01,34,Appartement,2619.0,112000.0,2264
2018-04-01,34,Appartement,2640.0,114650.0,2380
2018-07-01,34,Appartement,2445.0,102000.0,960
2018-10-01,34,Appartement,2454.0,107700.0,571
2019-01-01,34,Appartement,2768.0,116325.0,2650
2019-04-01,34,Appartement,2735.0,112182.0,2800
2019-07-01,34,Appartement,2795.0,120000.0,3097
2019-10-01,34,Appartement,2833.0,116000.0,3051
2020-01-01,34,Appartement,2857.0,120000.0,2708
2020-04-01,34,Appartement,2905.0,122584.0,2565
2020-07-01,34,Appartement,2927.0,123000.0,2669
2020-10-01,34,Appartement,2984.0,124000.0,3247
2014-01-01,34,Ensemble,2441.0,135000.0,2977
2014-04-01,34,Ensemble,2502.0,140000.0,3082
2014-07-01,34,Ensemble,2500.0,140000.0,3657
2014-10-01,34,Ensemble,2494.0,135750.0,3254
2015-01-01,34,Ensemble,2428.0,135350.0,2976
2015-04-01,34,Ensemble,2400.0,136500.0,3571
2015-07-01,34,Ensemble,2511.0,146000.0,4107
2015-10-01,34,Ensemble,2500.0,141508.0,3986
2016-01-01,34,Ensemble,2424.0,135000.0,3359
2016-04-01,34,Ensemble,2431.0,139000.0,4027
2016-07-01,34,Ensemble,2533.0,144000.0,4560
2016-10-01,34,Ensemble,2526.0,140500.0,4294
2017-01-01,34,Ensemble,2462.0,145000.0,4365
2017-04-01,34,Ensemble,2500.0,143050.0,4873
2017-07-01,34,Ensemble,2554.0,149000.0,4877
2017-10-01,34,Ensemble,2556.0,142500.0,4702
2018-01-01,34,Ensemble,2500.0,142200.0,4053
2018-04-01,34,Ensemble,2502.0,145000.0,4386
2018-07-01,34,Ensemble,2411.0,154425.0,2260
2018-10-01,34,Ensemble,2516.0,157000.0,1341
2019-01-01,34,Ensemble,2607.0,143000.0,4637
2019-04-01,34,Ensemble,2579.0,147290.0,5104
2019-07-01,34,Ensemble,2668.0,155550.0,5643
2019-10-01,34,Ensemble,2670.0,150000.0,5548
2020-01-01,34,Ensemble,2694.0,148000.0,4673
2020-04-01,34,Ensemble,2742.0,155000.0,4537
2020-07-01,34,Ensemble,2778.0,157805.0,4942
2020-10-01,34,Ensemble,2792.0,159543.0,6117
2014-01-01,34,Maison,2276.0,186000.0,1274
2014-04-01,34,Maison,2373.0,200000.0,1334
2014-07-01,34,Maison,2333.0,200000.0,1698
2014-10-01,34,Maison,2261.0,195000.0,1446
2015-01-01,34,Maison,2260.0,189800.0,1323
2015-04-01,34,Maison,2250.0,189600.0,1593
2015-07-01,34,Maison,2368.0,210000.0,1849
2015-10-01,34,Maison,2324.0,196000.0,1813
2016-01-01,34,Maison,2262.0,194500.0,1492
2016-04-01,34,Maison,2268.0,197000.0,1783
2016-07-01,34,Maison,2355.0,206800.0,2022
2016-10-01,34,Maison,2285.0,200000.0,1843
2017-01-01,34,Maison,2292.0,203950.0,1976
2017-04-01,34,Maison,2312.0,204550.0,2092
2017-07-01,34,Maison,2391.0,210000.0,2213
2017-10-01,34,Maison,2375.0,205000.0,2038
2018-01-01,34,Maison,2347.0,203000.0,1789
2018-04-01,34,Maison,2353.0,200000.0,2006
2018-07-01,34,Maison,2391.0,214000.0,1300
2018-10-01,34,Maison,2556.0,217980.0,770
2019-01-01,34,Maison,2413.0,205000.0,1987
2019-04-01,34,Maison,2416.0,214125.0,2304
2019-07-01,34,Maison,2543.0,225000.0,2546
2019-10-01,34,Maison,2466.0,213950.0,2497
2020-01-01,34,Maison,2500.0,212500.0,1965
2020-04-01,34,Maison,2519.0,225100.0,1972
2020-07-01,34,Maison,2603.0,229525.0,2273
2020-10-01,34,Maison,2597.0,226155.0,2870
2014-01-01,35,Appartement,2246.0,120000.0,943
2014-04-01,35,Appartement,2196.0,120000.0,1038
2014-07-01,35,Appartement,2315.0,117600.0,1113
2014-10-01,35,Appartement,2223.0,120000.0,972
2015-01-01,35,Appartement,2188.0,120000.0,956
2015-04-01,35,Appartement,2222.0,118000.0,1139
2015-07-01,35,Appartement,2260.0,120000.0,1388
2015-10-01,35,Appartement,2289.0,122000.0,1243
2016-01-01,35,Appartement,2156.0,120000.0,1066
2016-04-01,35,Appartement,2198.0,119000.0,1317
2016-07-01,35,Appartement,2300.0,120000.0,1491
2016-10-01,35,Appartement,2330.0,125000.0,1365
2017-01-01,35,Appartement,2250.0,122000.0,1483
2017-04-01,35,Appartement,2300.0,126000.0,1627
2017-07-01,35,Appartement,2327.0,127000.0,1631
2017-10-01,35,Appartement,2373.0,126000.0,1495
2018-01-01,35,Appartement,2255.0,130000.0,696
2018-04-01,35,Appartement,2143.0,116500.0,565
2018-07-01,35,Appartement,2375.0,125000.0,761
2018-10-01,35,Appartement,2679.0,132860.0,419
2019-01-01,35,Appartement,2416.0,130500.0,1524
2019-04-01,35,Appartement,2563.0,135000.0,1688
2019-07-01,35,Appartement,2539.0,138950.0,1880
2019-10-01,35,Appartement,2619.0,141714.0,1612
2020-01-01,35,Appartement,2697.0,143600.0,1346
2020-04-01,35,Appartement,2652.0,150900.0,1348
2020-07-01,35,Appartement,2897.0,157200.0,1451
2020-10-01,35,Appartement,2877.0,155000.0,1758
2014-01-01,35,Ensemble,1990.0,142500.0,2067
2014-04-01,35,Ensemble,1980.0,140000.0,2244
2014-07-01,35,Ensemble,2023.0,150000.0,2698
2014-10-01,35,Ensemble,1967.0,142500.0,2159
2015-01-01,35,Ensemble,1966.0,140000.0,2170
2015-04-01,35,Ensemble,1989.0,145000.0,2567
2015-07-01,35,Ensemble,2016.0,150000.0,3270
2015-10-01,35,Ensemble,2000.0,147000.0,2886
2016-01-01,35,Ensemble,1931.0,145000.0,2367
2016-04-01,35,Ensemble,2018.0,144000.0,2843
2016-07-01,35,Ensemble,2049.0,155000.0,3438
2016-10-01,35,Ensemble,2054.0,150000.0,3044
2017-01-01,35,Ensemble,2048.0,147000.0,3133
2017-04-01,35,Ensemble,2067.0,150378.0,3460
2017-07-01,35,Ensemble,2097.0,156500.0,3719
2017-10-01,35,Ensemble,2082.0,148000.0,3313
2018-01-01,35,Ensemble,1928.0,150000.0,1986
2018-04-01,35,Ensemble,1806.0,150000.0,2018
2018-07-01,35,Ensemble,1988.0,162000.0,2472
2018-10-01,35,Ensemble,2090.0,158000.0,1225
2019-01-01,35,Ensemble,2143.0,155000.0,3192
2019-04-01,35,Ensemble,2223.0,160000.0,3641
2019-07-01,35,Ensemble,2249.0,167000.0,4263
2019-10-01,35,Ensemble,2234.0,163950.0,3740
2020-01-01,35,Ensemble,2286.0,170000.0,3032
2020-04-01,35,Ensemble,2283.0,175000.0,3170
2020-07-01,35,Ensemble,2382.0,185000.0,3690
2020-10-01,35,Ensemble,2395.0,178800.0,4225
2014-01-01,35,Maison,1765.0,167000.0,1124
2014-04-01,35,Maison,1733.0,167000.0,1206
2014-07-01,35,Maison,1818.0,178000.0,1585
2014-10-01,35,Maison,1702.0,165000.0,1187
2015-01-01,35,Maison,1751.0,170000.0,1214
2015-04-01,35,Maison,1775.0,175000.0,1428
2015-07-01,35,Maison,1836.0,180000.0,1882
2015-10-01,35,Maison,1759.0,172500.0,1643
2016-01-01,35,Maison,1750.0,170000.0,1301
2016-04-01,35,Maison,1815.0,176850.0,1526
2016-07-01,35,Maison,1870.0,187500.0,1947
2016-10-01,35,Maison,1791.0,175800.0,1679
2017-01-01,35,Maison,1847.0,180000.0,1650
2017-04-01,35,Maison,1824.0,181000.0,1833
2017-07-01,35,Maison,1881.0,195000.0,2088
2017-10-01,35,Maison,1818.0,175704.0,1818
2018-01-01,35,Maison,1739.0,168000.0,1290
2018-04-01,35,Maison,1698.0,165500.0,1453
2018-07-01,35,Maison,1849.0,181050.0,1711
2018-10-01,35,Maison,1809.0,180000.0,806
2019-01-01,35,Maison,1920.0,190000.0,1668
2019-04-01,35,Maison,1928.0,190000.0,1953
2019-07-01,35,Maison,1990.0,202000.0,2383
2019-10-01,35,Maison,1903.0,189000.0,2128
2020-01-01,35,Maison,1975.0,200000.0,1686
2020-04-01,35,Maison,1976.0,202450.0,1822
2020-07-01,35,Maison,2059.0,213000.0,2239
2020-10-01,35,Maison,2062.0,208000.0,2467
2016-07-01,36,Appartement,839.0,52000.0,53
2017-04-01,36,Appartement,872.0,50500.0,54
2017-07-01,36,Appartement,871.0,46000.0,53
2017-10-01,36,Appartement,931.0,52250.0,52
2018-04-01,36,Appartement,869.0,47800.0,61
2018-07-01,36,Appartement,873.0,51000.0,55
2019-04-01,36,Appartement,904.0,53000.0,54
2019-07-01,36,Appartement,756.0,50000.0,55
2019-10-01,36,Appartement,887.0,48500.0,80
2020-01-01,36,Appartement,920.0,51800.0,70
2020-04-01,36,Appartement,881.0,54000.0,53
2020-07-01,36,Appartement,927.0,51625.0,54
2020-10-01,36,Appartement,893.0,47000.0,74
2014-01-01,36,Ensemble,963.0,72000.0,410
2014-04-01,36,Ensemble,933.0,73500.0,479
2014-07-01,36,Ensemble,940.0,80000.0,493
2014-10-01,36,Ensemble,927.0,70000.0,482
2015-01-01,36,Ensemble,908.0,75000.0,376
2015-04-01,36,Ensemble,925.0,75000.0,442
2015-07-01,36,Ensemble,961.0,75000.0,542
2015-10-01,36,Ensemble,918.0,77000.0,515
2016-01-01,36,Ensemble,845.0,72000.0,421
2016-04-01,36,Ensemble,918.0,74000.0,524
2016-07-01,36,Ensemble,947.0,75000.0,595
2016-10-01,36,Ensemble,878.0,65033.0,525
2017-01-01,36,Ensemble,871.0,71250.0,500
2017-04-01,36,Ensemble,896.0,70810.0,532
2017-07-01,36,Ensemble,909.0,70500.0,579
2017-10-01,36,Ensemble,875.0,70000.0,587
2018-01-01,36,Ensemble,857.0,70000.0,458
2018-04-01,36,Ensemble,925.0,75000.0,554
2018-07-01,36,Ensemble,933.0,77000.0,587
2018-10-01,36,Ensemble,921.0,70825.0,598
2019-01-01,36,Ensemble,881.0,72500.0,532
2019-04-01,36,Ensemble,900.0,70000.0,625
2019-07-01,36,Ensemble,950.0,76500.0,659
2019-10-01,36,Ensemble,880.0,69900.0,749
2020-01-01,36,Ensemble,893.0,72000.0,538
2020-04-01,36,Ensemble,898.0,73771.0,520
2020-07-01,36,Ensemble,909.0,70000.0,649
2020-10-01,36,Ensemble,903.0,72000.0,846
2014-01-01,36,Maison,950.0,73000.0,371
2014-04-01,36,Maison,933.0,75000.0,439
2014-07-01,36,Maison,938.0,80000.0,456
2014-10-01,36,Maison,923.0,75000.0,437
2015-01-01,36,Maison,891.0,75500.0,349
2015-04-01,36,Maison,925.0,75000.0,403
2015-07-01,36,Maison,966.0,77800.0,502
2015-10-01,36,Maison,929.0,78000.0,483
2016-01-01,36,Maison,836.0,72000.0,387
2016-04-01,36,Maison,907.0,76000.0,477
2016-07-01,36,Maison,956.0,80000.0,542
2016-10-01,36,Maison,880.0,66200.0,490
2017-01-01,36,Maison,871.0,75000.0,463
2017-04-01,36,Maison,901.0,75000.0,478
2017-07-01,36,Maison,916.0,75000.0,526
2017-10-01,36,Maison,870.0,72000.0,535
2018-01-01,36,Maison,859.0,72750.0,414
2018-04-01,36,Maison,931.0,80000.0,493
2018-07-01,36,Maison,940.0,80000.0,532
2018-10-01,36,Maison,921.0,74750.0,552
2019-01-01,36,Maison,887.0,77000.0,483
2019-04-01,36,Maison,900.0,74000.0,571
2019-07-01,36,Maison,965.0,80000.0,604
2019-10-01,36,Maison,879.0,73000.0,669
2020-01-01,36,Maison,888.0,75000.0,468
2020-04-01,36,Maison,899.0,80000.0,467
2020-07-01,36,Maison,901.0,73800.0,595
2020-10-01,36,Maison,907.0,75000.0,772
2014-01-01,37,Appartement,2028.0,100000.0,409
2014-04-01,37,Appartement,1961.0,95000.0,437
2014-07-01,37,Appartement,2015.0,98675.0,478
2014-10-01,37,Appartement,2091.0,107477.0,399
2015-01-01,37,Appartement,2000.0,101500.0,406
2015-04-01,37,Appartement,1953.0,100000.0,474
2015-07-01,37,Appartement,1965.0,95000.0,516
2015-10-01,37,Appartement,1977.0,99000.0,533
2016-01-01,37,Appartement,2000.0,100000.0,447
2016-04-01,37,Appartement,1952.0,99850.0,557
2016-07-01,37,Appartement,1969.0,96750.0,650
2016-10-01,37,Appartement,1966.0,100000.0,554
2017-01-01,37,Appartement,1942.0,101500.0,596
2017-04-01,37,Appartement,1951.0,102420.0,664
2017-07-01,37,Appartement,2014.0,101200.0,701
2017-10-01,37,Appartement,2018.0,100000.0,609
2018-01-01,37,Appartement,2134.0,103000.0,568
2018-04-01,37,Appartement,2061.0,106000.0,648
2018-07-01,37,Appartement,2125.0,102000.0,725
2018-10-01,37,Appartement,2146.0,105000.0,626
2019-01-01,37,Appartement,2091.0,105000.0,642
2019-04-01,37,Appartement,2100.0,103000.0,743
2019-07-01,37,Appartement,2162.0,105000.0,840
2019-10-01,37,Appartement,2169.0,110000.0,738
2020-01-01,37,Appartement,2207.0,113200.0,659
2020-04-01,37,Appartement,2239.0,115174.0,630
2020-07-01,37,Appartement,2344.0,118100.0,749
2020-10-01,37,Appartement,2358.0,115000.0,785
2014-01-01,37,Ensemble,1875.0,130500.0,1131
2014-04-01,37,Ensemble,1802.0,132000.0,1174
2014-07-01,37,Ensemble,1879.0,140000.0,1409
2014-10-01,37,Ensemble,1888.0,140000.0,1227
2015-01-01,37,Ensemble,1855.0,138000.0,1156
2015-04-01,37,Ensemble,1844.0,132000.0,1281
2015-07-01,37,Ensemble,1875.0,144000.0,1493
2015-10-01,37,Ensemble,1821.0,135000.0,1454
2016-01-01,37,Ensemble,1817.0,135000.0,1247
2016-04-01,37,Ensemble,1868.0,135000.0,1385
2016-07-01,37,Ensemble,1892.0,142000.0,1716
2016-10-01,37,Ensemble,1853.0,134000.0,1547
2017-01-01,37,Ensemble,1857.0,136000.0,1624
2017-04-01,37,Ensemble,1919.0,140000.0,1684
2017-07-01,37,Ensemble,1990.0,150000.0,1930
2017-10-01,37,Ensemble,1875.0,133500.0,1670
2018-01-01,37,Ensemble,1942.0,136000.0,1515
2018-04-01,37,Ensemble,1934.0,140500.0,1663
2018-07-01,37,Ensemble,2000.0,146500.0,1907
2018-10-01,37,Ensemble,1975.0,140000.0,1527
2019-01-01,37,Ensemble,1944.0,140000.0,1627
2019-04-01,37,Ensemble,1961.0,140000.0,1822
2019-07-01,37,Ensemble,2055.0,155000.0,2308
2019-10-01,37,Ensemble,2000.0,143000.0,1933
2020-01-01,37,Ensemble,2000.0,143750.0,1636
2020-04-01,37,Ensemble,2038.0,150000.0,1629
2020-07-01,37,Ensemble,2150.0,160000.0,2035
2020-10-01,37,Ensemble,2112.0,150000.0,2159
2014-01-01,37,Maison,1777.0,158000.0,722
2014-04-01,37,Maison,1718.0,160000.0,737
2014-07-01,37,Maison,1824.0,170000.0,931
2014-10-01,37,Maison,1791.0,160500.0,828
2015-01-01,37,Maison,1800.0,162375.0,750
2015-04-01,37,Maison,1753.0,155000.0,807
2015-07-01,37,Maison,1822.0,170000.0,977
2015-10-01,37,Maison,1745.0,160000.0,921
2016-01-01,37,Maison,1706.0,155000.0,800
2016-04-01,37,Maison,1792.0,164370.0,828
2016-07-01,37,Maison,1855.0,175500.0,1066
2016-10-01,37,Maison,1790.0,159000.0,993
2017-01-01,37,Maison,1799.0,163000.0,1028
2017-04-01,37,Maison,1900.0,170000.0,1020
2017-07-01,37,Maison,1970.0,184500.0,1229
2017-10-01,37,Maison,1765.0,163800.0,1061
2018-01-01,37,Maison,1791.0,165500.0,947
2018-04-01,37,Maison,1875.0,175000.0,1015
2018-07-01,37,Maison,1937.0,178000.0,1182
2018-10-01,37,Maison,1875.0,175000.0,901
2019-01-01,37,Maison,1865.0,170000.0,985
2019-04-01,37,Maison,1885.0,177850.0,1079
2019-07-01,37,Maison,2000.0,189000.0,1468
2019-10-01,37,Maison,1884.0,175000.0,1195
2020-01-01,37,Maison,1875.0,179000.0,977
2020-04-01,37,Maison,1951.0,181000.0,999
2020-07-01,37,Maison,2022.0,195000.0,1286
2020-10-01,37,Maison,1977.0,182000.0,1374
2014-01-01,38,Appartement,2117.0,120000.0,1470
2014-04-01,38,Appartement,2114.0,120000.0,1612
2014-07-01,38,Appartement,2176.0,120000.0,1759
2014-10-01,38,Appartement,2148.0,115700.0,1629
2015-01-01,38,Appartement,2110.0,120000.0,1397
2015-04-01,38,Appartement,2075.0,119000.0,1743
2015-07-01,38,Appartement,2125.0,120000.0,2129
2015-10-01,38,Appartement,2161.0,122000.0,1946
2016-01-01,38,Appartement,2091.0,117525.0,1590
2016-04-01,38,Appartement,2113.0,118480.0,1887
2016-07-01,38,Appartement,2124.0,123740.0,2146
2016-10-01,38,Appartement,2162.0,118750.0,1813
2017-01-01,38,Appartement,2101.0,119270.0,1845
2017-04-01,38,Appartement,2090.0,121050.0,2178
2017-07-01,38,Appartement,2213.0,122000.0,2210
2017-10-01,38,Appartement,2200.0,117500.0,2014
2018-01-01,38,Appartement,2120.0,120000.0,1652
2018-04-01,38,Appartement,2128.0,116800.0,1697
2018-07-01,38,Appartement,2226.0,124000.0,1408
2018-10-01,38,Appartement,2250.0,123000.0,1020
2019-01-01,38,Appartement,2093.0,117000.0,2022
2019-04-01,38,Appartement,2114.0,119075.0,2418
2019-07-01,38,Appartement,2233.0,123000.0,2717
2019-10-01,38,Appartement,2197.0,122400.0,2499
2020-01-01,38,Appartement,2162.0,125000.0,2095
2020-04-01,38,Appartement,2211.0,126625.0,2164
2020-07-01,38,Appartement,2263.0,127000.0,2286
2020-10-01,38,Appartement,2355.0,130440.0,2973
2014-01-01,38,Ensemble,2099.0,145330.0,2432
2014-04-01,38,Ensemble,2107.0,150000.0,2734
2014-07-01,38,Ensemble,2169.0,157200.0,3191
2014-10-01,38,Ensemble,2092.0,145950.0,2866
2015-01-01,38,Ensemble,2062.0,149000.0,2373
2015-04-01,38,Ensemble,2059.0,150000.0,2985
2015-07-01,38,Ensemble,2105.0,155000.0,3826
2015-10-01,38,Ensemble,2125.0,153000.0,3432
2016-01-01,38,Ensemble,2044.0,146000.0,2739
2016-04-01,38,Ensemble,2093.0,150000.0,3185
2016-07-01,38,Ensemble,2146.0,160000.0,3900
2016-10-01,38,Ensemble,2124.0,153000.0,3351
2017-01-01,38,Ensemble,2108.0,150970.0,3277
2017-04-01,38,Ensemble,2089.0,152080.0,3740
2017-07-01,38,Ensemble,2215.0,165000.0,4050
2017-10-01,38,Ensemble,2190.0,154160.0,3617
2018-01-01,38,Ensemble,2124.0,150000.0,2739
2018-04-01,38,Ensemble,2173.0,148000.0,2604
2018-07-01,38,Ensemble,2300.0,155995.0,2166
2018-10-01,38,Ensemble,2321.0,145800.0,1322
2019-01-01,38,Ensemble,2137.0,154800.0,3645
2019-04-01,38,Ensemble,2167.0,153000.0,4130
2019-07-01,38,Ensemble,2266.0,166430.0,4969
2019-10-01,38,Ensemble,2213.0,159300.0,4480
2020-01-01,38,Ensemble,2216.0,154900.0,3431
2020-04-01,38,Ensemble,2281.0,164000.0,3710
2020-07-01,38,Ensemble,2340.0,172750.0,4224
2020-10-01,38,Ensemble,2368.0,167000.0,5247
2014-01-01,38,Maison,2067.0,195000.0,962
2014-04-01,38,Maison,2092.0,204500.0,1122
2014-07-01,38,Maison,2167.0,205000.0,1432
2014-10-01,38,Maison,2038.0,194920.0,1237
2015-01-01,38,Maison,2015.0,191700.0,976
2015-04-01,38,Maison,2033.0,196850.0,1242
2015-07-01,38,Maison,2089.0,201500.0,1697
2015-10-01,38,Maison,2077.0,197000.0,1486
2016-01-01,38,Maison,2010.0,190000.0,1149
2016-04-01,38,Maison,2072.0,201000.0,1298
2016-07-01,38,Maison,2166.0,214000.0,1754
2016-10-01,38,Maison,2083.0,200850.0,1538
2017-01-01,38,Maison,2115.0,202862.0,1432
2017-04-01,38,Maison,2088.0,205450.0,1562
2017-07-01,38,Maison,2222.0,220350.0,1840
2017-10-01,38,Maison,2185.0,205000.0,1603
2018-01-01,38,Maison,2143.0,206000.0,1087
2018-04-01,38,Maison,2287.0,220000.0,907
2018-07-01,38,Maison,2412.0,245000.0,758
2018-10-01,38,Maison,2623.0,259900.0,302
2019-01-01,38,Maison,2185.0,209000.0,1623
2019-04-01,38,Maison,2241.0,217300.0,1712
2019-07-01,38,Maison,2305.0,229000.0,2252
2019-10-01,38,Maison,2250.0,220000.0,1981
2020-01-01,38,Maison,2277.0,220000.0,1336
2020-04-01,38,Maison,2383.0,235175.0,1546
2020-07-01,38,Maison,2447.0,240000.0,1938
2020-10-01,38,Maison,2381.0,234505.0,2274
2014-01-01,39,Appartement,1164.0,76000.0,147
2014-04-01,39,Appartement,1290.0,68250.0,152
2014-07-01,39,Appartement,1250.0,75000.0,137
2014-10-01,39,Appartement,1275.0,76600.0,149
2015-01-01,39,Appartement,1263.0,78000.0,139
2015-04-01,39,Appartement,1162.0,75000.0,171
2015-07-01,39,Appartement,1175.0,78000.0,168
2015-10-01,39,Appartement,1123.0,72000.0,177
2016-01-01,39,Appartement,1110.0,72000.0,144
2016-04-01,39,Appartement,1210.0,74200.0,177
2016-07-01,39,Appartement,1172.0,73000.0,187
2016-10-01,39,Appartement,1265.0,80000.0,176
2017-01-01,39,Appartement,1232.0,71000.0,179
2017-04-01,39,Appartement,1212.0,76785.0,190
2017-07-01,39,Appartement,1283.0,85200.0,183
2017-10-01,39,Appartement,1191.0,75750.0,214
2018-01-01,39,Appartement,1218.0,76000.0,205
2018-04-01,39,Appartement,1220.0,74000.0,192
2018-07-01,39,Appartement,1214.0,74425.0,162
2019-01-01,39,Appartement,1197.0,75000.0,203
2019-04-01,39,Appartement,1275.0,72850.0,229
2019-07-01,39,Appartement,1229.0,81469.0,254
2019-10-01,39,Appartement,1338.0,80000.0,273
2020-01-01,39,Appartement,1306.0,77262.0,212
2020-04-01,39,Appartement,1318.0,81500.0,220
2020-07-01,39,Appartement,1209.0,80000.0,210
2020-10-01,39,Appartement,1312.0,80000.0,236
2014-01-01,39,Ensemble,1222.0,99500.0,428
2014-04-01,39,Ensemble,1272.0,100000.0,506
2014-07-01,39,Ensemble,1310.0,116100.0,558
2014-10-01,39,Ensemble,1246.0,105000.0,531
2015-01-01,39,Ensemble,1231.0,101650.0,419
2015-04-01,39,Ensemble,1198.0,105650.0,522
2015-07-01,39,Ensemble,1275.0,115500.0,622
2015-10-01,39,Ensemble,1182.0,100000.0,585
2016-01-01,39,Ensemble,1231.0,102268.0,450
2016-04-01,39,Ensemble,1210.0,103000.0,531
2016-07-01,39,Ensemble,1242.0,112000.0,654
2016-10-01,39,Ensemble,1265.0,113460.0,619
2017-01-01,39,Ensemble,1248.0,110000.0,560
2017-04-01,39,Ensemble,1219.0,110000.0,591
2017-07-01,39,Ensemble,1346.0,120000.0,658
2017-10-01,39,Ensemble,1254.0,107000.0,658
2018-01-01,39,Ensemble,1231.0,100000.0,610
2018-04-01,39,Ensemble,1286.0,110000.0,587
2018-07-01,39,Ensemble,1364.0,123500.0,572
2019-01-01,39,Ensemble,1259.0,102656.0,602
2019-04-01,39,Ensemble,1290.0,105000.0,671
2019-07-01,39,Ensemble,1371.0,121600.0,785
2019-10-01,39,Ensemble,1346.0,115000.0,795
2020-01-01,39,Ensemble,1301.0,105000.0,568
2020-04-01,39,Ensemble,1384.0,119950.0,605
2020-07-01,39,Ensemble,1350.0,122000.0,731
2020-10-01,39,Ensemble,1372.0,120000.0,817
2014-01-01,39,Maison,1229.0,118000.0,281
2014-04-01,39,Maison,1255.0,120000.0,354
2014-07-01,39,Maison,1324.0,127500.0,421
2014-10-01,39,Maison,1246.0,115000.0,382
2015-01-01,39,Maison,1205.0,118000.0,280
2015-04-01,39,Maison,1250.0,125000.0,351
2015-07-01,39,Maison,1317.0,132285.0,454
2015-10-01,39,Maison,1222.0,120000.0,408
2016-01-01,39,Maison,1330.0,128250.0,306
2016-04-01,39,Maison,1211.0,121975.0,354
2016-07-01,39,Maison,1301.0,129999.0,467
2016-10-01,39,Maison,1265.0,128500.0,443
2017-01-01,39,Maison,1250.0,129650.0,381
2017-04-01,39,Maison,1232.0,130000.0,401
2017-07-01,39,Maison,1368.0,135000.0,475
2017-10-01,39,Maison,1303.0,126717.0,444
2018-01-01,39,Maison,1234.0,120000.0,405
2018-04-01,39,Maison,1342.0,130000.0,395
2018-07-01,39,Maison,1411.0,140775.0,410
2019-01-01,39,Maison,1300.0,130000.0,399
2019-04-01,39,Maison,1304.0,135000.0,442
2019-07-01,39,Maison,1468.0,145000.0,531
2019-10-01,39,Maison,1385.0,135000.0,522
2020-01-01,39,Maison,1292.0,128300.0,356
2020-04-01,39,Maison,1421.0,146000.0,385
2020-07-01,39,Maison,1451.0,140000.0,521
2020-10-01,39,Maison,1410.0,136700.0,581
2014-01-01,40,Appartement,2194.0,103500.0,289
2014-04-01,40,Appartement,2104.0,105000.0,325
2014-07-01,40,Appartement,2222.0,100000.0,273
2014-10-01,40,Appartement,2241.0,103500.0,309
2015-01-01,40,Appartement,2113.0,105000.0,287
2015-04-01,40,Appartement,2227.0,110000.0,347
2015-07-01,40,Appartement,2129.0,110000.0,392
2015-10-01,40,Appartement,2268.0,110000.0,395
2016-01-01,40,Appartement,2300.0,108000.0,343
2016-04-01,40,Appartement,2340.0,112990.0,402
2016-07-01,40,Appartement,2197.0,110000.0,458
2016-10-01,40,Appartement,2414.0,110000.0,448
2017-01-01,40,Appartement,2377.0,108000.0,465
2017-04-01,40,Appartement,2302.0,108000.0,583
2017-07-01,40,Appartement,2260.0,106737.0,456
2017-10-01,40,Appartement,2478.0,116000.0,479
2018-01-01,40,Appartement,2333.0,108500.0,455
2018-04-01,40,Appartement,2309.0,110000.0,494
2018-07-01,40,Appartement,2235.0,108000.0,506
2018-10-01,40,Appartement,2306.0,112000.0,116
2019-01-01,40,Appartement,2388.0,117000.0,564
2019-04-01,40,Appartement,2289.0,110055.0,606
2019-07-01,40,Appartement,2286.0,115000.0,649
2019-10-01,40,Appartement,2453.0,119000.0,644
2020-01-01,40,Appartement,2414.0,115000.0,526
2020-04-01,40,Appartement,2422.0,114840.0,491
2020-07-01,40,Appartement,2390.0,121500.0,516
2020-10-01,40,Appartement,2548.0,121000.0,681
2014-01-01,40,Ensemble,1876.0,140000.0,892
2014-04-01,40,Ensemble,1875.0,140000.0,984
2014-07-01,40,Ensemble,1913.0,148750.0,958
2014-10-01,40,Ensemble,1896.0,143000.0,1020
2015-01-01,40,Ensemble,1880.0,138000.0,931
2015-04-01,40,Ensemble,1885.0,145000.0,1058
2015-07-01,40,Ensemble,1906.0,152450.0,1286
2015-10-01,40,Ensemble,1975.0,153000.0,1287
2016-01-01,40,Ensemble,1964.0,145312.0,1022
2016-04-01,40,Ensemble,1985.0,150000.0,1225
2016-07-01,40,Ensemble,1934.0,150000.0,1395
2016-10-01,40,Ensemble,2019.0,155000.0,1431
2017-01-01,40,Ensemble,1987.0,150500.0,1413
2017-04-01,40,Ensemble,2033.0,150000.0,1540
2017-07-01,40,Ensemble,2059.0,160000.0,1522
2017-10-01,40,Ensemble,2128.0,160000.0,1451
2018-01-01,40,Ensemble,2080.0,158000.0,1385
2018-04-01,40,Ensemble,2061.0,160000.0,1449
2018-07-01,40,Ensemble,2053.0,160000.0,1624
2018-10-01,40,Ensemble,2083.0,157000.0,397
2019-01-01,40,Ensemble,2143.0,157000.0,1471
2019-04-01,40,Ensemble,2112.0,158700.0,1650
2019-07-01,40,Ensemble,2106.0,165000.0,1846
2019-10-01,40,Ensemble,2251.0,164450.0,1800
2020-01-01,40,Ensemble,2222.0,160000.0,1409
2020-04-01,40,Ensemble,2212.0,165500.0,1433
2020-07-01,40,Ensemble,2258.0,176000.0,1687
2020-10-01,40,Ensemble,2302.0,172550.0,2022
2014-01-01,40,Maison,1752.0,160000.0,603
2014-04-01,40,Maison,1795.0,160000.0,659
2014-07-01,40,Maison,1818.0,167000.0,685
2014-10-01,40,Maison,1792.0,161000.0,711
2015-01-01,40,Maison,1777.0,159211.0,644
2015-04-01,40,Maison,1773.0,162000.0,711
2015-07-01,40,Maison,1814.0,173000.0,894
2015-10-01,40,Maison,1862.0,170342.0,892
2016-01-01,40,Maison,1768.0,167075.0,679
2016-04-01,40,Maison,1869.0,170000.0,823
2016-07-01,40,Maison,1794.0,172000.0,937
2016-10-01,40,Maison,1890.0,178000.0,983
2017-01-01,40,Maison,1868.0,174135.0,948
2017-04-01,40,Maison,1881.0,180000.0,957
2017-07-01,40,Maison,1976.0,186675.0,1066
2017-10-01,40,Maison,2004.0,185200.0,972
2018-01-01,40,Maison,1949.0,184480.0,930
2018-04-01,40,Maison,1993.0,185100.0,955
2018-07-01,40,Maison,1996.0,185000.0,1118
2018-10-01,40,Maison,1985.0,182360.0,281
2019-01-01,40,Maison,2014.0,189500.0,907
2019-04-01,40,Maison,2056.0,188000.0,1044
2019-07-01,40,Maison,2045.0,192500.0,1197
2019-10-01,40,Maison,2151.0,198000.0,1156
2020-01-01,40,Maison,2083.0,205000.0,883
2020-04-01,40,Maison,2123.0,197975.0,942
2020-07-01,40,Maison,2158.0,210000.0,1171
2020-10-01,40,Maison,2185.0,211500.0,1341
2014-01-01,41,Appartement,1366.0,75300.0,103
2014-04-01,41,Appartement,1408.0,72000.0,96
2014-07-01,41,Appartement,1476.0,81042.0,94
2014-10-01,41,Appartement,1337.0,73000.0,99
2015-01-01,41,Appartement,1350.0,70750.0,94
2015-04-01,41,Appartement,1350.0,73000.0,117
2015-07-01,41,Appartement,1453.0,77000.0,111
2015-10-01,41,Appartement,1315.0,66500.0,124
2016-01-01,41,Appartement,1370.0,76000.0,90
2016-04-01,41,Appartement,1379.0,72000.0,105
2016-07-01,41,Appartement,1421.0,73000.0,109
2016-10-01,41,Appartement,1452.0,70500.0,144
2017-01-01,41,Appartement,1425.0,78375.0,122
2017-04-01,41,Appartement,1412.0,70000.0,140
2017-07-01,41,Appartement,1459.0,82200.0,135
2017-10-01,41,Appartement,1406.0,72500.0,122
2018-01-01,41,Appartement,1379.0,62500.0,129
2018-04-01,41,Appartement,1333.0,73735.0,145
2018-07-01,41,Appartement,1368.0,76500.0,145
2018-10-01,41,Appartement,1545.0,83903.0,125
2019-01-01,41,Appartement,1345.0,71200.0,130
2019-04-01,41,Appartement,1316.0,72500.0,146
2019-07-01,41,Appartement,1449.0,72370.0,172
2019-10-01,41,Appartement,1333.0,70000.0,177
2020-01-01,41,Appartement,1505.0,77000.0,166
2020-04-01,41,Appartement,1384.0,71500.0,162
2020-07-01,41,Appartement,1417.0,70000.0,136
2020-10-01,41,Appartement,1485.0,75000.0,210
2014-01-01,41,Ensemble,1292.0,100000.0,539
2014-04-01,41,Ensemble,1309.0,109000.0,587
2014-07-01,41,Ensemble,1365.0,108000.0,632
2014-10-01,41,Ensemble,1329.0,105000.0,621
2015-01-01,41,Ensemble,1302.0,100000.0,553
2015-04-01,41,Ensemble,1321.0,101000.0,635
2015-07-01,41,Ensemble,1314.0,110000.0,759
2015-10-01,41,Ensemble,1281.0,105000.0,752
2016-01-01,41,Ensemble,1202.0,100000.0,558
2016-04-01,41,Ensemble,1250.0,102000.0,663
2016-07-01,41,Ensemble,1338.0,110000.0,747
2016-10-01,41,Ensemble,1287.0,102000.0,769
2017-01-01,41,Ensemble,1250.0,100000.0,665
2017-04-01,41,Ensemble,1287.0,99000.0,761
2017-07-01,41,Ensemble,1331.0,109250.0,840
2017-10-01,41,Ensemble,1273.0,102500.0,792
2018-01-01,41,Ensemble,1232.0,99500.0,694
2018-04-01,41,Ensemble,1250.0,100000.0,752
2018-07-01,41,Ensemble,1297.0,109000.0,799
2018-10-01,41,Ensemble,1288.0,106200.0,838
2019-01-01,41,Ensemble,1223.0,93000.0,673
2019-04-01,41,Ensemble,1285.0,103580.0,808
2019-07-01,41,Ensemble,1346.0,110000.0,1007
2019-10-01,41,Ensemble,1262.0,104000.0,923
2020-01-01,41,Ensemble,1307.0,105000.0,814
2020-04-01,41,Ensemble,1295.0,104275.0,796
2020-07-01,41,Ensemble,1318.0,108255.0,904
2020-10-01,41,Ensemble,1315.0,108000.0,1182
2014-01-01,41,Maison,1286.0,110000.0,436
2014-04-01,41,Maison,1286.0,115000.0,491
2014-07-01,41,Maison,1337.0,113000.0,538
2014-10-01,41,Maison,1327.0,115112.0,522
2015-01-01,41,Maison,1277.0,107500.0,459
2015-04-01,41,Maison,1301.0,110000.0,518
2015-07-01,41,Maison,1277.0,114400.0,648
2015-10-01,41,Maison,1271.0,115000.0,628
2016-01-01,41,Maison,1171.0,109000.0,468
2016-04-01,41,Maison,1215.0,105500.0,558
2016-07-01,41,Maison,1301.0,120000.0,638
2016-10-01,41,Maison,1264.0,110000.0,625
2017-01-01,41,Maison,1228.0,110000.0,543
2017-04-01,41,Maison,1231.0,108000.0,621
2017-07-01,41,Maison,1310.0,115000.0,705
2017-10-01,41,Maison,1232.0,107300.0,670
2018-01-01,41,Maison,1209.0,108000.0,565
2018-04-01,41,Maison,1227.0,112000.0,607
2018-07-01,41,Maison,1278.0,120000.0,654
2018-10-01,41,Maison,1233.0,110000.0,713
2019-01-01,41,Maison,1193.0,105000.0,543
2019-04-01,41,Maison,1267.0,110000.0,662
2019-07-01,41,Maison,1316.0,120000.0,835
2019-10-01,41,Maison,1240.0,115625.0,746
2020-01-01,41,Maison,1245.0,118000.0,648
2020-04-01,41,Maison,1274.0,115000.0,634
2020-07-01,41,Maison,1299.0,119700.0,768
2020-10-01,41,Maison,1271.0,120000.0,972
2014-01-01,42,Appartement,1079.0,69250.0,728
2014-04-01,42,Appartement,1102.0,75000.0,772
2014-07-01,42,Appartement,1127.0,74000.0,714
2014-10-01,42,Appartement,1067.0,70000.0,691
2015-01-01,42,Appartement,1038.0,72000.0,699
2015-04-01,42,Appartement,1025.0,69900.0,819
2015-07-01,42,Appartement,1048.0,73000.0,805
2015-10-01,42,Appartement,1031.0,70650.0,734
2016-01-01,42,Appartement,1000.0,68400.0,657
2016-04-01,42,Appartement,991.0,67000.0,888
2016-07-01,42,Appartement,1020.0,67250.0,848
2016-10-01,42,Appartement,976.0,66500.0,791
2017-01-01,42,Appartement,976.0,66500.0,851
2017-04-01,42,Appartement,986.0,67000.0,961
2017-07-01,42,Appartement,987.0,66000.0,887
2017-10-01,42,Appartement,978.0,65000.0,934
2018-01-01,42,Appartement,972.0,65000.0,846
2018-04-01,42,Appartement,976.0,65150.0,952
2018-07-01,42,Appartement,1036.0,69000.0,958
2018-10-01,42,Appartement,990.0,63000.0,843
2019-01-01,42,Appartement,1018.0,68000.0,933
2019-04-01,42,Appartement,1000.0,67250.0,1166
2019-07-01,42,Appartement,1067.0,68000.0,1196
2019-10-01,42,Appartement,1048.0,69000.0,1106
2020-01-01,42,Appartement,1075.0,73000.0,983
2020-04-01,42,Appartement,1098.0,70000.0,1073
2020-07-01,42,Appartement,1133.0,71500.0,1197
2020-10-01,42,Appartement,1158.0,75000.0,1317
2014-01-01,42,Ensemble,1219.0,95000.0,1264
2014-04-01,42,Ensemble,1273.0,102000.0,1482
2014-07-01,42,Ensemble,1268.0,102000.0,1411
2014-10-01,42,Ensemble,1266.0,98174.0,1334
2015-01-01,42,Ensemble,1185.0,90000.0,1252
2015-04-01,42,Ensemble,1200.0,94000.0,1531
2015-07-01,42,Ensemble,1270.0,106400.0,1597
2015-10-01,42,Ensemble,1222.0,99000.0,1469
2016-01-01,42,Ensemble,1200.0,100000.0,1266
2016-04-01,42,Ensemble,1184.0,95000.0,1664
2016-07-01,42,Ensemble,1228.0,102000.0,1718
2016-10-01,42,Ensemble,1212.0,97700.0,1600
2017-01-01,42,Ensemble,1158.0,93100.0,1607
2017-04-01,42,Ensemble,1167.0,95000.0,1888
2017-07-01,42,Ensemble,1250.0,106200.0,1885
2017-10-01,42,Ensemble,1175.0,95000.0,1873
2018-01-01,42,Ensemble,1161.0,96150.0,1578
2018-04-01,42,Ensemble,1220.0,100000.0,1846
2018-07-01,42,Ensemble,1279.0,107000.0,1921
2018-10-01,42,Ensemble,1236.0,101000.0,1685
2019-01-01,42,Ensemble,1200.0,95000.0,1785
2019-04-01,42,Ensemble,1186.0,93000.0,2102
2019-07-01,42,Ensemble,1291.0,105000.0,2329
2019-10-01,42,Ensemble,1290.0,100000.0,2139
2020-01-01,42,Ensemble,1278.0,102000.0,1876
2020-04-01,42,Ensemble,1260.0,100000.0,1974
2020-07-01,42,Ensemble,1357.0,110000.0,2325
2020-10-01,42,Ensemble,1363.0,111200.0,2641
2014-01-01,42,Maison,1563.0,136160.0,536
2014-04-01,42,Maison,1592.0,147475.0,710
2014-07-01,42,Maison,1546.0,145000.0,697
2014-10-01,42,Maison,1563.0,145000.0,643
2015-01-01,42,Maison,1504.0,140000.0,553
2015-04-01,42,Maison,1556.0,141000.0,712
2015-07-01,42,Maison,1614.0,150870.0,792
2015-10-01,42,Maison,1553.0,146300.0,735
2016-01-01,42,Maison,1537.0,146000.0,609
2016-04-01,42,Maison,1546.0,145100.0,776
2016-07-01,42,Maison,1581.0,150000.0,870
2016-10-01,42,Maison,1622.0,150000.0,809
2017-01-01,42,Maison,1529.0,145000.0,756
2017-04-01,42,Maison,1533.0,147000.0,927
2017-07-01,42,Maison,1655.0,155000.0,998
2017-10-01,42,Maison,1550.0,147000.0,939
2018-01-01,42,Maison,1529.0,147000.0,732
2018-04-01,42,Maison,1583.0,153000.0,894
2018-07-01,42,Maison,1658.0,161302.0,963
2018-10-01,42,Maison,1644.0,157746.0,842
2019-01-01,42,Maison,1631.0,150000.0,852
2019-04-01,42,Maison,1620.0,155000.0,936
2019-07-01,42,Maison,1683.0,160000.0,1133
2019-10-01,42,Maison,1709.0,156750.0,1033
2020-01-01,42,Maison,1667.0,155000.0,893
2020-04-01,42,Maison,1655.0,160000.0,901
2020-07-01,42,Maison,1751.0,170000.0,1128
2020-10-01,42,Maison,1746.0,164475.0,1324
2014-01-01,43,Appartement,1071.0,74700.0,100
2014-04-01,43,Appartement,1006.0,60750.0,72
2014-07-01,43,Appartement,1143.0,83000.0,99
2014-10-01,43,Appartement,1128.0,75250.0,92
2015-01-01,43,Appartement,1064.0,72850.0,97
2015-04-01,43,Appartement,1000.0,70000.0,113
2015-07-01,43,Appartement,1096.0,74000.0,117
2015-10-01,43,Appartement,1159.0,72500.0,114
2016-01-01,43,Appartement,1200.0,80000.0,79
2016-04-01,43,Appartement,1044.0,72100.0,100
2016-07-01,43,Appartement,1026.0,72500.0,124
2016-10-01,43,Appartement,1082.0,71000.0,108
2017-01-01,43,Appartement,1061.0,70000.0,99
2017-04-01,43,Appartement,1029.0,65000.0,140
2017-07-01,43,Appartement,1075.0,70000.0,103
2017-10-01,43,Appartement,1041.0,67225.0,108
2018-01-01,43,Appartement,1038.0,65000.0,105
2018-04-01,43,Appartement,971.0,71250.0,67
2019-01-01,43,Appartement,1066.0,68000.0,105
2019-04-01,43,Appartement,1052.0,78000.0,130
2019-07-01,43,Appartement,1154.0,78500.0,133
2019-10-01,43,Appartement,1132.0,85000.0,135
2020-01-01,43,Appartement,1036.0,70000.0,107
2020-04-01,43,Appartement,1070.0,79475.0,112
2020-07-01,43,Appartement,1189.0,77900.0,125
2020-10-01,43,Appartement,1207.0,73408.0,150
2014-01-01,43,Ensemble,1133.0,90000.0,417
2014-04-01,43,Ensemble,1076.0,90000.0,316
2014-07-01,43,Ensemble,1128.0,87000.0,453
2014-10-01,43,Ensemble,1065.0,85000.0,406
2015-01-01,43,Ensemble,1052.0,83450.0,388
2015-04-01,43,Ensemble,1027.0,82000.0,453
2015-07-01,43,Ensemble,1127.0,90000.0,504
2015-10-01,43,Ensemble,1022.0,80000.0,528
2016-01-01,43,Ensemble,1091.0,90000.0,409
2016-04-01,43,Ensemble,1029.0,85000.0,486
2016-07-01,43,Ensemble,1085.0,90500.0,559
2016-10-01,43,Ensemble,1041.0,84000.0,545
2017-01-01,43,Ensemble,1011.0,85000.0,467
2017-04-01,43,Ensemble,1018.0,75000.0,541
2017-07-01,43,Ensemble,1111.0,92000.0,535
2017-10-01,43,Ensemble,1094.0,85000.0,592
2018-01-01,43,Ensemble,975.0,79000.0,460
2018-04-01,43,Ensemble,1000.0,83800.0,292
2018-07-01,43,Ensemble,1056.0,85500.0,144
2018-10-01,43,Ensemble,1158.0,95000.0,161
2019-01-01,43,Ensemble,1050.0,80000.0,521
2019-04-01,43,Ensemble,1065.0,90000.0,556
2019-07-01,43,Ensemble,1200.0,100000.0,613
2019-10-01,43,Ensemble,1042.0,87500.0,628
2020-01-01,43,Ensemble,1069.0,80000.0,546
2020-04-01,43,Ensemble,1085.0,90375.0,526
2020-07-01,43,Ensemble,1220.0,100000.0,625
2020-10-01,43,Ensemble,1176.0,95950.0,784
2014-01-01,43,Maison,1154.0,100000.0,317
2014-04-01,43,Maison,1131.0,100000.0,244
2014-07-01,43,Maison,1117.0,88075.0,354
2014-10-01,43,Maison,1051.0,89250.0,314
2015-01-01,43,Maison,1034.0,90000.0,291
2015-04-01,43,Maison,1039.0,95000.0,340
2015-07-01,43,Maison,1143.0,95940.0,387
2015-10-01,43,Maison,978.0,83573.0,414
2016-01-01,43,Maison,1069.0,92000.0,330
2016-04-01,43,Maison,1026.0,93250.0,386
2016-07-01,43,Maison,1117.0,99260.0,435
2016-10-01,43,Maison,1014.0,90000.0,437
2017-01-01,43,Maison,1000.0,90150.0,368
2017-04-01,43,Maison,1000.0,83000.0,401
2017-07-01,43,Maison,1122.0,95500.0,432
2017-10-01,43,Maison,1112.0,90900.0,484
2018-01-01,43,Maison,966.0,81000.0,355
2018-04-01,43,Maison,1000.0,89000.0,225
2018-07-01,43,Maison,1160.0,119500.0,104
2018-10-01,43,Maison,1155.0,105750.0,136
2019-01-01,43,Maison,1042.0,89000.0,416
2019-04-01,43,Maison,1070.0,97000.0,426
2019-07-01,43,Maison,1239.0,113135.0,480
2019-10-01,43,Maison,1007.0,90000.0,493
2020-01-01,43,Maison,1074.0,86000.0,439
2020-04-01,43,Maison,1100.0,98000.0,414
2020-07-01,43,Maison,1232.0,114425.0,500
2020-10-01,43,Maison,1155.0,103250.0,634
2014-01-01,44,Appartement,2407.0,126000.0,1179
2014-04-01,44,Appartement,2402.0,126000.0,1185
2014-07-01,44,Appartement,2541.0,128328.0,1357
2014-10-01,44,Appartement,2500.0,129000.0,1621
2015-01-01,44,Appartement,2397.0,123000.0,986
2015-04-01,44,Appartement,2351.0,125500.0,1440
2015-07-01,44,Appartement,2454.0,124341.0,1749
2015-10-01,44,Appartement,2500.0,123000.0,1737
2016-01-01,44,Appartement,2425.0,126500.0,1391
2016-04-01,44,Appartement,2433.0,125000.0,1703
2016-07-01,44,Appartement,2500.0,127000.0,1867
2016-10-01,44,Appartement,2500.0,128400.0,1772
2017-01-01,44,Appartement,2500.0,125000.0,1905
2017-04-01,44,Appartement,2546.0,130010.0,2134
2017-07-01,44,Appartement,2636.0,134000.0,2075
2017-10-01,44,Appartement,2646.0,132000.0,1992
2018-01-01,44,Appartement,2576.0,130000.0,1814
2018-04-01,44,Appartement,2647.0,133000.0,2028
2018-07-01,44,Appartement,2694.0,136600.0,2107
2018-10-01,44,Appartement,2746.0,137000.0,1877
2019-01-01,44,Appartement,2759.0,140000.0,2019
2019-04-01,44,Appartement,2873.0,140000.0,2227
2019-07-01,44,Appartement,2941.0,149250.0,2420
2019-10-01,44,Appartement,3016.0,149562.0,2237
2020-01-01,44,Appartement,3060.0,155000.0,1885
2020-04-01,44,Appartement,3158.0,160000.0,1762
2020-07-01,44,Appartement,3304.0,163500.0,1949
2020-10-01,44,Appartement,3348.0,162000.0,2277
2014-01-01,44,Ensemble,2262.0,160000.0,2957
2014-04-01,44,Ensemble,2271.0,160000.0,3207
2014-07-01,44,Ensemble,2356.0,166000.0,3720
2014-10-01,44,Ensemble,2290.0,161500.0,4157
2015-01-01,44,Ensemble,2196.0,156681.0,2409
2015-04-01,44,Ensemble,2225.0,160000.0,3718
2015-07-01,44,Ensemble,2294.0,170000.0,4675
2015-10-01,44,Ensemble,2316.0,159700.0,4208
2016-01-01,44,Ensemble,2290.0,160050.0,3478
2016-04-01,44,Ensemble,2294.0,160000.0,4015
2016-07-01,44,Ensemble,2359.0,173000.0,4847
2016-10-01,44,Ensemble,2333.0,165000.0,4338
2017-01-01,44,Ensemble,2337.0,165000.0,4468
2017-04-01,44,Ensemble,2387.0,170000.0,4989
2017-07-01,44,Ensemble,2455.0,180000.0,5390
2017-10-01,44,Ensemble,2439.0,170000.0,4816
2018-01-01,44,Ensemble,2438.0,167170.0,4285
2018-04-01,44,Ensemble,2464.0,170000.0,4837
2018-07-01,44,Ensemble,2534.0,183050.0,5488
2018-10-01,44,Ensemble,2538.0,175000.0,4468
2019-01-01,44,Ensemble,2535.0,175000.0,4704
2019-04-01,44,Ensemble,2602.0,176000.0,5254
2019-07-01,44,Ensemble,2684.0,191102.0,6194
2019-10-01,44,Ensemble,2725.0,185000.0,5405
2020-01-01,44,Ensemble,2806.0,192000.0,4480
2020-04-01,44,Ensemble,2831.0,195000.0,4260
2020-07-01,44,Ensemble,2957.0,215000.0,5096
2020-10-01,44,Ensemble,2984.0,210000.0,5997
2014-01-01,44,Maison,2154.0,185000.0,1778
2014-04-01,44,Maison,2179.0,188000.0,2022
2014-07-01,44,Maison,2228.0,197000.0,2363
2014-10-01,44,Maison,2150.0,185000.0,2536
2015-01-01,44,Maison,2079.0,185000.0,1423
2015-04-01,44,Maison,2142.0,185000.0,2278
2015-07-01,44,Maison,2196.0,200000.0,2926
2015-10-01,44,Maison,2190.0,186990.0,2471
2016-01-01,44,Maison,2189.0,190000.0,2087
2016-04-01,44,Maison,2195.0,193841.0,2312
2016-07-01,44,Maison,2270.0,209000.0,2980
2016-10-01,44,Maison,2222.0,190000.0,2566
2017-01-01,44,Maison,2253.0,200000.0,2563
2017-04-01,44,Maison,2259.0,205000.0,2855
2017-07-01,44,Maison,2336.0,216000.0,3315
2017-10-01,44,Maison,2292.0,200000.0,2824
2018-01-01,44,Maison,2283.0,204000.0,2471
2018-04-01,44,Maison,2337.0,205000.0,2809
2018-07-01,44,Maison,2425.0,221000.0,3381
2018-10-01,44,Maison,2365.0,210000.0,2591
2019-01-01,44,Maison,2379.0,215000.0,2685
2019-04-01,44,Maison,2407.0,217366.0,3027
2019-07-01,44,Maison,2505.0,230000.0,3774
2019-10-01,44,Maison,2525.0,225000.0,3168
2020-01-01,44,Maison,2591.0,230000.0,2595
2020-04-01,44,Maison,2609.0,233988.0,2498
2020-07-01,44,Maison,2723.0,250000.0,3147
2020-10-01,44,Maison,2774.0,250000.0,3720
2014-01-01,45,Appartement,1769.0,93725.0,456
2014-04-01,45,Appartement,1755.0,95600.0,477
2014-07-01,45,Appartement,1804.0,98000.0,485
2014-10-01,45,Appartement,1790.0,95000.0,423
2015-01-01,45,Appartement,1759.0,95000.0,411
2015-04-01,45,Appartement,1660.0,92000.0,521
2015-07-01,45,Appartement,1685.0,87500.0,555
2015-10-01,45,Appartement,1730.0,90000.0,464
2016-01-01,45,Appartement,1652.0,90000.0,458
2016-04-01,45,Appartement,1625.0,85000.0,587
2016-07-01,45,Appartement,1769.0,89800.0,565
2016-10-01,45,Appartement,1648.0,89000.0,536
2017-01-01,45,Appartement,1682.0,90430.0,551
2017-04-01,45,Appartement,1711.0,94000.0,629
2017-07-01,45,Appartement,1753.0,90000.0,633
2017-10-01,45,Appartement,1842.0,89000.0,543
2018-01-01,45,Appartement,1667.0,90000.0,543
2018-04-01,45,Appartement,1686.0,90500.0,598
2018-07-01,45,Appartement,1800.0,87000.0,632
2018-10-01,45,Appartement,1771.0,88000.0,578
2019-01-01,45,Appartement,1812.0,93000.0,565
2019-04-01,45,Appartement,1783.0,90000.0,675
2019-07-01,45,Appartement,1847.0,95000.0,795
2019-10-01,45,Appartement,1825.0,90000.0,719
2020-01-01,45,Appartement,1863.0,95000.0,589
2020-04-01,45,Appartement,1896.0,99000.0,631
2020-07-01,45,Appartement,2034.0,104100.0,610
2020-10-01,45,Appartement,1970.0,106548.0,746
2014-01-01,45,Ensemble,1683.0,122000.0,1177
2014-04-01,45,Ensemble,1700.0,130000.0,1312
2014-07-01,45,Ensemble,1706.0,130450.0,1476
2014-10-01,45,Ensemble,1684.0,130000.0,1239
2015-01-01,45,Ensemble,1643.0,128500.0,1212
2015-04-01,45,Ensemble,1630.0,125000.0,1446
2015-07-01,45,Ensemble,1655.0,128600.0,1762
2015-10-01,45,Ensemble,1620.0,123650.0,1559
2016-01-01,45,Ensemble,1627.0,126000.0,1351
2016-04-01,45,Ensemble,1602.0,120000.0,1600
2016-07-01,45,Ensemble,1682.0,132480.0,1720
2016-10-01,45,Ensemble,1620.0,126000.0,1635
2017-01-01,45,Ensemble,1653.0,125000.0,1603
2017-04-01,45,Ensemble,1636.0,125000.0,1789
2017-07-01,45,Ensemble,1709.0,132000.0,1920
2017-10-01,45,Ensemble,1689.0,128000.0,1661
2018-01-01,45,Ensemble,1636.0,125000.0,1506
2018-04-01,45,Ensemble,1678.0,130000.0,1593
2018-07-01,45,Ensemble,1733.0,136000.0,1994
2018-10-01,45,Ensemble,1694.0,125000.0,1673
2019-01-01,45,Ensemble,1724.0,130000.0,1615
2019-04-01,45,Ensemble,1654.0,124000.0,1839
2019-07-01,45,Ensemble,1750.0,132000.0,2190
2019-10-01,45,Ensemble,1728.0,127800.0,2074
2020-01-01,45,Ensemble,1701.0,128000.0,1644
2020-04-01,45,Ensemble,1807.0,134500.0,1619
2020-07-01,45,Ensemble,1812.0,140000.0,2010
2020-10-01,45,Ensemble,1771.0,137000.0,2371
2014-01-01,45,Maison,1618.0,140000.0,721
2014-04-01,45,Maison,1667.0,150000.0,835
2014-07-01,45,Maison,1653.0,150000.0,991
2014-10-01,45,Maison,1633.0,145000.0,816
2015-01-01,45,Maison,1593.0,146000.0,801
2015-04-01,45,Maison,1614.0,147333.0,925
2015-07-01,45,Maison,1646.0,150000.0,1207
2015-10-01,45,Maison,1563.0,141800.0,1095
2016-01-01,45,Maison,1613.0,145000.0,893
2016-04-01,45,Maison,1589.0,142000.0,1013
2016-07-01,45,Maison,1648.0,152000.0,1155
2016-10-01,45,Maison,1600.0,143000.0,1099
2017-01-01,45,Maison,1609.0,148750.0,1052
2017-04-01,45,Maison,1609.0,145575.0,1160
2017-07-01,45,Maison,1690.0,156000.0,1287
2017-10-01,45,Maison,1641.0,148000.0,1118
2018-01-01,45,Maison,1602.0,150000.0,963
2018-04-01,45,Maison,1667.0,154280.0,995
2018-07-01,45,Maison,1703.0,158350.0,1362
2018-10-01,45,Maison,1645.0,148000.0,1095
2019-01-01,45,Maison,1695.0,155794.0,1050
2019-04-01,45,Maison,1588.0,150000.0,1164
2019-07-01,45,Maison,1696.0,157000.0,1395
2019-10-01,45,Maison,1679.0,153000.0,1355
2020-01-01,45,Maison,1641.0,152000.0,1055
2020-04-01,45,Maison,1759.0,160000.0,988
2020-07-01,45,Maison,1750.0,164500.0,1400
2020-10-01,45,Maison,1710.0,157650.0,1625
2015-07-01,46,Appartement,1145.0,60500.0,68
2016-01-01,46,Appartement,1216.0,60000.0,50
2016-04-01,46,Appartement,1053.0,63000.0,57
2016-10-01,46,Appartement,1266.0,63750.0,56
2017-01-01,46,Appartement,1176.0,69000.0,64
2017-04-01,46,Appartement,1269.0,60750.0,72
2017-07-01,46,Appartement,1171.0,54500.0,68
2017-10-01,46,Appartement,1126.0,63000.0,66
2018-01-01,46,Appartement,1189.0,68000.0,53
2018-04-01,46,Appartement,1170.0,65000.0,67
2018-07-01,46,Appartement,1146.0,61400.0,50
2019-01-01,46,Appartement,1245.0,74000.0,62
2019-04-01,46,Appartement,1163.0,69495.0,60
2019-07-01,46,Appartement,1259.0,75000.0,80
2019-10-01,46,Appartement,1256.0,63358.0,68
2020-01-01,46,Appartement,1149.0,66000.0,65
2020-04-01,46,Appartement,1260.0,70000.0,67
2020-07-01,46,Appartement,1298.0,65000.0,63
2020-10-01,46,Appartement,1281.0,70000.0,64
2014-01-01,46,Ensemble,1221.0,100607.0,258
2014-04-01,46,Ensemble,1246.0,100000.0,275
2014-07-01,46,Ensemble,1276.0,105000.0,321
2014-10-01,46,Ensemble,1234.0,100000.0,327
2015-01-01,46,Ensemble,1193.0,88000.0,280
2015-04-01,46,Ensemble,1271.0,97425.0,312
2015-07-01,46,Ensemble,1283.0,107000.0,379
2015-10-01,46,Ensemble,1218.0,106667.0,383
2016-01-01,46,Ensemble,1220.0,101265.0,335
2016-04-01,46,Ensemble,1192.0,104750.0,348
2016-07-01,46,Ensemble,1265.0,107800.0,390
2016-10-01,46,Ensemble,1272.0,103000.0,379
2017-01-01,46,Ensemble,1176.0,95000.0,369
2017-04-01,46,Ensemble,1235.0,100000.0,409
2017-07-01,46,Ensemble,1204.0,99900.0,427
2017-10-01,46,Ensemble,1250.0,101225.0,418
2018-01-01,46,Ensemble,1196.0,103000.0,351
2018-04-01,46,Ensemble,1205.0,94000.0,396
2018-07-01,46,Ensemble,1273.0,106500.0,339
2019-01-01,46,Ensemble,1209.0,100000.0,400
2019-04-01,46,Ensemble,1230.0,102000.0,440
2019-07-01,46,Ensemble,1293.0,110000.0,489
2019-10-01,46,Ensemble,1274.0,109050.0,497
2020-01-01,46,Ensemble,1218.0,100000.0,405
2020-04-01,46,Ensemble,1261.0,100000.0,378
2020-07-01,46,Ensemble,1298.0,110000.0,476
2020-10-01,46,Ensemble,1343.0,120000.0,615
2014-01-01,46,Maison,1220.0,110000.0,209
2014-04-01,46,Maison,1250.0,104350.0,227
2014-07-01,46,Maison,1278.0,110000.0,279
2014-10-01,46,Maison,1242.0,102250.0,278
2015-01-01,46,Maison,1261.0,97900.0,241
2015-04-01,46,Maison,1290.0,106750.0,266
2015-07-01,46,Maison,1306.0,117300.0,311
2015-10-01,46,Maison,1264.0,113000.0,335
2016-01-01,46,Maison,1221.0,107500.0,285
2016-04-01,46,Maison,1215.0,112000.0,291
2016-07-01,46,Maison,1254.0,115000.0,342
2016-10-01,46,Maison,1273.0,117400.0,323
2017-01-01,46,Maison,1176.0,102000.0,305
2017-04-01,46,Maison,1214.0,110000.0,337
2017-07-01,46,Maison,1229.0,107000.0,359
2017-10-01,46,Maison,1274.0,112750.0,352
2018-01-01,46,Maison,1196.0,112500.0,298
2018-04-01,46,Maison,1210.0,105000.0,329
2018-07-01,46,Maison,1310.0,115000.0,289
2019-01-01,46,Maison,1200.0,110000.0,338
2019-04-01,46,Maison,1244.0,110000.0,380
2019-07-01,46,Maison,1310.0,119000.0,409
2019-10-01,46,Maison,1279.0,117000.0,429
2020-01-01,46,Maison,1226.0,105500.0,340
2020-04-01,46,Maison,1263.0,114450.0,311
2020-07-01,46,Maison,1298.0,115610.0,413
2020-10-01,46,Maison,1348.0,125000.0,551
2014-01-01,47,Appartement,1127.0,62000.0,99
2014-04-01,47,Appartement,1160.0,56000.0,108
2014-07-01,47,Appartement,1106.0,58000.0,111
2014-10-01,47,Appartement,1106.0,59250.0,120
2015-01-01,47,Appartement,1122.0,59700.0,98
2015-04-01,47,Appartement,1068.0,56500.0,118
2015-07-01,47,Appartement,1081.0,59000.0,122
2015-10-01,47,Appartement,1074.0,60150.0,123
2016-01-01,47,Appartement,1071.0,54000.0,111
2016-04-01,47,Appartement,1066.0,55500.0,130
2016-07-01,47,Appartement,1128.0,59125.0,132
2016-10-01,47,Appartement,1086.0,58500.0,107
2017-01-01,47,Appartement,1092.0,55000.0,141
2017-04-01,47,Appartement,1165.0,55000.0,162
2017-07-01,47,Appartement,1207.0,59375.0,150
2017-10-01,47,Appartement,1179.0,57000.0,123
2018-01-01,47,Appartement,1152.0,58000.0,128
2018-04-01,47,Appartement,1212.0,57000.0,163
2018-07-01,47,Appartement,1181.0,61000.0,155
2018-10-01,47,Appartement,1141.0,57250.0,166
2019-01-01,47,Appartement,1176.0,58600.0,152
2019-04-01,47,Appartement,1222.0,60000.0,207
2019-07-01,47,Appartement,1242.0,60000.0,210
2019-10-01,47,Appartement,1245.0,60000.0,237
2020-01-01,47,Appartement,1257.0,63000.0,198
2020-04-01,47,Appartement,1175.0,63625.0,182
2020-07-01,47,Appartement,1247.0,63000.0,185
2020-10-01,47,Appartement,1316.0,66000.0,226
2014-01-01,47,Ensemble,1176.0,94000.0,547
2014-04-01,47,Ensemble,1188.0,95500.0,609
2014-07-01,47,Ensemble,1173.0,100050.0,654
2014-10-01,47,Ensemble,1119.0,90000.0,723
2015-01-01,47,Ensemble,1201.0,98000.0,581
2015-04-01,47,Ensemble,1087.0,90000.0,653
2015-07-01,47,Ensemble,1149.0,100000.0,790
2015-10-01,47,Ensemble,1150.0,100000.0,762
2016-01-01,47,Ensemble,1161.0,94000.0,581
2016-04-01,47,Ensemble,1125.0,90000.0,710
2016-07-01,47,Ensemble,1178.0,98000.0,825
2016-10-01,47,Ensemble,1147.0,92000.0,755
2017-01-01,47,Ensemble,1198.0,98275.0,744
2017-04-01,47,Ensemble,1168.0,95000.0,825
2017-07-01,47,Ensemble,1223.0,102000.0,886
2017-10-01,47,Ensemble,1194.0,105000.0,838
2018-01-01,47,Ensemble,1119.0,94500.0,702
2018-04-01,47,Ensemble,1175.0,93000.0,802
2018-07-01,47,Ensemble,1200.0,100000.0,922
2018-10-01,47,Ensemble,1183.0,98500.0,926
2019-01-01,47,Ensemble,1170.0,92500.0,788
2019-04-01,47,Ensemble,1225.0,100000.0,872
2019-07-01,47,Ensemble,1207.0,95000.0,1055
2019-10-01,47,Ensemble,1250.0,98500.0,1059
2020-01-01,47,Ensemble,1231.0,97150.0,838
2020-04-01,47,Ensemble,1226.0,98000.0,819
2020-07-01,47,Ensemble,1273.0,106000.0,911
2020-10-01,47,Ensemble,1279.0,103000.0,1159
2014-01-01,47,Maison,1188.0,104500.0,448
2014-04-01,47,Maison,1217.0,105700.0,501
2014-07-01,47,Maison,1188.0,110000.0,543
2014-10-01,47,Maison,1121.0,100000.0,603
2015-01-01,47,Maison,1220.0,107600.0,483
2015-04-01,47,Maison,1100.0,100000.0,535
2015-07-01,47,Maison,1199.0,110000.0,668
2015-10-01,47,Maison,1164.0,107000.0,639
2016-01-01,47,Maison,1180.0,106500.0,470
2016-04-01,47,Maison,1140.0,101000.0,580
2016-07-01,47,Maison,1200.0,107000.0,693
2016-10-01,47,Maison,1154.0,100000.0,648
2017-01-01,47,Maison,1245.0,110000.0,603
2017-04-01,47,Maison,1168.0,110000.0,663
2017-07-01,47,Maison,1232.0,114000.0,736
2017-10-01,47,Maison,1198.0,115000.0,715
2018-01-01,47,Maison,1118.0,105000.0,574
2018-04-01,47,Maison,1154.0,107000.0,639
2018-07-01,47,Maison,1202.0,113000.0,767
2018-10-01,47,Maison,1200.0,110000.0,760
2019-01-01,47,Maison,1169.0,103750.0,636
2019-04-01,47,Maison,1227.0,115000.0,665
2019-07-01,47,Maison,1188.0,109000.0,845
2019-10-01,47,Maison,1250.0,113181.0,822
2020-01-01,47,Maison,1211.0,110250.0,640
2020-04-01,47,Maison,1241.0,115000.0,637
2020-07-01,47,Maison,1278.0,120000.0,726
2020-10-01,47,Maison,1250.0,117000.0,933
2014-01-01,48,Ensemble,1228.0,80000.0,105
2014-04-01,48,Ensemble,1169.0,90000.0,127
2014-07-01,48,Ensemble,1250.0,85000.0,145
2014-10-01,48,Ensemble,1215.0,86175.0,144
2015-01-01,48,Ensemble,1125.0,87000.0,97
2015-04-01,48,Ensemble,1265.0,84000.0,152
2015-07-01,48,Ensemble,1213.0,81500.0,140
2015-10-01,48,Ensemble,1250.0,90000.0,140
2016-01-01,48,Ensemble,1102.0,89750.0,116
2016-04-01,48,Ensemble,1117.0,80000.0,117
2016-07-01,48,Ensemble,1245.0,90500.0,146
2016-10-01,48,Ensemble,1259.0,93918.0,152
2017-01-01,48,Ensemble,1143.0,90000.0,159
2017-04-01,48,Ensemble,1123.0,81750.0,128
2017-07-01,48,Ensemble,1118.0,87300.0,132
2019-01-01,48,Ensemble,1159.0,84000.0,147
2019-04-01,48,Ensemble,1124.0,88500.0,168
2019-07-01,48,Ensemble,1333.0,100000.0,209
2019-10-01,48,Ensemble,1215.0,96000.0,207
2020-01-01,48,Ensemble,1098.0,90000.0,181
2020-04-01,48,Ensemble,1258.0,95000.0,196
2020-07-01,48,Ensemble,1144.0,80500.0,212
2020-10-01,48,Ensemble,1322.0,105000.0,272
2014-01-01,48,Maison,1240.0,95000.0,88
2014-04-01,48,Maison,1198.0,99000.0,112
2014-07-01,48,Maison,1194.0,89930.0,112
2014-10-01,48,Maison,1206.0,87350.0,115
2015-01-01,48,Maison,1103.0,89500.0,80
2015-04-01,48,Maison,1250.0,95400.0,127
2015-07-01,48,Maison,1121.0,80000.0,114
2015-10-01,48,Maison,1250.0,104635.0,118
2016-01-01,48,Maison,1106.0,93000.0,99
2016-04-01,48,Maison,1099.0,80000.0,102
2016-07-01,48,Maison,1260.0,97100.0,124
2016-10-01,48,Maison,1278.0,96000.0,133
2017-01-01,48,Maison,1114.0,88645.0,126
2017-04-01,48,Maison,1065.0,81500.0,107
2017-07-01,48,Maison,1118.0,87300.0,120
2019-01-01,48,Maison,1159.0,89000.0,122
2019-04-01,48,Maison,1038.0,89500.0,143
2019-07-01,48,Maison,1330.0,110000.0,167
2019-10-01,48,Maison,1200.0,99000.0,179
2020-01-01,48,Maison,1099.0,95350.0,156
2020-04-01,48,Maison,1226.0,96500.0,163
2020-07-01,48,Maison,1144.0,89500.0,172
2020-10-01,48,Maison,1313.0,113725.0,226
2014-01-01,49,Appartement,1651.0,90000.0,380
2014-04-01,49,Appartement,1741.0,91000.0,383
2014-07-01,49,Appartement,1764.0,88000.0,419
2014-10-01,49,Appartement,1585.0,85000.0,363
2015-01-01,49,Appartement,1589.0,88500.0,352
2015-04-01,49,Appartement,1622.0,87000.0,533
2015-07-01,49,Appartement,1686.0,85000.0,514
2015-10-01,49,Appartement,1641.0,90000.0,503
2016-01-01,49,Appartement,1604.0,84075.0,442
2016-04-01,49,Appartement,1641.0,90000.0,517
2016-07-01,49,Appartement,1713.0,85000.0,584
2016-10-01,49,Appartement,1731.0,84500.0,513
2017-01-01,49,Appartement,1632.0,90000.0,598
2017-04-01,49,Appartement,1557.0,85000.0,638
2017-07-01,49,Appartement,1757.0,90000.0,626
2017-10-01,49,Appartement,1738.0,92100.0,468
2018-01-01,49,Appartement,1765.0,95000.0,553
2018-04-01,49,Appartement,1718.0,89000.0,584
2018-07-01,49,Appartement,1811.0,94830.0,643
2018-10-01,49,Appartement,1707.0,82500.0,176
2019-01-01,49,Appartement,1779.0,96000.0,653
2019-04-01,49,Appartement,1833.0,95675.0,734
2019-07-01,49,Appartement,1923.0,103000.0,794
2019-10-01,49,Appartement,1911.0,108000.0,654
2020-01-01,49,Appartement,1933.0,110000.0,580
2020-04-01,49,Appartement,2154.0,115020.0,619
2020-07-01,49,Appartement,2346.0,124550.0,686
2020-10-01,49,Appartement,2319.0,125000.0,689
2014-01-01,49,Ensemble,1514.0,124000.0,1408
2014-04-01,49,Ensemble,1521.0,122500.0,1562
2014-07-01,49,Ensemble,1585.0,130000.0,1693
2014-10-01,49,Ensemble,1507.0,120000.0,1449
2015-01-01,49,Ensemble,1490.0,125000.0,1433
2015-04-01,49,Ensemble,1491.0,123000.0,1711
2015-07-01,49,Ensemble,1528.0,133000.0,2117
2015-10-01,49,Ensemble,1517.0,125000.0,1820
2016-01-01,49,Ensemble,1456.0,120000.0,1625
2016-04-01,49,Ensemble,1527.0,124000.0,1733
2016-07-01,49,Ensemble,1585.0,131000.0,2167
2016-10-01,49,Ensemble,1529.0,128000.0,1924
2017-01-01,49,Ensemble,1542.0,120000.0,2036
2017-04-01,49,Ensemble,1500.0,125750.0,2184
2017-07-01,49,Ensemble,1636.0,135000.0,2359
2017-10-01,49,Ensemble,1565.0,130000.0,1979
2018-01-01,49,Ensemble,1585.0,127500.0,1903
2018-04-01,49,Ensemble,1583.0,130000.0,2067
2018-07-01,49,Ensemble,1633.0,137000.0,2455
2018-10-01,49,Ensemble,1455.0,127000.0,1036
2019-01-01,49,Ensemble,1612.0,131000.0,2146
2019-04-01,49,Ensemble,1663.0,131000.0,2420
2019-07-01,49,Ensemble,1705.0,144520.0,2820
2019-10-01,49,Ensemble,1684.0,137000.0,2396
2020-01-01,49,Ensemble,1707.0,142350.0,2042
2020-04-01,49,Ensemble,1795.0,148800.0,2203
2020-07-01,49,Ensemble,1855.0,155000.0,2542
2020-10-01,49,Ensemble,1829.0,150000.0,2853
2014-01-01,49,Maison,1469.0,135000.0,1028
2014-04-01,49,Maison,1461.0,134000.0,1179
2014-07-01,49,Maison,1537.0,141200.0,1274
2014-10-01,49,Maison,1483.0,135000.0,1086
2015-01-01,49,Maison,1461.0,135000.0,1081
2015-04-01,49,Maison,1442.0,140000.0,1178
2015-07-01,49,Maison,1495.0,146000.0,1603
2015-10-01,49,Maison,1476.0,140000.0,1317
2016-01-01,49,Maison,1416.0,132000.0,1183
2016-04-01,49,Maison,1496.0,139000.0,1216
2016-07-01,49,Maison,1552.0,148000.0,1583
2016-10-01,49,Maison,1470.0,142500.0,1411
2017-01-01,49,Maison,1495.0,138750.0,1438
2017-04-01,49,Maison,1485.0,142500.0,1546
2017-07-01,49,Maison,1584.0,151000.0,1733
2017-10-01,49,Maison,1520.0,141129.0,1511
2018-01-01,49,Maison,1506.0,140000.0,1350
2018-04-01,49,Maison,1537.0,145000.0,1483
2018-07-01,49,Maison,1583.0,155000.0,1812
2018-10-01,49,Maison,1417.0,135000.0,860
2019-01-01,49,Maison,1545.0,147000.0,1493
2019-04-01,49,Maison,1592.0,150000.0,1686
2019-07-01,49,Maison,1638.0,165000.0,2026
2019-10-01,49,Maison,1609.0,150000.0,1742
2020-01-01,49,Maison,1615.0,155000.0,1462
2020-04-01,49,Maison,1699.0,165000.0,1584
2020-07-01,49,Maison,1752.0,170000.0,1856
2020-10-01,49,Maison,1704.0,160000.0,2164
2014-01-01,50,Appartement,1453.0,84000.0,143
2014-04-01,50,Appartement,1500.0,84150.0,111
2014-07-01,50,Appartement,1423.0,80000.0,109
2014-10-01,50,Appartement,1667.0,86500.0,127
2015-01-01,50,Appartement,1486.0,95000.0,100
2015-04-01,50,Appartement,1414.0,72000.0,143
2015-07-01,50,Appartement,1467.0,83500.0,151
2015-10-01,50,Appartement,1509.0,79750.0,176
2016-01-01,50,Appartement,1514.0,82750.0,112
2016-04-01,50,Appartement,1526.0,81000.0,176
2016-07-01,50,Appartement,1576.0,85000.0,187
2016-10-01,50,Appartement,1552.0,84750.0,184
2017-01-01,50,Appartement,1571.0,85000.0,169
2017-04-01,50,Appartement,1495.0,76608.0,198
2017-07-01,50,Appartement,1524.0,80000.0,175
2017-10-01,50,Appartement,1495.0,80000.0,200
2018-01-01,50,Appartement,1492.0,82812.0,176
2018-04-01,50,Appartement,1490.0,80000.0,188
2018-07-01,50,Appartement,1409.0,80750.0,150
2018-10-01,50,Appartement,1500.0,83000.0,187
2019-01-01,50,Appartement,1540.0,80000.0,217
2019-04-01,50,Appartement,1479.0,81750.0,252
2019-07-01,50,Appartement,1625.0,90000.0,242
2019-10-01,50,Appartement,1614.0,80000.0,284
2020-01-01,50,Appartement,1679.0,81000.0,245
2020-04-01,50,Appartement,1656.0,87675.0,222
2020-07-01,50,Appartement,1610.0,86500.0,248
2020-10-01,50,Appartement,1737.0,92000.0,273
2014-01-01,50,Ensemble,1379.0,110000.0,944
2014-04-01,50,Ensemble,1346.0,106500.0,741
2014-07-01,50,Ensemble,1399.0,119075.0,1014
2014-10-01,50,Ensemble,1385.0,108000.0,886
2015-01-01,50,Ensemble,1381.0,117750.0,818
2015-04-01,50,Ensemble,1325.0,109600.0,992
2015-07-01,50,Ensemble,1409.0,118000.0,1117
2015-10-01,50,Ensemble,1380.0,110000.0,1111
2016-01-01,50,Ensemble,1377.0,110000.0,770
2016-04-01,50,Ensemble,1341.0,115000.0,1061
2016-07-01,50,Ensemble,1444.0,118000.0,1235
2016-10-01,50,Ensemble,1394.0,117000.0,1171
2017-01-01,50,Ensemble,1429.0,118000.0,1130
2017-04-01,50,Ensemble,1366.0,115000.0,1277
2017-07-01,50,Ensemble,1491.0,125000.0,1288
2017-10-01,50,Ensemble,1449.0,118550.0,1199
2018-01-01,50,Ensemble,1402.0,120000.0,1101
2018-04-01,50,Ensemble,1419.0,115000.0,1146
2018-07-01,50,Ensemble,1496.0,126000.0,1000
2018-10-01,50,Ensemble,1517.0,122000.0,1105
2019-01-01,50,Ensemble,1458.0,123000.0,1196
2019-04-01,50,Ensemble,1474.0,119000.0,1316
2019-07-01,50,Ensemble,1500.0,128000.0,1496
2019-10-01,50,Ensemble,1517.0,120000.0,1519
2020-01-01,50,Ensemble,1555.0,127800.0,1209
2020-04-01,50,Ensemble,1586.0,135000.0,1192
2020-07-01,50,Ensemble,1621.0,136500.0,1533
2020-10-01,50,Ensemble,1611.0,131000.0,1850
2014-01-01,50,Maison,1366.0,117000.0,801
2014-04-01,50,Maison,1322.0,113250.0,630
2014-07-01,50,Maison,1393.0,125000.0,905
2014-10-01,50,Maison,1346.0,110500.0,759
2015-01-01,50,Maison,1374.0,120000.0,718
2015-04-01,50,Maison,1316.0,115000.0,849
2015-07-01,50,Maison,1388.0,125000.0,966
2015-10-01,50,Maison,1367.0,120000.0,935
2016-01-01,50,Maison,1349.0,115000.0,658
2016-04-01,50,Maison,1310.0,120000.0,885
2016-07-01,50,Maison,1420.0,126200.0,1048
2016-10-01,50,Maison,1364.0,122000.0,987
2017-01-01,50,Maison,1398.0,123000.0,961
2017-04-01,50,Maison,1343.0,122000.0,1079
2017-07-01,50,Maison,1471.0,130000.0,1113
2017-10-01,50,Maison,1445.0,127500.0,999
2018-01-01,50,Maison,1393.0,127000.0,925
2018-04-01,50,Maison,1403.0,125000.0,958
2018-07-01,50,Maison,1512.0,135000.0,850
2018-10-01,50,Maison,1518.0,130000.0,918
2019-01-01,50,Maison,1442.0,130000.0,979
2019-04-01,50,Maison,1473.0,130000.0,1064
2019-07-01,50,Maison,1476.0,133750.0,1254
2019-10-01,50,Maison,1494.0,130000.0,1235
2020-01-01,50,Maison,1508.0,140000.0,964
2020-04-01,50,Maison,1575.0,143032.0,970
2020-07-01,50,Maison,1622.0,146000.0,1285
2020-10-01,50,Maison,1573.0,142000.0,1577
2014-01-01,51,Appartement,1836.0,98000.0,355
2014-04-01,51,Appartement,1812.0,100500.0,434
2014-07-01,51,Appartement,1875.0,99571.0,443
2014-10-01,51,Appartement,1779.0,99500.0,397
2015-01-01,51,Appartement,1682.0,95000.0,336
2015-04-01,51,Appartement,1774.0,99500.0,456
2015-07-01,51,Appartement,1763.0,97250.0,522
2015-10-01,51,Appartement,1832.0,105500.0,476
2016-01-01,51,Appartement,1846.0,98250.0,412
2016-04-01,51,Appartement,1816.0,105000.0,494
2016-07-01,51,Appartement,1833.0,94200.0,559
2016-10-01,51,Appartement,1796.0,100400.0,533
2017-01-01,51,Appartement,1821.0,99000.0,545
2017-04-01,51,Appartement,1788.0,95000.0,592
2017-07-01,51,Appartement,1844.0,102100.0,586
2017-10-01,51,Appartement,1956.0,103350.0,592
2018-01-01,51,Appartement,1836.0,101015.0,524
2018-04-01,51,Appartement,1833.0,100280.0,523
2018-07-01,51,Appartement,1944.0,100000.0,631
2018-10-01,51,Appartement,1833.0,100000.0,541
2019-01-01,51,Appartement,1837.0,102500.0,594
2019-04-01,51,Appartement,1914.0,102500.0,681
2019-07-01,51,Appartement,1952.0,105000.0,762
2019-10-01,51,Appartement,1885.0,100000.0,688
2020-01-01,51,Appartement,2016.0,105000.0,588
2020-04-01,51,Appartement,2025.0,115000.0,631
2020-07-01,51,Appartement,2017.0,107000.0,675
2020-10-01,51,Appartement,2085.0,110400.0,839
2014-01-01,51,Ensemble,1723.0,129500.0,910
2014-04-01,51,Ensemble,1710.0,130550.0,1076
2014-07-01,51,Ensemble,1751.0,140250.0,1206
2014-10-01,51,Ensemble,1687.0,130000.0,1080
2015-01-01,51,Ensemble,1607.0,129000.0,933
2015-04-01,51,Ensemble,1680.0,130000.0,1168
2015-07-01,51,Ensemble,1680.0,135000.0,1484
2015-10-01,51,Ensemble,1682.0,132650.0,1322
2016-01-01,51,Ensemble,1679.0,130000.0,1102
2016-04-01,51,Ensemble,1667.0,131000.0,1246
2016-07-01,51,Ensemble,1748.0,143000.0,1515
2016-10-01,51,Ensemble,1680.0,131565.0,1366
2017-01-01,51,Ensemble,1687.0,130000.0,1340
2017-04-01,51,Ensemble,1694.0,135100.0,1533
2017-07-01,51,Ensemble,1778.0,137500.0,1505
2017-10-01,51,Ensemble,1768.0,133000.0,1445
2018-01-01,51,Ensemble,1744.0,130000.0,1233
2018-04-01,51,Ensemble,1731.0,135820.0,1358
2018-07-01,51,Ensemble,1820.0,143500.0,1706
2018-10-01,51,Ensemble,1750.0,137000.0,1383
2019-01-01,51,Ensemble,1734.0,133000.0,1428
2019-04-01,51,Ensemble,1750.0,132000.0,1601
2019-07-01,51,Ensemble,1855.0,145000.0,1892
2019-10-01,51,Ensemble,1797.0,137000.0,1636
2020-01-01,51,Ensemble,1844.0,145000.0,1348
2020-04-01,51,Ensemble,1874.0,146000.0,1472
2020-07-01,51,Ensemble,1867.0,145500.0,1697
2020-10-01,51,Ensemble,1895.0,140000.0,2043
2014-01-01,51,Maison,1604.0,151725.0,555
2014-04-01,51,Maison,1634.0,150000.0,642
2014-07-01,51,Maison,1688.0,165000.0,763
2014-10-01,51,Maison,1641.0,155000.0,683
2015-01-01,51,Maison,1538.0,146000.0,597
2015-04-01,51,Maison,1612.0,156000.0,712
2015-07-01,51,Maison,1637.0,157750.0,962
2015-10-01,51,Maison,1588.0,150000.0,846
2016-01-01,51,Maison,1589.0,153500.0,690
2016-04-01,51,Maison,1565.0,152550.0,752
2016-07-01,51,Maison,1710.0,165000.0,956
2016-10-01,51,Maison,1591.0,157000.0,833
2017-01-01,51,Maison,1593.0,155000.0,795
2017-04-01,51,Maison,1627.0,161000.0,941
2017-07-01,51,Maison,1721.0,163000.0,919
2017-10-01,51,Maison,1623.0,159000.0,853
2018-01-01,51,Maison,1667.0,160000.0,709
2018-04-01,51,Maison,1681.0,160000.0,835
2018-07-01,51,Maison,1757.0,170000.0,1075
2018-10-01,51,Maison,1696.0,160750.0,842
2019-01-01,51,Maison,1658.0,160000.0,834
2019-04-01,51,Maison,1602.0,154750.0,920
2019-07-01,51,Maison,1775.0,175000.0,1130
2019-10-01,51,Maison,1710.0,169000.0,948
2020-01-01,51,Maison,1740.0,175000.0,760
2020-04-01,51,Maison,1753.0,170960.0,841
2020-07-01,51,Maison,1753.0,178300.0,1022
2020-10-01,51,Maison,1740.0,170000.0,1204
2017-04-01,52,Appartement,941.0,55000.0,56
2017-10-01,52,Appartement,980.0,71250.0,56
2019-01-01,52,Appartement,995.0,57900.0,54
2019-04-01,52,Appartement,994.0,67500.0,54
2019-07-01,52,Appartement,925.0,71000.0,58
2020-07-01,52,Appartement,985.0,71550.0,51
2014-01-01,52,Ensemble,833.0,68500.0,269
2014-04-01,52,Ensemble,889.0,75000.0,293
2014-07-01,52,Ensemble,1000.0,87000.0,377
2014-10-01,52,Ensemble,836.0,70000.0,328
2015-01-01,52,Ensemble,858.0,76300.0,295
2015-04-01,52,Ensemble,883.0,75000.0,336
2015-07-01,52,Ensemble,839.0,80000.0,409
2015-10-01,52,Ensemble,870.0,75000.0,411
2016-01-01,52,Ensemble,836.0,73625.0,310
2016-04-01,52,Ensemble,814.0,75000.0,353
2016-07-01,52,Ensemble,869.0,75000.0,408
2016-10-01,52,Ensemble,831.0,70000.0,425
2017-01-01,52,Ensemble,836.0,70000.0,383
2017-04-01,52,Ensemble,854.0,72000.0,414
2017-07-01,52,Ensemble,864.0,80000.0,423
2017-10-01,52,Ensemble,860.0,73000.0,456
2018-01-01,52,Ensemble,847.0,72000.0,404
2018-04-01,52,Ensemble,919.0,75050.0,356
2018-07-01,52,Ensemble,987.0,89750.0,438
2018-10-01,52,Ensemble,861.0,73350.0,446
2019-01-01,52,Ensemble,896.0,76000.0,408
2019-04-01,52,Ensemble,815.0,70000.0,445
2019-07-01,52,Ensemble,933.0,82000.0,524
2019-10-01,52,Ensemble,824.0,75000.0,464
2020-01-01,52,Ensemble,863.0,75000.0,337
2020-04-01,52,Ensemble,783.0,75000.0,353
2020-07-01,52,Ensemble,872.0,78000.0,455
2020-10-01,52,Ensemble,809.0,73500.0,587
2014-01-01,52,Maison,823.0,68500.0,241
2014-04-01,52,Maison,877.0,75000.0,262
2014-07-01,52,Maison,942.0,90000.0,335
2014-10-01,52,Maison,788.0,70000.0,287
2015-01-01,52,Maison,818.0,80000.0,260
2015-04-01,52,Maison,847.0,76338.0,290
2015-07-01,52,Maison,818.0,80000.0,384
2015-10-01,52,Maison,857.0,80000.0,371
2016-01-01,52,Maison,808.0,75000.0,276
2016-04-01,52,Maison,754.0,75202.0,314
2016-07-01,52,Maison,833.0,78000.0,365
2016-10-01,52,Maison,795.0,72000.0,378
2017-01-01,52,Maison,789.0,70000.0,340
2017-04-01,52,Maison,825.0,80000.0,358
2017-07-01,52,Maison,833.0,84202.0,389
2017-10-01,52,Maison,820.0,74000.0,400
2018-01-01,52,Maison,826.0,73000.0,358
2018-04-01,52,Maison,857.0,76500.0,310
2018-07-01,52,Maison,994.0,93000.0,392
2018-10-01,52,Maison,804.0,73000.0,401
2019-01-01,52,Maison,850.0,80000.0,354
2019-04-01,52,Maison,765.0,70000.0,391
2019-07-01,52,Maison,934.0,86000.0,466
2019-10-01,52,Maison,781.0,75000.0,418
2020-01-01,52,Maison,808.0,77000.0,291
2020-04-01,52,Maison,747.0,75000.0,309
2020-07-01,52,Maison,836.0,80000.0,404
2020-10-01,52,Maison,780.0,74260.0,542
2014-01-01,53,Appartement,1039.0,60000.0,89
2014-04-01,53,Appartement,1159.0,69000.0,99
2014-07-01,53,Appartement,1190.0,65000.0,69
2014-10-01,53,Appartement,1285.0,64000.0,62
2015-01-01,53,Appartement,1140.0,55000.0,97
2015-04-01,53,Appartement,1067.0,60000.0,100
2015-07-01,53,Appartement,1116.0,61000.0,112
2015-10-01,53,Appartement,1245.0,67360.0,117
2016-01-01,53,Appartement,1209.0,66000.0,79
2016-04-01,53,Appartement,1147.0,63000.0,128
2016-07-01,53,Appartement,1240.0,67650.0,108
2016-10-01,53,Appartement,1117.0,60000.0,122
2017-01-01,53,Appartement,1210.0,61125.0,100
2017-04-01,53,Appartement,1260.0,70000.0,128
2017-07-01,53,Appartement,1266.0,72000.0,136
2017-10-01,53,Appartement,1234.0,65650.0,118
2018-01-01,53,Appartement,1227.0,73000.0,105
2018-04-01,53,Appartement,1200.0,65000.0,125
2018-07-01,53,Appartement,1339.0,64700.0,121
2018-10-01,53,Appartement,1291.0,69200.0,99
2019-01-01,53,Appartement,1408.0,73000.0,127
2019-04-01,53,Appartement,1485.0,76500.0,136
2019-07-01,53,Appartement,1339.0,70000.0,165
2019-10-01,53,Appartement,1430.0,80000.0,139
2020-01-01,53,Appartement,1354.0,76125.0,92
2020-04-01,53,Appartement,1508.0,83000.0,135
2020-07-01,53,Appartement,1561.0,81600.0,122
2020-10-01,53,Appartement,1507.0,90000.0,130
2014-01-01,53,Ensemble,1131.0,90000.0,534
2014-04-01,53,Ensemble,1159.0,90000.0,622
2014-07-01,53,Ensemble,1186.0,103000.0,674
2014-10-01,53,Ensemble,1193.0,100000.0,645
2015-01-01,53,Ensemble,1115.0,88000.0,597
2015-04-01,53,Ensemble,1139.0,92000.0,678
2015-07-01,53,Ensemble,1145.0,100000.0,831
2015-10-01,53,Ensemble,1143.0,95000.0,881
2016-01-01,53,Ensemble,1125.0,90400.0,519
2016-04-01,53,Ensemble,1125.0,90000.0,722
2016-07-01,53,Ensemble,1173.0,101300.0,783
2016-10-01,53,Ensemble,1137.0,90000.0,787
2017-01-01,53,Ensemble,1200.0,100000.0,771
2017-04-01,53,Ensemble,1175.0,95045.0,792
2017-07-01,53,Ensemble,1186.0,100000.0,899
2017-10-01,53,Ensemble,1189.0,100000.0,785
2018-01-01,53,Ensemble,1185.0,100000.0,726
2018-04-01,53,Ensemble,1204.0,93124.0,794
2018-07-01,53,Ensemble,1243.0,110500.0,900
2018-10-01,53,Ensemble,1167.0,100000.0,845
2019-01-01,53,Ensemble,1204.0,97000.0,789
2019-04-01,53,Ensemble,1205.0,95000.0,871
2019-07-01,53,Ensemble,1270.0,102000.0,1025
2019-10-01,53,Ensemble,1228.0,97310.0,1008
2020-01-01,53,Ensemble,1220.0,104000.0,773
2020-04-01,53,Ensemble,1250.0,105000.0,859
2020-07-01,53,Ensemble,1272.0,109500.0,1055
2020-10-01,53,Ensemble,1217.0,105000.0,1216
2014-01-01,53,Maison,1169.0,96000.0,445
2014-04-01,53,Maison,1159.0,100000.0,523
2014-07-01,53,Maison,1185.0,110000.0,605
2014-10-01,53,Maison,1165.0,100000.0,583
2015-01-01,53,Maison,1104.0,95000.0,500
2015-04-01,53,Maison,1156.0,100500.0,578
2015-07-01,53,Maison,1162.0,109000.0,719
2015-10-01,53,Maison,1126.0,98886.0,764
2016-01-01,53,Maison,1111.0,100000.0,440
2016-04-01,53,Maison,1118.0,95000.0,594
2016-07-01,53,Maison,1163.0,110000.0,675
2016-10-01,53,Maison,1139.0,100000.0,665
2017-01-01,53,Maison,1197.0,105000.0,671
2017-04-01,53,Maison,1156.0,105000.0,664
2017-07-01,53,Maison,1163.0,107900.0,763
2017-10-01,53,Maison,1182.0,108000.0,667
2018-01-01,53,Maison,1169.0,108000.0,621
2018-04-01,53,Maison,1205.0,105000.0,669
2018-07-01,53,Maison,1224.0,120000.0,779
2018-10-01,53,Maison,1146.0,107420.0,746
2019-01-01,53,Maison,1167.0,104000.0,662
2019-04-01,53,Maison,1167.0,100000.0,735
2019-07-01,53,Maison,1259.0,113058.0,860
2019-10-01,53,Maison,1179.0,105000.0,869
2020-01-01,53,Maison,1187.0,109000.0,681
2020-04-01,53,Maison,1190.0,115000.0,724
2020-07-01,53,Maison,1236.0,115000.0,933
2020-10-01,53,Maison,1174.0,108750.0,1086
2014-01-01,54,Appartement,1593.0,86000.0,621
2014-04-01,54,Appartement,1552.0,88000.0,617
2014-07-01,54,Appartement,1581.0,83000.0,683
2014-10-01,54,Appartement,1500.0,88000.0,609
2015-01-01,54,Appartement,1429.0,83000.0,555
2015-04-01,54,Appartement,1497.0,87000.0,733
2015-07-01,54,Appartement,1570.0,84000.0,836
2015-10-01,54,Appartement,1567.0,88500.0,709
2016-01-01,54,Appartement,1448.0,86900.0,565
2016-04-01,54,Appartement,1457.0,85250.0,752
2016-07-01,54,Appartement,1515.0,83360.0,890
2016-10-01,54,Appartement,1568.0,87000.0,720
2017-01-01,54,Appartement,1554.0,87000.0,814
2017-04-01,54,Appartement,1550.0,85000.0,857
2017-07-01,54,Appartement,1610.0,88000.0,927
2017-10-01,54,Appartement,1600.0,85850.0,783
2018-01-01,54,Appartement,1600.0,89000.0,707
2018-04-01,54,Appartement,1521.0,89000.0,833
2018-07-01,54,Appartement,1629.0,92600.0,907
2018-10-01,54,Appartement,1575.0,89000.0,520
2019-01-01,54,Appartement,1529.0,91000.0,786
2019-04-01,54,Appartement,1624.0,92000.0,898
2019-07-01,54,Appartement,1660.0,88500.0,1171
2019-10-01,54,Appartement,1642.0,91086.0,1028
2020-01-01,54,Appartement,1650.0,95725.0,802
2020-04-01,54,Appartement,1656.0,98625.0,914
2020-07-01,54,Appartement,1714.0,94750.0,1098
2020-10-01,54,Appartement,1727.0,96275.0,1158
2014-01-01,54,Ensemble,1531.0,112000.0,1431
2014-04-01,54,Ensemble,1464.0,110000.0,1444
2014-07-01,54,Ensemble,1530.0,120000.0,1708
2014-10-01,54,Ensemble,1447.0,110075.0,1540
2015-01-01,54,Ensemble,1402.0,109000.0,1300
2015-04-01,54,Ensemble,1460.0,114000.0,1716
2015-07-01,54,Ensemble,1509.0,116000.0,2076
2015-10-01,54,Ensemble,1487.0,117475.0,1838
2016-01-01,54,Ensemble,1419.0,113000.0,1473
2016-04-01,54,Ensemble,1436.0,110000.0,1797
2016-07-01,54,Ensemble,1509.0,118000.0,2202
2016-10-01,54,Ensemble,1481.0,117000.0,1842
2017-01-01,54,Ensemble,1515.0,115000.0,1851
2017-04-01,54,Ensemble,1522.0,116438.0,2054
2017-07-01,54,Ensemble,1561.0,122650.0,2295
2017-10-01,54,Ensemble,1566.0,120000.0,1965
2018-01-01,54,Ensemble,1546.0,116000.0,1695
2018-04-01,54,Ensemble,1505.0,116575.0,1926
2018-07-01,54,Ensemble,1600.0,124000.0,2314
2018-10-01,54,Ensemble,1573.0,121000.0,1309
2019-01-01,54,Ensemble,1538.0,120000.0,1909
2019-04-01,54,Ensemble,1583.0,120000.0,2168
2019-07-01,54,Ensemble,1640.0,125000.0,2788
2019-10-01,54,Ensemble,1584.0,123000.0,2447
2020-01-01,54,Ensemble,1588.0,122500.0,1833
2020-04-01,54,Ensemble,1630.0,127000.0,2048
2020-07-01,54,Ensemble,1682.0,134000.0,2665
2020-10-01,54,Ensemble,1702.0,130000.0,2803
2014-01-01,54,Maison,1446.0,139800.0,810
2014-04-01,54,Maison,1394.0,130000.0,827
2014-07-01,54,Maison,1494.0,145000.0,1025
2014-10-01,54,Maison,1389.0,132600.0,931
2015-01-01,54,Maison,1376.0,130209.0,745
2015-04-01,54,Maison,1448.0,138000.0,983
2015-07-01,54,Maison,1475.0,141000.0,1240
2015-10-01,54,Maison,1436.0,135000.0,1129
2016-01-01,54,Maison,1390.0,131500.0,908
2016-04-01,54,Maison,1416.0,135000.0,1045
2016-07-01,54,Maison,1505.0,143000.0,1312
2016-10-01,54,Maison,1439.0,136800.0,1122
2017-01-01,54,Maison,1478.0,140000.0,1037
2017-04-01,54,Maison,1502.0,145000.0,1197
2017-07-01,54,Maison,1534.0,147000.0,1368
2017-10-01,54,Maison,1542.0,145000.0,1182
2018-01-01,54,Maison,1500.0,140000.0,988
2018-04-01,54,Maison,1486.0,142500.0,1093
2018-07-01,54,Maison,1580.0,150000.0,1407
2018-10-01,54,Maison,1568.0,146300.0,789
2019-01-01,54,Maison,1544.0,142000.0,1123
2019-04-01,54,Maison,1538.0,145000.0,1270
2019-07-01,54,Maison,1629.0,154200.0,1617
2019-10-01,54,Maison,1556.0,150000.0,1419
2020-01-01,54,Maison,1540.0,147500.0,1031
2020-04-01,54,Maison,1607.0,156150.0,1134
2020-07-01,54,Maison,1667.0,160500.0,1567
2020-10-01,54,Maison,1685.0,158000.0,1645
2014-01-01,55,Appartement,943.0,66500.0,50
2014-07-01,55,Appartement,932.0,64000.0,56
2017-01-01,55,Appartement,900.0,69000.0,52
2017-04-01,55,Appartement,1043.0,65000.0,62
2019-07-01,55,Appartement,886.0,67122.0,62
2020-01-01,55,Appartement,947.0,57500.0,61
2020-07-01,55,Appartement,959.0,64500.0,50
2020-10-01,55,Appartement,1068.0,63000.0,69
2014-01-01,55,Ensemble,857.0,75000.0,304
2014-04-01,55,Ensemble,907.0,88000.0,309
2014-07-01,55,Ensemble,904.0,83900.0,389
2014-10-01,55,Ensemble,823.0,75000.0,320
2015-01-01,55,Ensemble,875.0,74000.0,281
2015-04-01,55,Ensemble,857.0,85000.0,339
2015-07-01,55,Ensemble,879.0,83455.0,374
2015-10-01,55,Ensemble,832.0,84000.0,404
2016-01-01,55,Ensemble,875.0,76000.0,327
2016-04-01,55,Ensemble,840.0,79200.0,352
2016-07-01,55,Ensemble,900.0,90000.0,420
2016-10-01,55,Ensemble,780.0,82500.0,363
2017-01-01,55,Ensemble,828.0,77000.0,427
2017-04-01,55,Ensemble,909.0,83330.0,438
2017-07-01,55,Ensemble,920.0,89495.0,470
2017-10-01,55,Ensemble,891.0,87000.0,435
2018-01-01,55,Ensemble,886.0,80000.0,361
2018-04-01,55,Ensemble,893.0,85000.0,418
2018-07-01,55,Ensemble,895.0,93250.0,420
2019-01-01,55,Ensemble,833.0,80000.0,428
2019-04-01,55,Ensemble,832.0,77000.0,478
2019-07-01,55,Ensemble,903.0,92000.0,571
2019-10-01,55,Ensemble,813.0,75500.0,532
2020-01-01,55,Ensemble,876.0,77610.0,398
2020-04-01,55,Ensemble,902.0,90000.0,360
2020-07-01,55,Ensemble,940.0,90000.0,503
2020-10-01,55,Ensemble,935.0,89000.0,659
2014-01-01,55,Maison,822.0,80000.0,254
2014-04-01,55,Maison,881.0,90000.0,267
2014-07-01,55,Maison,900.0,86890.0,333
2014-10-01,55,Maison,764.0,76000.0,285
2015-01-01,55,Maison,852.0,78000.0,245
2015-04-01,55,Maison,857.0,85000.0,307
2015-07-01,55,Maison,881.0,90000.0,330
2015-10-01,55,Maison,827.0,86500.0,372
2016-01-01,55,Maison,846.0,78000.0,289
2016-04-01,55,Maison,830.0,80800.0,307
2016-07-01,55,Maison,893.0,93203.0,385
2016-10-01,55,Maison,776.0,90000.0,318
2017-01-01,55,Maison,821.0,80000.0,375
2017-04-01,55,Maison,868.0,86075.0,376
2017-07-01,55,Maison,916.0,90400.0,424
2017-10-01,55,Maison,869.0,89500.0,392
2018-01-01,55,Maison,863.0,84750.0,318
2018-04-01,55,Maison,865.0,86000.0,377
2018-07-01,55,Maison,891.0,99000.0,383
2019-01-01,55,Maison,815.0,82000.0,384
2019-04-01,55,Maison,813.0,78000.0,433
2019-07-01,55,Maison,913.0,97000.0,509
2019-10-01,55,Maison,780.0,78500.0,485
2020-01-01,55,Maison,862.0,86000.0,337
2020-04-01,55,Maison,859.0,93751.0,312
2020-07-01,55,Maison,940.0,100000.0,453
2020-10-01,55,Maison,922.0,93000.0,590
2014-01-01,56,Appartement,2106.0,105000.0,376
2014-04-01,56,Appartement,2060.0,105000.0,400
2014-07-01,56,Appartement,2105.0,109000.0,433
2014-10-01,56,Appartement,2113.0,110000.0,418
2015-01-01,56,Appartement,1903.0,100000.0,396
2015-04-01,56,Appartement,1923.0,105000.0,471
2015-07-01,56,Appartement,1962.0,102250.0,594
2015-10-01,56,Appartement,1956.0,98750.0,605
2016-01-01,56,Appartement,2000.0,100000.0,555
2016-04-01,56,Appartement,2050.0,100438.0,594
2016-07-01,56,Appartement,1949.0,98000.0,688
2016-10-01,56,Appartement,2049.0,103500.0,677
2017-01-01,56,Appartement,2067.0,107000.0,670
2017-04-01,56,Appartement,2057.0,102328.0,780
2017-07-01,56,Appartement,2141.0,105500.0,750
2017-10-01,56,Appartement,2179.0,108095.0,739
2018-01-01,56,Appartement,2158.0,108150.0,690
2018-04-01,56,Appartement,2205.0,100500.0,364
2018-07-01,56,Appartement,2322.0,109500.0,366
2018-10-01,56,Appartement,2368.0,105000.0,234
2019-01-01,56,Appartement,2196.0,108452.0,784
2019-04-01,56,Appartement,2225.0,109500.0,933
2019-07-01,56,Appartement,2403.0,113500.0,937
2019-10-01,56,Appartement,2368.0,115000.0,924
2020-01-01,56,Appartement,2500.0,120000.0,795
2020-04-01,56,Appartement,2439.0,120000.0,775
2020-07-01,56,Appartement,2628.0,125000.0,702
2020-10-01,56,Appartement,2572.0,125000.0,1018
2014-01-01,56,Ensemble,1855.0,140000.0,1411
2014-04-01,56,Ensemble,1769.0,140250.0,1566
2014-07-01,56,Ensemble,1875.0,148000.0,1736
2014-10-01,56,Ensemble,1884.0,145000.0,1670
2015-01-01,56,Ensemble,1771.0,135000.0,1489
2015-04-01,56,Ensemble,1736.0,132900.0,1734
2015-07-01,56,Ensemble,1781.0,137250.0,2140
2015-10-01,56,Ensemble,1792.0,135000.0,2137
2016-01-01,56,Ensemble,1812.0,135000.0,1834
2016-04-01,56,Ensemble,1814.0,135000.0,1983
2016-07-01,56,Ensemble,1824.0,140000.0,2351
2016-10-01,56,Ensemble,1905.0,143000.0,2263
2017-01-01,56,Ensemble,1875.0,140000.0,2202
2017-04-01,56,Ensemble,1880.0,140000.0,2473
2017-07-01,56,Ensemble,1926.0,147000.0,2612
2017-10-01,56,Ensemble,1923.0,143000.0,2445
2018-01-01,56,Ensemble,1941.0,142000.0,2237
2018-04-01,56,Ensemble,1778.0,132000.0,1363
2018-07-01,56,Ensemble,1846.0,135000.0,1461
2018-10-01,56,Ensemble,1816.0,135000.0,913
2019-01-01,56,Ensemble,1967.0,144875.0,2454
2019-04-01,56,Ensemble,1992.0,150000.0,2799
2019-07-01,56,Ensemble,2057.0,156300.0,3143
2019-10-01,56,Ensemble,2081.0,150000.0,2968
2020-01-01,56,Ensemble,2120.0,153900.0,2529
2020-04-01,56,Ensemble,2140.0,155650.0,2393
2020-07-01,56,Ensemble,2182.0,168000.0,2534
2020-10-01,56,Ensemble,2215.0,163000.0,3491
2014-01-01,56,Maison,1740.0,157500.0,1035
2014-04-01,56,Maison,1688.0,158250.0,1166
2014-07-01,56,Maison,1815.0,166000.0,1303
2014-10-01,56,Maison,1775.0,160000.0,1252
2015-01-01,56,Maison,1707.0,153000.0,1093
2015-04-01,56,Maison,1665.0,150000.0,1263
2015-07-01,56,Maison,1704.0,160000.0,1546
2015-10-01,56,Maison,1715.0,155250.0,1532
2016-01-01,56,Maison,1702.0,160000.0,1279
2016-04-01,56,Maison,1692.0,160000.0,1389
2016-07-01,56,Maison,1750.0,166365.0,1663
2016-10-01,56,Maison,1826.0,165000.0,1586
2017-01-01,56,Maison,1765.0,163038.0,1532
2017-04-01,56,Maison,1796.0,169000.0,1693
2017-07-01,56,Maison,1859.0,175000.0,1862
2017-10-01,56,Maison,1789.0,166000.0,1706
2018-01-01,56,Maison,1831.0,170000.0,1547
2018-04-01,56,Maison,1580.0,150000.0,999
2018-07-01,56,Maison,1562.0,150000.0,1095
2018-10-01,56,Maison,1568.0,153000.0,679
2019-01-01,56,Maison,1848.0,172000.0,1670
2019-04-01,56,Maison,1868.0,179750.0,1866
2019-07-01,56,Maison,1944.0,181290.0,2206
2019-10-01,56,Maison,1948.0,177000.0,2044
2020-01-01,56,Maison,1943.0,180000.0,1734
2020-04-01,56,Maison,1987.0,184260.0,1618
2020-07-01,56,Maison,2035.0,196000.0,1832
2020-10-01,56,Maison,2072.0,192500.0,2473
2014-01-01,58,Appartement,941.0,51000.0,54
2014-04-01,58,Appartement,820.0,50500.0,78
2014-07-01,58,Appartement,916.0,57000.0,56
2014-10-01,58,Appartement,889.0,50000.0,63
2015-04-01,58,Appartement,794.0,48250.0,61
2015-07-01,58,Appartement,862.0,46250.0,66
2015-10-01,58,Appartement,797.0,44000.0,79
2016-01-01,58,Appartement,796.0,45000.0,79
2016-04-01,58,Appartement,762.0,47000.0,93
2016-07-01,58,Appartement,810.0,46000.0,86
2016-10-01,58,Appartement,800.0,43000.0,90
2017-01-01,58,Appartement,812.0,45000.0,71
2017-04-01,58,Appartement,816.0,45000.0,100
2017-07-01,58,Appartement,726.0,45000.0,85
2017-10-01,58,Appartement,829.0,48000.0,67
2018-01-01,58,Appartement,789.0,45000.0,79
2018-04-01,58,Appartement,758.0,44500.0,94
2018-07-01,58,Appartement,896.0,52000.0,81
2018-10-01,58,Appartement,824.0,46000.0,81
2019-01-01,58,Appartement,848.0,40000.0,79
2019-04-01,58,Appartement,759.0,45750.0,82
2019-07-01,58,Appartement,784.0,47500.0,118
2019-10-01,58,Appartement,761.0,41000.0,101
2020-01-01,58,Appartement,722.0,43000.0,86
2020-04-01,58,Appartement,933.0,42000.0,91
2020-07-01,58,Appartement,851.0,46500.0,103
2020-10-01,58,Appartement,784.0,45000.0,131
2014-01-01,58,Ensemble,911.0,70000.0,443
2014-04-01,58,Ensemble,938.0,67300.0,489
2014-07-01,58,Ensemble,933.0,70000.0,531
2014-10-01,58,Ensemble,891.0,67000.0,505
2015-01-01,58,Ensemble,822.0,65000.0,412
2015-04-01,58,Ensemble,912.0,70000.0,478
2015-07-01,58,Ensemble,880.0,66000.0,595
2015-10-01,58,Ensemble,853.0,70000.0,603
2016-01-01,58,Ensemble,856.0,62250.0,478
2016-04-01,58,Ensemble,869.0,65000.0,565
2016-07-01,58,Ensemble,877.0,66610.0,607
2016-10-01,58,Ensemble,862.0,67800.0,632
2017-01-01,58,Ensemble,857.0,67000.0,521
2017-04-01,58,Ensemble,872.0,66000.0,610
2017-07-01,58,Ensemble,904.0,68000.0,650
2017-10-01,58,Ensemble,865.0,66500.0,672
2018-01-01,58,Ensemble,816.0,60000.0,558
2018-04-01,58,Ensemble,882.0,70000.0,590
2018-07-01,58,Ensemble,932.0,72000.0,636
2018-10-01,58,Ensemble,856.0,67000.0,702
2019-01-01,58,Ensemble,837.0,64000.0,572
2019-04-01,58,Ensemble,833.0,65705.0,633
2019-07-01,58,Ensemble,824.0,63000.0,759
2019-10-01,58,Ensemble,868.0,65400.0,729
2020-01-01,58,Ensemble,863.0,68000.0,551
2020-04-01,58,Ensemble,900.0,68750.0,520
2020-07-01,58,Ensemble,871.0,63000.0,755
2020-10-01,58,Ensemble,877.0,70000.0,1012
2014-01-01,58,Maison,907.0,70000.0,389
2014-04-01,58,Maison,951.0,72000.0,411
2014-07-01,58,Maison,935.0,72000.0,475
2014-10-01,58,Maison,891.0,70000.0,442
2015-01-01,58,Maison,858.0,68000.0,363
2015-04-01,58,Maison,940.0,74000.0,417
2015-07-01,58,Maison,884.0,70000.0,529
2015-10-01,58,Maison,866.0,71000.0,524
2016-01-01,58,Maison,878.0,66000.0,399
2016-04-01,58,Maison,883.0,72000.0,472
2016-07-01,58,Maison,897.0,71000.0,521
2016-10-01,58,Maison,892.0,70000.0,542
2017-01-01,58,Maison,866.0,70000.0,450
2017-04-01,58,Maison,897.0,75000.0,510
2017-07-01,58,Maison,938.0,78800.0,565
2017-10-01,58,Maison,867.0,70000.0,605
2018-01-01,58,Maison,818.0,64200.0,479
2018-04-01,58,Maison,898.0,75000.0,496
2018-07-01,58,Maison,938.0,77000.0,555
2018-10-01,58,Maison,866.0,70000.0,621
2019-01-01,58,Maison,833.0,70000.0,493
2019-04-01,58,Maison,833.0,70000.0,551
2019-07-01,58,Maison,835.0,68000.0,641
2019-10-01,58,Maison,883.0,72000.0,628
2020-01-01,58,Maison,891.0,75000.0,465
2020-04-01,58,Maison,897.0,75000.0,429
2020-07-01,58,Maison,873.0,70000.0,652
2020-10-01,58,Maison,893.0,75000.0,881
2014-01-01,59,Appartement,2286.0,120000.0,1167
2014-04-01,59,Appartement,2291.0,122000.0,1095
2014-07-01,59,Appartement,2321.0,120000.0,1334
2014-10-01,59,Appartement,2261.0,120000.0,1175
2015-01-01,59,Appartement,2171.0,115000.0,1169
2015-04-01,59,Appartement,2208.0,120000.0,1354
2015-07-01,59,Appartement,2281.0,120000.0,1546
2015-10-01,59,Appartement,2256.0,120000.0,1484
2016-01-01,59,Appartement,2152.0,117900.0,1178
2016-04-01,59,Appartement,2184.0,116000.0,1415
2016-07-01,59,Appartement,2224.0,118000.0,1622
2016-10-01,59,Appartement,2217.0,120000.0,1483
2017-01-01,59,Appartement,2243.0,120000.0,1555
2017-04-01,59,Appartement,2283.0,127000.0,1664
2017-07-01,59,Appartement,2331.0,125750.0,1674
2017-10-01,59,Appartement,2291.0,123000.0,1564
2018-01-01,59,Appartement,2188.0,120000.0,1487
2018-04-01,59,Appartement,2286.0,125000.0,1591
2018-07-01,59,Appartement,2517.0,131950.0,1378
2018-10-01,59,Appartement,2626.0,131300.0,1059
2019-01-01,59,Appartement,2319.0,127500.0,1611
2019-04-01,59,Appartement,2291.0,122000.0,1869
2019-07-01,59,Appartement,2391.0,125995.0,2130
2019-10-01,59,Appartement,2400.0,125500.0,1973
2020-01-01,59,Appartement,2348.0,130000.0,1747
2020-04-01,59,Appartement,2414.0,135400.0,1856
2020-07-01,59,Appartement,2483.0,134850.0,1980
2020-10-01,59,Appartement,2553.0,135000.0,2434
2014-01-01,59,Ensemble,1741.0,136000.0,5223
2014-04-01,59,Ensemble,1726.0,138000.0,5122
2014-07-01,59,Ensemble,1774.0,140000.0,6205
2014-10-01,59,Ensemble,1690.0,134474.0,5384
2015-01-01,59,Ensemble,1692.0,135000.0,5182
2015-04-01,59,Ensemble,1704.0,135000.0,6098
2015-07-01,59,Ensemble,1807.0,143000.0,7141
2015-10-01,59,Ensemble,1729.0,138000.0,6439
2016-01-01,59,Ensemble,1704.0,135500.0,5423
2016-04-01,59,Ensemble,1699.0,135000.0,6418
2016-07-01,59,Ensemble,1761.0,142000.0,7601
2016-10-01,59,Ensemble,1742.0,138000.0,6595
2017-01-01,59,Ensemble,1761.0,140000.0,6794
2017-04-01,59,Ensemble,1750.0,141000.0,7315
2017-07-01,59,Ensemble,1833.0,150000.0,7676
2017-10-01,59,Ensemble,1760.0,140000.0,6822
2018-01-01,59,Ensemble,1758.0,140000.0,6303
2018-04-01,59,Ensemble,1825.0,144500.0,6077
2018-07-01,59,Ensemble,2074.0,160000.0,5156
2018-10-01,59,Ensemble,2063.0,154600.0,3661
2019-01-01,59,Ensemble,1778.0,143500.0,6833
2019-04-01,59,Ensemble,1783.0,140000.0,7521
2019-07-01,59,Ensemble,1883.0,150500.0,8962
2019-10-01,59,Ensemble,1829.0,144150.0,8032
2020-01-01,59,Ensemble,1835.0,148000.0,6830
2020-04-01,59,Ensemble,1897.0,151000.0,6971
2020-07-01,59,Ensemble,1950.0,155000.0,7943
2020-10-01,59,Ensemble,1935.0,151800.0,9264
2014-01-01,59,Maison,1607.0,141625.0,4056
2014-04-01,59,Maison,1596.0,142000.0,4027
2014-07-01,59,Maison,1655.0,147000.0,4871
2014-10-01,59,Maison,1576.0,139160.0,4209
2015-01-01,59,Maison,1600.0,140000.0,4013
2015-04-01,59,Maison,1589.0,140000.0,4744
2015-07-01,59,Maison,1703.0,151500.0,5595
2015-10-01,59,Maison,1604.0,144000.0,4955
2016-01-01,59,Maison,1613.0,142000.0,4245
2016-04-01,59,Maison,1590.0,141800.0,5003
2016-07-01,59,Maison,1655.0,150000.0,5979
2016-10-01,59,Maison,1628.0,145000.0,5112
2017-01-01,59,Maison,1656.0,148000.0,5239
2017-04-01,59,Maison,1618.0,147000.0,5651
2017-07-01,59,Maison,1737.0,155000.0,6002
2017-10-01,59,Maison,1646.0,146725.0,5258
2018-01-01,59,Maison,1652.0,148000.0,4816
2018-04-01,59,Maison,1687.0,151000.0,4486
2018-07-01,59,Maison,1939.0,170000.0,3778
2018-10-01,59,Maison,1894.0,163900.0,2602
2019-01-01,59,Maison,1643.0,149132.0,5222
2019-04-01,59,Maison,1646.0,148000.0,5652
2019-07-01,59,Maison,1758.0,160000.0,6832
2019-10-01,59,Maison,1695.0,150000.0,6059
2020-01-01,59,Maison,1701.0,154000.0,5083
2020-04-01,59,Maison,1761.0,157500.0,5115
2020-07-01,59,Maison,1815.0,163500.0,5963
2020-10-01,59,Maison,1783.0,158450.0,6830
2014-01-01,60,Appartement,2176.0,116500.0,414
2014-04-01,60,Appartement,2113.0,110000.0,384
2014-07-01,60,Appartement,2200.0,116000.0,379
2014-10-01,60,Appartement,2094.0,112000.0,340
2015-01-01,60,Appartement,2125.0,115000.0,381
2015-04-01,60,Appartement,2041.0,115000.0,430
2015-07-01,60,Appartement,2111.0,109000.0,440
2015-10-01,60,Appartement,2073.0,115000.0,432
2016-01-01,60,Appartement,2082.0,111000.0,391
2016-04-01,60,Appartement,2103.0,110000.0,449
2016-07-01,60,Appartement,2093.0,110000.0,507
2016-10-01,60,Appartement,2044.0,112400.0,496
2017-01-01,60,Appartement,2192.0,110000.0,462
2017-04-01,60,Appartement,2126.0,110000.0,512
2017-07-01,60,Appartement,2167.0,116000.0,553
2017-10-01,60,Appartement,2050.0,107000.0,426
2018-01-01,60,Appartement,2108.0,116810.0,457
2018-04-01,60,Appartement,2027.0,109000.0,493
2018-07-01,60,Appartement,2185.0,120000.0,433
2018-10-01,60,Appartement,2375.0,120000.0,358
2019-01-01,60,Appartement,2080.0,117500.0,495
2019-04-01,60,Appartement,2159.0,117000.0,565
2019-07-01,60,Appartement,2273.0,117000.0,626
2019-10-01,60,Appartement,2161.0,110000.0,656
2020-01-01,60,Appartement,2094.0,110000.0,552
2020-04-01,60,Appartement,2006.0,112000.0,540
2020-07-01,60,Appartement,2123.0,115000.0,614
2020-10-01,60,Appartement,2079.0,113000.0,749
2014-01-01,60,Ensemble,2000.0,158000.0,1550
2014-04-01,60,Ensemble,1941.0,155000.0,1557
2014-07-01,60,Ensemble,2012.0,164000.0,1862
2014-10-01,60,Ensemble,1932.0,154625.0,1470
2015-01-01,60,Ensemble,1971.0,155000.0,1481
2015-04-01,60,Ensemble,1933.0,156000.0,1763
2015-07-01,60,Ensemble,2011.0,169000.0,2178
2015-10-01,60,Ensemble,1944.0,159000.0,1909
2016-01-01,60,Ensemble,1993.0,156650.0,1616
2016-04-01,60,Ensemble,1944.0,154500.0,1834
2016-07-01,60,Ensemble,2000.0,166150.0,2308
2016-10-01,60,Ensemble,1954.0,160000.0,2020
2017-01-01,60,Ensemble,1981.0,163000.0,1977
2017-04-01,60,Ensemble,1990.0,159000.0,2090
2017-07-01,60,Ensemble,2020.0,170000.0,2520
2017-10-01,60,Ensemble,1961.0,162500.0,1985
2018-01-01,60,Ensemble,1960.0,160000.0,1838
2018-04-01,60,Ensemble,2000.0,161000.0,1972
2018-07-01,60,Ensemble,2074.0,176000.0,2045
2018-10-01,60,Ensemble,2198.0,169000.0,1229
2019-01-01,60,Ensemble,2000.0,162275.0,2000
2019-04-01,60,Ensemble,2049.0,165000.0,2087
2019-07-01,60,Ensemble,2117.0,172000.0,2718
2019-10-01,60,Ensemble,2058.0,161000.0,2453
2020-01-01,60,Ensemble,2051.0,165000.0,2002
2020-04-01,60,Ensemble,2063.0,165000.0,1895
2020-07-01,60,Ensemble,2117.0,176000.0,2580
2020-10-01,60,Ensemble,2111.0,170000.0,2948
2014-01-01,60,Maison,1949.0,170000.0,1136
2014-04-01,60,Maison,1906.0,170000.0,1173
2014-07-01,60,Maison,1977.0,175000.0,1483
2014-10-01,60,Maison,1900.0,167000.0,1130
2015-01-01,60,Maison,1894.0,165000.0,1100
2015-04-01,60,Maison,1899.0,170000.0,1333
2015-07-01,60,Maison,2000.0,180000.0,1738
2015-10-01,60,Maison,1928.0,170000.0,1477
2016-01-01,60,Maison,1973.0,170000.0,1225
2016-04-01,60,Maison,1912.0,165000.0,1385
2016-07-01,60,Maison,1980.0,180000.0,1801
2016-10-01,60,Maison,1931.0,173000.0,1524
2017-01-01,60,Maison,1951.0,177000.0,1515
2017-04-01,60,Maison,1968.0,173415.0,1578
2017-07-01,60,Maison,1986.0,180650.0,1967
2017-10-01,60,Maison,1942.0,177500.0,1559
2018-01-01,60,Maison,1922.0,170000.0,1381
2018-04-01,60,Maison,1988.0,177000.0,1479
2018-07-01,60,Maison,2053.0,190000.0,1612
2018-10-01,60,Maison,2143.0,187000.0,871
2019-01-01,60,Maison,1972.0,177000.0,1505
2019-04-01,60,Maison,2018.0,179000.0,1522
2019-07-01,60,Maison,2079.0,187000.0,2092
2019-10-01,60,Maison,2042.0,179500.0,1797
2020-01-01,60,Maison,2033.0,185000.0,1450
2020-04-01,60,Maison,2072.0,186000.0,1355
2020-07-01,60,Maison,2113.0,195000.0,1966
2020-10-01,60,Maison,2114.0,188800.0,2199
2014-01-01,61,Appartement,1076.0,55500.0,56
2014-07-01,61,Appartement,1062.0,60000.0,63
2014-10-01,61,Appartement,1018.0,50000.0,55
2015-01-01,61,Appartement,1185.0,51505.0,56
2015-04-01,61,Appartement,1033.0,48000.0,75
2015-07-01,61,Appartement,1046.0,61250.0,54
2015-10-01,61,Appartement,1040.0,51000.0,64
2016-04-01,61,Appartement,995.0,55000.0,75
2016-07-01,61,Appartement,1077.0,46500.0,78
2016-10-01,61,Appartement,1235.0,62000.0,71
2017-01-01,61,Appartement,1026.0,49500.0,69
2017-04-01,61,Appartement,1104.0,59000.0,78
2017-07-01,61,Appartement,1133.0,50000.0,87
2017-10-01,61,Appartement,1216.0,46500.0,68
2018-01-01,61,Appartement,952.0,48500.0,64
2018-04-01,61,Appartement,1000.0,51000.0,81
2018-07-01,61,Appartement,966.0,48500.0,65
2019-01-01,61,Appartement,972.0,50000.0,108
2019-04-01,61,Appartement,937.0,45500.0,80
2019-07-01,61,Appartement,970.0,52000.0,91
2019-10-01,61,Appartement,1061.0,55000.0,98
2020-01-01,61,Appartement,1257.0,52500.0,75
2020-04-01,61,Appartement,1143.0,55000.0,92
2020-07-01,61,Appartement,1072.0,50200.0,82
2020-10-01,61,Appartement,1081.0,54500.0,119
2014-01-01,61,Ensemble,1060.0,83500.0,426
2014-04-01,61,Ensemble,1069.0,85000.0,472
2014-07-01,61,Ensemble,1139.0,87800.0,521
2014-10-01,61,Ensemble,1051.0,83750.0,496
2015-01-01,61,Ensemble,1027.0,78000.0,393
2015-04-01,61,Ensemble,1026.0,83000.0,525
2015-07-01,61,Ensemble,1089.0,86100.0,511
2015-10-01,61,Ensemble,1050.0,80000.0,576
2016-01-01,61,Ensemble,1000.0,82000.0,448
2016-04-01,61,Ensemble,1000.0,83000.0,538
2016-07-01,61,Ensemble,1022.0,80000.0,565
2016-10-01,61,Ensemble,1045.0,81830.0,596
2017-01-01,61,Ensemble,1061.0,85740.0,542
2017-04-01,61,Ensemble,1038.0,80000.0,560
2017-07-01,61,Ensemble,1028.0,80000.0,646
2017-10-01,61,Ensemble,1025.0,82500.0,660
2018-01-01,61,Ensemble,1021.0,80000.0,567
2018-04-01,61,Ensemble,1042.0,80000.0,598
2018-07-01,61,Ensemble,1045.0,83000.0,627
2018-10-01,61,Ensemble,1073.0,82000.0,233
2019-01-01,61,Ensemble,1012.0,76000.0,631
2019-04-01,61,Ensemble,1021.0,80000.0,662
2019-07-01,61,Ensemble,1071.0,85000.0,765
2019-10-01,61,Ensemble,1017.0,80300.0,764
2020-01-01,61,Ensemble,1084.0,87000.0,615
2020-04-01,61,Ensemble,1090.0,84650.0,636
2020-07-01,61,Ensemble,1083.0,92000.0,791
2020-10-01,61,Ensemble,1099.0,90000.0,961
2014-01-01,61,Maison,1054.0,90000.0,370
2014-04-01,61,Maison,1023.0,90000.0,429
2014-07-01,61,Maison,1142.0,90000.0,458
2014-10-01,61,Maison,1059.0,87000.0,441
2015-01-01,61,Maison,991.0,85000.0,337
2015-04-01,61,Maison,1022.0,90000.0,450
2015-07-01,61,Maison,1090.0,90000.0,457
2015-10-01,61,Maison,1050.0,86000.0,512
2016-01-01,61,Maison,986.0,87000.0,401
2016-04-01,61,Maison,1007.0,87000.0,463
2016-07-01,61,Maison,1015.0,85000.0,487
2016-10-01,61,Maison,1024.0,86000.0,525
2017-01-01,61,Maison,1066.0,90000.0,473
2017-04-01,61,Maison,1024.0,87250.0,482
2017-07-01,61,Maison,1016.0,85000.0,559
2017-10-01,61,Maison,1003.0,87000.0,592
2018-01-01,61,Maison,1026.0,85000.0,503
2018-04-01,61,Maison,1044.0,89000.0,517
2018-07-01,61,Maison,1057.0,87622.0,562
2018-10-01,61,Maison,1022.0,85000.0,213
2019-01-01,61,Maison,1014.0,87000.0,523
2019-04-01,61,Maison,1042.0,85500.0,582
2019-07-01,61,Maison,1082.0,92325.0,674
2019-10-01,61,Maison,1013.0,85300.0,666
2020-01-01,61,Maison,1075.0,94370.0,540
2020-04-01,61,Maison,1084.0,95000.0,544
2020-07-01,61,Maison,1086.0,100000.0,709
2020-10-01,61,Maison,1100.0,95000.0,842
2014-01-01,62,Appartement,2000.0,105000.0,375
2014-04-01,62,Appartement,1953.0,104000.0,308
2014-07-01,62,Appartement,2243.0,107000.0,356
2014-10-01,62,Appartement,1932.0,107785.0,420
2015-01-01,62,Appartement,2067.0,105000.0,309
2015-04-01,62,Appartement,2049.0,104000.0,385
2015-07-01,62,Appartement,2071.0,96000.0,433
2015-10-01,62,Appartement,2172.0,108000.0,459
2016-01-01,62,Appartement,1869.0,100000.0,362
2016-04-01,62,Appartement,2033.0,100000.0,443
2016-07-01,62,Appartement,1923.0,95000.0,471
2016-10-01,62,Appartement,2077.0,110900.0,505
2017-01-01,62,Appartement,1904.0,99500.0,461
2017-04-01,62,Appartement,2107.0,102000.0,564
2017-07-01,62,Appartement,2080.0,103550.0,535
2017-10-01,62,Appartement,2024.0,99350.0,570
2018-01-01,62,Appartement,1974.0,100500.0,426
2018-04-01,62,Appartement,1923.0,95500.0,458
2018-07-01,62,Appartement,1804.0,89500.0,212
2018-10-01,62,Appartement,2000.0,111000.0,125
2019-01-01,62,Appartement,1996.0,99950.0,506
2019-04-01,62,Appartement,1973.0,100000.0,610
2019-07-01,62,Appartement,2000.0,100000.0,683
2019-10-01,62,Appartement,2110.0,105800.0,724
2020-01-01,62,Appartement,1969.0,100000.0,608
2020-04-01,62,Appartement,1971.0,100000.0,541
2020-07-01,62,Appartement,1908.0,97025.0,582
2020-10-01,62,Appartement,2234.0,107000.0,855
2014-01-01,62,Ensemble,1446.0,122000.0,2514
2014-04-01,62,Ensemble,1462.0,121400.0,2463
2014-07-01,62,Ensemble,1479.0,125000.0,2784
2014-10-01,62,Ensemble,1467.0,122500.0,2655
2015-01-01,62,Ensemble,1430.0,122000.0,2484
2015-04-01,62,Ensemble,1420.0,122500.0,2906
2015-07-01,62,Ensemble,1450.0,124000.0,3301
2015-10-01,62,Ensemble,1438.0,124000.0,3147
2016-01-01,62,Ensemble,1412.0,120000.0,2676
2016-04-01,62,Ensemble,1419.0,121000.0,3081
2016-07-01,62,Ensemble,1466.0,127000.0,3449
2016-10-01,62,Ensemble,1451.0,123000.0,3295
2017-01-01,62,Ensemble,1447.0,123500.0,3241
2017-04-01,62,Ensemble,1467.0,125000.0,3605
2017-07-01,62,Ensemble,1483.0,130000.0,3648
2017-10-01,62,Ensemble,1484.0,125000.0,3393
2018-01-01,62,Ensemble,1471.0,125000.0,3144
2018-04-01,62,Ensemble,1447.0,127000.0,3223
2018-07-01,62,Ensemble,1482.0,131000.0,1928
2018-10-01,62,Ensemble,1550.0,130700.0,692
2019-01-01,62,Ensemble,1481.0,126000.0,3377
2019-04-01,62,Ensemble,1486.0,125000.0,3787
2019-07-01,62,Ensemble,1522.0,129625.0,4386
2019-10-01,62,Ensemble,1542.0,130000.0,4106
2020-01-01,62,Ensemble,1514.0,127050.0,3487
2020-04-01,62,Ensemble,1541.0,131000.0,3378
2020-07-01,62,Ensemble,1547.0,132000.0,4015
2020-10-01,62,Ensemble,1583.0,133000.0,5124
2014-01-01,62,Maison,1386.0,125000.0,2139
2014-04-01,62,Maison,1412.0,125000.0,2155
2014-07-01,62,Maison,1430.0,128000.0,2428
2014-10-01,62,Maison,1397.0,126000.0,2235
2015-01-01,62,Maison,1391.0,125000.0,2175
2015-04-01,62,Maison,1377.0,125000.0,2521
2015-07-01,62,Maison,1410.0,126000.0,2868
2015-10-01,62,Maison,1386.0,125125.0,2688
2016-01-01,62,Maison,1360.0,120900.0,2314
2016-04-01,62,Maison,1369.0,125000.0,2638
2016-07-01,62,Maison,1422.0,130000.0,2978
2016-10-01,62,Maison,1393.0,125000.0,2790
2017-01-01,62,Maison,1404.0,127000.0,2780
2017-04-01,62,Maison,1402.0,128250.0,3041
2017-07-01,62,Maison,1433.0,132000.0,3113
2017-10-01,62,Maison,1419.0,130000.0,2823
2018-01-01,62,Maison,1429.0,128500.0,2718
2018-04-01,62,Maison,1402.0,130000.0,2765
2018-07-01,62,Maison,1451.0,135000.0,1716
2018-10-01,62,Maison,1446.0,134000.0,567
2019-01-01,62,Maison,1419.0,130000.0,2871
2019-04-01,62,Maison,1424.0,130000.0,3177
2019-07-01,62,Maison,1467.0,135000.0,3703
2019-10-01,62,Maison,1467.0,134850.0,3382
2020-01-01,62,Maison,1463.0,132000.0,2879
2020-04-01,62,Maison,1494.0,135800.0,2837
2020-07-01,62,Maison,1503.0,138000.0,3433
2020-10-01,62,Maison,1515.0,138000.0,4269
2014-01-01,63,Appartement,1672.0,95000.0,558
2014-04-01,63,Appartement,1660.0,88800.0,670
2014-07-01,63,Appartement,1696.0,90000.0,577
2014-10-01,63,Appartement,1647.0,85000.0,597
2015-01-01,63,Appartement,1636.0,91270.0,519
2015-04-01,63,Appartement,1628.0,92100.0,623
2015-07-01,63,Appartement,1667.0,90000.0,752
2015-10-01,63,Appartement,1719.0,90000.0,635
2016-01-01,63,Appartement,1652.0,84550.0,605
2016-04-01,63,Appartement,1622.0,87000.0,673
2016-07-01,63,Appartement,1660.0,88000.0,753
2016-10-01,63,Appartement,1681.0,89450.0,713
2017-01-01,63,Appartement,1679.0,87750.0,737
2017-04-01,63,Appartement,1693.0,92000.0,801
2017-07-01,63,Appartement,1738.0,88250.0,792
2017-10-01,63,Appartement,1785.0,91000.0,710
2018-01-01,63,Appartement,1697.0,90000.0,664
2018-04-01,63,Appartement,1756.0,93000.0,727
2018-07-01,63,Appartement,1730.0,88500.0,551
2018-10-01,63,Appartement,1748.0,95118.0,197
2019-01-01,63,Appartement,1696.0,90000.0,717
2019-04-01,63,Appartement,1698.0,94500.0,859
2019-07-01,63,Appartement,1816.0,97500.0,915
2019-10-01,63,Appartement,1820.0,94115.0,896
2020-01-01,63,Appartement,1789.0,100000.0,668
2020-04-01,63,Appartement,1799.0,99750.0,709
2020-07-01,63,Appartement,1898.0,102250.0,834
2020-10-01,63,Appartement,1910.0,101080.0,910
2014-01-01,63,Ensemble,1581.0,106500.0,1321
2014-04-01,63,Ensemble,1568.0,105500.0,1658
2014-07-01,63,Ensemble,1588.0,111200.0,1594
2014-10-01,63,Ensemble,1530.0,101125.0,1538
2015-01-01,63,Ensemble,1522.0,108675.0,1340
2015-04-01,63,Ensemble,1534.0,105000.0,1527
2015-07-01,63,Ensemble,1607.0,113000.0,1859
2015-10-01,63,Ensemble,1556.0,110000.0,1722
2016-01-01,63,Ensemble,1540.0,102600.0,1474
2016-04-01,63,Ensemble,1513.0,101900.0,1653
2016-07-01,63,Ensemble,1629.0,112000.0,1835
2016-10-01,63,Ensemble,1579.0,108000.0,1857
2017-01-01,63,Ensemble,1607.0,108200.0,1767
2017-04-01,63,Ensemble,1605.0,111000.0,1924
2017-07-01,63,Ensemble,1667.0,114132.0,1958
2017-10-01,63,Ensemble,1647.0,109400.0,1800
2018-01-01,63,Ensemble,1576.0,108900.0,1633
2018-04-01,63,Ensemble,1618.0,112235.0,1760
2018-07-01,63,Ensemble,1591.0,110000.0,1595
2018-10-01,63,Ensemble,1636.0,107800.0,486
2019-01-01,63,Ensemble,1650.0,110000.0,1710
2019-04-01,63,Ensemble,1628.0,115000.0,2063
2019-07-01,63,Ensemble,1740.0,120000.0,2281
2019-10-01,63,Ensemble,1670.0,110000.0,2145
2020-01-01,63,Ensemble,1674.0,114400.0,1637
2020-04-01,63,Ensemble,1720.0,120000.0,1725
2020-07-01,63,Ensemble,1754.0,119400.0,2129
2020-10-01,63,Ensemble,1727.0,116000.0,2453
2014-01-01,63,Maison,1418.0,123000.0,763
2014-04-01,63,Maison,1450.0,126530.0,988
2014-07-01,63,Maison,1464.0,133000.0,1017
2014-10-01,63,Maison,1376.0,117500.0,941
2015-01-01,63,Maison,1376.0,120300.0,821
2015-04-01,63,Maison,1423.0,125000.0,904
2015-07-01,63,Maison,1538.0,142000.0,1107
2015-10-01,63,Maison,1412.0,128500.0,1087
2016-01-01,63,Maison,1448.0,121500.0,869
2016-04-01,63,Maison,1364.0,120975.0,980
2016-07-01,63,Maison,1598.0,140350.0,1082
2016-10-01,63,Maison,1447.0,127000.0,1144
2017-01-01,63,Maison,1500.0,135025.0,1030
2017-04-01,63,Maison,1478.0,136990.0,1123
2017-07-01,63,Maison,1572.0,139310.0,1166
2017-10-01,63,Maison,1470.0,128115.0,1090
2018-01-01,63,Maison,1448.0,126000.0,969
2018-04-01,63,Maison,1517.0,136300.0,1033
2018-07-01,63,Maison,1462.0,131975.0,1044
2018-10-01,63,Maison,1508.0,130000.0,289
2019-01-01,63,Maison,1581.0,139450.0,993
2019-04-01,63,Maison,1530.0,140725.0,1204
2019-07-01,63,Maison,1649.0,149550.0,1366
2019-10-01,63,Maison,1507.0,132700.0,1249
2020-01-01,63,Maison,1500.0,133000.0,969
2020-04-01,63,Maison,1621.0,142800.0,1016
2020-07-01,63,Maison,1596.0,140000.0,1295
2020-10-01,63,Maison,1538.0,134000.0,1543
2014-01-01,64,Appartement,2432.0,133000.0,914
2014-04-01,64,Appartement,2286.0,130000.0,872
2014-07-01,64,Appartement,2325.0,129000.0,977
2014-10-01,64,Appartement,2370.0,130000.0,899
2015-01-01,64,Appartement,2327.0,125000.0,951
2015-04-01,64,Appartement,2221.0,125000.0,1171
2015-07-01,64,Appartement,2309.0,132750.0,1256
2015-10-01,64,Appartement,2324.0,131800.0,1246
2016-01-01,64,Appartement,2361.0,126300.0,1055
2016-04-01,64,Appartement,2414.0,136670.0,1220
2016-07-01,64,Appartement,2500.0,135000.0,1375
2016-10-01,64,Appartement,2490.0,136750.0,1476
2017-01-01,64,Appartement,2493.0,136000.0,1521
2017-04-01,64,Appartement,2625.0,140000.0,1587
2017-07-01,64,Appartement,2583.0,143500.0,1501
2017-10-01,64,Appartement,2694.0,150000.0,1384
2018-01-01,64,Appartement,2968.0,160500.0,1074
2018-04-01,64,Appartement,3399.0,178000.0,959
2018-07-01,64,Appartement,3483.0,180000.0,278
2019-01-01,64,Appartement,2715.0,146300.0,1453
2019-04-01,64,Appartement,2794.0,150000.0,1651
2019-07-01,64,Appartement,2727.0,148750.0,1711
2019-10-01,64,Appartement,2821.0,149500.0,1633
2020-01-01,64,Appartement,2794.0,153000.0,1397
2020-04-01,64,Appartement,2800.0,152250.0,1390
2020-07-01,64,Appartement,2692.0,150000.0,1529
2020-10-01,64,Appartement,2975.0,160000.0,1850
2014-01-01,64,Ensemble,2231.0,152000.0,1411
2014-04-01,64,Ensemble,2136.0,150085.0,1364
2014-07-01,64,Ensemble,2158.0,152000.0,1623
2014-10-01,64,Ensemble,2123.0,150000.0,1464
2015-01-01,64,Ensemble,2128.0,145000.0,1447
2015-04-01,64,Ensemble,2082.0,140000.0,1757
2015-07-01,64,Ensemble,2134.0,152950.0,2020
2015-10-01,64,Ensemble,2170.0,152000.0,1956
2016-01-01,64,Ensemble,2178.0,150905.0,1602
2016-04-01,64,Ensemble,2216.0,157000.0,1891
2016-07-01,64,Ensemble,2263.0,156000.0,2137
2016-10-01,64,Ensemble,2331.0,157300.0,2233
2017-01-01,64,Ensemble,2288.0,155000.0,2231
2017-04-01,64,Ensemble,2368.0,160000.0,2355
2017-07-01,64,Ensemble,2398.0,164000.0,2322
2017-10-01,64,Ensemble,2415.0,170000.0,2183
2018-01-01,64,Ensemble,2808.0,180000.0,1562
2018-04-01,64,Ensemble,3364.0,199750.0,1262
2018-07-01,64,Ensemble,3531.0,196856.0,350
2019-01-01,64,Ensemble,2385.0,167000.0,2247
2019-04-01,64,Ensemble,2458.0,165000.0,2479
2019-07-01,64,Ensemble,2358.0,172650.0,2730
2019-10-01,64,Ensemble,2384.0,169000.0,2571
2020-01-01,64,Ensemble,2422.0,170000.0,2141
2020-04-01,64,Ensemble,2450.0,173000.0,2128
2020-07-01,64,Ensemble,2373.0,177000.0,2426
2020-10-01,64,Ensemble,2475.0,185000.0,3023
2014-01-01,64,Maison,1955.0,197000.0,497
2014-04-01,64,Maison,1930.0,200000.0,492
2014-07-01,64,Maison,1942.0,197775.0,646
2014-10-01,64,Maison,1927.0,185000.0,565
2015-01-01,64,Maison,1842.0,185000.0,496
2015-04-01,64,Maison,1837.0,183800.0,586
2015-07-01,64,Maison,1900.0,198500.0,764
2015-10-01,64,Maison,1934.0,200000.0,710
2016-01-01,64,Maison,1866.0,201000.0,547
2016-04-01,64,Maison,1937.0,205000.0,671
2016-07-01,64,Maison,1948.0,205800.0,762
2016-10-01,64,Maison,2000.0,218000.0,757
2017-01-01,64,Maison,1971.0,199975.0,710
2017-04-01,64,Maison,2045.0,202200.0,768
2017-07-01,64,Maison,2000.0,212500.0,821
2017-10-01,64,Maison,2094.0,210000.0,799
2018-01-01,64,Maison,2242.0,263962.0,488
2018-04-01,64,Maison,3299.0,345000.0,303
2018-07-01,64,Maison,3675.0,402000.0,72
2019-01-01,64,Maison,2030.0,212400.0,794
2019-04-01,64,Maison,2003.0,207552.0,828
2019-07-01,64,Maison,2000.0,214940.0,1019
2019-10-01,64,Maison,1996.0,210980.0,938
2020-01-01,64,Maison,2027.0,212105.0,744
2020-04-01,64,Maison,2080.0,217500.0,738
2020-07-01,64,Maison,2120.0,220000.0,897
2020-10-01,64,Maison,2063.0,220000.0,1173
2014-01-01,65,Appartement,1333.0,66000.0,219
2014-04-01,65,Appartement,1368.0,70000.0,223
2014-07-01,65,Appartement,1357.0,71645.0,248
2014-10-01,65,Appartement,1404.0,66000.0,247
2015-01-01,65,Appartement,1384.0,67000.0,226
2015-04-01,65,Appartement,1363.0,75000.0,294
2015-07-01,65,Appartement,1459.0,70875.0,304
2015-10-01,65,Appartement,1500.0,63900.0,273
2016-01-01,65,Appartement,1320.0,65000.0,256
2016-04-01,65,Appartement,1326.0,65000.0,293
2016-07-01,65,Appartement,1364.0,67000.0,333
2016-10-01,65,Appartement,1538.0,73000.0,355
2017-01-01,65,Appartement,1404.0,67000.0,333
2017-04-01,65,Appartement,1396.0,66425.0,342
2017-07-01,65,Appartement,1434.0,70300.0,349
2017-10-01,65,Appartement,1482.0,66000.0,326
2018-01-01,65,Appartement,1366.0,66750.0,302
2018-04-01,65,Appartement,1476.0,66000.0,337
2018-07-01,65,Appartement,1429.0,64000.0,324
2018-10-01,65,Appartement,1429.0,60750.0,164
2019-01-01,65,Appartement,1470.0,68500.0,365
2019-04-01,65,Appartement,1369.0,67000.0,381
2019-07-01,65,Appartement,1457.0,65000.0,412
2019-10-01,65,Appartement,1559.0,68150.0,438
2020-01-01,65,Appartement,1405.0,65000.0,335
2020-04-01,65,Appartement,1417.0,72625.0,347
2020-07-01,65,Appartement,1338.0,67000.0,412
2020-10-01,65,Appartement,1485.0,67250.0,542
2014-01-01,65,Ensemble,1327.0,97500.0,498
2014-04-01,65,Ensemble,1420.0,105000.0,504
2014-07-01,65,Ensemble,1439.0,105000.0,579
2014-10-01,65,Ensemble,1387.0,95000.0,524
2015-01-01,65,Ensemble,1407.0,94314.0,513
2015-04-01,65,Ensemble,1353.0,99250.0,616
2015-07-01,65,Ensemble,1401.0,103000.0,697
2015-10-01,65,Ensemble,1420.0,100000.0,669
2016-01-01,65,Ensemble,1312.0,90000.0,536
2016-04-01,65,Ensemble,1394.0,100000.0,676
2016-07-01,65,Ensemble,1362.0,100000.0,753
2016-10-01,65,Ensemble,1411.0,99060.0,756
2017-01-01,65,Ensemble,1378.0,89975.0,686
2017-04-01,65,Ensemble,1376.0,100000.0,779
2017-07-01,65,Ensemble,1385.0,100000.0,789
2017-10-01,65,Ensemble,1416.0,103000.0,715
2018-01-01,65,Ensemble,1355.0,95000.0,674
2018-04-01,65,Ensemble,1441.0,100000.0,731
2018-07-01,65,Ensemble,1429.0,106250.0,788
2018-10-01,65,Ensemble,1454.0,99405.0,348
2019-01-01,65,Ensemble,1408.0,97000.0,769
2019-04-01,65,Ensemble,1383.0,101000.0,833
2019-07-01,65,Ensemble,1468.0,101090.0,927
2019-10-01,65,Ensemble,1462.0,95000.0,943
2020-01-01,65,Ensemble,1438.0,100000.0,751
2020-04-01,65,Ensemble,1450.0,105500.0,785
2020-07-01,65,Ensemble,1382.0,101550.0,892
2020-10-01,65,Ensemble,1495.0,103500.0,1169
2014-01-01,65,Maison,1321.0,127000.0,279
2014-04-01,65,Maison,1448.0,133250.0,281
2014-07-01,65,Maison,1463.0,135000.0,331
2014-10-01,65,Maison,1383.0,127000.0,277
2015-01-01,65,Maison,1418.0,127000.0,287
2015-04-01,65,Maison,1349.0,124900.0,322
2015-07-01,65,Maison,1381.0,130000.0,393
2015-10-01,65,Maison,1389.0,130000.0,396
2016-01-01,65,Maison,1295.0,123500.0,280
2016-04-01,65,Maison,1433.0,126960.0,383
2016-07-01,65,Maison,1359.0,130898.0,420
2016-10-01,65,Maison,1369.0,126000.0,401
2017-01-01,65,Maison,1350.0,120000.0,353
2017-04-01,65,Maison,1368.0,130000.0,437
2017-07-01,65,Maison,1314.0,131706.0,440
2017-10-01,65,Maison,1396.0,134500.0,389
2018-01-01,65,Maison,1345.0,125000.0,372
2018-04-01,65,Maison,1430.0,134500.0,394
2018-07-01,65,Maison,1424.0,140000.0,464
2018-10-01,65,Maison,1462.0,139612.0,184
2019-01-01,65,Maison,1353.0,138250.0,404
2019-04-01,65,Maison,1387.0,136128.0,452
2019-07-01,65,Maison,1477.0,142000.0,515
2019-10-01,65,Maison,1428.0,137000.0,505
2020-01-01,65,Maison,1460.0,135000.0,416
2020-04-01,65,Maison,1463.0,140500.0,438
2020-07-01,65,Maison,1415.0,145000.0,480
2020-10-01,65,Maison,1496.0,144700.0,627
2014-01-01,66,Appartement,1878.0,84000.0,651
2014-04-01,66,Appartement,1977.0,83800.0,607
2014-07-01,66,Appartement,1914.0,85000.0,682
2014-10-01,66,Appartement,1863.0,82150.0,654
2015-01-01,66,Appartement,1818.0,82000.0,600
2015-04-01,66,Appartement,1824.0,80000.0,757
2015-07-01,66,Appartement,1852.0,82250.0,730
2015-10-01,66,Appartement,1885.0,82400.0,743
2016-01-01,66,Appartement,1722.0,80000.0,669
2016-04-01,66,Appartement,1786.0,78000.0,891
2016-07-01,66,Appartement,1750.0,78676.0,831
2016-10-01,66,Appartement,1895.0,79742.0,894
2017-01-01,66,Appartement,1748.0,78000.0,920
2017-04-01,66,Appartement,1803.0,79750.0,954
2017-07-01,66,Appartement,1742.0,78000.0,918
2017-10-01,66,Appartement,1860.0,79000.0,981
2018-01-01,66,Appartement,1708.0,74500.0,604
2018-04-01,66,Appartement,1551.0,70000.0,206
2018-07-01,66,Appartement,1551.0,68500.0,158
2018-10-01,66,Appartement,1552.0,74265.0,84
2019-01-01,66,Appartement,1840.0,80000.0,952
2019-04-01,66,Appartement,1843.0,76045.0,1079
2019-07-01,66,Appartement,1750.0,75000.0,1059
2019-10-01,66,Appartement,1860.0,82250.0,1113
2020-01-01,66,Appartement,1810.0,80000.0,999
2020-04-01,66,Appartement,1852.0,81000.0,965
2020-07-01,66,Appartement,1846.0,80000.0,1046
2020-10-01,66,Appartement,1999.0,83723.0,1385
2014-01-01,66,Ensemble,1930.0,118150.0,1520
2014-04-01,66,Ensemble,1954.0,121000.0,1393
2014-07-01,66,Ensemble,1922.0,123000.0,1579
2014-10-01,66,Ensemble,1926.0,120000.0,1479
2015-01-01,66,Ensemble,1889.0,120000.0,1412
2015-04-01,66,Ensemble,1879.0,120000.0,1686
2015-07-01,66,Ensemble,1935.0,127000.0,1749
2015-10-01,66,Ensemble,1969.0,122585.0,1758
2016-01-01,66,Ensemble,1823.0,120000.0,1517
2016-04-01,66,Ensemble,1892.0,117600.0,1926
2016-07-01,66,Ensemble,1909.0,119000.0,1862
2016-10-01,66,Ensemble,1962.0,124000.0,1984
2017-01-01,66,Ensemble,1913.0,121000.0,2073
2017-04-01,66,Ensemble,1905.0,121000.0,2178
2017-07-01,66,Ensemble,1922.0,120000.0,2206
2017-10-01,66,Ensemble,1973.0,120000.0,2173
2018-01-01,66,Ensemble,1828.0,113000.0,1387
2018-04-01,66,Ensemble,1695.0,121840.0,701
2018-07-01,66,Ensemble,1792.0,125000.0,509
2018-10-01,66,Ensemble,1789.0,125000.0,203
2019-01-01,66,Ensemble,1929.0,120000.0,2216
2019-04-01,66,Ensemble,1933.0,120000.0,2509
2019-07-01,66,Ensemble,1932.0,123500.0,2539
2019-10-01,66,Ensemble,1951.0,120000.0,2594
2020-01-01,66,Ensemble,1971.0,118000.0,2202
2020-04-01,66,Ensemble,2000.0,126574.0,2146
2020-07-01,66,Ensemble,2015.0,130000.0,2464
2020-10-01,66,Ensemble,2097.0,128000.0,3209
2014-01-01,66,Maison,1975.0,157000.0,869
2014-04-01,66,Maison,1943.0,155000.0,786
2014-07-01,66,Maison,1934.0,162000.0,897
2014-10-01,66,Maison,1991.0,160000.0,825
2015-01-01,66,Maison,1922.0,154000.0,812
2015-04-01,66,Maison,1923.0,160000.0,929
2015-07-01,66,Maison,2000.0,164400.0,1019
2015-10-01,66,Maison,2000.0,158470.0,1015
2016-01-01,66,Maison,1873.0,158000.0,848
2016-04-01,66,Maison,1944.0,163750.0,1035
2016-07-01,66,Maison,2014.0,167000.0,1031
2016-10-01,66,Maison,2008.0,164250.0,1090
2017-01-01,66,Maison,2000.0,162000.0,1153
2017-04-01,66,Maison,1957.0,165000.0,1224
2017-07-01,66,Maison,2000.0,165000.0,1288
2017-10-01,66,Maison,2014.0,165875.0,1192
2018-01-01,66,Maison,1888.0,153520.0,783
2018-04-01,66,Maison,1770.0,150000.0,495
2018-07-01,66,Maison,1875.0,160000.0,351
2018-10-01,66,Maison,1896.0,161000.0,119
2019-01-01,66,Maison,1972.0,165495.0,1264
2019-04-01,66,Maison,1986.0,168000.0,1430
2019-07-01,66,Maison,2026.0,171550.0,1480
2019-10-01,66,Maison,2000.0,165000.0,1481
2020-01-01,66,Maison,2087.0,169000.0,1203
2020-04-01,66,Maison,2083.0,179000.0,1181
2020-07-01,66,Maison,2136.0,180000.0,1418
2020-10-01,66,Maison,2167.0,179750.0,1824
2014-01-01,69,Appartement,2739.0,163050.0,3378
2014-04-01,69,Appartement,2750.0,162000.0,2508
2014-07-01,69,Appartement,2857.0,165180.0,3568
2014-10-01,69,Appartement,2754.0,159000.0,2894
2015-01-01,69,Appartement,2730.0,160000.0,2873
2015-04-01,69,Appartement,2705.0,160000.0,3359
2015-07-01,69,Appartement,2819.0,170000.0,4125
2015-10-01,69,Appartement,2754.0,162138.0,3566
2016-01-01,69,Appartement,2700.0,160500.0,3145
2016-04-01,69,Appartement,2730.0,162050.0,3682
2016-07-01,69,Appartement,2903.0,169900.0,4381
2016-10-01,69,Appartement,2821.0,167000.0,3673
2017-01-01,69,Appartement,2830.0,165000.0,4063
2017-04-01,69,Appartement,2800.0,167000.0,4319
2017-07-01,69,Appartement,2996.0,177600.0,4439
2017-10-01,69,Appartement,2962.0,171400.0,3737
2018-01-01,69,Appartement,2598.0,160000.0,1374
2018-04-01,69,Appartement,2384.0,153000.0,552
2018-07-01,69,Appartement,3414.0,183825.0,306
2018-10-01,69,Appartement,3245.0,176121.0,349
2019-01-01,69,Appartement,3139.0,178965.0,4144
2019-04-01,69,Appartement,3219.0,182850.0,4562
2019-07-01,69,Appartement,3412.0,200000.0,5289
2019-10-01,69,Appartement,3411.0,190000.0,4543
2020-01-01,69,Appartement,3498.0,195000.0,3886
2020-04-01,69,Appartement,3581.0,206000.0,3885
2020-07-01,69,Appartement,3692.0,214000.0,4234
2020-10-01,69,Appartement,3725.0,213500.0,4902
2014-01-01,69,Ensemble,2713.0,180000.0,4420
2014-04-01,69,Ensemble,2743.0,180000.0,3279
2014-07-01,69,Ensemble,2834.0,186000.0,4848
2014-10-01,69,Ensemble,2718.0,175705.0,3850
2015-01-01,69,Ensemble,2713.0,178000.0,3771
2015-04-01,69,Ensemble,2698.0,175000.0,4360
2015-07-01,69,Ensemble,2797.0,191478.0,5576
2015-10-01,69,Ensemble,2714.0,180000.0,4788
2016-01-01,69,Ensemble,2684.0,179200.0,4133
2016-04-01,69,Ensemble,2727.0,177895.0,4730
2016-07-01,69,Ensemble,2873.0,194000.0,5868
2016-10-01,69,Ensemble,2804.0,186500.0,4945
2017-01-01,69,Ensemble,2812.0,184150.0,5332
2017-04-01,69,Ensemble,2815.0,185950.0,5648
2017-07-01,69,Ensemble,2975.0,207750.0,6128
2017-10-01,69,Ensemble,2925.0,193450.0,4976
2018-01-01,69,Ensemble,2632.0,185000.0,2125
2018-04-01,69,Ensemble,2488.0,183850.0,888
2018-07-01,69,Ensemble,3471.0,208010.0,370
2018-10-01,69,Ensemble,3250.0,206840.0,449
2019-01-01,69,Ensemble,3096.0,200000.0,5478
2019-04-01,69,Ensemble,3180.0,205000.0,5943
2019-07-01,69,Ensemble,3358.0,225250.0,7162
2019-10-01,69,Ensemble,3333.0,215000.0,6058
2020-01-01,69,Ensemble,3431.0,218900.0,5015
2020-04-01,69,Ensemble,3487.0,230000.0,5172
2020-07-01,69,Ensemble,3616.0,240000.0,5746
2020-10-01,69,Ensemble,3616.0,237900.0,6681
2014-01-01,69,Maison,2649.0,253750.0,1042
2014-04-01,69,Maison,2720.0,256440.0,771
2014-07-01,69,Maison,2778.0,273365.0,1280
2014-10-01,69,Maison,2616.0,257145.0,956
2015-01-01,69,Maison,2639.0,254350.0,898
2015-04-01,69,Maison,2671.0,261000.0,1001
2015-07-01,69,Maison,2759.0,270000.0,1451
2015-10-01,69,Maison,2610.0,256000.0,1222
2016-01-01,69,Maison,2632.0,255400.0,988
2016-04-01,69,Maison,2704.0,262370.0,1048
2016-07-01,69,Maison,2801.0,277800.0,1487
2016-10-01,69,Maison,2745.0,267595.0,1272
2017-01-01,69,Maison,2754.0,263000.0,1269
2017-04-01,69,Maison,2869.0,274000.0,1329
2017-07-01,69,Maison,2917.0,290000.0,1689
2017-10-01,69,Maison,2839.0,275000.0,1239
2018-01-01,69,Maison,2700.0,262600.0,751
2018-04-01,69,Maison,2675.0,265462.0,336
2018-07-01,69,Maison,3640.0,375500.0,64
2018-10-01,69,Maison,3322.0,313315.0,100
2019-01-01,69,Maison,2987.0,285000.0,1334
2019-04-01,69,Maison,3061.0,295000.0,1381
2019-07-01,69,Maison,3243.0,317710.0,1873
2019-10-01,69,Maison,3117.0,311700.0,1515
2020-01-01,69,Maison,3194.0,315000.0,1129
2020-04-01,69,Maison,3221.0,322200.0,1287
2020-07-01,69,Maison,3433.0,340000.0,1512
2020-10-01,69,Maison,3403.0,339000.0,1779
2014-01-01,70,Appartement,985.0,65500.0,70
2014-04-01,70,Appartement,871.0,64000.0,61
2014-07-01,70,Appartement,880.0,65000.0,63
2014-10-01,70,Appartement,948.0,55650.0,66
2015-01-01,70,Appartement,822.0,52000.0,52
2015-04-01,70,Appartement,831.0,58200.0,72
2015-07-01,70,Appartement,882.0,63200.0,85
2015-10-01,70,Appartement,893.0,54000.0,83
2016-01-01,70,Appartement,903.0,60850.0,71
2016-04-01,70,Appartement,870.0,63000.0,57
2016-07-01,70,Appartement,897.0,63000.0,59
2016-10-01,70,Appartement,861.0,61000.0,81
2017-01-01,70,Appartement,800.0,49190.0,83
2017-04-01,70,Appartement,906.0,62000.0,75
2017-07-01,70,Appartement,852.0,60000.0,79
2017-10-01,70,Appartement,844.0,54000.0,75
2018-01-01,70,Appartement,867.0,61250.0,94
2018-04-01,70,Appartement,939.0,60000.0,106
2018-07-01,70,Appartement,880.0,55700.0,72
2019-01-01,70,Appartement,871.0,62300.0,76
2019-04-01,70,Appartement,929.0,61000.0,111
2019-07-01,70,Appartement,944.0,64950.0,104
2019-10-01,70,Appartement,914.0,62000.0,99
2020-01-01,70,Appartement,884.0,52000.0,88
2020-04-01,70,Appartement,1016.0,64000.0,107
2020-07-01,70,Appartement,903.0,59000.0,92
2020-10-01,70,Appartement,951.0,64000.0,99
2014-01-01,70,Ensemble,912.0,82000.0,366
2014-04-01,70,Ensemble,963.0,90500.0,388
2014-07-01,70,Ensemble,971.0,99000.0,444
2014-10-01,70,Ensemble,962.0,83000.0,447
2015-01-01,70,Ensemble,955.0,87000.0,347
2015-04-01,70,Ensemble,938.0,86550.0,420
2015-07-01,70,Ensemble,979.0,90000.0,502
2015-10-01,70,Ensemble,957.0,82900.0,496
2016-01-01,70,Ensemble,896.0,80000.0,379
2016-04-01,70,Ensemble,909.0,88920.0,397
2016-07-01,70,Ensemble,952.0,93770.0,493
2016-10-01,70,Ensemble,945.0,89300.0,503
2017-01-01,70,Ensemble,916.0,84750.0,468
2017-04-01,70,Ensemble,931.0,86700.0,478
2017-07-01,70,Ensemble,988.0,97850.0,607
2017-10-01,70,Ensemble,918.0,85000.0,538
2018-01-01,70,Ensemble,900.0,83000.0,429
2018-04-01,70,Ensemble,969.0,83000.0,497
2018-07-01,70,Ensemble,975.0,93000.0,557
2018-10-01,70,Ensemble,984.0,90100.0,329
2019-01-01,70,Ensemble,884.0,84000.0,440
2019-04-01,70,Ensemble,965.0,85000.0,526
2019-07-01,70,Ensemble,985.0,93000.0,626
2019-10-01,70,Ensemble,952.0,86000.0,619
2020-01-01,70,Ensemble,889.0,75000.0,430
2020-04-01,70,Ensemble,995.0,88300.0,453
2020-07-01,70,Ensemble,964.0,96000.0,666
2020-10-01,70,Ensemble,963.0,92000.0,719
2014-01-01,70,Maison,894.0,88500.0,296
2014-04-01,70,Maison,991.0,100000.0,327
2014-07-01,70,Maison,992.0,105000.0,381
2014-10-01,70,Maison,964.0,92800.0,381
2015-01-01,70,Maison,1024.0,94910.0,295
2015-04-01,70,Maison,967.0,98750.0,348
2015-07-01,70,Maison,1000.0,100000.0,417
2015-10-01,70,Maison,967.0,92500.0,413
2016-01-01,70,Maison,894.0,88000.0,308
2016-04-01,70,Maison,923.0,92000.0,340
2016-07-01,70,Maison,974.0,100000.0,434
2016-10-01,70,Maison,975.0,100000.0,422
2017-01-01,70,Maison,947.0,92126.0,385
2017-04-01,70,Maison,933.0,96000.0,403
2017-07-01,70,Maison,1042.0,105000.0,528
2017-10-01,70,Maison,935.0,94000.0,463
2018-01-01,70,Maison,917.0,95000.0,335
2018-04-01,70,Maison,989.0,91000.0,391
2018-07-01,70,Maison,1005.0,101000.0,485
2018-10-01,70,Maison,988.0,100000.0,293
2019-01-01,70,Maison,888.0,90000.0,364
2019-04-01,70,Maison,992.0,97000.0,415
2019-07-01,70,Maison,1000.0,101500.0,522
2019-10-01,70,Maison,979.0,95000.0,520
2020-01-01,70,Maison,889.0,84670.0,342
2020-04-01,70,Maison,974.0,100000.0,346
2020-07-01,70,Maison,981.0,103450.0,574
2020-10-01,70,Maison,968.0,99500.0,620
2014-01-01,71,Appartement,1149.0,76000.0,233
2014-04-01,71,Appartement,1136.0,77250.0,242
2014-07-01,71,Appartement,1139.0,75000.0,255
2014-10-01,71,Appartement,1121.0,70500.0,262
2015-01-01,71,Appartement,1162.0,78500.0,239
2015-04-01,71,Appartement,1043.0,70000.0,290
2015-07-01,71,Appartement,1097.0,70000.0,273
2015-10-01,71,Appartement,1045.0,70000.0,270
2016-01-01,71,Appartement,1084.0,68000.0,238
2016-04-01,71,Appartement,1026.0,66000.0,290
2016-07-01,71,Appartement,1070.0,70000.0,301
2016-10-01,71,Appartement,1044.0,70000.0,280
2017-01-01,71,Appartement,1059.0,70000.0,310
2017-04-01,71,Appartement,1042.0,67300.0,324
2017-07-01,71,Appartement,1132.0,70000.0,331
2017-10-01,71,Appartement,1029.0,66000.0,343
2018-01-01,71,Appartement,1053.0,70700.0,297
2018-04-01,71,Appartement,1029.0,65000.0,321
2018-07-01,71,Appartement,968.0,60800.0,63
2019-01-01,71,Appartement,1038.0,65500.0,320
2019-04-01,71,Appartement,1074.0,72000.0,374
2019-07-01,71,Appartement,1078.0,69750.0,370
2019-10-01,71,Appartement,1084.0,66000.0,437
2020-01-01,71,Appartement,1067.0,70000.0,338
2020-04-01,71,Appartement,1086.0,71250.0,372
2020-07-01,71,Appartement,1127.0,71000.0,403
2020-10-01,71,Appartement,1124.0,68000.0,473
2014-01-01,71,Ensemble,1182.0,96138.0,850
2014-04-01,71,Ensemble,1167.0,97000.0,958
2014-07-01,71,Ensemble,1181.0,99000.0,1033
2014-10-01,71,Ensemble,1163.0,92500.0,1033
2015-01-01,71,Ensemble,1200.0,95250.0,921
2015-04-01,71,Ensemble,1147.0,98000.0,1089
2015-07-01,71,Ensemble,1192.0,100000.0,1213
2015-10-01,71,Ensemble,1131.0,100000.0,1126
2016-01-01,71,Ensemble,1107.0,92000.0,925
2016-04-01,71,Ensemble,1128.0,93000.0,1166
2016-07-01,71,Ensemble,1158.0,100000.0,1248
2016-10-01,71,Ensemble,1122.0,95000.0,1166
2017-01-01,71,Ensemble,1125.0,95000.0,1163
2017-04-01,71,Ensemble,1164.0,98000.0,1284
2017-07-01,71,Ensemble,1184.0,104000.0,1335
2017-10-01,71,Ensemble,1128.0,93000.0,1242
2018-01-01,71,Ensemble,1111.0,97000.0,1113
2018-04-01,71,Ensemble,1140.0,98000.0,1304
2018-07-01,71,Ensemble,1060.0,92000.0,466
2018-10-01,71,Ensemble,936.0,79000.0,289
2019-01-01,71,Ensemble,1123.0,91000.0,1230
2019-04-01,71,Ensemble,1177.0,97775.0,1325
2019-07-01,71,Ensemble,1219.0,104000.0,1572
2019-10-01,71,Ensemble,1157.0,98500.0,1563
2020-01-01,71,Ensemble,1130.0,95000.0,1228
2020-04-01,71,Ensemble,1167.0,102000.0,1324
2020-07-01,71,Ensemble,1202.0,103025.0,1528
2020-10-01,71,Ensemble,1258.0,105000.0,2023
2014-01-01,71,Maison,1192.0,105000.0,617
2014-04-01,71,Maison,1181.0,105250.0,716
2014-07-01,71,Maison,1205.0,110000.0,778
2014-10-01,71,Maison,1204.0,107000.0,771
2015-01-01,71,Maison,1209.0,104571.0,682
2015-04-01,71,Maison,1195.0,110000.0,799
2015-07-01,71,Maison,1224.0,112250.0,940
2015-10-01,71,Maison,1184.0,110000.0,856
2016-01-01,71,Maison,1126.0,100930.0,687
2016-04-01,71,Maison,1197.0,103000.0,876
2016-07-01,71,Maison,1181.0,110000.0,947
2016-10-01,71,Maison,1152.0,105000.0,886
2017-01-01,71,Maison,1150.0,105000.0,853
2017-04-01,71,Maison,1205.0,112000.0,960
2017-07-01,71,Maison,1216.0,116955.0,1004
2017-10-01,71,Maison,1162.0,108450.0,899
2018-01-01,71,Maison,1140.0,109000.0,816
2018-04-01,71,Maison,1197.0,112000.0,983
2018-07-01,71,Maison,1081.0,98000.0,403
2018-10-01,71,Maison,936.0,85000.0,253
2019-01-01,71,Maison,1148.0,104000.0,910
2019-04-01,71,Maison,1223.0,115000.0,951
2019-07-01,71,Maison,1265.0,116360.0,1202
2019-10-01,71,Maison,1200.0,116750.0,1126
2020-01-01,71,Maison,1158.0,112650.0,890
2020-04-01,71,Maison,1195.0,118000.0,952
2020-07-01,71,Maison,1247.0,125000.0,1125
2020-10-01,71,Maison,1310.0,120000.0,1550
2014-01-01,72,Appartement,1292.0,70500.0,212
2014-04-01,72,Appartement,1323.0,75000.0,192
2014-07-01,72,Appartement,1339.0,68000.0,222
2014-10-01,72,Appartement,1272.0,67000.0,185
2015-01-01,72,Appartement,1295.0,66000.0,223
2015-04-01,72,Appartement,1261.0,67300.0,257
2015-07-01,72,Appartement,1244.0,66000.0,255
2015-10-01,72,Appartement,1282.0,69000.0,257
2016-01-01,72,Appartement,1257.0,65000.0,228
2016-04-01,72,Appartement,1190.0,65000.0,244
2016-07-01,72,Appartement,1207.0,69000.0,261
2016-10-01,72,Appartement,1241.0,60000.0,240
2017-01-01,72,Appartement,1269.0,67000.0,300
2017-04-01,72,Appartement,1245.0,63000.0,339
2017-07-01,72,Appartement,1196.0,64000.0,309
2017-10-01,72,Appartement,1291.0,63750.0,268
2018-01-01,72,Appartement,1250.0,66000.0,289
2018-04-01,72,Appartement,1250.0,66000.0,303
2018-07-01,72,Appartement,1250.0,63000.0,307
2018-10-01,72,Appartement,1269.0,65000.0,197
2019-01-01,72,Appartement,1300.0,63000.0,331
2019-04-01,72,Appartement,1361.0,64000.0,343
2019-07-01,72,Appartement,1402.0,67888.0,376
2019-10-01,72,Appartement,1297.0,63250.0,372
2020-01-01,72,Appartement,1345.0,69000.0,354
2020-04-01,72,Appartement,1331.0,69000.0,340
2020-07-01,72,Appartement,1442.0,72000.0,345
2020-10-01,72,Appartement,1451.0,71000.0,378
2014-01-01,72,Ensemble,1333.0,104000.0,1000
2014-04-01,72,Ensemble,1330.0,108000.0,984
2014-07-01,72,Ensemble,1372.0,108000.0,1229
2014-10-01,72,Ensemble,1311.0,104500.0,990
2015-01-01,72,Ensemble,1312.0,100000.0,1048
2015-04-01,72,Ensemble,1296.0,100000.0,1175
2015-07-01,72,Ensemble,1333.0,110000.0,1402
2015-10-01,72,Ensemble,1302.0,102000.0,1243
2016-01-01,72,Ensemble,1333.0,102000.0,1079
2016-04-01,72,Ensemble,1273.0,100000.0,1238
2016-07-01,72,Ensemble,1339.0,112000.0,1455
2016-10-01,72,Ensemble,1329.0,104350.0,1280
2017-01-01,72,Ensemble,1308.0,101650.0,1329
2017-04-01,72,Ensemble,1294.0,103000.0,1487
2017-07-01,72,Ensemble,1323.0,110000.0,1556
2017-10-01,72,Ensemble,1300.0,104000.0,1402
2018-01-01,72,Ensemble,1282.0,95735.0,1304
2018-04-01,72,Ensemble,1292.0,104541.0,1435
2018-07-01,72,Ensemble,1347.0,110000.0,1564
2018-10-01,72,Ensemble,1293.0,100000.0,1083
2019-01-01,72,Ensemble,1338.0,105000.0,1409
2019-04-01,72,Ensemble,1325.0,105000.0,1528
2019-07-01,72,Ensemble,1422.0,112000.0,1804
2019-10-01,72,Ensemble,1331.0,105000.0,1673
2020-01-01,72,Ensemble,1351.0,105000.0,1384
2020-04-01,72,Ensemble,1366.0,108000.0,1429
2020-07-01,72,Ensemble,1400.0,117000.0,1808
2020-10-01,72,Ensemble,1359.0,108000.0,2087
2014-01-01,72,Maison,1350.0,112000.0,788
2014-04-01,72,Maison,1333.0,117250.0,792
2014-07-01,72,Maison,1386.0,120000.0,1007
2014-10-01,72,Maison,1327.0,112000.0,805
2015-01-01,72,Maison,1329.0,110900.0,825
2015-04-01,72,Maison,1311.0,113250.0,918
2015-07-01,72,Maison,1361.0,122000.0,1147
2015-10-01,72,Maison,1306.0,111000.0,986
2016-01-01,72,Maison,1353.0,115000.0,851
2016-04-01,72,Maison,1296.0,113150.0,994
2016-07-01,72,Maison,1375.0,120000.0,1194
2016-10-01,72,Maison,1351.0,120000.0,1040
2017-01-01,72,Maison,1332.0,114000.0,1029
2017-04-01,72,Maison,1316.0,118000.0,1148
2017-07-01,72,Maison,1378.0,123000.0,1247
2017-10-01,72,Maison,1305.0,115500.0,1134
2018-01-01,72,Maison,1292.0,110000.0,1015
2018-04-01,72,Maison,1317.0,118000.0,1132
2018-07-01,72,Maison,1387.0,121500.0,1257
2018-10-01,72,Maison,1299.0,110405.0,886
2019-01-01,72,Maison,1355.0,120000.0,1078
2019-04-01,72,Maison,1316.0,119000.0,1185
2019-07-01,72,Maison,1429.0,126950.0,1428
2019-10-01,72,Maison,1340.0,120000.0,1301
2020-01-01,72,Maison,1359.0,125000.0,1030
2020-04-01,72,Maison,1375.0,122000.0,1089
2020-07-01,72,Maison,1392.0,130000.0,1463
2020-10-01,72,Maison,1338.0,122000.0,1709
2014-01-01,73,Appartement,2514.0,123245.0,1016
2014-04-01,73,Appartement,2757.0,119050.0,888
2014-07-01,73,Appartement,2806.0,123350.0,1132
2014-10-01,73,Appartement,2795.0,120500.0,1073
2015-01-01,73,Appartement,2574.0,118000.0,764
2015-04-01,73,Appartement,2739.0,124292.0,1052
2015-07-01,73,Appartement,2718.0,123000.0,1198
2015-10-01,73,Appartement,2818.0,120000.0,1299
2016-01-01,73,Appartement,2537.0,123000.0,783
2016-04-01,73,Appartement,2698.0,125720.0,1129
2016-07-01,73,Appartement,2750.0,126830.0,1200
2016-10-01,73,Appartement,2846.0,122000.0,1406
2017-01-01,73,Appartement,2592.0,120000.0,1128
2017-04-01,73,Appartement,2716.0,134860.0,1368
2017-07-01,73,Appartement,2738.0,128000.0,1287
2017-10-01,73,Appartement,2886.0,124930.0,1395
2018-01-01,73,Appartement,2720.0,115525.0,746
2018-04-01,73,Appartement,2575.0,119600.0,231
2018-07-01,73,Appartement,2716.0,114000.0,215
2019-01-01,73,Appartement,2652.0,131000.0,1173
2019-04-01,73,Appartement,2752.0,123825.0,1451
2019-07-01,73,Appartement,2866.0,128000.0,1637
2019-10-01,73,Appartement,2996.0,130000.0,1755
2020-01-01,73,Appartement,2761.0,136911.0,1192
2020-04-01,73,Appartement,2981.0,144650.0,1214
2020-07-01,73,Appartement,2865.0,138081.0,1364
2020-10-01,73,Appartement,3077.0,136000.0,1889
2014-01-01,73,Ensemble,2379.0,134400.0,1391
2014-04-01,73,Ensemble,2620.0,138000.0,1161
2014-07-01,73,Ensemble,2667.0,142000.0,1601
2014-10-01,73,Ensemble,2643.0,140000.0,1462
2015-01-01,73,Ensemble,2444.0,134000.0,1097
2015-04-01,73,Ensemble,2550.0,141700.0,1499
2015-07-01,73,Ensemble,2566.0,147550.0,1718
2015-10-01,73,Ensemble,2601.0,138000.0,1776
2016-01-01,73,Ensemble,2418.0,142500.0,1107
2016-04-01,73,Ensemble,2614.0,143000.0,1560
2016-07-01,73,Ensemble,2620.0,145000.0,1660
2016-10-01,73,Ensemble,2700.0,140000.0,1927
2017-01-01,73,Ensemble,2511.0,133350.0,1531
2017-04-01,73,Ensemble,2600.0,151600.0,1891
2017-07-01,73,Ensemble,2613.0,150000.0,1888
2017-10-01,73,Ensemble,2748.0,140000.0,1910
2018-01-01,73,Ensemble,2624.0,132248.0,988
2018-04-01,73,Ensemble,2538.0,124500.0,279
2018-07-01,73,Ensemble,2670.0,125000.0,279
2019-01-01,73,Ensemble,2543.0,146820.0,1633
2019-04-01,73,Ensemble,2659.0,144000.0,1986
2019-07-01,73,Ensemble,2750.0,150052.0,2276
2019-10-01,73,Ensemble,2852.0,147550.0,2415
2020-01-01,73,Ensemble,2658.0,155000.0,1670
2020-04-01,73,Ensemble,2857.0,165940.0,1689
2020-07-01,73,Ensemble,2808.0,162100.0,1971
2020-10-01,73,Ensemble,2928.0,157500.0,2614
2014-01-01,73,Maison,2107.0,183000.0,375
2014-04-01,73,Maison,2260.0,200000.0,273
2014-07-01,73,Maison,2328.0,222500.0,469
2014-10-01,73,Maison,2300.0,211000.0,389
2015-01-01,73,Maison,2154.0,200000.0,333
2015-04-01,73,Maison,2188.0,200000.0,447
2015-07-01,73,Maison,2262.0,220000.0,520
2015-10-01,73,Maison,2187.0,200000.0,477
2016-01-01,73,Maison,2138.0,195000.0,324
2016-04-01,73,Maison,2233.0,207385.0,431
2016-07-01,73,Maison,2252.0,212125.0,460
2016-10-01,73,Maison,2352.0,211000.0,521
2017-01-01,73,Maison,2197.0,200000.0,403
2017-04-01,73,Maison,2258.0,210000.0,523
2017-07-01,73,Maison,2297.0,223150.0,601
2017-10-01,73,Maison,2396.0,216800.0,515
2018-01-01,73,Maison,2323.0,209480.0,242
2018-07-01,73,Maison,2364.0,246000.0,64
2019-01-01,73,Maison,2194.0,215000.0,460
2019-04-01,73,Maison,2419.0,225500.0,535
2019-07-01,73,Maison,2560.0,241000.0,639
2019-10-01,73,Maison,2459.0,229885.0,660
2020-01-01,73,Maison,2407.0,225525.0,478
2020-04-01,73,Maison,2538.0,244700.0,475
2020-07-01,73,Maison,2569.0,245900.0,607
2020-10-01,73,Maison,2619.0,240000.0,725
2014-01-01,74,Appartement,3154.0,175000.0,1424
2014-04-01,74,Appartement,3271.0,170000.0,1536
2014-07-01,74,Appartement,3300.0,173700.0,1666
2014-10-01,74,Appartement,3295.0,172000.0,1659
2015-01-01,74,Appartement,3181.0,175000.0,1399
2015-04-01,74,Appartement,3167.0,177000.0,1821
2015-07-01,74,Appartement,3220.0,175000.0,1874
2015-10-01,74,Appartement,3299.0,172250.0,1966
2016-01-01,74,Appartement,3188.0,174000.0,1466
2016-04-01,74,Appartement,3250.0,173500.0,1871
2016-07-01,74,Appartement,3277.0,178750.0,1998
2016-10-01,74,Appartement,3291.0,175000.0,2067
2017-01-01,74,Appartement,3270.0,172000.0,1970
2017-04-01,74,Appartement,3270.0,180000.0,2178
2017-07-01,74,Appartement,3267.0,183650.0,2045
2017-10-01,74,Appartement,3429.0,179000.0,2123
2018-01-01,74,Appartement,3300.0,179000.0,1627
2018-04-01,74,Appartement,3368.0,177950.0,686
2018-07-01,74,Appartement,3239.0,160000.0,485
2018-10-01,74,Appartement,3293.0,158500.0,786
2019-01-01,74,Appartement,3398.0,179000.0,2020
2019-04-01,74,Appartement,3407.0,182000.0,2428
2019-07-01,74,Appartement,3484.0,189775.0,2496
2019-10-01,74,Appartement,3566.0,189000.0,2687
2020-01-01,74,Appartement,3442.0,189445.0,2103
2020-04-01,74,Appartement,3615.0,200800.0,2151
2020-07-01,74,Appartement,3615.0,200000.0,2287
2020-10-01,74,Appartement,3742.0,200000.0,2953
2014-01-01,74,Ensemble,3211.0,200000.0,1984
2014-04-01,74,Ensemble,3298.0,200100.0,2150
2014-07-01,74,Ensemble,3333.0,215800.0,2497
2014-10-01,74,Ensemble,3291.0,205000.0,2366
2015-01-01,74,Ensemble,3177.0,203400.0,1949
2015-04-01,74,Ensemble,3224.0,205000.0,2562
2015-07-01,74,Ensemble,3273.0,215000.0,2741
2015-10-01,74,Ensemble,3279.0,209858.0,2824
2016-01-01,74,Ensemble,3215.0,209525.0,2116
2016-04-01,74,Ensemble,3269.0,212000.0,2712
2016-07-01,74,Ensemble,3351.0,220000.0,2933
2016-10-01,74,Ensemble,3293.0,209050.0,3027
2017-01-01,74,Ensemble,3319.0,210000.0,2804
2017-04-01,74,Ensemble,3327.0,215000.0,3081
2017-07-01,74,Ensemble,3338.0,225800.0,3071
2017-10-01,74,Ensemble,3461.0,217650.0,3104
2018-01-01,74,Ensemble,3339.0,217000.0,2321
2018-04-01,74,Ensemble,3427.0,224000.0,1026
2018-07-01,74,Ensemble,3380.0,223050.0,770
2018-10-01,74,Ensemble,3350.0,200000.0,1136
2019-01-01,74,Ensemble,3433.0,219850.0,2872
2019-04-01,74,Ensemble,3472.0,215000.0,3355
2019-07-01,74,Ensemble,3530.0,233650.0,3669
2019-10-01,74,Ensemble,3579.0,233836.0,3862
2020-01-01,74,Ensemble,3496.0,229250.0,2950
2020-04-01,74,Ensemble,3640.0,236425.0,2986
2020-07-01,74,Ensemble,3689.0,244100.0,3339
2020-10-01,74,Ensemble,3800.0,245000.0,4346
2014-01-01,74,Maison,3343.0,326750.0,560
2014-04-01,74,Maison,3348.0,325000.0,614
2014-07-01,74,Maison,3448.0,338000.0,831
2014-10-01,74,Maison,3289.0,319842.0,707
2015-01-01,74,Maison,3156.0,320350.0,550
2015-04-01,74,Maison,3360.0,327900.0,741
2015-07-01,74,Maison,3381.0,339500.0,867
2015-10-01,74,Maison,3244.0,334860.0,858
2016-01-01,74,Maison,3322.0,320000.0,650
2016-04-01,74,Maison,3303.0,333400.0,841
2016-07-01,74,Maison,3556.0,355000.0,935
2016-10-01,74,Maison,3295.0,330250.0,960
2017-01-01,74,Maison,3411.0,345000.0,834
2017-04-01,74,Maison,3417.0,340000.0,903
2017-07-01,74,Maison,3463.0,354875.0,1026
2017-10-01,74,Maison,3519.0,350000.0,981
2018-01-01,74,Maison,3490.0,352800.0,694
2018-04-01,74,Maison,3484.0,363140.0,340
2018-07-01,74,Maison,3550.0,356650.0,285
2018-10-01,74,Maison,3480.0,345300.0,350
2019-01-01,74,Maison,3529.0,354958.0,852
2019-04-01,74,Maison,3677.0,366975.0,927
2019-07-01,74,Maison,3642.0,379500.0,1173
2019-10-01,74,Maison,3614.0,382000.0,1175
2020-01-01,74,Maison,3588.0,377000.0,847
2020-04-01,74,Maison,3725.0,380000.0,835
2020-07-01,74,Maison,3803.0,387500.0,1052
2020-10-01,74,Maison,3917.0,404005.0,1393
2014-01-01,75,Appartement,8077.0,325000.0,6019
2014-04-01,75,Appartement,8077.0,335000.0,6214
2014-07-01,75,Appartement,8110.0,330000.0,7020
2014-10-01,75,Appartement,7931.0,312000.0,5751
2015-01-01,75,Appartement,7936.0,315000.0,5962
2015-04-01,75,Appartement,7933.0,335000.0,6791
2015-07-01,75,Appartement,8045.0,345000.0,7906
2015-10-01,75,Appartement,8062.0,333000.0,8875
2016-01-01,75,Appartement,7953.0,317850.0,5342
2016-04-01,75,Appartement,8171.0,340000.0,7494
2016-07-01,75,Appartement,8308.0,355000.0,8277
2016-10-01,75,Appartement,8374.0,336000.0,7222
2017-01-01,75,Appartement,8530.0,349505.0,8361
2017-04-01,75,Appartement,8752.0,368480.0,8193
2017-07-01,75,Appartement,9048.0,385000.0,8365
2017-10-01,75,Appartement,9062.0,365000.0,7298
2018-01-01,75,Appartement,9157.0,365000.0,6511
2018-04-01,75,Appartement,9429.0,390000.0,6990
2018-07-01,75,Appartement,9686.0,395000.0,6462
2018-10-01,75,Appartement,9370.0,355000.0,3669
2019-01-01,75,Appartement,9812.0,394050.0,7673
2019-04-01,75,Appartement,10000.0,400000.0,7996
2019-07-01,75,Appartement,10285.0,432100.0,8607
2019-10-01,75,Appartement,10300.0,418000.0,8315
2020-01-01,75,Appartement,10604.0,429000.0,6932
2020-04-01,75,Appartement,10821.0,450000.0,6075
2020-07-01,75,Appartement,10907.0,432800.0,6216
2020-10-01,75,Appartement,10926.0,431020.0,7676
2014-01-01,75,Ensemble,8079.0,325000.0,6045
2014-04-01,75,Ensemble,8077.0,335000.0,6237
2014-07-01,75,Ensemble,8117.0,332000.0,7053
2014-10-01,75,Ensemble,7937.0,314000.0,5775
2015-01-01,75,Ensemble,7941.0,316650.0,5984
2015-04-01,75,Ensemble,7939.0,336300.0,6825
2015-07-01,75,Ensemble,8050.0,345000.0,7947
2015-10-01,75,Ensemble,8068.0,334500.0,8915
2016-01-01,75,Ensemble,7958.0,319000.0,5361
2016-04-01,75,Ensemble,8177.0,340000.0,7520
2016-07-01,75,Ensemble,8318.0,355000.0,8323
2016-10-01,75,Ensemble,8387.0,338000.0,7263
2017-01-01,75,Ensemble,8535.0,350000.0,8397
2017-04-01,75,Ensemble,8756.0,370000.0,8227
2017-07-01,75,Ensemble,9058.0,387596.0,8405
2017-10-01,75,Ensemble,9068.0,366000.0,7337
2018-01-01,75,Ensemble,9167.0,365700.0,6542
2018-04-01,75,Ensemble,9433.0,390000.0,7023
2018-07-01,75,Ensemble,9690.0,396070.0,6494
2018-10-01,75,Ensemble,9375.0,357000.0,3699
2019-01-01,75,Ensemble,9819.0,395000.0,7698
2019-04-01,75,Ensemble,10000.0,400000.0,8034
2019-07-01,75,Ensemble,10296.0,435000.0,8649
2019-10-01,75,Ensemble,10308.0,420000.0,8359
2020-01-01,75,Ensemble,10610.0,430000.0,6963
2020-04-01,75,Ensemble,10833.0,450500.0,6105
2020-07-01,75,Ensemble,10925.0,435000.0,6253
2020-10-01,75,Ensemble,10938.0,434140.0,7716
2014-01-01,76,Appartement,1864.0,103000.0,792
2014-04-01,76,Appartement,1902.0,103000.0,815
2014-07-01,76,Appartement,1878.0,97500.0,878
2014-10-01,76,Appartement,1809.0,95000.0,831
2015-01-01,76,Appartement,1806.0,95000.0,788
2015-04-01,76,Appartement,1824.0,97175.0,918
2015-07-01,76,Appartement,1835.0,93000.0,1076
2015-10-01,76,Appartement,1822.0,95000.0,1015
2016-01-01,76,Appartement,1786.0,93400.0,889
2016-04-01,76,Appartement,1729.0,92000.0,1082
2016-07-01,76,Appartement,1805.0,94120.0,1104
2016-10-01,76,Appartement,1853.0,100000.0,987
2017-01-01,76,Appartement,1739.0,95000.0,1121
2017-04-01,76,Appartement,1773.0,91500.0,1223
2017-07-01,76,Appartement,1857.0,95000.0,1207
2017-10-01,76,Appartement,1833.0,91250.0,1118
2018-01-01,76,Appartement,1809.0,95000.0,1078
2018-04-01,76,Appartement,1799.0,95000.0,1210
2018-07-01,76,Appartement,1854.0,95250.0,786
2018-10-01,76,Appartement,1711.0,98350.0,337
2019-01-01,76,Appartement,1769.0,92000.0,1231
2019-04-01,76,Appartement,1842.0,93000.0,1423
2019-07-01,76,Appartement,1871.0,92000.0,1613
2019-10-01,76,Appartement,1875.0,95100.0,1570
2020-01-01,76,Appartement,1911.0,99400.0,1299
2020-04-01,76,Appartement,1911.0,96000.0,1338
2020-07-01,76,Appartement,1983.0,100000.0,1490
2020-10-01,76,Appartement,2019.0,103500.0,1705
2014-01-01,76,Ensemble,1800.0,130000.0,2116
2014-04-01,76,Ensemble,1808.0,134000.0,2358
2014-07-01,76,Ensemble,1829.0,133000.0,2456
2014-10-01,76,Ensemble,1752.0,125000.0,2300
2015-01-01,76,Ensemble,1737.0,125000.0,2126
2015-04-01,76,Ensemble,1773.0,130000.0,2546
2015-07-01,76,Ensemble,1786.0,134000.0,3053
2015-10-01,76,Ensemble,1745.0,126500.0,2757
2016-01-01,76,Ensemble,1754.0,125000.0,2298
2016-04-01,76,Ensemble,1718.0,125000.0,2625
2016-07-01,76,Ensemble,1786.0,132000.0,3122
2016-10-01,76,Ensemble,1746.0,127300.0,2725
2017-01-01,76,Ensemble,1776.0,130000.0,2939
2017-04-01,76,Ensemble,1746.0,128000.0,3096
2017-07-01,76,Ensemble,1825.0,134000.0,3344
2017-10-01,76,Ensemble,1778.0,130000.0,2972
2018-01-01,76,Ensemble,1778.0,127375.0,2760
2018-04-01,76,Ensemble,1782.0,128500.0,3029
2018-07-01,76,Ensemble,1818.0,137950.0,2440
2018-10-01,76,Ensemble,1666.0,134000.0,1420
2019-01-01,76,Ensemble,1789.0,130000.0,3097
2019-04-01,76,Ensemble,1809.0,129000.0,3426
2019-07-01,76,Ensemble,1849.0,135000.0,4102
2019-10-01,76,Ensemble,1832.0,129000.0,3862
2020-01-01,76,Ensemble,1857.0,131000.0,3090
2020-04-01,76,Ensemble,1851.0,132000.0,3161
2020-07-01,76,Ensemble,1935.0,138500.0,3758
2020-10-01,76,Ensemble,1938.0,139875.0,4300
2014-01-01,76,Maison,1759.0,143000.0,1324
2014-04-01,76,Maison,1758.0,145600.0,1543
2014-07-01,76,Maison,1796.0,150000.0,1578
2014-10-01,76,Maison,1717.0,142000.0,1469
2015-01-01,76,Maison,1711.0,141000.0,1338
2015-04-01,76,Maison,1750.0,146050.0,1628
2015-07-01,76,Maison,1776.0,151000.0,1977
2015-10-01,76,Maison,1713.0,143000.0,1742
2016-01-01,76,Maison,1725.0,142000.0,1409
2016-04-01,76,Maison,1714.0,145000.0,1543
2016-07-01,76,Maison,1775.0,150000.0,2018
2016-10-01,76,Maison,1705.0,143000.0,1738
2017-01-01,76,Maison,1786.0,150000.0,1818
2017-04-01,76,Maison,1737.0,147000.0,1873
2017-07-01,76,Maison,1807.0,152780.0,2137
2017-10-01,76,Maison,1763.0,150400.0,1854
2018-01-01,76,Maison,1771.0,150000.0,1682
2018-04-01,76,Maison,1772.0,150000.0,1819
2018-07-01,76,Maison,1811.0,156000.0,1654
2018-10-01,76,Maison,1651.0,145000.0,1083
2019-01-01,76,Maison,1806.0,151000.0,1866
2019-04-01,76,Maison,1792.0,152000.0,2003
2019-07-01,76,Maison,1838.0,160000.0,2489
2019-10-01,76,Maison,1807.0,151000.0,2292
2020-01-01,76,Maison,1843.0,155000.0,1791
2020-04-01,76,Maison,1825.0,157000.0,1823
2020-07-01,76,Maison,1917.0,162000.0,2268
2020-10-01,76,Maison,1902.0,162000.0,2595
2014-01-01,77,Appartement,2773.0,149000.0,1135
2014-04-01,77,Appartement,2805.0,152000.0,1147
2014-07-01,77,Appartement,2807.0,155000.0,1240
2014-10-01,77,Appartement,2830.0,148140.0,1094
2015-01-01,77,Appartement,2838.0,150000.0,1129
2015-04-01,77,Appartement,2790.0,150000.0,1279
2015-07-01,77,Appartement,2798.0,152000.0,1521
2015-10-01,77,Appartement,2864.0,150000.0,1364
2016-01-01,77,Appartement,2806.0,146000.0,1247
2016-04-01,77,Appartement,2811.0,145000.0,1438
2016-07-01,77,Appartement,2857.0,152000.0,1648
2016-10-01,77,Appartement,2889.0,150000.0,1495
2017-01-01,77,Appartement,2857.0,149100.0,1607
2017-04-01,77,Appartement,2859.0,150000.0,1744
2017-07-01,77,Appartement,2879.0,153260.0,1739
2017-10-01,77,Appartement,2954.0,153120.0,1530
2018-01-01,77,Appartement,2873.0,149000.0,1469
2018-04-01,77,Appartement,2878.0,152000.0,1527
2018-07-01,77,Appartement,2906.0,155000.0,1769
2018-10-01,77,Appartement,2909.0,152000.0,1519
2019-01-01,77,Appartement,2976.0,150000.0,1581
2019-04-01,77,Appartement,2907.0,149825.0,1776
2019-07-01,77,Appartement,2969.0,160000.0,2004
2019-10-01,77,Appartement,2977.0,155000.0,1866
2020-01-01,77,Appartement,3080.0,159000.0,1705
2020-04-01,77,Appartement,3041.0,160000.0,1604
2020-07-01,77,Appartement,3013.0,158000.0,1704
2020-10-01,77,Appartement,3088.0,165000.0,1991
2014-01-01,77,Ensemble,2639.0,185000.0,2600
2014-04-01,77,Ensemble,2633.0,191725.0,2804
2014-07-01,77,Ensemble,2675.0,200000.0,3284
2014-10-01,77,Ensemble,2617.0,190000.0,2738
2015-01-01,77,Ensemble,2614.0,190000.0,2590
2015-04-01,77,Ensemble,2625.0,189500.0,3066
2015-07-01,77,Ensemble,2675.0,203000.0,3949
2015-10-01,77,Ensemble,2643.0,191000.0,3362
2016-01-01,77,Ensemble,2630.0,188000.0,2903
2016-04-01,77,Ensemble,2635.0,190000.0,3390
2016-07-01,77,Ensemble,2697.0,203000.0,4116
2016-10-01,77,Ensemble,2658.0,190000.0,3539
2017-01-01,77,Ensemble,2735.0,190700.0,3607
2017-04-01,77,Ensemble,2688.0,192000.0,4014
2017-07-01,77,Ensemble,2733.0,205000.0,4521
2017-10-01,77,Ensemble,2722.0,196700.0,3601
2018-01-01,77,Ensemble,2716.0,193000.0,3323
2018-04-01,77,Ensemble,2722.0,198000.0,3533
2018-07-01,77,Ensemble,2801.0,215000.0,4509
2018-10-01,77,Ensemble,2771.0,197000.0,3683
2019-01-01,77,Ensemble,2795.0,196300.0,3587
2019-04-01,77,Ensemble,2795.0,195000.0,3888
2019-07-01,77,Ensemble,2857.0,215000.0,4959
2019-10-01,77,Ensemble,2846.0,200935.0,4212
2020-01-01,77,Ensemble,2917.0,197600.0,3547
2020-04-01,77,Ensemble,2917.0,204725.0,3444
2020-07-01,77,Ensemble,2903.0,219000.0,4322
2020-10-01,77,Ensemble,2915.0,214000.0,4871
2014-01-01,77,Maison,2505.0,227500.0,1465
2014-04-01,77,Maison,2532.0,230000.0,1657
2014-07-01,77,Maison,2604.0,237000.0,2044
2014-10-01,77,Maison,2500.0,225000.0,1644
2015-01-01,77,Maison,2477.0,230000.0,1461
2015-04-01,77,Maison,2519.0,230000.0,1787
2015-07-01,77,Maison,2606.0,239572.0,2428
2015-10-01,77,Maison,2528.0,229960.0,1998
2016-01-01,77,Maison,2493.0,229500.0,1656
2016-04-01,77,Maison,2530.0,230945.0,1952
2016-07-01,77,Maison,2595.0,241000.0,2468
2016-10-01,77,Maison,2500.0,231200.0,2044
2017-01-01,77,Maison,2636.0,242000.0,2000
2017-04-01,77,Maison,2574.0,240000.0,2270
2017-07-01,77,Maison,2659.0,247000.0,2782
2017-10-01,77,Maison,2558.0,239000.0,2071
2018-01-01,77,Maison,2594.0,236000.0,1854
2018-04-01,77,Maison,2601.0,245000.0,2006
2018-07-01,77,Maison,2737.0,255000.0,2740
2018-10-01,77,Maison,2665.0,240000.0,2164
2019-01-01,77,Maison,2672.0,247000.0,2006
2019-04-01,77,Maison,2715.0,250000.0,2112
2019-07-01,77,Maison,2773.0,260000.0,2955
2019-10-01,77,Maison,2743.0,250850.0,2346
2020-01-01,77,Maison,2782.0,253100.0,1842
2020-04-01,77,Maison,2801.0,260000.0,1840
2020-07-01,77,Maison,2817.0,269000.0,2618
2020-10-01,77,Maison,2801.0,264450.0,2880
2014-01-01,78,Appartement,3643.0,200000.0,1611
2014-04-01,78,Appartement,3536.0,200200.0,1754
2014-07-01,78,Appartement,3662.0,213000.0,1908
2014-10-01,78,Appartement,3515.0,200000.0,1775
2015-01-01,78,Appartement,3409.0,192000.0,1469
2015-04-01,78,Appartement,3487.0,198800.0,1886
2015-07-01,78,Appartement,3480.0,208000.0,2366
2015-10-01,78,Appartement,3434.0,197500.0,2016
2016-01-01,78,Appartement,3472.0,192000.0,1830
2016-04-01,78,Appartement,3453.0,198950.0,2064
2016-07-01,78,Appartement,3533.0,204430.0,2467
2016-10-01,78,Appartement,3472.0,195000.0,2015
2017-01-01,78,Appartement,3449.0,199225.0,2354
2017-04-01,78,Appartement,3464.0,203000.0,2414
2017-07-01,78,Appartement,3612.0,212850.0,2610
2017-10-01,78,Appartement,3529.0,197975.0,2078
2018-01-01,78,Appartement,3514.0,201000.0,2133
2018-04-01,78,Appartement,3539.0,199000.0,2239
2018-07-01,78,Appartement,3651.0,215000.0,2689
2018-10-01,78,Appartement,3609.0,202000.0,2087
2019-01-01,78,Appartement,3577.0,195000.0,2371
2019-04-01,78,Appartement,3657.0,205900.0,2520
2019-07-01,78,Appartement,3687.0,212000.0,3029
2019-10-01,78,Appartement,3731.0,205000.0,2507
2020-01-01,78,Appartement,3779.0,205500.0,2307
2020-04-01,78,Appartement,3757.0,214500.0,2161
2020-07-01,78,Appartement,3884.0,223425.0,2262
2020-10-01,78,Appartement,3851.0,218025.0,2692
2014-01-01,78,Ensemble,3569.0,240000.0,2700
2014-04-01,78,Ensemble,3519.0,245000.0,3046
2014-07-01,78,Ensemble,3582.0,265000.0,3581
2014-10-01,78,Ensemble,3461.0,242000.0,3101
2015-01-01,78,Ensemble,3400.0,235000.0,2447
2015-04-01,78,Ensemble,3411.0,240000.0,3256
2015-07-01,78,Ensemble,3486.0,260000.0,4299
2015-10-01,78,Ensemble,3393.0,237000.0,3460
2016-01-01,78,Ensemble,3414.0,237400.0,3137
2016-04-01,78,Ensemble,3405.0,240675.0,3564
2016-07-01,78,Ensemble,3494.0,265000.0,4646
2016-10-01,78,Ensemble,3438.0,241947.0,3475
2017-01-01,78,Ensemble,3420.0,244000.0,4010
2017-04-01,78,Ensemble,3445.0,249000.0,4223
2017-07-01,78,Ensemble,3604.0,273080.0,4916
2017-10-01,78,Ensemble,3462.0,240000.0,3611
2018-01-01,78,Ensemble,3500.0,247000.0,3597
2018-04-01,78,Ensemble,3543.0,250000.0,3898
2018-07-01,78,Ensemble,3631.0,272500.0,4897
2018-10-01,78,Ensemble,3599.0,253000.0,3698
2019-01-01,78,Ensemble,3523.0,241680.0,3949
2019-04-01,78,Ensemble,3622.0,253175.0,4243
2019-07-01,78,Ensemble,3660.0,275000.0,5553
2019-10-01,78,Ensemble,3693.0,255000.0,4277
2020-01-01,78,Ensemble,3696.0,250000.0,3719
2020-04-01,78,Ensemble,3725.0,270000.0,3699
2020-07-01,78,Ensemble,3823.0,285000.0,4312
2020-10-01,78,Ensemble,3800.0,280000.0,4981
2014-01-01,78,Maison,3455.0,310000.0,1089
2014-04-01,78,Maison,3483.0,320400.0,1292
2014-07-01,78,Maison,3453.0,334640.0,1673
2014-10-01,78,Maison,3369.0,320450.0,1326
2015-01-01,78,Maison,3373.0,310000.0,978
2015-04-01,78,Maison,3326.0,312000.0,1370
2015-07-01,78,Maison,3495.0,340000.0,1933
2015-10-01,78,Maison,3332.0,307750.0,1444
2016-01-01,78,Maison,3327.0,310000.0,1307
2016-04-01,78,Maison,3299.0,316970.0,1500
2016-07-01,78,Maison,3446.0,344000.0,2179
2016-10-01,78,Maison,3371.0,320000.0,1460
2017-01-01,78,Maison,3368.0,329000.0,1656
2017-04-01,78,Maison,3414.0,325000.0,1809
2017-07-01,78,Maison,3599.0,359140.0,2306
2017-10-01,78,Maison,3337.0,319000.0,1533
2018-01-01,78,Maison,3495.0,326606.0,1464
2018-04-01,78,Maison,3549.0,345000.0,1659
2018-07-01,78,Maison,3590.0,350725.0,2208
2018-10-01,78,Maison,3578.0,347800.0,1611
2019-01-01,78,Maison,3409.0,330000.0,1578
2019-04-01,78,Maison,3555.0,348000.0,1723
2019-07-01,78,Maison,3633.0,363250.0,2524
2019-10-01,78,Maison,3627.0,342975.0,1770
2020-01-01,78,Maison,3512.0,340850.0,1412
2020-04-01,78,Maison,3697.0,357000.0,1538
2020-07-01,78,Maison,3743.0,365000.0,2050
2020-10-01,78,Maison,3744.0,366000.0,2289
2014-01-01,79,Appartement,1096.0,60000.0,52
2014-04-01,79,Appartement,1180.0,65350.0,74
2014-07-01,79,Appartement,1244.0,68000.0,54
2014-10-01,79,Appartement,1563.0,80000.0,62
2015-04-01,79,Appartement,1092.0,59500.0,72
2015-07-01,79,Appartement,1106.0,60000.0,61
2015-10-01,79,Appartement,1161.0,50000.0,69
2016-01-01,79,Appartement,1209.0,58000.0,63
2016-04-01,79,Appartement,1000.0,59750.0,86
2016-07-01,79,Appartement,1185.0,60000.0,75
2016-10-01,79,Appartement,1186.0,58500.0,79
2017-01-01,79,Appartement,1208.0,56000.0,72
2017-04-01,79,Appartement,1188.0,59500.0,76
2017-07-01,79,Appartement,1091.0,56000.0,69
2017-10-01,79,Appartement,1168.0,55000.0,74
2018-01-01,79,Appartement,1188.0,61000.0,79
2018-04-01,79,Appartement,1208.0,59500.0,83
2018-07-01,79,Appartement,1231.0,59250.0,98
2019-01-01,79,Appartement,1158.0,60000.0,83
2019-04-01,79,Appartement,1159.0,57000.0,107
2019-07-01,79,Appartement,1247.0,56000.0,121
2019-10-01,79,Appartement,1212.0,60000.0,106
2020-01-01,79,Appartement,1311.0,70000.0,116
2020-04-01,79,Appartement,1438.0,70000.0,97
2020-07-01,79,Appartement,1353.0,70500.0,126
2020-10-01,79,Appartement,1382.0,79000.0,116
2014-01-01,79,Ensemble,1056.0,90000.0,687
2014-04-01,79,Ensemble,1052.0,90000.0,760
2014-07-01,79,Ensemble,1103.0,102860.0,798
2014-10-01,79,Ensemble,1083.0,96000.0,729
2015-01-01,79,Ensemble,1032.0,90000.0,674
2015-04-01,79,Ensemble,1041.0,92200.0,777
2015-07-01,79,Ensemble,1072.0,95000.0,972
2015-10-01,79,Ensemble,1044.0,94000.0,900
2016-01-01,79,Ensemble,1046.0,95000.0,764
2016-04-01,79,Ensemble,1035.0,95000.0,909
2016-07-01,79,Ensemble,1085.0,100000.0,978
2016-10-01,79,Ensemble,1045.0,93650.0,921
2017-01-01,79,Ensemble,1111.0,100000.0,906
2017-04-01,79,Ensemble,1078.0,95000.0,932
2017-07-01,79,Ensemble,1121.0,105000.0,1128
2017-10-01,79,Ensemble,1042.0,90900.0,1070
2018-01-01,79,Ensemble,1052.0,100000.0,922
2018-04-01,79,Ensemble,1058.0,100000.0,990
2018-07-01,79,Ensemble,1106.0,101000.0,1175
2018-10-01,79,Ensemble,1095.0,102000.0,385
2019-01-01,79,Ensemble,1077.0,98000.0,1024
2019-04-01,79,Ensemble,1078.0,100000.0,1160
2019-07-01,79,Ensemble,1106.0,103990.0,1345
2019-10-01,79,Ensemble,1102.0,100000.0,1268
2020-01-01,79,Ensemble,1160.0,105000.0,981
2020-04-01,79,Ensemble,1131.0,103250.0,1016
2020-07-01,79,Ensemble,1189.0,110000.0,1346
2020-10-01,79,Ensemble,1103.0,107000.0,1639
2014-01-01,79,Maison,1050.0,96900.0,635
2014-04-01,79,Maison,1018.0,94000.0,686
2014-07-01,79,Maison,1085.0,107000.0,744
2014-10-01,79,Maison,1053.0,98100.0,667
2015-01-01,79,Maison,1014.0,92500.0,626
2015-04-01,79,Maison,1033.0,95000.0,705
2015-07-01,79,Maison,1067.0,98000.0,911
2015-10-01,79,Maison,1042.0,98000.0,831
2016-01-01,79,Maison,1029.0,98000.0,701
2016-04-01,79,Maison,1043.0,103000.0,823
2016-07-01,79,Maison,1075.0,104000.0,903
2016-10-01,79,Maison,1030.0,100000.0,842
2017-01-01,79,Maison,1100.0,100250.0,834
2017-04-01,79,Maison,1067.0,100000.0,856
2017-07-01,79,Maison,1122.0,110000.0,1059
2017-10-01,79,Maison,1025.0,96000.0,996
2018-01-01,79,Maison,1032.0,105000.0,843
2018-04-01,79,Maison,1043.0,103700.0,907
2018-07-01,79,Maison,1076.0,106000.0,1077
2018-10-01,79,Maison,1095.0,106500.0,356
2019-01-01,79,Maison,1067.0,103000.0,941
2019-04-01,79,Maison,1062.0,105000.0,1053
2019-07-01,79,Maison,1086.0,110000.0,1224
2019-10-01,79,Maison,1092.0,107250.0,1162
2020-01-01,79,Maison,1129.0,112000.0,865
2020-04-01,79,Maison,1100.0,110000.0,919
2020-07-01,79,Maison,1164.0,115000.0,1220
2020-10-01,79,Maison,1080.0,110000.0,1523
2014-01-01,80,Appartement,2169.0,100000.0,156
2014-04-01,80,Appartement,2156.0,90000.0,169
2014-07-01,80,Appartement,2210.0,90000.0,194
2014-10-01,80,Appartement,2181.0,95000.0,165
2015-01-01,80,Appartement,2038.0,91750.0,142
2015-04-01,80,Appartement,2018.0,91500.0,184
2015-07-01,80,Appartement,1949.0,90000.0,229
2015-10-01,80,Appartement,2098.0,92000.0,214
2016-01-01,80,Appartement,1871.0,88000.0,153
2016-04-01,80,Appartement,1989.0,95000.0,229
2016-07-01,80,Appartement,2046.0,94500.0,222
2016-10-01,80,Appartement,2022.0,92000.0,257
2017-01-01,80,Appartement,1836.0,90000.0,213
2017-04-01,80,Appartement,1905.0,92300.0,247
2017-07-01,80,Appartement,1962.0,88341.0,272
2017-10-01,80,Appartement,1956.0,87750.0,262
2018-01-01,80,Appartement,1869.0,93500.0,204
2018-04-01,80,Appartement,1940.0,96000.0,204
2018-07-01,80,Appartement,2051.0,92800.0,256
2018-10-01,80,Appartement,1973.0,90000.0,164
2019-01-01,80,Appartement,1976.0,93750.0,262
2019-04-01,80,Appartement,1909.0,93000.0,291
2019-07-01,80,Appartement,2045.0,85000.0,339
2019-10-01,80,Appartement,2086.0,89325.0,348
2020-01-01,80,Appartement,2064.0,102000.0,254
2020-04-01,80,Appartement,2093.0,94000.0,293
2020-07-01,80,Appartement,2172.0,104000.0,315
2020-10-01,80,Appartement,2275.0,98000.0,420
2014-01-01,80,Ensemble,1500.0,112000.0,994
2014-04-01,80,Ensemble,1500.0,114000.0,1005
2014-07-01,80,Ensemble,1541.0,119500.0,1184
2014-10-01,80,Ensemble,1500.0,110000.0,1035
2015-01-01,80,Ensemble,1530.0,114500.0,934
2015-04-01,80,Ensemble,1509.0,115000.0,1151
2015-07-01,80,Ensemble,1538.0,120000.0,1402
2015-10-01,80,Ensemble,1500.0,114000.0,1324
2016-01-01,80,Ensemble,1429.0,110000.0,1068
2016-04-01,80,Ensemble,1457.0,110000.0,1336
2016-07-01,80,Ensemble,1508.0,115000.0,1447
2016-10-01,80,Ensemble,1474.0,112000.0,1445
2017-01-01,80,Ensemble,1484.0,115000.0,1339
2017-04-01,80,Ensemble,1500.0,115000.0,1483
2017-07-01,80,Ensemble,1568.0,118000.0,1552
2017-10-01,80,Ensemble,1531.0,117300.0,1442
2018-01-01,80,Ensemble,1494.0,115360.0,1221
2018-04-01,80,Ensemble,1549.0,118250.0,1326
2018-07-01,80,Ensemble,1577.0,120000.0,1568
2018-10-01,80,Ensemble,1444.0,117000.0,1029
2019-01-01,80,Ensemble,1559.0,113025.0,1368
2019-04-01,80,Ensemble,1521.0,116500.0,1511
2019-07-01,80,Ensemble,1590.0,120000.0,1794
2019-10-01,80,Ensemble,1629.0,120000.0,1627
2020-01-01,80,Ensemble,1569.0,120000.0,1400
2020-04-01,80,Ensemble,1570.0,116000.0,1363
2020-07-01,80,Ensemble,1647.0,127000.0,1609
2020-10-01,80,Ensemble,1659.0,125000.0,2062
2014-01-01,80,Maison,1409.0,115000.0,838
2014-04-01,80,Maison,1403.0,120000.0,836
2014-07-01,80,Maison,1462.0,124000.0,990
2014-10-01,80,Maison,1443.0,115000.0,870
2015-01-01,80,Maison,1436.0,120000.0,792
2015-04-01,80,Maison,1425.0,120000.0,967
2015-07-01,80,Maison,1462.0,127500.0,1173
2015-10-01,80,Maison,1388.0,119066.0,1110
2016-01-01,80,Maison,1375.0,114500.0,915
2016-04-01,80,Maison,1368.0,115000.0,1107
2016-07-01,80,Maison,1426.0,119000.0,1225
2016-10-01,80,Maison,1405.0,120000.0,1188
2017-01-01,80,Maison,1444.0,120000.0,1126
2017-04-01,80,Maison,1427.0,120000.0,1236
2017-07-01,80,Maison,1483.0,125000.0,1280
2017-10-01,80,Maison,1449.0,122875.0,1180
2018-01-01,80,Maison,1439.0,120000.0,1017
2018-04-01,80,Maison,1478.0,124000.0,1122
2018-07-01,80,Maison,1497.0,127000.0,1312
2018-10-01,80,Maison,1357.0,123000.0,865
2019-01-01,80,Maison,1443.0,120000.0,1106
2019-04-01,80,Maison,1447.0,122550.0,1220
2019-07-01,80,Maison,1505.0,129470.0,1455
2019-10-01,80,Maison,1505.0,127600.0,1279
2020-01-01,80,Maison,1474.0,125500.0,1146
2020-04-01,80,Maison,1454.0,123750.0,1070
2020-07-01,80,Maison,1549.0,133750.0,1294
2020-10-01,80,Maison,1525.0,132000.0,1642
2014-01-01,81,Appartement,1486.0,78000.0,107
2014-04-01,81,Appartement,1377.0,72500.0,114
2014-07-01,81,Appartement,1429.0,75000.0,130
2014-10-01,81,Appartement,1515.0,73000.0,132
2015-01-01,81,Appartement,1493.0,76000.0,113
2015-04-01,81,Appartement,1411.0,76000.0,132
2015-07-01,81,Appartement,1467.0,74500.0,144
2015-10-01,81,Appartement,1429.0,72000.0,133
2016-01-01,81,Appartement,1500.0,72000.0,155
2016-04-01,81,Appartement,1412.0,69500.0,144
2016-07-01,81,Appartement,1462.0,75000.0,192
2016-10-01,81,Appartement,1471.0,72060.0,165
2017-01-01,81,Appartement,1496.0,75000.0,168
2017-04-01,81,Appartement,1408.0,75000.0,176
2017-07-01,81,Appartement,1533.0,70000.0,175
2017-10-01,81,Appartement,1514.0,77500.0,165
2018-01-01,81,Appartement,1480.0,74250.0,140
2018-04-01,81,Appartement,1551.0,75000.0,105
2019-01-01,81,Appartement,1516.0,75000.0,181
2019-04-01,81,Appartement,1525.0,82000.0,175
2019-07-01,81,Appartement,1582.0,78500.0,200
2019-10-01,81,Appartement,1500.0,75500.0,166
2020-01-01,81,Appartement,1510.0,78550.0,194
2020-04-01,81,Appartement,1601.0,83000.0,186
2020-07-01,81,Appartement,1677.0,82500.0,187
2020-10-01,81,Appartement,1611.0,77700.0,191
2014-01-01,81,Ensemble,1261.0,100975.0,614
2014-04-01,81,Ensemble,1303.0,110000.0,649
2014-07-01,81,Ensemble,1309.0,112000.0,724
2014-10-01,81,Ensemble,1345.0,107500.0,644
2015-01-01,81,Ensemble,1327.0,110500.0,606
2015-04-01,81,Ensemble,1286.0,106345.0,678
2015-07-01,81,Ensemble,1357.0,112500.0,820
2015-10-01,81,Ensemble,1318.0,110000.0,793
2016-01-01,81,Ensemble,1283.0,107000.0,679
2016-04-01,81,Ensemble,1303.0,108000.0,799
2016-07-01,81,Ensemble,1341.0,114800.0,917
2016-10-01,81,Ensemble,1343.0,110000.0,850
2017-01-01,81,Ensemble,1314.0,107250.0,846
2017-04-01,81,Ensemble,1318.0,110000.0,939
2017-07-01,81,Ensemble,1403.0,118500.0,987
2017-10-01,81,Ensemble,1305.0,110000.0,896
2018-01-01,81,Ensemble,1284.0,110000.0,777
2018-04-01,81,Ensemble,1281.0,110202.0,584
2018-07-01,81,Ensemble,1477.0,120000.0,109
2018-10-01,81,Ensemble,1447.0,122500.0,132
2019-01-01,81,Ensemble,1292.0,110000.0,928
2019-04-01,81,Ensemble,1316.0,111494.0,1000
2019-07-01,81,Ensemble,1391.0,123250.0,1090
2019-10-01,81,Ensemble,1394.0,116350.0,1002
2020-01-01,81,Ensemble,1397.0,118000.0,954
2020-04-01,81,Ensemble,1451.0,120000.0,885
2020-07-01,81,Ensemble,1437.0,123150.0,1010
2020-10-01,81,Ensemble,1411.0,120000.0,1266
2014-01-01,81,Maison,1214.0,112000.0,507
2014-04-01,81,Maison,1274.0,120000.0,535
2014-07-01,81,Maison,1280.0,122000.0,594
2014-10-01,81,Maison,1280.0,120000.0,512
2015-01-01,81,Maison,1279.0,124250.0,493
2015-04-01,81,Maison,1250.0,119250.0,546
2015-07-01,81,Maison,1319.0,126000.0,676
2015-10-01,81,Maison,1276.0,122000.0,660
2016-01-01,81,Maison,1232.0,120000.0,524
2016-04-01,81,Maison,1265.0,125000.0,655
2016-07-01,81,Maison,1313.0,127000.0,725
2016-10-01,81,Maison,1299.0,125000.0,685
2017-01-01,81,Maison,1212.0,120000.0,678
2017-04-01,81,Maison,1303.0,125000.0,763
2017-07-01,81,Maison,1381.0,133500.0,812
2017-10-01,81,Maison,1263.0,119000.0,731
2018-01-01,81,Maison,1247.0,122000.0,637
2018-04-01,81,Maison,1231.0,123500.0,479
2018-07-01,81,Maison,1472.0,150000.0,89
2018-10-01,81,Maison,1286.0,145000.0,99
2019-01-01,81,Maison,1212.0,120204.0,747
2019-04-01,81,Maison,1250.0,125000.0,825
2019-07-01,81,Maison,1321.0,136000.0,890
2019-10-01,81,Maison,1345.0,129250.0,836
2020-01-01,81,Maison,1345.0,134000.0,760
2020-04-01,81,Maison,1385.0,134000.0,699
2020-07-01,81,Maison,1364.0,135000.0,823
2020-10-01,81,Maison,1373.0,130000.0,1075
2014-01-01,82,Appartement,1330.0,76820.0,100
2014-04-01,82,Appartement,1295.0,73425.0,103
2014-07-01,82,Appartement,1311.0,75000.0,83
2014-10-01,82,Appartement,1318.0,75000.0,97
2015-01-01,82,Appartement,1276.0,76000.0,110
2015-04-01,82,Appartement,1265.0,68000.0,100
2015-07-01,82,Appartement,1306.0,75700.0,110
2015-10-01,82,Appartement,1282.0,72000.0,137
2016-01-01,82,Appartement,1277.0,71000.0,111
2016-04-01,82,Appartement,1246.0,70000.0,121
2016-07-01,82,Appartement,1246.0,70920.0,164
2016-10-01,82,Appartement,1250.0,70000.0,145
2017-01-01,82,Appartement,1357.0,69500.0,146
2017-04-01,82,Appartement,1284.0,71770.0,176
2017-07-01,82,Appartement,1276.0,75000.0,155
2017-10-01,82,Appartement,1326.0,70150.0,151
2018-01-01,82,Appartement,1286.0,69000.0,121
2018-04-01,82,Appartement,1282.0,75000.0,137
2018-07-01,82,Appartement,1382.0,74500.0,152
2018-10-01,82,Appartement,1306.0,65800.0,145
2019-01-01,82,Appartement,1293.0,67000.0,145
2019-04-01,82,Appartement,1357.0,72000.0,177
2019-07-01,82,Appartement,1385.0,75000.0,193
2019-10-01,82,Appartement,1389.0,75000.0,171
2020-01-01,82,Appartement,1463.0,80000.0,163
2020-04-01,82,Appartement,1375.0,74765.0,161
2020-07-01,82,Appartement,1464.0,80000.0,164
2020-10-01,82,Appartement,1499.0,82500.0,208
2014-01-01,82,Ensemble,1320.0,109300.0,427
2014-04-01,82,Ensemble,1322.0,110000.0,454
2014-07-01,82,Ensemble,1368.0,120000.0,473
2014-10-01,82,Ensemble,1414.0,128622.0,436
2015-01-01,82,Ensemble,1327.0,110000.0,426
2015-04-01,82,Ensemble,1375.0,120000.0,466
2015-07-01,82,Ensemble,1372.0,122000.0,556
2015-10-01,82,Ensemble,1362.0,110750.0,564
2016-01-01,82,Ensemble,1375.0,119320.0,428
2016-04-01,82,Ensemble,1303.0,117700.0,548
2016-07-01,82,Ensemble,1327.0,115000.0,643
2016-10-01,82,Ensemble,1357.0,113000.0,550
2017-01-01,82,Ensemble,1384.0,110000.0,558
2017-04-01,82,Ensemble,1396.0,120000.0,662
2017-07-01,82,Ensemble,1400.0,120000.0,649
2017-10-01,82,Ensemble,1407.0,115000.0,576
2018-01-01,82,Ensemble,1355.0,110000.0,532
2018-04-01,82,Ensemble,1325.0,113500.0,598
2018-07-01,82,Ensemble,1445.0,128000.0,702
2018-10-01,82,Ensemble,1363.0,113000.0,625
2019-01-01,82,Ensemble,1362.0,119000.0,582
2019-04-01,82,Ensemble,1404.0,114000.0,686
2019-07-01,82,Ensemble,1452.0,121600.0,759
2019-10-01,82,Ensemble,1453.0,130000.0,764
2020-01-01,82,Ensemble,1479.0,120000.0,632
2020-04-01,82,Ensemble,1500.0,125000.0,610
2020-07-01,82,Ensemble,1551.0,135000.0,727
2020-10-01,82,Ensemble,1520.0,130000.0,863
2014-01-01,82,Maison,1315.0,130000.0,327
2014-04-01,82,Maison,1326.0,123000.0,351
2014-07-01,82,Maison,1390.0,130000.0,390
2014-10-01,82,Maison,1474.0,140000.0,339
2015-01-01,82,Maison,1385.0,126500.0,316
2015-04-01,82,Maison,1408.0,134488.0,366
2015-07-01,82,Maison,1411.0,140640.0,446
2015-10-01,82,Maison,1418.0,130000.0,427
2016-01-01,82,Maison,1477.0,140000.0,317
2016-04-01,82,Maison,1333.0,133000.0,427
2016-07-01,82,Maison,1376.0,135500.0,479
2016-10-01,82,Maison,1413.0,132500.0,405
2017-01-01,82,Maison,1400.0,130250.0,412
2017-04-01,82,Maison,1460.0,138080.0,486
2017-07-01,82,Maison,1448.0,139500.0,494
2017-10-01,82,Maison,1439.0,137000.0,425
2018-01-01,82,Maison,1406.0,130000.0,411
2018-04-01,82,Maison,1354.0,130000.0,461
2018-07-01,82,Maison,1472.0,142820.0,550
2018-10-01,82,Maison,1416.0,130420.0,480
2019-01-01,82,Maison,1403.0,135000.0,437
2019-04-01,82,Maison,1429.0,135000.0,509
2019-07-01,82,Maison,1506.0,144000.0,566
2019-10-01,82,Maison,1482.0,149000.0,593
2020-01-01,82,Maison,1490.0,142800.0,469
2020-04-01,82,Maison,1565.0,150000.0,449
2020-07-01,82,Maison,1593.0,154500.0,563
2020-10-01,82,Maison,1541.0,154000.0,655
2014-01-01,83,Appartement,3030.0,148877.0,2025
2014-04-01,83,Appartement,2972.0,152000.0,1900
2014-07-01,83,Appartement,3062.0,152500.0,1979
2014-10-01,83,Appartement,2958.0,145000.0,1859
2015-01-01,83,Appartement,3000.0,143000.0,1771
2015-04-01,83,Appartement,2983.0,145000.0,2080
2015-07-01,83,Appartement,3012.0,150000.0,2191
2015-10-01,83,Appartement,2990.0,144125.0,2434
2016-01-01,83,Appartement,2922.0,142000.0,2020
2016-04-01,83,Appartement,2911.0,144000.0,2394
2016-07-01,83,Appartement,2973.0,143000.0,2419
2016-10-01,83,Appartement,2961.0,145000.0,2363
2017-01-01,83,Appartement,3033.0,146000.0,2440
2017-04-01,83,Appartement,2970.0,145000.0,2828
2017-07-01,83,Appartement,2985.0,150400.0,2715
2017-10-01,83,Appartement,3050.0,147400.0,2621
2018-01-01,83,Appartement,3095.0,149000.0,2468
2018-04-01,83,Appartement,2810.0,141000.0,2266
2018-07-01,83,Appartement,2934.0,145000.0,2396
2018-10-01,83,Appartement,2659.0,140000.0,973
2019-01-01,83,Appartement,3088.0,145000.0,2703
2019-04-01,83,Appartement,3081.0,145000.0,3056
2019-07-01,83,Appartement,3054.0,150000.0,3222
2019-10-01,83,Appartement,3178.0,150000.0,3239
2020-01-01,83,Appartement,3167.0,150000.0,2917
2020-04-01,83,Appartement,3117.0,150000.0,2709
2020-07-01,83,Appartement,3207.0,150000.0,3042
2020-10-01,83,Appartement,3272.0,153000.0,3870
2014-01-01,83,Ensemble,3097.0,177750.0,2976
2014-04-01,83,Ensemble,3073.0,175000.0,2722
2014-07-01,83,Ensemble,3144.0,181080.0,3019
2014-10-01,83,Ensemble,3074.0,175000.0,2818
2015-01-01,83,Ensemble,3061.0,170000.0,2630
2015-04-01,83,Ensemble,3056.0,170000.0,2996
2015-07-01,83,Ensemble,3056.0,180000.0,3318
2015-10-01,83,Ensemble,3095.0,177500.0,3722
2016-01-01,83,Ensemble,3024.0,170000.0,2980
2016-04-01,83,Ensemble,3000.0,170000.0,3457
2016-07-01,83,Ensemble,3065.0,179000.0,3770
2016-10-01,83,Ensemble,3053.0,178000.0,3621
2017-01-01,83,Ensemble,3100.0,178000.0,3740
2017-04-01,83,Ensemble,3064.0,180000.0,4296
2017-07-01,83,Ensemble,3111.0,187770.0,4221
2017-10-01,83,Ensemble,3143.0,180750.0,4016
2018-01-01,83,Ensemble,3154.0,180000.0,3694
2018-04-01,83,Ensemble,3000.0,170000.0,3337
2018-07-01,83,Ensemble,3087.0,179000.0,3601
2018-10-01,83,Ensemble,2865.0,165000.0,1373
2019-01-01,83,Ensemble,3143.0,175000.0,4038
2019-04-01,83,Ensemble,3190.0,175000.0,4473
2019-07-01,83,Ensemble,3229.0,182875.0,4887
2019-10-01,83,Ensemble,3293.0,182400.0,4849
2020-01-01,83,Ensemble,3278.0,182000.0,4352
2020-04-01,83,Ensemble,3227.0,180150.0,3974
2020-07-01,83,Ensemble,3300.0,184000.0,4594
2020-10-01,83,Ensemble,3393.0,187000.0,5864
2014-01-01,83,Maison,3231.0,272000.0,951
2014-04-01,83,Maison,3254.0,265000.0,822
2014-07-01,83,Maison,3287.0,268950.0,1040
2014-10-01,83,Maison,3247.0,270000.0,959
2015-01-01,83,Maison,3182.0,265000.0,859
2015-04-01,83,Maison,3205.0,267550.0,916
2015-07-01,83,Maison,3144.0,268100.0,1127
2015-10-01,83,Maison,3235.0,270000.0,1288
2016-01-01,83,Maison,3166.0,269427.0,960
2016-04-01,83,Maison,3150.0,268750.0,1063
2016-07-01,83,Maison,3188.0,273000.0,1351
2016-10-01,83,Maison,3200.0,270000.0,1258
2017-01-01,83,Maison,3188.0,275000.0,1300
2017-04-01,83,Maison,3182.0,278000.0,1468
2017-07-01,83,Maison,3273.0,289525.0,1506
2017-10-01,83,Maison,3259.0,280000.0,1395
2018-01-01,83,Maison,3235.0,282210.0,1226
2018-04-01,83,Maison,3300.0,281420.0,1071
2018-07-01,83,Maison,3355.0,285000.0,1205
2018-10-01,83,Maison,3372.0,297250.0,400
2019-01-01,83,Maison,3236.0,285550.0,1335
2019-04-01,83,Maison,3385.0,298000.0,1417
2019-07-01,83,Maison,3482.0,302000.0,1665
2019-10-01,83,Maison,3448.0,295848.0,1610
2020-01-01,83,Maison,3440.0,297600.0,1435
2020-04-01,83,Maison,3415.0,300000.0,1265
2020-07-01,83,Maison,3426.0,299925.0,1552
2020-10-01,83,Maison,3571.0,316675.0,1994
2014-01-01,84,Appartement,1885.0,90000.0,422
2014-04-01,84,Appartement,1794.0,97500.0,408
2014-07-01,84,Appartement,1881.0,104000.0,463
2014-10-01,84,Appartement,1917.0,101000.0,423
2015-01-01,84,Appartement,1728.0,95000.0,375
2015-04-01,84,Appartement,1887.0,102700.0,501
2015-07-01,84,Appartement,1803.0,95000.0,450
2015-10-01,84,Appartement,1893.0,100500.0,534
2016-01-01,84,Appartement,1826.0,98000.0,415
2016-04-01,84,Appartement,1839.0,100000.0,524
2016-07-01,84,Appartement,1829.0,95000.0,537
2016-10-01,84,Appartement,1885.0,95000.0,544
2017-01-01,84,Appartement,1781.0,99100.0,574
2017-04-01,84,Appartement,1844.0,98500.0,603
2017-07-01,84,Appartement,1912.0,98000.0,497
2017-10-01,84,Appartement,1936.0,93175.0,460
2018-01-01,84,Appartement,2088.0,105000.0,215
2018-04-01,84,Appartement,1689.0,102500.0,54
2019-01-01,84,Appartement,1896.0,92562.0,548
2019-04-01,84,Appartement,1938.0,100425.0,628
2019-07-01,84,Appartement,1953.0,100000.0,662
2019-10-01,84,Appartement,1909.0,101420.0,669
2020-01-01,84,Appartement,1923.0,95000.0,593
2020-04-01,84,Appartement,1938.0,100000.0,659
2020-07-01,84,Appartement,2000.0,103075.0,644
2020-10-01,84,Appartement,2000.0,108000.0,725
2014-01-01,84,Ensemble,2101.0,151220.0,1026
2014-04-01,84,Ensemble,2106.0,155000.0,1058
2014-07-01,84,Ensemble,2157.0,160000.0,1183
2014-10-01,84,Ensemble,2092.0,157000.0,1137
2015-01-01,84,Ensemble,2097.0,160000.0,956
2015-04-01,84,Ensemble,2069.0,154000.0,1173
2015-07-01,84,Ensemble,2089.0,165000.0,1274
2015-10-01,84,Ensemble,2129.0,160000.0,1386
2016-01-01,84,Ensemble,2083.0,168000.0,1157
2016-04-01,84,Ensemble,2081.0,156400.0,1335
2016-07-01,84,Ensemble,2120.0,165000.0,1487
2016-10-01,84,Ensemble,2114.0,160000.0,1431
2017-01-01,84,Ensemble,2095.0,160000.0,1469
2017-04-01,84,Ensemble,2078.0,159000.0,1578
2017-07-01,84,Ensemble,2150.0,172060.0,1477
2017-10-01,84,Ensemble,2237.0,175000.0,1305
2018-01-01,84,Ensemble,2333.0,180000.0,656
2018-04-01,84,Ensemble,2150.0,175000.0,154
2019-01-01,84,Ensemble,2096.0,153000.0,1580
2019-04-01,84,Ensemble,2143.0,159000.0,1647
2019-07-01,84,Ensemble,2211.0,170050.0,1899
2019-10-01,84,Ensemble,2166.0,164500.0,1804
2020-01-01,84,Ensemble,2222.0,163000.0,1482
2020-04-01,84,Ensemble,2243.0,164000.0,1546
2020-07-01,84,Ensemble,2317.0,178000.0,1655
2020-10-01,84,Ensemble,2355.0,185000.0,1992
2014-01-01,84,Maison,2195.0,194575.0,604
2014-04-01,84,Maison,2243.0,193888.0,650
2014-07-01,84,Maison,2306.0,200000.0,720
2014-10-01,84,Maison,2168.0,190000.0,714
2015-01-01,84,Maison,2233.0,199500.0,581
2015-04-01,84,Maison,2198.0,199730.0,672
2015-07-01,84,Maison,2229.0,204000.0,824
2015-10-01,84,Maison,2258.0,197250.0,852
2016-01-01,84,Maison,2226.0,200500.0,742
2016-04-01,84,Maison,2264.0,200000.0,811
2016-07-01,84,Maison,2245.0,202250.0,950
2016-10-01,84,Maison,2222.0,200000.0,887
2017-01-01,84,Maison,2267.0,200000.0,895
2017-04-01,84,Maison,2212.0,200000.0,975
2017-07-01,84,Maison,2285.0,211583.0,980
2017-10-01,84,Maison,2393.0,212000.0,845
2018-01-01,84,Maison,2477.0,223700.0,441
2018-04-01,84,Maison,2417.0,236500.0,100
2019-01-01,84,Maison,2190.0,197330.0,1032
2019-04-01,84,Maison,2312.0,205000.0,1019
2019-07-01,84,Maison,2297.0,212000.0,1237
2019-10-01,84,Maison,2338.0,210950.0,1135
2020-01-01,84,Maison,2400.0,210150.0,889
2020-04-01,84,Maison,2444.0,223000.0,887
2020-07-01,84,Maison,2499.0,225000.0,1011
2020-10-01,84,Maison,2535.0,234900.0,1267
2014-01-01,85,Appartement,2211.0,90500.0,271
2014-04-01,85,Appartement,2270.0,88500.0,236
2014-07-01,85,Appartement,2192.0,89950.0,284
2014-10-01,85,Appartement,2359.0,100000.0,322
2015-01-01,85,Appartement,2222.0,93850.0,269
2015-04-01,85,Appartement,2209.0,93750.0,354
2015-07-01,85,Appartement,2049.0,94000.0,397
2015-10-01,85,Appartement,2312.0,98500.0,419
2016-01-01,85,Appartement,2400.0,95143.0,351
2016-04-01,85,Appartement,2238.0,94812.0,428
2016-07-01,85,Appartement,2154.0,83500.0,411
2016-10-01,85,Appartement,2321.0,98950.0,440
2017-01-01,85,Appartement,2349.0,94500.0,419
2017-04-01,85,Appartement,2214.0,90000.0,517
2017-07-01,85,Appartement,2374.0,95000.0,460
2017-10-01,85,Appartement,2479.0,102250.0,490
2018-01-01,85,Appartement,2224.0,90750.0,434
2018-04-01,85,Appartement,2273.0,97999.0,437
2018-07-01,85,Appartement,2281.0,92000.0,478
2018-10-01,85,Appartement,1960.0,88000.0,188
2019-01-01,85,Appartement,2198.0,90750.0,538
2019-04-01,85,Appartement,2378.0,97500.0,545
2019-07-01,85,Appartement,2340.0,100000.0,631
2019-10-01,85,Appartement,2466.0,95000.0,631
2020-01-01,85,Appartement,2447.0,103750.0,524
2020-04-01,85,Appartement,2391.0,100500.0,577
2020-07-01,85,Appartement,2500.0,103000.0,510
2020-10-01,85,Appartement,2567.0,105000.0,767
2014-01-01,85,Ensemble,1738.0,131500.0,1711
2014-04-01,85,Ensemble,1747.0,133000.0,1391
2014-07-01,85,Ensemble,1716.0,132000.0,1929
2014-10-01,85,Ensemble,1796.0,135000.0,1829
2015-01-01,85,Ensemble,1731.0,130000.0,1621
2015-04-01,85,Ensemble,1724.0,130000.0,1835
2015-07-01,85,Ensemble,1690.0,135000.0,2334
2015-10-01,85,Ensemble,1782.0,135000.0,2264
2016-01-01,85,Ensemble,1779.0,130500.0,1767
2016-04-01,85,Ensemble,1787.0,135000.0,2205
2016-07-01,85,Ensemble,1738.0,136000.0,2441
2016-10-01,85,Ensemble,1833.0,137000.0,2366
2017-01-01,85,Ensemble,1791.0,135000.0,2302
2017-04-01,85,Ensemble,1812.0,139000.0,2586
2017-07-01,85,Ensemble,1839.0,143300.0,2652
2017-10-01,85,Ensemble,1868.0,140000.0,2625
2018-01-01,85,Ensemble,1800.0,140000.0,2255
2018-04-01,85,Ensemble,1818.0,140000.0,2293
2018-07-01,85,Ensemble,1859.0,145000.0,2719
2018-10-01,85,Ensemble,1741.0,135500.0,1206
2019-01-01,85,Ensemble,1847.0,140000.0,2628
2019-04-01,85,Ensemble,1918.0,145000.0,2761
2019-07-01,85,Ensemble,1943.0,150000.0,3219
2019-10-01,85,Ensemble,2041.0,150000.0,3159
2020-01-01,85,Ensemble,2000.0,150000.0,2388
2020-04-01,85,Ensemble,2051.0,151000.0,2579
2020-07-01,85,Ensemble,2055.0,158000.0,2804
2020-10-01,85,Ensemble,2143.0,162000.0,3801
2014-01-01,85,Maison,1676.0,138000.0,1440
2014-04-01,85,Maison,1687.0,141200.0,1155
2014-07-01,85,Maison,1667.0,140000.0,1645
2014-10-01,85,Maison,1705.0,140000.0,1507
2015-01-01,85,Maison,1674.0,140000.0,1352
2015-04-01,85,Maison,1651.0,140000.0,1481
2015-07-01,85,Maison,1644.0,142000.0,1937
2015-10-01,85,Maison,1714.0,141300.0,1845
2016-01-01,85,Maison,1697.0,140000.0,1416
2016-04-01,85,Maison,1719.0,144000.0,1777
2016-07-01,85,Maison,1690.0,146175.0,2030
2016-10-01,85,Maison,1764.0,145000.0,1926
2017-01-01,85,Maison,1700.0,142000.0,1883
2017-04-01,85,Maison,1722.0,149000.0,2069
2017-07-01,85,Maison,1774.0,150000.0,2192
2017-10-01,85,Maison,1792.0,148000.0,2135
2018-01-01,85,Maison,1728.0,150000.0,1821
2018-04-01,85,Maison,1740.0,150000.0,1856
2018-07-01,85,Maison,1800.0,157500.0,2241
2018-10-01,85,Maison,1690.0,145000.0,1018
2019-01-01,85,Maison,1779.0,150000.0,2090
2019-04-01,85,Maison,1823.0,154000.0,2216
2019-07-01,85,Maison,1861.0,161350.0,2588
2019-10-01,85,Maison,1959.0,161885.0,2528
2020-01-01,85,Maison,1911.0,163000.0,1864
2020-04-01,85,Maison,1949.0,167000.0,2002
2020-07-01,85,Maison,1966.0,171237.0,2294
2020-10-01,85,Maison,2042.0,175000.0,3034
2014-01-01,86,Appartement,1542.0,65000.0,170
2014-04-01,86,Appartement,1519.0,74000.0,193
2014-07-01,86,Appartement,1614.0,64500.0,196
2014-10-01,86,Appartement,1583.0,67000.0,197
2015-01-01,86,Appartement,1472.0,65000.0,141
2015-04-01,86,Appartement,1548.0,63000.0,213
2015-07-01,86,Appartement,1578.0,65000.0,212
2015-10-01,86,Appartement,1544.0,62000.0,217
2016-01-01,86,Appartement,1471.0,63000.0,179
2016-04-01,86,Appartement,1419.0,62000.0,205
2016-07-01,86,Appartement,1500.0,64500.0,268
2016-10-01,86,Appartement,1524.0,64750.0,230
2017-01-01,86,Appartement,1423.0,65000.0,230
2017-04-01,86,Appartement,1500.0,70000.0,271
2017-07-01,86,Appartement,1562.0,63750.0,280
2017-10-01,86,Appartement,1562.0,69000.0,301
2018-01-01,86,Appartement,1500.0,68850.0,245
2018-04-01,86,Appartement,1448.0,66000.0,279
2018-07-01,86,Appartement,1597.0,63000.0,244
2018-10-01,86,Appartement,1475.0,72445.0,90
2019-01-01,86,Appartement,1595.0,70000.0,243
2019-04-01,86,Appartement,1567.0,73000.0,308
2019-07-01,86,Appartement,1649.0,68200.0,387
2019-10-01,86,Appartement,1622.0,70000.0,295
2020-01-01,86,Appartement,1590.0,74500.0,266
2020-04-01,86,Appartement,1580.0,77500.0,246
2020-07-01,86,Appartement,1787.0,74000.0,316
2020-10-01,86,Appartement,1897.0,72525.0,363
2014-01-01,86,Ensemble,1254.0,89000.0,755
2014-04-01,86,Ensemble,1343.0,100000.0,828
2014-07-01,86,Ensemble,1385.0,105000.0,932
2014-10-01,86,Ensemble,1294.0,95000.0,985
2015-01-01,86,Ensemble,1246.0,85000.0,632
2015-04-01,86,Ensemble,1312.0,95000.0,919
2015-07-01,86,Ensemble,1350.0,104500.0,1121
2015-10-01,86,Ensemble,1308.0,96000.0,1035
2016-01-01,86,Ensemble,1250.0,88500.0,789
2016-04-01,86,Ensemble,1231.0,95000.0,939
2016-07-01,86,Ensemble,1370.0,108650.0,1208
2016-10-01,86,Ensemble,1346.0,105000.0,1110
2017-01-01,86,Ensemble,1286.0,96000.0,994
2017-04-01,86,Ensemble,1303.0,100000.0,1141
2017-07-01,86,Ensemble,1341.0,102625.0,1212
2017-10-01,86,Ensemble,1323.0,95000.0,1181
2018-01-01,86,Ensemble,1312.0,98000.0,965
2018-04-01,86,Ensemble,1315.0,96000.0,1033
2018-07-01,86,Ensemble,1388.0,103000.0,1027
2018-10-01,86,Ensemble,1297.0,103500.0,491
2019-01-01,86,Ensemble,1303.0,95000.0,1037
2019-04-01,86,Ensemble,1357.0,100000.0,1232
2019-07-01,86,Ensemble,1391.0,104400.0,1526
2019-10-01,86,Ensemble,1358.0,99000.0,1299
2020-01-01,86,Ensemble,1366.0,100000.0,1042
2020-04-01,86,Ensemble,1354.0,105000.0,1047
2020-07-01,86,Ensemble,1434.0,113250.0,1410
2020-10-01,86,Ensemble,1389.0,105000.0,1734
2014-01-01,86,Maison,1167.0,100000.0,585
2014-04-01,86,Maison,1250.0,113000.0,635
2014-07-01,86,Maison,1299.0,119000.0,736
2014-10-01,86,Maison,1176.0,106333.0,788
2015-01-01,86,Maison,1111.0,100000.0,491
2015-04-01,86,Maison,1223.0,111735.0,706
2015-07-01,86,Maison,1278.0,120000.0,909
2015-10-01,86,Maison,1195.0,110000.0,818
2016-01-01,86,Maison,1151.0,105000.0,610
2016-04-01,86,Maison,1183.0,110000.0,734
2016-07-01,86,Maison,1314.0,122750.0,940
2016-10-01,86,Maison,1266.0,115850.0,880
2017-01-01,86,Maison,1209.0,112750.0,764
2017-04-01,86,Maison,1230.0,116550.0,870
2017-07-01,86,Maison,1269.0,122000.0,932
2017-10-01,86,Maison,1228.0,112000.0,880
2018-01-01,86,Maison,1215.0,115875.0,720
2018-04-01,86,Maison,1237.0,115750.0,754
2018-07-01,86,Maison,1312.0,124000.0,783
2018-10-01,86,Maison,1238.0,117500.0,401
2019-01-01,86,Maison,1196.0,110000.0,794
2019-04-01,86,Maison,1302.0,120000.0,924
2019-07-01,86,Maison,1299.0,125000.0,1139
2019-10-01,86,Maison,1250.0,116250.0,1004
2020-01-01,86,Maison,1272.0,117000.0,776
2020-04-01,86,Maison,1264.0,120000.0,801
2020-07-01,86,Maison,1323.0,130000.0,1094
2020-10-01,86,Maison,1250.0,120000.0,1371
2014-01-01,87,Appartement,1157.0,68000.0,252
2014-04-01,87,Appartement,1211.0,68500.0,182
2014-07-01,87,Appartement,1194.0,64000.0,221
2014-10-01,87,Appartement,1139.0,65000.0,237
2015-01-01,87,Appartement,1139.0,62000.0,229
2015-04-01,87,Appartement,1111.0,62000.0,271
2015-07-01,87,Appartement,1185.0,60000.0,274
2015-10-01,87,Appartement,1234.0,62000.0,260
2016-01-01,87,Appartement,1143.0,58000.0,238
2016-04-01,87,Appartement,1194.0,66000.0,283
2016-07-01,87,Appartement,1135.0,58500.0,303
2016-10-01,87,Appartement,1100.0,60000.0,289
2017-01-01,87,Appartement,1133.0,61500.0,303
2017-04-01,87,Appartement,1161.0,64000.0,367
2017-07-01,87,Appartement,1171.0,62664.0,362
2017-10-01,87,Appartement,1229.0,65000.0,286
2018-01-01,87,Appartement,1204.0,67850.0,306
2018-04-01,87,Appartement,1132.0,63750.0,334
2018-07-01,87,Appartement,1250.0,66879.0,359
2018-10-01,87,Appartement,1205.0,64000.0,326
2019-01-01,87,Appartement,1219.0,64300.0,343
2019-04-01,87,Appartement,1256.0,64300.0,370
2019-07-01,87,Appartement,1284.0,64850.0,450
2019-10-01,87,Appartement,1290.0,64000.0,388
2020-01-01,87,Appartement,1364.0,69250.0,346
2020-04-01,87,Appartement,1311.0,70562.0,336
2020-07-01,87,Appartement,1391.0,71500.0,371
2020-10-01,87,Appartement,1403.0,76320.0,406
2014-01-01,87,Ensemble,1141.0,82700.0,730
2014-04-01,87,Ensemble,1186.0,87000.0,604
2014-07-01,87,Ensemble,1186.0,83000.0,731
2014-10-01,87,Ensemble,1170.0,83500.0,755
2015-01-01,87,Ensemble,1116.0,80000.0,700
2015-04-01,87,Ensemble,1139.0,82000.0,800
2015-07-01,87,Ensemble,1151.0,86500.0,918
2015-10-01,87,Ensemble,1136.0,83000.0,896
2016-01-01,87,Ensemble,1136.0,81500.0,765
2016-04-01,87,Ensemble,1165.0,80000.0,826
2016-07-01,87,Ensemble,1163.0,85000.0,943
2016-10-01,87,Ensemble,1131.0,80000.0,903
2017-01-01,87,Ensemble,1143.0,82000.0,877
2017-04-01,87,Ensemble,1151.0,81610.0,1008
2017-07-01,87,Ensemble,1163.0,85000.0,1077
2017-10-01,87,Ensemble,1171.0,82000.0,914
2018-01-01,87,Ensemble,1150.0,82000.0,875
2018-04-01,87,Ensemble,1136.0,80000.0,909
2018-07-01,87,Ensemble,1228.0,85750.0,1042
2018-10-01,87,Ensemble,1188.0,84000.0,1022
2019-01-01,87,Ensemble,1188.0,80000.0,966
2019-04-01,87,Ensemble,1222.0,83190.0,970
2019-07-01,87,Ensemble,1268.0,86000.0,1183
2019-10-01,87,Ensemble,1213.0,82000.0,1114
2020-01-01,87,Ensemble,1267.0,86900.0,929
2020-04-01,87,Ensemble,1300.0,88500.0,903
2020-07-01,87,Ensemble,1305.0,91000.0,1098
2020-10-01,87,Ensemble,1275.0,90000.0,1373
2014-01-01,87,Maison,1133.0,97750.0,478
2014-04-01,87,Maison,1167.0,100000.0,422
2014-07-01,87,Maison,1176.0,96250.0,510
2014-10-01,87,Maison,1210.0,100000.0,518
2015-01-01,87,Maison,1094.0,95000.0,471
2015-04-01,87,Maison,1161.0,98000.0,529
2015-07-01,87,Maison,1146.0,104100.0,644
2015-10-01,87,Maison,1101.0,100000.0,636
2016-01-01,87,Maison,1129.0,100000.0,527
2016-04-01,87,Maison,1132.0,95000.0,543
2016-07-01,87,Maison,1192.0,100000.0,640
2016-10-01,87,Maison,1142.0,98200.0,614
2017-01-01,87,Maison,1154.0,102250.0,574
2017-04-01,87,Maison,1148.0,100000.0,641
2017-07-01,87,Maison,1149.0,105000.0,715
2017-10-01,87,Maison,1136.0,100000.0,628
2018-01-01,87,Maison,1082.0,102000.0,569
2018-04-01,87,Maison,1163.0,102000.0,575
2018-07-01,87,Maison,1195.0,110000.0,683
2018-10-01,87,Maison,1173.0,101550.0,696
2019-01-01,87,Maison,1131.0,98500.0,623
2019-04-01,87,Maison,1189.0,105000.0,600
2019-07-01,87,Maison,1245.0,111300.0,733
2019-10-01,87,Maison,1148.0,105340.0,726
2020-01-01,87,Maison,1207.0,110000.0,583
2020-04-01,87,Maison,1294.0,113720.0,567
2020-07-01,87,Maison,1240.0,111942.0,727
2020-10-01,87,Maison,1184.0,105500.0,967
2014-01-01,88,Appartement,979.0,61455.0,174
2014-04-01,88,Appartement,1000.0,65000.0,171
2014-07-01,88,Appartement,998.0,60500.0,182
2014-10-01,88,Appartement,1060.0,64750.0,216
2015-01-01,88,Appartement,955.0,58500.0,154
2015-04-01,88,Appartement,1061.0,68750.0,224
2015-07-01,88,Appartement,1042.0,66000.0,217
2015-10-01,88,Appartement,1000.0,63250.0,258
2016-01-01,88,Appartement,1023.0,60000.0,182
2016-04-01,88,Appartement,1035.0,64750.0,228
2016-07-01,88,Appartement,1041.0,62575.0,234
2016-10-01,88,Appartement,925.0,65338.0,242
2017-01-01,88,Appartement,1107.0,66000.0,219
2017-04-01,88,Appartement,954.0,61750.0,298
2017-07-01,88,Appartement,1052.0,69000.0,266
2017-10-01,88,Appartement,1080.0,69500.0,268
2018-01-01,88,Appartement,1051.0,65500.0,209
2018-04-01,88,Appartement,1000.0,60000.0,240
2018-07-01,88,Appartement,1000.0,63000.0,269
2018-10-01,88,Appartement,1038.0,60850.0,240
2019-01-01,88,Appartement,1003.0,61500.0,233
2019-04-01,88,Appartement,1047.0,67000.0,306
2019-07-01,88,Appartement,1057.0,70000.0,323
2019-10-01,88,Appartement,1089.0,68350.0,347
2020-01-01,88,Appartement,1000.0,61900.0,247
2020-04-01,88,Appartement,1016.0,65400.0,257
2020-07-01,88,Appartement,1053.0,70900.0,298
2020-10-01,88,Appartement,1080.0,67750.0,358
2014-01-01,88,Ensemble,1019.0,83000.0,569
2014-04-01,88,Ensemble,1000.0,84000.0,573
2014-07-01,88,Ensemble,1053.0,90000.0,625
2014-10-01,88,Ensemble,1007.0,82500.0,659
2015-01-01,88,Ensemble,934.0,77000.0,528
2015-04-01,88,Ensemble,1053.0,90000.0,685
2015-07-01,88,Ensemble,1084.0,87500.0,788
2015-10-01,88,Ensemble,1000.0,81000.0,769
2016-01-01,88,Ensemble,975.0,80000.0,596
2016-04-01,88,Ensemble,1000.0,81350.0,685
2016-07-01,88,Ensemble,1025.0,87500.0,829
2016-10-01,88,Ensemble,967.0,84000.0,815
2017-01-01,88,Ensemble,1007.0,87000.0,729
2017-04-01,88,Ensemble,995.0,83200.0,844
2017-07-01,88,Ensemble,1041.0,90000.0,865
2017-10-01,88,Ensemble,1012.0,83800.0,848
2018-01-01,88,Ensemble,1032.0,83500.0,666
2018-04-01,88,Ensemble,1000.0,85250.0,854
2018-07-01,88,Ensemble,1038.0,85000.0,864
2018-10-01,88,Ensemble,1029.0,83000.0,736
2019-01-01,88,Ensemble,1020.0,85000.0,775
2019-04-01,88,Ensemble,1014.0,83500.0,879
2019-07-01,88,Ensemble,1100.0,93575.0,1082
2019-10-01,88,Ensemble,1064.0,89000.0,1065
2020-01-01,88,Ensemble,969.0,83420.0,741
2020-04-01,88,Ensemble,1079.0,91289.0,768
2020-07-01,88,Ensemble,1111.0,100000.0,1049
2020-10-01,88,Ensemble,1099.0,93000.0,1214
2014-01-01,88,Maison,1031.0,99000.0,395
2014-04-01,88,Maison,1009.0,95000.0,402
2014-07-01,88,Maison,1078.0,105000.0,443
2014-10-01,88,Maison,982.0,97090.0,443
2015-01-01,88,Maison,925.0,86638.0,374
2015-04-01,88,Maison,1043.0,100000.0,461
2015-07-01,88,Maison,1095.0,100000.0,571
2015-10-01,88,Maison,984.0,96305.0,511
2016-01-01,88,Maison,964.0,94000.0,414
2016-04-01,88,Maison,961.0,95000.0,457
2016-07-01,88,Maison,1008.0,100000.0,595
2016-10-01,88,Maison,986.0,95000.0,573
2017-01-01,88,Maison,978.0,95925.0,510
2017-04-01,88,Maison,1015.0,100000.0,546
2017-07-01,88,Maison,1038.0,103000.0,599
2017-10-01,88,Maison,972.0,95000.0,580
2018-01-01,88,Maison,1025.0,92500.0,457
2018-04-01,88,Maison,1000.0,96300.0,614
2018-07-01,88,Maison,1077.0,104070.0,595
2018-10-01,88,Maison,1026.0,100000.0,496
2019-01-01,88,Maison,1030.0,100000.0,542
2019-04-01,88,Maison,1000.0,99100.0,573
2019-07-01,88,Maison,1125.0,107500.0,759
2019-10-01,88,Maison,1059.0,101000.0,718
2020-01-01,88,Maison,958.0,97175.0,494
2020-04-01,88,Maison,1130.0,112500.0,511
2020-07-01,88,Maison,1140.0,112000.0,751
2020-10-01,88,Maison,1107.0,110000.0,856
2014-01-01,89,Appartement,1388.0,75000.0,103
2014-04-01,89,Appartement,1306.0,74000.0,119
2014-07-01,89,Appartement,1356.0,75669.0,116
2014-10-01,89,Appartement,1327.0,77500.0,126
2015-01-01,89,Appartement,1285.0,69500.0,82
2015-04-01,89,Appartement,1309.0,72000.0,151
2015-07-01,89,Appartement,1375.0,75000.0,117
2015-10-01,89,Appartement,1311.0,59750.0,118
2016-01-01,89,Appartement,1328.0,67002.0,93
2016-04-01,89,Appartement,1312.0,71000.0,119
2016-07-01,89,Appartement,1310.0,70000.0,137
2016-10-01,89,Appartement,1250.0,67000.0,128
2017-01-01,89,Appartement,1274.0,66775.0,140
2017-04-01,89,Appartement,1265.0,66000.0,134
2017-07-01,89,Appartement,1306.0,64000.0,145
2017-10-01,89,Appartement,1279.0,67500.0,105
2018-01-01,89,Appartement,1268.0,73000.0,125
2018-04-01,89,Appartement,1354.0,71900.0,125
2018-07-01,89,Appartement,1258.0,65000.0,147
2018-10-01,89,Appartement,1261.0,60500.0,78
2019-01-01,89,Appartement,1339.0,72000.0,132
2019-04-01,89,Appartement,1185.0,65000.0,156
2019-07-01,89,Appartement,1277.0,67500.0,181
2019-10-01,89,Appartement,1231.0,60000.0,184
2020-01-01,89,Appartement,1250.0,64500.0,146
2020-04-01,89,Appartement,1345.0,69250.0,154
2020-07-01,89,Appartement,1273.0,70000.0,168
2020-10-01,89,Appartement,1393.0,75250.0,190
2014-01-01,89,Ensemble,1290.0,101500.0,687
2014-04-01,89,Ensemble,1262.0,96000.0,721
2014-07-01,89,Ensemble,1280.0,100000.0,780
2014-10-01,89,Ensemble,1197.0,95000.0,774
2015-01-01,89,Ensemble,1205.0,100000.0,623
2015-04-01,89,Ensemble,1231.0,99000.0,811
2015-07-01,89,Ensemble,1250.0,105000.0,934
2015-10-01,89,Ensemble,1194.0,97164.0,866
2016-01-01,89,Ensemble,1202.0,99500.0,724
2016-04-01,89,Ensemble,1248.0,100000.0,772
2016-07-01,89,Ensemble,1298.0,103000.0,915
2016-10-01,89,Ensemble,1220.0,100000.0,897
2017-01-01,89,Ensemble,1194.0,99000.0,836
2017-04-01,89,Ensemble,1222.0,98500.0,847
2017-07-01,89,Ensemble,1250.0,105000.0,981
2017-10-01,89,Ensemble,1183.0,95000.0,900
2018-01-01,89,Ensemble,1242.0,100000.0,837
2018-04-01,89,Ensemble,1215.0,101000.0,891
2018-07-01,89,Ensemble,1243.0,104100.0,1072
2018-10-01,89,Ensemble,1227.0,95000.0,653
2019-01-01,89,Ensemble,1183.0,93000.0,868
2019-04-01,89,Ensemble,1170.0,95000.0,945
2019-07-01,89,Ensemble,1241.0,100000.0,1168
2019-10-01,89,Ensemble,1200.0,92000.0,1071
2020-01-01,89,Ensemble,1210.0,100000.0,877
2020-04-01,89,Ensemble,1228.0,95000.0,862
2020-07-01,89,Ensemble,1238.0,100000.0,1137
2020-10-01,89,Ensemble,1253.0,102000.0,1460
2014-01-01,89,Maison,1261.0,108450.0,584
2014-04-01,89,Maison,1257.0,105000.0,602
2014-07-01,89,Maison,1268.0,107000.0,664
2014-10-01,89,Maison,1167.0,100000.0,648
2015-01-01,89,Maison,1194.0,105000.0,541
2015-04-01,89,Maison,1200.0,106000.0,660
2015-07-01,89,Maison,1237.0,110000.0,817
2015-10-01,89,Maison,1165.0,100000.0,748
2016-01-01,89,Maison,1188.0,104000.0,631
2016-04-01,89,Maison,1226.0,108360.0,653
2016-07-01,89,Maison,1296.0,110650.0,778
2016-10-01,89,Maison,1204.0,106000.0,769
2017-01-01,89,Maison,1173.0,104500.0,696
2017-04-01,89,Maison,1214.0,106000.0,713
2017-07-01,89,Maison,1242.0,115000.0,836
2017-10-01,89,Maison,1169.0,100000.0,795
2018-01-01,89,Maison,1237.0,107250.0,712
2018-04-01,89,Maison,1190.0,108000.0,766
2018-07-01,89,Maison,1235.0,110000.0,925
2018-10-01,89,Maison,1220.0,103500.0,575
2019-01-01,89,Maison,1147.0,100000.0,736
2019-04-01,89,Maison,1154.0,102000.0,789
2019-07-01,89,Maison,1228.0,110000.0,987
2019-10-01,89,Maison,1189.0,103000.0,887
2020-01-01,89,Maison,1200.0,110000.0,731
2020-04-01,89,Maison,1186.0,104250.0,708
2020-07-01,89,Maison,1236.0,110000.0,969
2020-10-01,89,Maison,1231.0,110000.0,1270
2014-01-01,90,Appartement,1227.0,78500.0,108
2014-04-01,90,Appartement,1125.0,60000.0,130
2014-07-01,90,Appartement,1286.0,89000.0,149
2014-10-01,90,Appartement,1190.0,85000.0,157
2015-01-01,90,Appartement,1070.0,70500.0,111
2015-04-01,90,Appartement,1119.0,75000.0,142
2015-07-01,90,Appartement,1182.0,84700.0,168
2015-10-01,90,Appartement,1102.0,83200.0,165
2016-01-01,90,Appartement,1154.0,81500.0,127
2016-04-01,90,Appartement,1166.0,88500.0,134
2016-07-01,90,Appartement,1114.0,75000.0,147
2016-10-01,90,Appartement,1125.0,70000.0,133
2017-01-01,90,Appartement,1135.0,72000.0,141
2017-04-01,90,Appartement,1083.0,72500.0,157
2017-07-01,90,Appartement,1269.0,88500.0,182
2017-10-01,90,Appartement,1167.0,72000.0,145
2018-01-01,90,Appartement,1149.0,75000.0,167
2018-04-01,90,Appartement,1139.0,76500.0,161
2018-07-01,90,Appartement,1131.0,77500.0,68
2019-01-01,90,Appartement,1176.0,68000.0,181
2019-04-01,90,Appartement,1136.0,77790.0,198
2019-07-01,90,Appartement,1221.0,85000.0,208
2019-10-01,90,Appartement,1200.0,79800.0,203
2020-01-01,90,Appartement,1173.0,79000.0,155
2020-04-01,90,Appartement,1275.0,77560.0,170
2020-07-01,90,Appartement,1271.0,82000.0,230
2020-10-01,90,Appartement,1213.0,78850.0,248
2014-01-01,90,Ensemble,1318.0,107250.0,222
2014-04-01,90,Ensemble,1295.0,106000.0,246
2014-07-01,90,Ensemble,1417.0,126450.0,324
2014-10-01,90,Ensemble,1334.0,108250.0,276
2015-01-01,90,Ensemble,1287.0,100650.0,206
2015-04-01,90,Ensemble,1274.0,108025.0,258
2015-07-01,90,Ensemble,1355.0,120000.0,332
2015-10-01,90,Ensemble,1333.0,110000.0,309
2016-01-01,90,Ensemble,1311.0,110000.0,247
2016-04-01,90,Ensemble,1300.0,115000.0,231
2016-07-01,90,Ensemble,1305.0,114700.0,306
2016-10-01,90,Ensemble,1242.0,107000.0,274
2017-01-01,90,Ensemble,1367.0,119000.0,285
2017-04-01,90,Ensemble,1220.0,100000.0,285
2017-07-01,90,Ensemble,1486.0,127100.0,349
2017-10-01,90,Ensemble,1367.0,122000.0,309
2018-01-01,90,Ensemble,1267.0,100000.0,301
2018-04-01,90,Ensemble,1304.0,112000.0,295
2018-07-01,90,Ensemble,1429.0,128625.0,132
2019-01-01,90,Ensemble,1320.0,104750.0,326
2019-04-01,90,Ensemble,1266.0,100000.0,346
2019-07-01,90,Ensemble,1372.0,120000.0,394
2019-10-01,90,Ensemble,1299.0,114490.0,382
2020-01-01,90,Ensemble,1278.0,103000.0,259
2020-04-01,90,Ensemble,1415.0,111500.0,312
2020-07-01,90,Ensemble,1419.0,118000.0,418
2020-10-01,90,Ensemble,1418.0,116000.0,444
2014-01-01,90,Maison,1472.0,141500.0,114
2014-04-01,90,Maison,1488.0,154500.0,116
2014-07-01,90,Maison,1587.0,155830.0,175
2014-10-01,90,Maison,1532.0,144500.0,119
2015-01-01,90,Maison,1585.0,140000.0,95
2015-04-01,90,Maison,1456.0,151450.0,116
2015-07-01,90,Maison,1582.0,155500.0,164
2015-10-01,90,Maison,1484.0,151080.0,144
2016-01-01,90,Maison,1483.0,158250.0,120
2016-04-01,90,Maison,1582.0,160000.0,97
2016-07-01,90,Maison,1607.0,150000.0,159
2016-10-01,90,Maison,1418.0,150000.0,141
2017-01-01,90,Maison,1639.0,151700.0,144
2017-04-01,90,Maison,1505.0,154500.0,128
2017-07-01,90,Maison,1712.0,170000.0,167
2017-10-01,90,Maison,1573.0,159500.0,164
2018-01-01,90,Maison,1491.0,144000.0,134
2018-04-01,90,Maison,1570.0,153000.0,134
2018-07-01,90,Maison,1784.0,188500.0,64
2019-01-01,90,Maison,1588.0,161000.0,145
2019-04-01,90,Maison,1592.0,150900.0,148
2019-07-01,90,Maison,1635.0,167250.0,186
2019-10-01,90,Maison,1573.0,165200.0,179
2020-01-01,90,Maison,1567.0,155450.0,104
2020-04-01,90,Maison,1552.0,155000.0,142
2020-07-01,90,Maison,1702.0,180490.0,188
2020-10-01,90,Maison,1687.0,174500.0,196
2014-01-01,91,Appartement,2727.0,152170.0,1311
2014-04-01,91,Appartement,2665.0,153000.0,1290
2014-07-01,91,Appartement,2649.0,153000.0,1414
2014-10-01,91,Appartement,2557.0,145000.0,1131
2015-01-01,91,Appartement,2648.0,145000.0,1171
2015-04-01,91,Appartement,2593.0,146000.0,1451
2015-07-01,91,Appartement,2584.0,150000.0,1664
2015-10-01,91,Appartement,2567.0,146240.0,1477
2016-01-01,91,Appartement,2553.0,145000.0,1303
2016-04-01,91,Appartement,2562.0,146000.0,1563
2016-07-01,91,Appartement,2585.0,150000.0,1678
2016-10-01,91,Appartement,2589.0,148000.0,1515
2017-01-01,91,Appartement,2667.0,147000.0,1695
2017-04-01,91,Appartement,2621.0,144000.0,1884
2017-07-01,91,Appartement,2568.0,150000.0,1978
2017-10-01,91,Appartement,2614.0,146000.0,1580
2018-01-01,91,Appartement,2627.0,147000.0,1531
2018-04-01,91,Appartement,2625.0,148250.0,1586
2018-07-01,91,Appartement,2642.0,150470.0,1862
2018-10-01,91,Appartement,2720.0,148154.0,1515
2019-01-01,91,Appartement,2708.0,149800.0,1767
2019-04-01,91,Appartement,2677.0,149000.0,1941
2019-07-01,91,Appartement,2730.0,153000.0,2370
2019-10-01,91,Appartement,2709.0,149005.0,2045
2020-01-01,91,Appartement,2781.0,155000.0,1872
2020-04-01,91,Appartement,2826.0,155000.0,1675
2020-07-01,91,Appartement,2845.0,159570.0,1873
2020-10-01,91,Appartement,2865.0,158000.0,2168
2014-01-01,91,Ensemble,2848.0,200000.0,2535
2014-04-01,91,Ensemble,2815.0,205000.0,2576
2014-07-01,91,Ensemble,2891.0,219000.0,3146
2014-10-01,91,Ensemble,2772.0,202350.0,2346
2015-01-01,91,Ensemble,2808.0,200000.0,2400
2015-04-01,91,Ensemble,2750.0,199000.0,2878
2015-07-01,91,Ensemble,2811.0,220000.0,3719
2015-10-01,91,Ensemble,2791.0,208000.0,3083
2016-01-01,91,Ensemble,2755.0,204000.0,2634
2016-04-01,91,Ensemble,2785.0,205000.0,3082
2016-07-01,91,Ensemble,2850.0,222525.0,3740
2016-10-01,91,Ensemble,2816.0,209000.0,3150
2017-01-01,91,Ensemble,2866.0,206000.0,3370
2017-04-01,91,Ensemble,2855.0,208000.0,3797
2017-07-01,91,Ensemble,2881.0,228000.0,4374
2017-10-01,91,Ensemble,2891.0,215000.0,3228
2018-01-01,91,Ensemble,2858.0,208000.0,3030
2018-04-01,91,Ensemble,2867.0,210000.0,3219
2018-07-01,91,Ensemble,2980.0,232000.0,4125
2018-10-01,91,Ensemble,2908.0,215000.0,3093
2019-01-01,91,Ensemble,2957.0,210000.0,3457
2019-04-01,91,Ensemble,2888.0,210000.0,3784
2019-07-01,91,Ensemble,3030.0,230000.0,4971
2019-10-01,91,Ensemble,2959.0,212670.0,3961
2020-01-01,91,Ensemble,2993.0,202750.0,3306
2020-04-01,91,Ensemble,3049.0,219000.0,3215
2020-07-01,91,Ensemble,3125.0,239000.0,4014
2020-10-01,91,Ensemble,3142.0,230000.0,4408
2014-01-01,91,Maison,3008.0,264794.0,1224
2014-04-01,91,Maison,2943.0,260000.0,1286
2014-07-01,91,Maison,3042.0,271750.0,1732
2014-10-01,91,Maison,2952.0,255000.0,1215
2015-01-01,91,Maison,2947.0,260000.0,1229
2015-04-01,91,Maison,2897.0,260000.0,1427
2015-07-01,91,Maison,2959.0,273000.0,2055
2015-10-01,91,Maison,2960.0,265000.0,1606
2016-01-01,91,Maison,2929.0,265000.0,1331
2016-04-01,91,Maison,2982.0,274000.0,1519
2016-07-01,91,Maison,2998.0,280000.0,2062
2016-10-01,91,Maison,2978.0,265000.0,1635
2017-01-01,91,Maison,3020.0,272000.0,1675
2017-04-01,91,Maison,3041.0,281000.0,1913
2017-07-01,91,Maison,3093.0,290000.0,2396
2017-10-01,91,Maison,3089.0,282000.0,1648
2018-01-01,91,Maison,3059.0,280000.0,1499
2018-04-01,91,Maison,3077.0,280000.0,1633
2018-07-01,91,Maison,3184.0,300255.0,2263
2018-10-01,91,Maison,3077.0,280000.0,1578
2019-01-01,91,Maison,3190.0,289700.0,1690
2019-04-01,91,Maison,3103.0,287000.0,1843
2019-07-01,91,Maison,3250.0,305000.0,2601
2019-10-01,91,Maison,3179.0,295000.0,1916
2020-01-01,91,Maison,3221.0,292800.0,1434
2020-04-01,91,Maison,3246.0,305000.0,1540
2020-07-01,91,Maison,3328.0,315000.0,2141
2020-10-01,91,Maison,3367.0,315000.0,2240
2014-01-01,92,Appartement,5419.0,262200.0,3364
2014-04-01,92,Appartement,5403.0,275000.0,3241
2014-07-01,92,Appartement,5462.0,289633.0,3737
2014-10-01,92,Appartement,5400.0,265800.0,3133
2015-01-01,92,Appartement,5371.0,268000.0,3193
2015-04-01,92,Appartement,5301.0,273500.0,3764
2015-07-01,92,Appartement,5398.0,293925.0,4670
2015-10-01,92,Appartement,5296.0,270000.0,3869
2016-01-01,92,Appartement,5338.0,275000.0,3663
2016-04-01,92,Appartement,5339.0,278000.0,4025
2016-07-01,92,Appartement,5511.0,300000.0,4781
2016-10-01,92,Appartement,5516.0,278000.0,4007
2017-01-01,92,Appartement,5574.0,281600.0,4365
2017-04-01,92,Appartement,5629.0,290000.0,4879
2017-07-01,92,Appartement,5862.0,315000.0,4961
2017-10-01,92,Appartement,5800.0,285982.0,4079
2018-01-01,92,Appartement,5882.0,294375.0,4008
2018-04-01,92,Appartement,5941.0,300000.0,4180
2018-07-01,92,Appartement,6154.0,325000.0,4452
2018-10-01,92,Appartement,6071.0,293410.0,1290
2019-01-01,92,Appartement,6218.0,308500.0,4337
2019-04-01,92,Appartement,6263.0,320000.0,4481
2019-07-01,92,Appartement,6500.0,343000.0,5170
2019-10-01,92,Appartement,6481.0,328000.0,4473
2020-01-01,92,Appartement,6684.0,339000.0,3838
2020-04-01,92,Appartement,6741.0,354250.0,3576
2020-07-01,92,Appartement,6802.0,365000.0,3880
2020-10-01,92,Appartement,6964.0,355700.0,4845
2014-01-01,92,Ensemble,5500.0,283000.0,3802
2014-04-01,92,Ensemble,5500.0,298997.0,3751
2014-07-01,92,Ensemble,5599.0,330000.0,4487
2014-10-01,92,Ensemble,5481.0,292000.0,3592
2015-01-01,92,Ensemble,5442.0,289700.0,3601
2015-04-01,92,Ensemble,5406.0,296000.0,4287
2015-07-01,92,Ensemble,5500.0,320400.0,5395
2015-10-01,92,Ensemble,5385.0,295000.0,4447
2016-01-01,92,Ensemble,5435.0,296000.0,4120
2016-04-01,92,Ensemble,5435.0,303800.0,4580
2016-07-01,92,Ensemble,5652.0,334000.0,5645
2016-10-01,92,Ensemble,5596.0,302000.0,4585
2017-01-01,92,Ensemble,5625.0,302000.0,4897
2017-04-01,92,Ensemble,5722.0,312762.0,5538
2017-07-01,92,Ensemble,5967.0,349780.0,5793
2017-10-01,92,Ensemble,5889.0,310000.0,4623
2018-01-01,92,Ensemble,5965.0,317000.0,4502
2018-04-01,92,Ensemble,6038.0,326220.0,4781
2018-07-01,92,Ensemble,6278.0,364620.0,5224
2018-10-01,92,Ensemble,6182.0,332500.0,1532
2019-01-01,92,Ensemble,6316.0,330050.0,4894
2019-04-01,92,Ensemble,6374.0,350000.0,5164
2019-07-01,92,Ensemble,6625.0,379500.0,6047
2019-10-01,92,Ensemble,6604.0,353060.0,5143
2020-01-01,92,Ensemble,6753.0,364000.0,4326
2020-04-01,92,Ensemble,6848.0,383000.0,4048
2020-07-01,92,Ensemble,6959.0,399000.0,4463
2020-10-01,92,Ensemble,7064.0,389700.0,5587
2014-01-01,92,Maison,6250.0,517500.0,438
2014-04-01,92,Maison,6440.0,592310.0,510
2014-07-01,92,Maison,6491.0,642000.0,750
2014-10-01,92,Maison,6192.0,564400.0,459
2015-01-01,92,Maison,6108.0,570000.0,408
2015-04-01,92,Maison,6167.0,600000.0,523
2015-07-01,92,Maison,6273.0,609500.0,725
2015-10-01,92,Maison,6099.0,595000.0,578
2016-01-01,92,Maison,6271.0,613960.0,457
2016-04-01,92,Maison,6212.0,630100.0,555
2016-07-01,92,Maison,6455.0,645000.0,864
2016-10-01,92,Maison,6163.0,596075.0,578
2017-01-01,92,Maison,6181.0,618260.0,532
2017-04-01,92,Maison,6517.0,643000.0,659
2017-07-01,92,Maison,6685.0,678500.0,832
2017-10-01,92,Maison,6584.0,660000.0,544
2018-01-01,92,Maison,6808.0,662855.0,494
2018-04-01,92,Maison,6804.0,670000.0,601
2018-07-01,92,Maison,6988.0,730000.0,772
2018-10-01,92,Maison,6942.0,641500.0,242
2019-01-01,92,Maison,7333.0,699097.0,557
2019-04-01,92,Maison,7245.0,695000.0,683
2019-07-01,92,Maison,7444.0,773585.0,877
2019-10-01,92,Maison,7438.0,713750.0,670
2020-01-01,92,Maison,7209.0,735500.0,488
2020-04-01,92,Maison,7544.0,779475.0,472
2020-07-01,92,Maison,7851.0,840000.0,583
2020-10-01,92,Maison,7717.0,803750.0,742
2014-01-01,93,Appartement,3174.0,147750.0,1814
2014-04-01,93,Appartement,3235.0,153000.0,1519
2014-07-01,93,Appartement,3339.0,158000.0,1749
2014-10-01,93,Appartement,3140.0,151000.0,1583
2015-01-01,93,Appartement,3162.0,151000.0,1596
2015-04-01,93,Appartement,3152.0,150000.0,1827
2015-07-01,93,Appartement,3135.0,154000.0,2066
2015-10-01,93,Appartement,3206.0,153000.0,1936
2016-01-01,93,Appartement,3182.0,155000.0,1800
2016-04-01,93,Appartement,3122.0,149000.0,1982
2016-07-01,93,Appartement,3264.0,159000.0,2314
2016-10-01,93,Appartement,3200.0,152000.0,2130
2017-01-01,93,Appartement,3182.0,156000.0,2193
2017-04-01,93,Appartement,3279.0,155000.0,2465
2017-07-01,93,Appartement,3354.0,165000.0,2421
2017-10-01,93,Appartement,3274.0,155000.0,2229
2018-01-01,93,Appartement,3267.0,160000.0,2227
2018-04-01,93,Appartement,3278.0,153000.0,1924
2018-07-01,93,Appartement,3237.0,158000.0,1718
2018-10-01,93,Appartement,3293.0,160000.0,1495
2019-01-01,93,Appartement,3398.0,167098.0,2232
2019-04-01,93,Appartement,3481.0,165000.0,2461
2019-07-01,93,Appartement,3637.0,175000.0,2762
2019-10-01,93,Appartement,3571.0,170000.0,2566
2020-01-01,93,Appartement,3676.0,177000.0,2208
2020-04-01,93,Appartement,3636.0,180000.0,1919
2020-07-01,93,Appartement,3729.0,182000.0,2330
2020-10-01,93,Appartement,3883.0,185000.0,2706
2014-01-01,93,Ensemble,3240.0,182000.0,2757
2014-04-01,93,Ensemble,3267.0,183000.0,2293
2014-07-01,93,Ensemble,3333.0,194000.0,2811
2014-10-01,93,Ensemble,3166.0,180000.0,2422
2015-01-01,93,Ensemble,3176.0,180982.0,2370
2015-04-01,93,Ensemble,3171.0,181000.0,2757
2015-07-01,93,Ensemble,3214.0,195000.0,3284
2015-10-01,93,Ensemble,3252.0,185000.0,2894
2016-01-01,93,Ensemble,3206.0,185000.0,2657
2016-04-01,93,Ensemble,3173.0,180000.0,3049
2016-07-01,93,Ensemble,3291.0,195000.0,3546
2016-10-01,93,Ensemble,3230.0,183000.0,3186
2017-01-01,93,Ensemble,3235.0,190000.0,3255
2017-04-01,93,Ensemble,3331.0,190000.0,3712
2017-07-01,93,Ensemble,3390.0,209000.0,3752
2017-10-01,93,Ensemble,3305.0,190000.0,3364
2018-01-01,93,Ensemble,3337.0,199770.0,3270
2018-04-01,93,Ensemble,3286.0,190000.0,2894
2018-07-01,93,Ensemble,3286.0,200000.0,2650
2018-10-01,93,Ensemble,3333.0,193000.0,2239
2019-01-01,93,Ensemble,3476.0,205000.0,3355
2019-04-01,93,Ensemble,3510.0,205000.0,3597
2019-07-01,93,Ensemble,3667.0,220550.0,4198
2019-10-01,93,Ensemble,3661.0,210000.0,3777
2020-01-01,93,Ensemble,3712.0,213550.0,3179
2020-04-01,93,Ensemble,3679.0,218822.0,2737
2020-07-01,93,Ensemble,3789.0,225000.0,3427
2020-10-01,93,Ensemble,3929.0,230000.0,3985
2014-01-01,93,Maison,3400.0,257000.0,943
2014-04-01,93,Maison,3351.0,259000.0,774
2014-07-01,93,Maison,3333.0,260250.0,1062
2014-10-01,93,Maison,3267.0,251500.0,839
2015-01-01,93,Maison,3186.0,250000.0,774
2015-04-01,93,Maison,3229.0,255000.0,930
2015-07-01,93,Maison,3294.0,260000.0,1218
2015-10-01,93,Maison,3333.0,256000.0,958
2016-01-01,93,Maison,3248.0,257000.0,857
2016-04-01,93,Maison,3238.0,259000.0,1067
2016-07-01,93,Maison,3311.0,265000.0,1232
2016-10-01,93,Maison,3290.0,260000.0,1056
2017-01-01,93,Maison,3333.0,259000.0,1062
2017-04-01,93,Maison,3411.0,270000.0,1247
2017-07-01,93,Maison,3462.0,280000.0,1331
2017-10-01,93,Maison,3333.0,265000.0,1135
2018-01-01,93,Maison,3433.0,275000.0,1043
2018-04-01,93,Maison,3306.0,268100.0,970
2018-07-01,93,Maison,3355.0,270000.0,932
2018-10-01,93,Maison,3406.0,270600.0,744
2019-01-01,93,Maison,3585.0,280000.0,1123
2019-04-01,93,Maison,3545.0,295000.0,1136
2019-07-01,93,Maison,3712.0,305000.0,1436
2019-10-01,93,Maison,3768.0,300000.0,1211
2020-01-01,93,Maison,3793.0,300000.0,971
2020-04-01,93,Maison,3819.0,310000.0,818
2020-07-01,93,Maison,3880.0,313000.0,1097
2020-10-01,93,Maison,4000.0,320000.0,1279
2014-01-01,94,Appartement,4080.0,202000.0,2429
2014-04-01,94,Appartement,3855.0,192000.0,1911
2014-07-01,94,Appartement,4115.0,210000.0,2402
2014-10-01,94,Appartement,3978.0,192000.0,2064
2015-01-01,94,Appartement,3933.0,190000.0,2203
2015-04-01,94,Appartement,3914.0,202000.0,2302
2015-07-01,94,Appartement,3955.0,206282.0,2934
2015-10-01,94,Appartement,4010.0,202000.0,2663
2016-01-01,94,Appartement,3905.0,197350.0,2312
2016-04-01,94,Appartement,3977.0,203000.0,2672
2016-07-01,94,Appartement,4000.0,210000.0,2987
2016-10-01,94,Appartement,4000.0,197000.0,2630
2017-01-01,94,Appartement,4095.0,205000.0,2909
2017-04-01,94,Appartement,4100.0,205000.0,3110
2017-07-01,94,Appartement,4143.0,214500.0,3283
2017-10-01,94,Appartement,4167.0,203520.0,2813
2018-01-01,94,Appartement,4247.0,207500.0,2675
2018-04-01,94,Appartement,4252.0,211000.0,2688
2018-07-01,94,Appartement,4483.0,224500.0,2597
2018-10-01,94,Appartement,4474.0,218000.0,2398
2019-01-01,94,Appartement,4294.0,214400.0,2933
2019-04-01,94,Appartement,4383.0,215000.0,3046
2019-07-01,94,Appartement,4516.0,230000.0,3414
2019-10-01,94,Appartement,4528.0,225000.0,3213
2020-01-01,94,Appartement,4674.0,228000.0,2713
2020-04-01,94,Appartement,4709.0,235000.0,2485
2020-07-01,94,Appartement,4766.0,236000.0,2822
2020-10-01,94,Appartement,4839.0,243940.0,3397
2014-01-01,94,Ensemble,4094.0,226000.0,3156
2014-04-01,94,Ensemble,3963.0,220000.0,2517
2014-07-01,94,Ensemble,4143.0,246000.0,3307
2014-10-01,94,Ensemble,4032.0,221225.0,2710
2015-01-01,94,Ensemble,3948.0,220000.0,2846
2015-04-01,94,Ensemble,3950.0,235000.0,3071
2015-07-01,94,Ensemble,4000.0,238935.0,3960
2015-10-01,94,Ensemble,4045.0,231000.0,3545
2016-01-01,94,Ensemble,3999.0,224000.0,3038
2016-04-01,94,Ensemble,4017.0,230000.0,3471
2016-07-01,94,Ensemble,4072.0,248000.0,4122
2016-10-01,94,Ensemble,4052.0,228000.0,3516
2017-01-01,94,Ensemble,4114.0,234000.0,3803
2017-04-01,94,Ensemble,4139.0,234000.0,4157
2017-07-01,94,Ensemble,4206.0,252000.0,4449
2017-10-01,94,Ensemble,4243.0,240000.0,3806
2018-01-01,94,Ensemble,4278.0,241400.0,3548
2018-04-01,94,Ensemble,4324.0,247170.0,3631
2018-07-01,94,Ensemble,4486.0,269000.0,3616
2018-10-01,94,Ensemble,4500.0,250000.0,3215
2019-01-01,94,Ensemble,4346.0,250000.0,3842
2019-04-01,94,Ensemble,4395.0,248510.0,3961
2019-07-01,94,Ensemble,4570.0,271586.0,4692
2019-10-01,94,Ensemble,4577.0,260000.0,4210
2020-01-01,94,Ensemble,4696.0,260000.0,3529
2020-04-01,94,Ensemble,4709.0,269310.0,3258
2020-07-01,94,Ensemble,4822.0,280825.0,3846
2020-10-01,94,Ensemble,4948.0,280000.0,4477
2014-01-01,94,Maison,4148.0,352000.0,727
2014-04-01,94,Maison,4211.0,360400.0,606
2014-07-01,94,Maison,4231.0,375000.0,905
2014-10-01,94,Maison,4289.0,360000.0,646
2015-01-01,94,Maison,4067.0,347550.0,643
2015-04-01,94,Maison,4038.0,357250.0,769
2015-07-01,94,Maison,4130.0,360000.0,1026
2015-10-01,94,Maison,4141.0,350325.0,882
2016-01-01,94,Maison,4202.0,350000.0,726
2016-04-01,94,Maison,4139.0,360000.0,799
2016-07-01,94,Maison,4278.0,381500.0,1135
2016-10-01,94,Maison,4232.0,365000.0,886
2017-01-01,94,Maison,4191.0,365800.0,894
2017-04-01,94,Maison,4218.0,365000.0,1047
2017-07-01,94,Maison,4353.0,390000.0,1166
2017-10-01,94,Maison,4385.0,392000.0,993
2018-01-01,94,Maison,4451.0,380000.0,873
2018-04-01,94,Maison,4578.0,400000.0,943
2018-07-01,94,Maison,4510.0,410000.0,1019
2018-10-01,94,Maison,4591.0,399500.0,817
2019-01-01,94,Maison,4559.0,400000.0,909
2019-04-01,94,Maison,4471.0,400000.0,915
2019-07-01,94,Maison,4702.0,420000.0,1278
2019-10-01,94,Maison,4746.0,419000.0,997
2020-01-01,94,Maison,4739.0,419000.0,816
2020-04-01,94,Maison,4737.0,432650.0,773
2020-07-01,94,Maison,4949.0,451750.0,1024
2020-10-01,94,Maison,5198.0,455000.0,1080
2014-01-01,95,Appartement,2857.0,160000.0,1196
2014-04-01,95,Appartement,2779.0,156000.0,1211
2014-07-01,95,Appartement,2840.0,160000.0,1221
2014-10-01,95,Appartement,2750.0,151000.0,1082
2015-01-01,95,Appartement,2773.0,152000.0,1161
2015-04-01,95,Appartement,2742.0,155000.0,1349
2015-07-01,95,Appartement,2707.0,160000.0,1471
2015-10-01,95,Appartement,2788.0,153000.0,1387
2016-01-01,95,Appartement,2717.0,152100.0,1217
2016-04-01,95,Appartement,2700.0,153000.0,1489
2016-07-01,95,Appartement,2804.0,159000.0,1610
2016-10-01,95,Appartement,2727.0,153000.0,1350
2017-01-01,95,Appartement,2793.0,154700.0,1608
2017-04-01,95,Appartement,2788.0,156000.0,1781
2017-07-01,95,Appartement,2767.0,159000.0,1726
2017-10-01,95,Appartement,2771.0,155000.0,1432
2018-01-01,95,Appartement,2781.0,157000.0,1507
2018-04-01,95,Appartement,2754.0,155000.0,1675
2018-07-01,95,Appartement,2839.0,160000.0,1708
2018-10-01,95,Appartement,2804.0,157000.0,1225
2019-01-01,95,Appartement,2871.0,160000.0,1631
2019-04-01,95,Appartement,2907.0,160000.0,1849
2019-07-01,95,Appartement,2978.0,165000.0,2167
2019-10-01,95,Appartement,2958.0,163000.0,1863
2020-01-01,95,Appartement,3000.0,165000.0,1689
2020-04-01,95,Appartement,3125.0,169343.0,1583
2020-07-01,95,Appartement,3066.0,170000.0,1768
2020-10-01,95,Appartement,3125.0,170000.0,2071
2014-01-01,95,Ensemble,2951.0,204000.0,2301
2014-04-01,95,Ensemble,2923.0,210000.0,2529
2014-07-01,95,Ensemble,2976.0,220000.0,2745
2014-10-01,95,Ensemble,2882.0,205300.0,2255
2015-01-01,95,Ensemble,2902.0,203350.0,2411
2015-04-01,95,Ensemble,2889.0,205000.0,2745
2015-07-01,95,Ensemble,2900.0,220000.0,3340
2015-10-01,95,Ensemble,2903.0,205000.0,2933
2016-01-01,95,Ensemble,2877.0,201000.0,2518
2016-04-01,95,Ensemble,2891.0,210000.0,3039
2016-07-01,95,Ensemble,2958.0,225000.0,3583
2016-10-01,95,Ensemble,2890.0,210000.0,2866
2017-01-01,95,Ensemble,2973.0,211000.0,3277
2017-04-01,95,Ensemble,2967.0,213000.0,3648
2017-07-01,95,Ensemble,3013.0,230000.0,3973
2017-10-01,95,Ensemble,3017.0,218000.0,3051
2018-01-01,95,Ensemble,2964.0,210000.0,3033
2018-04-01,95,Ensemble,2955.0,210000.0,3278
2018-07-01,95,Ensemble,3078.0,235000.0,3892
2018-10-01,95,Ensemble,3019.0,219000.0,2422
2019-01-01,95,Ensemble,3056.0,219000.0,3189
2019-04-01,95,Ensemble,3080.0,220000.0,3612
2019-07-01,95,Ensemble,3182.0,237000.0,4531
2019-10-01,95,Ensemble,3175.0,223500.0,3737
2020-01-01,95,Ensemble,3174.0,217900.0,3174
2020-04-01,95,Ensemble,3276.0,225000.0,2956
2020-07-01,95,Ensemble,3293.0,235000.0,3607
2020-10-01,95,Ensemble,3375.0,233000.0,4140
2014-01-01,95,Maison,3059.0,263110.0,1105
2014-04-01,95,Maison,3065.0,261950.0,1318
2014-07-01,95,Maison,3096.0,270000.0,1524
2014-10-01,95,Maison,3012.0,257000.0,1173
2015-01-01,95,Maison,3000.0,260000.0,1250
2015-04-01,95,Maison,3000.0,260000.0,1396
2015-07-01,95,Maison,3038.0,270000.0,1869
2015-10-01,95,Maison,3012.0,260000.0,1546
2016-01-01,95,Maison,3009.0,265000.0,1301
2016-04-01,95,Maison,3048.0,271000.0,1550
2016-07-01,95,Maison,3094.0,282500.0,1973
2016-10-01,95,Maison,3017.0,269000.0,1516
2017-01-01,95,Maison,3133.0,274000.0,1669
2017-04-01,95,Maison,3135.0,280000.0,1867
2017-07-01,95,Maison,3178.0,287000.0,2247
2017-10-01,95,Maison,3228.0,282000.0,1619
2018-01-01,95,Maison,3131.0,280000.0,1526
2018-04-01,95,Maison,3137.0,285000.0,1603
2018-07-01,95,Maison,3238.0,296500.0,2184
2018-10-01,95,Maison,3209.0,289000.0,1197
2019-01-01,95,Maison,3270.0,290000.0,1558
2019-04-01,95,Maison,3274.0,296000.0,1763
2019-07-01,95,Maison,3355.0,310000.0,2364
2019-10-01,95,Maison,3388.0,305000.0,1874
2020-01-01,95,Maison,3365.0,303000.0,1485
2020-04-01,95,Maison,3453.0,311500.0,1373
2020-07-01,95,Maison,3506.0,320000.0,1839
2020-10-01,95,Maison,3569.0,323000.0,2069
2014-01-01,971,Appartement,2000.0,87360.0,173
2014-04-01,971,Appartement,2218.0,102202.0,166
2014-07-01,971,Appartement,2533.0,116500.0,193
2014-10-01,971,Appartement,2139.0,102249.0,202
2015-01-01,971,Appartement,2248.0,113000.0,140
2015-04-01,971,Appartement,2241.0,107000.0,167
2015-07-01,971,Appartement,2285.0,112000.0,220
2015-10-01,971,Appartement,2372.0,112424.0,202
2016-01-01,971,Appartement,2193.0,120105.0,160
2016-04-01,971,Appartement,2278.0,117860.0,178
2016-07-01,971,Appartement,2364.0,126625.0,200
2016-10-01,971,Appartement,2296.0,105000.0,196
2017-01-01,971,Appartement,2500.0,125980.0,171
2017-04-01,971,Appartement,2422.0,132000.0,231
2017-07-01,971,Appartement,2517.0,128500.0,188
2017-10-01,971,Appartement,2536.0,133363.0,154
2018-01-01,971,Appartement,2250.0,130000.0,147
2018-04-01,971,Appartement,2692.0,140000.0,109
2019-01-01,971,Appartement,2558.0,121750.0,198
2019-04-01,971,Appartement,2584.0,136000.0,243
2019-07-01,971,Appartement,2679.0,131000.0,256
2019-10-01,971,Appartement,2613.0,130000.0,234
2020-01-01,971,Appartement,2607.0,125000.0,196
2020-04-01,971,Appartement,2612.0,126450.0,192
2020-07-01,971,Appartement,2486.0,128500.0,241
2020-10-01,971,Appartement,2683.0,125000.0,297
2014-01-01,971,Ensemble,1933.0,115000.0,333
2014-04-01,971,Ensemble,2124.0,124000.0,317
2014-07-01,971,Ensemble,2281.0,130700.0,380
2014-10-01,971,Ensemble,2075.0,125000.0,399
2015-01-01,971,Ensemble,2200.0,129010.0,291
2015-04-01,971,Ensemble,2017.0,130000.0,349
2015-07-01,971,Ensemble,2237.0,135000.0,428
2015-10-01,971,Ensemble,2169.0,130000.0,412
2016-01-01,971,Ensemble,2219.0,140000.0,300
2016-04-01,971,Ensemble,2314.0,139000.0,368
2016-07-01,971,Ensemble,2308.0,150000.0,391
2016-10-01,971,Ensemble,2147.0,142000.0,401
2017-01-01,971,Ensemble,2403.0,144000.0,328
2017-04-01,971,Ensemble,2289.0,145000.0,449
2017-07-01,971,Ensemble,2343.0,138500.0,364
2017-10-01,971,Ensemble,2251.0,144200.0,395
2018-01-01,971,Ensemble,2214.0,150000.0,321
2018-04-01,971,Ensemble,2465.0,156420.0,262
2018-07-01,971,Ensemble,2394.0,139975.0,73
2019-01-01,971,Ensemble,2417.0,141389.0,377
2019-04-01,971,Ensemble,2500.0,154656.0,450
2019-07-01,971,Ensemble,2517.0,160000.0,516
2019-10-01,971,Ensemble,2523.0,150500.0,478
2020-01-01,971,Ensemble,2593.0,161000.0,358
2020-04-01,971,Ensemble,2603.0,160000.0,361
2020-07-01,971,Ensemble,2613.0,160000.0,435
2020-10-01,971,Ensemble,2628.0,153500.0,549
2014-01-01,971,Maison,1796.0,174750.0,160
2014-04-01,971,Maison,2008.0,190000.0,151
2014-07-01,971,Maison,2078.0,173000.0,187
2014-10-01,971,Maison,2022.0,171440.0,197
2015-01-01,971,Maison,2137.0,170000.0,151
2015-04-01,971,Maison,1798.0,167400.0,182
2015-07-01,971,Maison,2212.0,181000.0,208
2015-10-01,971,Maison,1877.0,164500.0,210
2016-01-01,971,Maison,2240.0,204750.0,140
2016-04-01,971,Maison,2344.0,191500.0,190
2016-07-01,971,Maison,2246.0,230000.0,191
2016-10-01,971,Maison,2029.0,200000.0,205
2017-01-01,971,Maison,2105.0,211559.0,157
2017-04-01,971,Maison,2034.0,199500.0,218
2017-07-01,971,Maison,2006.0,174004.0,176
2017-10-01,971,Maison,1920.0,155000.0,241
2018-01-01,971,Maison,2089.0,192000.0,174
2018-04-01,971,Maison,2294.0,200000.0,153
2019-01-01,971,Maison,2343.0,200000.0,179
2019-04-01,971,Maison,2383.0,225000.0,207
2019-07-01,971,Maison,2446.0,232701.0,260
2019-10-01,971,Maison,2437.0,227696.0,244
2020-01-01,971,Maison,2553.0,245000.0,162
2020-04-01,971,Maison,2603.0,233900.0,169
2020-07-01,971,Maison,2873.0,261000.0,194
2020-10-01,971,Maison,2446.0,234000.0,252
2014-01-01,972,Appartement,2391.0,126000.0,119
2014-04-01,972,Appartement,2475.0,123500.0,111
2014-07-01,972,Appartement,2341.0,134600.0,135
2014-10-01,972,Appartement,2444.0,130000.0,149
2015-01-01,972,Appartement,2605.0,143000.0,111
2015-04-01,972,Appartement,2378.0,126500.0,148
2015-07-01,972,Appartement,2257.0,130000.0,193
2015-10-01,972,Appartement,2429.0,125000.0,159
2016-01-01,972,Appartement,2311.0,130000.0,146
2016-04-01,972,Appartement,2441.0,125000.0,152
2016-07-01,972,Appartement,2488.0,139500.0,181
2016-10-01,972,Appartement,2445.0,137000.0,186
2017-01-01,972,Appartement,2514.0,134000.0,147
2017-04-01,972,Appartement,2422.0,137000.0,169
2017-07-01,972,Appartement,2491.0,142000.0,165
2017-10-01,972,Appartement,2506.0,134335.0,180
2018-01-01,972,Appartement,2417.0,132000.0,131
2019-01-01,972,Appartement,2402.0,132000.0,179
2019-04-01,972,Appartement,2558.0,128000.0,215
2019-07-01,972,Appartement,2400.0,135000.0,219
2019-10-01,972,Appartement,2500.0,131000.0,235
2020-01-01,972,Appartement,2540.0,133100.0,153
2020-04-01,972,Appartement,2571.0,136000.0,161
2020-07-01,972,Appartement,2639.0,143000.0,184
2020-10-01,972,Appartement,2581.0,137000.0,241
2014-01-01,972,Ensemble,2184.0,127500.0,257
2014-04-01,972,Ensemble,2143.0,130000.0,233
2014-07-01,972,Ensemble,2104.0,138370.0,308
2014-10-01,972,Ensemble,2122.0,130000.0,341
2015-01-01,972,Ensemble,2230.0,143000.0,231
2015-04-01,972,Ensemble,2250.0,140000.0,301
2015-07-01,972,Ensemble,2200.0,145000.0,353
2015-10-01,972,Ensemble,2163.0,125000.0,348
2016-01-01,972,Ensemble,2173.0,131000.0,281
2016-04-01,972,Ensemble,2179.0,125000.0,317
2016-07-01,972,Ensemble,2243.0,150000.0,343
2016-10-01,972,Ensemble,2308.0,141000.0,357
2017-01-01,972,Ensemble,2131.0,144000.0,333
2017-04-01,972,Ensemble,2300.0,150000.0,318
2017-07-01,972,Ensemble,2368.0,155000.0,326
2017-10-01,972,Ensemble,2262.0,145000.0,391
2018-01-01,972,Ensemble,2289.0,150000.0,234
2019-01-01,972,Ensemble,2352.0,150000.0,333
2019-04-01,972,Ensemble,2461.0,142000.0,385
2019-07-01,972,Ensemble,2368.0,155000.0,421
2019-10-01,972,Ensemble,2309.0,149000.0,458
2020-01-01,972,Ensemble,2500.0,152000.0,281
2020-04-01,972,Ensemble,2531.0,155000.0,283
2020-07-01,972,Ensemble,2504.0,171536.0,412
2020-10-01,972,Ensemble,2593.0,160000.0,437
2014-01-01,972,Maison,1729.0,129125.0,138
2014-04-01,972,Maison,1811.0,142500.0,122
2014-07-01,972,Maison,1746.0,145000.0,173
2014-10-01,972,Maison,1814.0,140000.0,192
2015-01-01,972,Maison,1773.0,143500.0,120
2015-04-01,972,Maison,2064.0,171000.0,153
2015-07-01,972,Maison,1962.0,177500.0,160
2015-10-01,972,Maison,1667.0,125000.0,189
2016-01-01,972,Maison,1811.0,150000.0,135
2016-04-01,972,Maison,1750.0,125000.0,165
2016-07-01,972,Maison,1876.0,170000.0,162
2016-10-01,972,Maison,1790.0,173000.0,171
2017-01-01,972,Maison,1726.0,158500.0,186
2017-04-01,972,Maison,2183.0,210000.0,149
2017-07-01,972,Maison,2159.0,200000.0,161
2017-10-01,972,Maison,1828.0,155000.0,211
2018-01-01,972,Maison,2043.0,200000.0,103
2019-01-01,972,Maison,2322.0,200000.0,154
2019-04-01,972,Maison,2125.0,187500.0,170
2019-07-01,972,Maison,2315.0,212350.0,202
2019-10-01,972,Maison,2063.0,170000.0,223
2020-01-01,972,Maison,2453.0,220000.0,128
2020-04-01,972,Maison,2302.0,222500.0,122
2020-07-01,972,Maison,2397.0,235100.0,228
2020-10-01,972,Maison,2600.0,240000.0,196
2018-10-01,973,Appartement,2476.0,146000.0,55
2019-10-01,973,Appartement,2484.0,125000.0,68
2020-01-01,973,Appartement,2529.0,118225.0,53
2020-10-01,973,Appartement,2529.0,117000.0,77
2014-01-01,973,Ensemble,2241.0,151500.0,124
2014-04-01,973,Ensemble,2193.0,182000.0,104
2014-07-01,973,Ensemble,2192.0,175000.0,147
2014-10-01,973,Ensemble,2222.0,155000.0,147
2015-01-01,973,Ensemble,2203.0,140000.0,102
2015-04-01,973,Ensemble,2070.0,158750.0,106
2015-07-01,973,Ensemble,2289.0,165000.0,130
2015-10-01,973,Ensemble,2125.0,160000.0,151
2016-01-01,973,Ensemble,2111.0,179000.0,89
2016-04-01,973,Ensemble,2122.0,163500.0,108
2016-07-01,973,Ensemble,2273.0,165000.0,127
2016-10-01,973,Ensemble,2233.0,166200.0,122
2017-01-01,973,Ensemble,2204.0,150000.0,88
2017-04-01,973,Ensemble,2140.0,155000.0,107
2017-07-01,973,Ensemble,2094.0,155000.0,106
2017-10-01,973,Ensemble,2186.0,160500.0,126
2018-01-01,973,Ensemble,2155.0,165000.0,107
2018-04-01,973,Ensemble,2351.0,175000.0,137
2018-07-01,973,Ensemble,2361.0,188885.0,139
2018-10-01,973,Ensemble,2351.0,175000.0,149
2019-01-01,973,Ensemble,2566.0,180500.0,110
2019-04-01,973,Ensemble,2426.0,200000.0,129
2019-07-01,973,Ensemble,2385.0,180000.0,166
2019-10-01,973,Ensemble,2362.0,160000.0,174
2020-01-01,973,Ensemble,2512.0,148000.0,110
2020-04-01,973,Ensemble,2367.0,180000.0,92
2020-07-01,973,Ensemble,2323.0,167000.0,155
2020-10-01,973,Ensemble,2411.0,155000.0,210
2014-01-01,973,Maison,1744.0,164000.0,80
2014-04-01,973,Maison,2260.0,200000.0,81
2014-07-01,973,Maison,2025.0,200000.0,105
2014-10-01,973,Maison,2058.0,180000.0,101
2015-01-01,973,Maison,1860.0,146000.0,62
2015-04-01,973,Maison,1936.0,185000.0,74
2015-07-01,973,Maison,2250.0,212894.0,93
2015-10-01,973,Maison,2039.0,195000.0,105
2016-01-01,973,Maison,2034.0,205000.0,67
2016-04-01,973,Maison,1875.0,185000.0,75
2016-07-01,973,Maison,2269.0,205000.0,95
2016-10-01,973,Maison,2063.0,190400.0,84
2017-01-01,973,Maison,2108.0,200000.0,59
2017-04-01,973,Maison,1995.0,180000.0,70
2017-07-01,973,Maison,2015.0,200000.0,77
2017-10-01,973,Maison,1922.0,182500.0,88
2018-01-01,973,Maison,2119.0,187500.0,78
2018-04-01,973,Maison,2152.0,217000.0,96
2018-07-01,973,Maison,2356.0,230000.0,94
2018-10-01,973,Maison,2159.0,222500.0,94
2019-01-01,973,Maison,2497.0,235000.0,71
2019-04-01,973,Maison,2454.0,236375.0,90
2019-07-01,973,Maison,2308.0,219000.0,117
2019-10-01,973,Maison,2236.0,198500.0,106
2020-01-01,973,Maison,2500.0,221330.0,57
2020-04-01,973,Maison,2245.0,211000.0,66
2020-07-01,973,Maison,2230.0,212500.0,106
2020-10-01,973,Maison,2327.0,200000.0,133
2014-01-01,974,Appartement,2432.0,132000.0,281
2014-04-01,974,Appartement,2391.0,115000.0,217
2014-07-01,974,Appartement,2237.0,122000.0,299
2014-10-01,974,Appartement,2561.0,140000.0,401
2015-01-01,974,Appartement,2245.0,123500.0,280
2015-04-01,974,Appartement,2255.0,117228.0,318
2015-07-01,974,Appartement,2143.0,113010.0,338
2015-10-01,974,Appartement,2222.0,125000.0,381
2016-01-01,974,Appartement,2032.0,113500.0,324
2016-04-01,974,Appartement,2286.0,120000.0,383
2016-07-01,974,Appartement,2185.0,115370.0,464
2016-10-01,974,Appartement,2238.0,120000.0,499
2017-01-01,974,Appartement,2127.0,104000.0,393
2017-04-01,974,Appartement,2150.0,115000.0,416
2017-07-01,974,Appartement,2203.0,115000.0,424
2017-10-01,974,Appartement,2218.0,124000.0,436
2018-01-01,974,Appartement,2129.0,113000.0,271
2018-04-01,974,Appartement,2172.0,110000.0,259
2018-07-01,974,Appartement,2009.0,112500.0,186
2019-01-01,974,Appartement,2093.0,105000.0,442
2019-04-01,974,Appartement,2102.0,109900.0,491
2019-07-01,974,Appartement,2100.0,109500.0,562
2019-10-01,974,Appartement,2097.0,105000.0,614
2020-01-01,974,Appartement,2193.0,110000.0,441
2020-04-01,974,Appartement,2234.0,110000.0,444
2020-07-01,974,Appartement,2172.0,103000.0,506
2020-10-01,974,Appartement,2203.0,115000.0,708
2014-01-01,974,Ensemble,2273.0,150000.0,704
2014-04-01,974,Ensemble,2195.0,144000.0,575
2014-07-01,974,Ensemble,2230.0,157295.0,818
2014-10-01,974,Ensemble,2224.0,150000.0,901
2015-01-01,974,Ensemble,2137.0,150000.0,674
2015-04-01,974,Ensemble,2113.0,140000.0,776
2015-07-01,974,Ensemble,2156.0,150000.0,860
2015-10-01,974,Ensemble,2121.0,150950.0,952
2016-01-01,974,Ensemble,2075.0,145000.0,744
2016-04-01,974,Ensemble,2193.0,149000.0,892
2016-07-01,974,Ensemble,2213.0,154790.0,1079
2016-10-01,974,Ensemble,2242.0,150000.0,1047
2017-01-01,974,Ensemble,2203.0,142000.0,880
2017-04-01,974,Ensemble,2174.0,153000.0,1000
2017-07-01,974,Ensemble,2207.0,156906.0,1082
2017-10-01,974,Ensemble,2163.0,150000.0,998
2018-01-01,974,Ensemble,2291.0,154650.0,514
2018-04-01,974,Ensemble,2302.0,157955.0,552
2018-07-01,974,Ensemble,2174.0,150000.0,343
2019-01-01,974,Ensemble,2185.0,149500.0,960
2019-04-01,974,Ensemble,2249.0,157000.0,1108
2019-07-01,974,Ensemble,2256.0,165000.0,1319
2019-10-01,974,Ensemble,2227.0,154000.0,1357
2020-01-01,974,Ensemble,2298.0,160000.0,978
2020-04-01,974,Ensemble,2293.0,167778.0,947
2020-07-01,974,Ensemble,2300.0,160000.0,1118
2020-10-01,974,Ensemble,2348.0,164000.0,1517
2014-01-01,974,Maison,2119.0,179000.0,423
2014-04-01,974,Maison,2055.0,170000.0,358
2014-07-01,974,Maison,2217.0,180000.0,519
2014-10-01,974,Maison,2022.0,161000.0,500
2015-01-01,974,Maison,2055.0,170000.0,394
2015-04-01,974,Maison,2000.0,172950.0,458
2015-07-01,974,Maison,2160.0,180000.0,522
2015-10-01,974,Maison,2061.0,180000.0,571
2016-01-01,974,Maison,2092.0,181700.0,420
2016-04-01,974,Maison,2101.0,175000.0,509
2016-07-01,974,Maison,2235.0,190000.0,615
2016-10-01,974,Maison,2248.0,186529.0,548
2017-01-01,974,Maison,2283.0,190000.0,487
2017-04-01,974,Maison,2206.0,196318.0,584
2017-07-01,974,Maison,2213.0,200000.0,658
2017-10-01,974,Maison,2113.0,182000.0,562
2018-01-01,974,Maison,2431.0,237000.0,243
2018-04-01,974,Maison,2417.0,221000.0,293
2018-07-01,974,Maison,2364.0,210000.0,157
2019-01-01,974,Maison,2263.0,202500.0,518
2019-04-01,974,Maison,2400.0,219750.0,617
2019-07-01,974,Maison,2366.0,220000.0,757
2019-10-01,974,Maison,2377.0,210000.0,743
2020-01-01,974,Maison,2432.0,216000.0,537
2020-04-01,974,Maison,2361.0,219000.0,503
2020-07-01,974,Maison,2389.0,225075.0,612
2020-10-01,974,Maison,2515.0,232000.0,809
