Department,Millesime,Indicateur,Valeur
01,1968,PopulationLegale,339262
01,1975,PopulationLegale,376477
01,1982,PopulationLegale,418516
01,1990,PopulationLegale,471019
01,1999,PopulationLegale,515270
01,2007,PopulationLegale,574377
01,2008,Deces,4273
01,2008,Naissances,7323
01,2009,Deces,4337
01,2009,Naissances,7157
01,2010,Deces,4449
01,2010,Naissances,7282
01,2011,Deces,4305
01,2011,Naissances,7265
01,2012,Actifs1564,300634
01,2012,ArriveesHorsDep,25839
01,2012,Chomeurs1564,29323
01,2012,Deces,4577
01,2012,Logements,289259
01,2012,LogementsVacants,21557
01,2012,Naissances,7242
01,2012,Pop65Plus,94516
01,2012,PopUnAnPlus,603936
01,2012,Population,612191
01,2012,PopulationLegale,612191
01,2012,RPMaisons,163991
01,2012,RPProprietaires,156761
01,2012,ResidencesPrincipales,251298
01,2013,Deces,4565
01,2013,Naissances,7296
01,2014,Deces,4542
01,2014,Naissances,7354
01,2015,Deces,4832
01,2015,Naissances,6996
01,2016,Deces,4815
01,2016,Naissances,7099
01,2017,Actifs1564,313762
01,2017,ArriveesHorsDep,25444
01,2017,Chomeurs1564,32602
01,2017,Deces,5050
01,2017,Logements,313061
01,2017,LogementsVacants,25269
01,2017,Naissances,6949
01,2017,Pop65Plus,111207
01,2017,PopUnAnPlus,635556
01,2017,Population,643350
01,2017,PopulationLegale,643350
01,2017,RPMaisons,174973
01,2017,RPProprietaires,168717
01,2017,ResidencesPrincipales,270417
01,2018,Deces,5025
01,2018,Naissances,7101
01,2019,Deces,5005
01,2019,Naissances,6907
01,2020,Deces,5864
01,2020,Naissances,6806
01,2021,Deces,5312
01,2021,Naissances,7022
01,2022,Deces,5452
01,2022,Naissances,6881
01,2023,Actifs1564,333779
01,2023,ArriveesHorsDep,25672
01,2023,Chomeurs1564,28862
01,2023,Deces,5283
01,2023,Logements,338914
01,2023,LogementsVacants,25966
01,2023,Naissances,6328
01,2023,NiveauVieMedian,27990
01,2023,Pop65Plus,129318
01,2023,PopUnAnPlus,672083
01,2023,Population,679344
01,2023,PopulationLegale,679344
01,2023,RPMaisons,187318
01,2023,RPProprietaires,184867
01,2023,RPProprietaires65Plus,60861
01,2023,RPTotalAge,294496
01,2023,ResidencesPrincipales,294496
01,2023,TauxPauvrete,12
01,2024,Deces,5405
01,2024,Naissances,6214
01,2025,Deces,5496
01,2025,Naissances,6129
02,1968,PopulationLegale,525953
02,1975,PopulationLegale,533807
02,1982,PopulationLegale,533927
02,1990,PopulationLegale,537200
02,1999,PopulationLegale,535434
02,2007,PopulationLegale,537750
02,2008,Deces,5527
02,2008,Naissances,7011
02,2009,Deces,5368
02,2009,Naissances,6941
02,2010,Deces,5335
02,2010,Naissances,7050
02,2011,Deces,5340
02,2011,Naissances,6939
02,2012,Actifs1564,242671
02,2012,ArriveesHorsDep,13524
02,2012,Chomeurs1564,40770
02,2012,Deces,5598
02,2012,Logements,258110
02,2012,LogementsVacants,21348
02,2012,Naissances,6755
02,2012,Pop65Plus,92163
02,2012,PopUnAnPlus,533857
02,2012,Population,540843
02,2012,PopulationLegale,540843
02,2012,RPMaisons,173524
02,2012,RPProprietaires,141045
02,2012,ResidencesPrincipales,227182
02,2013,Deces,5617
02,2013,Naissances,6558
02,2014,Deces,5462
02,2014,Naissances,6466
02,2015,Deces,5730
02,2015,Naissances,6268
02,2016,Deces,5666
02,2016,Naissances,5824
02,2017,Actifs1564,235994
02,2017,ArriveesHorsDep,12192
02,2017,Chomeurs1564,41983
02,2017,Deces,5687
02,2017,Logements,265548
02,2017,LogementsVacants,25621
02,2017,Naissances,5890
02,2017,Pop65Plus,105311
02,2017,PopUnAnPlus,528602
02,2017,Population,534490
02,2017,PopulationLegale,534490
02,2017,RPMaisons,176369
02,2017,RPProprietaires,142239
02,2017,ResidencesPrincipales,230554
02,2018,Deces,5814
02,2018,Naissances,5571
02,2019,Deces,5831
02,2019,Naissances,5394
02,2020,Deces,6382
02,2020,Naissances,5338
02,2021,Deces,6262
02,2021,Naissances,5348
02,2022,Deces,6191
02,2022,Naissances,5354
02,2023,Actifs1564,232748
02,2023,ArriveesHorsDep,12209
02,2023,Chomeurs1564,35723
02,2023,Deces,5822
02,2023,Logements,269720
02,2023,LogementsVacants,26679
02,2023,Naissances,5082
02,2023,NiveauVieMedian,23360
02,2023,Pop65Plus,115228
02,2023,PopUnAnPlus,518250
02,2023,Population,523342
02,2023,PopulationLegale,523342
02,2023,RPMaisons,178030
02,2023,RPProprietaires,144434
02,2023,RPProprietaires65Plus,55832
02,2023,RPTotalAge,233915
02,2023,ResidencesPrincipales,233915
02,2023,TauxPauvrete,19
02,2024,Deces,5674
02,2024,Naissances,4696
02,2025,Deces,5936
02,2025,Naissances,4584
03,1968,PopulationLegale,386533
03,1975,PopulationLegale,378406
03,1982,PopulationLegale,369580
03,1990,PopulationLegale,357710
03,1999,PopulationLegale,344721
03,2007,PopulationLegale,343114
03,2008,Deces,4307
03,2008,Naissances,3289
03,2009,Deces,4301
03,2009,Naissances,3308
03,2010,Deces,4301
03,2010,Naissances,3402
03,2011,Deces,4221
03,2011,Naissances,3196
03,2012,Actifs1564,147070
03,2012,ArriveesHorsDep,10265
03,2012,Chomeurs1564,19061
03,2012,Deces,4346
03,2012,Logements,203119
03,2012,LogementsVacants,27196
03,2012,Naissances,3288
03,2012,Pop65Plus,82220
03,2012,PopUnAnPlus,339591
03,2012,Population,342911
03,2012,PopulationLegale,342911
03,2012,RPMaisons,117956
03,2012,RPProprietaires,102332
03,2012,ResidencesPrincipales,161133
03,2013,Deces,4312
03,2013,Naissances,3198
03,2014,Deces,4125
03,2014,Naissances,3152
03,2015,Deces,4436
03,2015,Naissances,2992
03,2016,Deces,4482
03,2016,Naissances,3008
03,2017,Actifs1564,143036
03,2017,ArriveesHorsDep,10614
03,2017,Chomeurs1564,20013
03,2017,Deces,4375
03,2017,Logements,207725
03,2017,LogementsVacants,30143
03,2017,Naissances,2877
03,2017,Pop65Plus,90207
03,2017,PopUnAnPlus,334971
03,2017,Population,337988
03,2017,PopulationLegale,337988
03,2017,RPMaisons,119730
03,2017,RPProprietaires,105303
03,2017,ResidencesPrincipales,162433
03,2018,Deces,4362
03,2018,Naissances,2742
03,2019,Deces,4463
03,2019,Naissances,2777
03,2020,Deces,4818
03,2020,Naissances,2594
03,2021,Deces,4628
03,2021,Naissances,2772
03,2022,Deces,4684
03,2022,Naissances,2618
03,2023,Actifs1564,141112
03,2023,ArriveesHorsDep,10732
03,2023,Chomeurs1564,16765
03,2023,Deces,4545
03,2023,Logements,210435
03,2023,LogementsVacants,30370
03,2023,Naissances,2489
03,2023,NiveauVieMedian,24430
03,2023,Pop65Plus,96438
03,2023,PopUnAnPlus,330645
03,2023,Population,333298
03,2023,PopulationLegale,333298
03,2023,RPMaisons,121621
03,2023,RPProprietaires,107614
03,2023,RPProprietaires65Plus,47868
03,2023,RPTotalAge,164718
03,2023,ResidencesPrincipales,164718
03,2023,TauxPauvrete,16
03,2024,Deces,4494
03,2024,Naissances,2498
03,2025,Deces,4435
03,2025,Naissances,2338
04,1968,PopulationLegale,104813
04,1975,PopulationLegale,112178
04,1982,PopulationLegale,119068
04,1990,PopulationLegale,130883
04,1999,PopulationLegale,139561
04,2007,PopulationLegale,156067
04,2008,Deces,1574
04,2008,Naissances,1569
04,2009,Deces,1644
04,2009,Naissances,1513
04,2010,Deces,1652
04,2010,Naissances,1547
04,2011,Deces,1657
04,2011,Naissances,1578
04,2012,Actifs1564,70546
04,2012,ArriveesHorsDep,7256
04,2012,Chomeurs1564,9328
04,2012,Deces,1674
04,2012,Logements,122087
04,2012,LogementsVacants,10007
04,2012,Naissances,1561
04,2012,Pop65Plus,36553
04,2012,PopUnAnPlus,159588
04,2012,Population,161241
04,2012,PopulationLegale,161241
04,2012,RPMaisons,48979
04,2012,RPProprietaires,43260
04,2012,ResidencesPrincipales,73890
04,2013,Deces,1723
04,2013,Naissances,1629
04,2014,Deces,1812
04,2014,Naissances,1538
04,2015,Deces,1832
04,2015,Naissances,1501
04,2016,Deces,1892
04,2016,Naissances,1499
04,2017,Actifs1564,70689
04,2017,ArriveesHorsDep,6513
04,2017,Chomeurs1564,10315
04,2017,Deces,1893
04,2017,Logements,127940
04,2017,LogementsVacants,10641
04,2017,Naissances,1447
04,2017,Pop65Plus,41596
04,2017,PopUnAnPlus,162454
04,2017,Population,163915
04,2017,PopulationLegale,163915
04,2017,RPMaisons,52365
04,2017,RPProprietaires,45822
04,2017,ResidencesPrincipales,77250
04,2018,Deces,1958
04,2018,Naissances,1395
04,2019,Deces,1961
04,2019,Naissances,1369
04,2020,Deces,2068
04,2020,Naissances,1329
04,2021,Deces,2196
04,2021,Naissances,1447
04,2022,Deces,2091
04,2022,Naissances,1373
04,2023,Actifs1564,72109
04,2023,ArriveesHorsDep,6391
04,2023,Chomeurs1564,7836
04,2023,Deces,1982
04,2023,Logements,133546
04,2023,LogementsVacants,10716
04,2023,Naissances,1282
04,2023,NiveauVieMedian,24240
04,2023,Pop65Plus,46759
04,2023,PopUnAnPlus,166747
04,2023,Population,168054
04,2023,PopulationLegale,168054
04,2023,RPMaisons,55132
04,2023,RPProprietaires,49121
04,2023,RPProprietaires65Plus,22365
04,2023,RPTotalAge,82253
04,2023,ResidencesPrincipales,82253
04,2023,TauxPauvrete,19
04,2024,Deces,2032
04,2024,Naissances,1276
04,2025,Deces,2043
04,2025,Naissances,1269
05,1968,PopulationLegale,91790
05,1975,PopulationLegale,97358
05,1982,PopulationLegale,105070
05,1990,PopulationLegale,113300
05,1999,PopulationLegale,121419
05,2007,PopulationLegale,132482
05,2008,Deces,1227
05,2008,Naissances,1441
05,2009,Deces,1258
05,2009,Naissances,1513
05,2010,Deces,1307
05,2010,Naissances,1470
05,2011,Deces,1232
05,2011,Naissances,1399
05,2012,Actifs1564,64287
05,2012,ArriveesHorsDep,5740
05,2012,Chomeurs1564,6160
05,2012,Deces,1308
05,2012,Logements,130368
05,2012,LogementsVacants,7791
05,2012,Naissances,1441
05,2012,Pop65Plus,29079
05,2012,PopUnAnPlus,138053
05,2012,Population,139554
05,2012,PopulationLegale,139554
05,2012,RPMaisons,33810
05,2012,RPProprietaires,37579
05,2012,ResidencesPrincipales,63636
05,2013,Deces,1270
05,2013,Naissances,1406
05,2014,Deces,1322
05,2014,Naissances,1383
05,2015,Deces,1410
05,2015,Naissances,1347
05,2016,Deces,1455
05,2016,Naissances,1298
05,2017,Actifs1564,64127
05,2017,ArriveesHorsDep,5325
05,2017,Chomeurs1564,6801
05,2017,Deces,1388
05,2017,Logements,135493
05,2017,LogementsVacants,8436
05,2017,Naissances,1215
05,2017,Pop65Plus,33183
05,2017,PopUnAnPlus,140003
05,2017,Population,141284
05,2017,PopulationLegale,141284
05,2017,RPMaisons,35740
05,2017,RPProprietaires,39270
05,2017,ResidencesPrincipales,65715
05,2018,Deces,1419
05,2018,Naissances,1235
05,2019,Deces,1466
05,2019,Naissances,1221
05,2020,Deces,1670
05,2020,Naissances,1157
05,2021,Deces,1572
05,2021,Naissances,1282
05,2022,Deces,1542
05,2022,Naissances,1234
05,2023,Actifs1564,64777
05,2023,ArriveesHorsDep,4756
05,2023,Chomeurs1564,5644
05,2023,Deces,1519
05,2023,Logements,141875
05,2023,LogementsVacants,7781
05,2023,Naissances,1097
05,2023,NiveauVieMedian,25060
05,2023,Pop65Plus,37830
05,2023,PopUnAnPlus,142268
05,2023,Population,143467
05,2023,PopulationLegale,143467
05,2023,RPMaisons,38243
05,2023,RPProprietaires,42995
05,2023,RPProprietaires65Plus,18733
05,2023,RPTotalAge,69994
05,2023,ResidencesPrincipales,69994
05,2023,TauxPauvrete,14
05,2024,Deces,1517
05,2024,Naissances,1122
05,2025,Deces,1617
05,2025,Naissances,1105
06,1968,PopulationLegale,722070
06,1975,PopulationLegale,816681
06,1982,PopulationLegale,881198
06,1990,PopulationLegale,971829
06,1999,PopulationLegale,1011326
06,2007,PopulationLegale,1082465
06,2008,Deces,11126
06,2008,Naissances,12275
06,2009,Deces,11050
06,2009,Naissances,11949
06,2010,Deces,10871
06,2010,Naissances,12257
06,2011,Deces,10670
06,2011,Naissances,11999
06,2012,Actifs1564,489116
06,2012,ArriveesHorsDep,32254
06,2012,Chomeurs1564,61671
06,2012,Deces,11374
06,2012,Logements,741301
06,2012,LogementsVacants,62667
06,2012,Naissances,12087
06,2012,Pop65Plus,243363
06,2012,PopUnAnPlus,1070043
06,2012,Population,1082014
06,2012,PopulationLegale,1082014
06,2012,RPMaisons,133713
06,2012,RPProprietaires,274549
06,2012,ResidencesPrincipales,503022
06,2013,Deces,11142
06,2013,Naissances,12149
06,2014,Deces,11203
06,2014,Naissances,12170
06,2015,Deces,11858
06,2015,Naissances,12068
06,2016,Deces,11643
06,2016,Naissances,11956
06,2017,Actifs1564,485490
06,2017,ArriveesHorsDep,27943
06,2017,Chomeurs1564,66451
06,2017,Deces,12099
06,2017,Logements,766748
06,2017,LogementsVacants,65117
06,2017,Naissances,11888
06,2017,Pop65Plus,261972
06,2017,PopUnAnPlus,1072120
06,2017,Population,1083310
06,2017,PopulationLegale,1083310
06,2017,RPMaisons,132788
06,2017,RPProprietaires,280586
06,2017,ResidencesPrincipales,509479
06,2018,Deces,11765
06,2018,Naissances,11631
06,2019,Deces,11817
06,2019,Naissances,11580
06,2020,Deces,12452
06,2020,Naissances,11216
06,2021,Deces,13495
06,2021,Naissances,11407
06,2022,Deces,13251
06,2022,Naissances,11227
06,2023,Actifs1564,511870
06,2023,ArriveesHorsDep,28694
06,2023,Chomeurs1564,55929
06,2023,Deces,12567
06,2023,Logements,803375
06,2023,LogementsVacants,62569
06,2023,Naissances,10380
06,2023,NiveauVieMedian,26380
06,2023,Pop65Plus,282337
06,2023,PopUnAnPlus,1118224
06,2023,Population,1128418
06,2023,PopulationLegale,1128418
06,2023,RPMaisons,138969
06,2023,RPProprietaires,300332
06,2023,RPProprietaires65Plus,130349
06,2023,RPTotalAge,543316
06,2023,ResidencesPrincipales,543316
06,2023,TauxPauvrete,18
06,2024,Deces,12313
06,2024,Naissances,9920
06,2025,Deces,12421
06,2025,Naissances,10037
07,1968,PopulationLegale,256927
07,1975,PopulationLegale,257065
07,1982,PopulationLegale,267970
07,1990,PopulationLegale,277581
07,1999,PopulationLegale,286023
07,2007,PopulationLegale,309456
07,2008,Deces,3187
07,2008,Naissances,3447
07,2009,Deces,3219
07,2009,Naissances,3307
07,2010,Deces,3382
07,2010,Naissances,3380
07,2011,Deces,3307
07,2011,Naissances,3360
07,2012,Actifs1564,140241
07,2012,ArriveesHorsDep,13368
07,2012,Chomeurs1564,17874
07,2012,Deces,3465
07,2012,Logements,191797
07,2012,LogementsVacants,17071
07,2012,Naissances,3405
07,2012,Pop65Plus,68351
07,2012,PopUnAnPlus,314904
07,2012,Population,318407
07,2012,PopulationLegale,318407
07,2012,RPMaisons,101970
07,2012,RPProprietaires,92986
07,2012,ResidencesPrincipales,139382
07,2013,Deces,3402
07,2013,Naissances,3179
07,2014,Deces,3399
07,2014,Naissances,3254
07,2015,Deces,3658
07,2015,Naissances,3249
07,2016,Deces,3628
07,2016,Naissances,2875
07,2017,Actifs1564,143011
07,2017,ArriveesHorsDep,12646
07,2017,Chomeurs1564,20126
07,2017,Deces,3787
07,2017,Logements,203015
07,2017,LogementsVacants,19746
07,2017,Naissances,2995
07,2017,Pop65Plus,78415
07,2017,PopUnAnPlus,322568
07,2017,Population,325712
07,2017,PopulationLegale,325712
07,2017,RPMaisons,107718
07,2017,RPProprietaires,97776
07,2017,ResidencesPrincipales,146535
07,2018,Deces,3828
07,2018,Naissances,2891
07,2019,Deces,3819
07,2019,Naissances,2982
07,2020,Deces,4277
07,2020,Naissances,2754
07,2021,Deces,3895
07,2021,Naissances,2890
07,2022,Deces,4119
07,2022,Naissances,2773
07,2023,Actifs1564,147694
07,2023,ArriveesHorsDep,12565
07,2023,Chomeurs1564,16004
07,2023,Deces,3889
07,2023,Logements,213609
07,2023,LogementsVacants,19633
07,2023,Naissances,2551
07,2023,NiveauVieMedian,24820
07,2023,Pop65Plus,88343
07,2023,PopUnAnPlus,331352
07,2023,Population,334231
07,2023,PopulationLegale,334231
07,2023,RPMaisons,115756
07,2023,RPProprietaires,104893
07,2023,RPProprietaires65Plus,43373
07,2023,RPTotalAge,156393
07,2023,ResidencesPrincipales,156393
07,2023,TauxPauvrete,16
07,2024,Deces,4045
07,2024,Naissances,2466
07,2025,Deces,4033
07,2025,Naissances,2450
08,1968,PopulationLegale,309380
08,1975,PopulationLegale,309306
08,1982,PopulationLegale,302338
08,1990,PopulationLegale,296357
08,1999,PopulationLegale,290130
08,2007,PopulationLegale,284749
08,2008,Deces,2784
08,2008,Naissances,3522
08,2009,Deces,2755
08,2009,Naissances,3312
08,2010,Deces,2705
08,2010,Naissances,3254
08,2011,Deces,2746
08,2011,Naissances,3137
08,2012,Actifs1564,125917
08,2012,ArriveesHorsDep,5278
08,2012,Chomeurs1564,20266
08,2012,Deces,2939
08,2012,Logements,140081
08,2012,LogementsVacants,12791
08,2012,Naissances,3258
08,2012,Pop65Plus,49925
08,2012,PopUnAnPlus,279325
08,2012,Population,282778
08,2012,PopulationLegale,282778
08,2012,RPMaisons,86530
08,2012,RPProprietaires,72722
08,2012,ResidencesPrincipales,122265
08,2013,Deces,2789
08,2013,Naissances,3021
08,2014,Deces,2735
08,2014,Naissances,2966
08,2015,Deces,2855
08,2015,Naissances,2799
08,2016,Deces,2896
08,2016,Naissances,2747
08,2017,Actifs1564,121021
08,2017,ArriveesHorsDep,5091
08,2017,Chomeurs1564,20441
08,2017,Deces,2946
08,2017,Logements,142452
08,2017,LogementsVacants,15754
08,2017,Naissances,2521
08,2017,Pop65Plus,56615
08,2017,PopUnAnPlus,270580
08,2017,Population,273579
08,2017,PopulationLegale,273579
08,2017,RPMaisons,87931
08,2017,RPProprietaires,73426
08,2017,ResidencesPrincipales,121784
08,2018,Deces,2935
08,2018,Naissances,2464
08,2019,Deces,2953
08,2019,Naissances,2566
08,2020,Deces,3195
08,2020,Naissances,2458
08,2021,Deces,3195
08,2021,Naissances,2416
08,2022,Deces,3081
08,2022,Naissances,2394
08,2023,Actifs1564,118517
08,2023,ArriveesHorsDep,4790
08,2023,Chomeurs1564,17027
08,2023,Deces,2920
08,2023,Logements,144759
08,2023,LogementsVacants,16311
08,2023,Naissances,2175
08,2023,NiveauVieMedian,23500
08,2023,Pop65Plus,61813
08,2023,PopUnAnPlus,263390
08,2023,Population,265893
08,2023,PopulationLegale,265893
08,2023,RPMaisons,89097
08,2023,RPProprietaires,73940
08,2023,RPProprietaires65Plus,29108
08,2023,RPTotalAge,122646
08,2023,ResidencesPrincipales,122646
08,2023,TauxPauvrete,20
08,2024,Deces,2837
08,2024,Naissances,2161
08,2025,Deces,2951
08,2025,Naissances,2003
09,1968,PopulationLegale,138478
09,1975,PopulationLegale,137857
09,1982,PopulationLegale,135725
09,1990,PopulationLegale,136455
09,1999,PopulationLegale,137205
09,2007,PopulationLegale,148568
09,2008,Deces,1667
09,2008,Naissances,1493
09,2009,Deces,1753
09,2009,Naissances,1452
09,2010,Deces,1754
09,2010,Naissances,1473
09,2011,Deces,1672
09,2011,Naissances,1404
09,2012,Actifs1564,66270
09,2012,ArriveesHorsDep,6389
09,2012,Chomeurs1564,9571
09,2012,Deces,1884
09,2012,Logements,105258
09,2012,LogementsVacants,9656
09,2012,Naissances,1425
09,2012,Pop65Plus,35113
09,2012,PopUnAnPlus,150879
09,2012,Population,152366
09,2012,PopulationLegale,152366
09,2012,RPMaisons,56271
09,2012,RPProprietaires,46344
09,2012,ResidencesPrincipales,69442
09,2013,Deces,1776
09,2013,Naissances,1413
09,2014,Deces,1776
09,2014,Naissances,1364
09,2015,Deces,1790
09,2015,Naissances,1377
09,2016,Deces,1833
09,2016,Naissances,1317
09,2017,Actifs1564,66171
09,2017,ArriveesHorsDep,5647
09,2017,Chomeurs1564,10433
09,2017,Deces,1946
09,2017,Logements,109392
09,2017,LogementsVacants,10643
09,2017,Naissances,1257
09,2017,Pop65Plus,38870
09,2017,PopUnAnPlus,151750
09,2017,Population,153153
09,2017,PopulationLegale,153153
09,2017,RPMaisons,58081
09,2017,RPProprietaires,47522
09,2017,ResidencesPrincipales,71654
09,2018,Deces,1857
09,2018,Naissances,1234
09,2019,Deces,1950
09,2019,Naissances,1205
09,2020,Deces,1937
09,2020,Naissances,1196
09,2021,Deces,2011
09,2021,Naissances,1205
09,2022,Deces,2168
09,2022,Naissances,1201
09,2023,Actifs1564,68171
09,2023,ArriveesHorsDep,5823
09,2023,Chomeurs1564,8929
09,2023,Deces,2034
09,2023,Logements,112208
09,2023,LogementsVacants,9348
09,2023,Naissances,1092
09,2023,NiveauVieMedian,23360
09,2023,Pop65Plus,43297
09,2023,PopUnAnPlus,154502
09,2023,Population,155722
09,2023,PopulationLegale,155722
09,2023,RPMaisons,61107
09,2023,RPProprietaires,50582
09,2023,RPProprietaires65Plus,22487
09,2023,RPTotalAge,75913
09,2023,ResidencesPrincipales,75913
09,2023,TauxPauvrete,20
09,2024,Deces,1978
09,2024,Naissances,1024
09,2025,Deces,2032
09,2025,Naissances,1069
10,1968,PopulationLegale,270325
10,1975,PopulationLegale,284823
10,1982,PopulationLegale,289300
10,1990,PopulationLegale,289207
10,1999,PopulationLegale,292131
10,2007,PopulationLegale,300840
10,2008,Deces,2925
10,2008,Naissances,3721
10,2009,Deces,2914
10,2009,Naissances,3745
10,2010,Deces,2902
10,2010,Naissances,3722
10,2011,Deces,2877
10,2011,Naissances,3635
10,2012,Actifs1564,137306
10,2012,ArriveesHorsDep,9056
10,2012,Chomeurs1564,19651
10,2012,Deces,3005
10,2012,Logements,156857
10,2012,LogementsVacants,14368
10,2012,Naissances,3587
10,2012,Pop65Plus,57665
10,2012,PopUnAnPlus,301752
10,2012,Population,305606
10,2012,PopulationLegale,305606
10,2012,RPMaisons,90425
10,2012,RPProprietaires,80368
10,2012,ResidencesPrincipales,135644
10,2013,Deces,3066
10,2013,Naissances,3436
10,2014,Deces,2973
10,2014,Naissances,3377
10,2015,Deces,3140
10,2015,Naissances,3454
10,2016,Deces,3195
10,2016,Naissances,3341
10,2017,Actifs1564,137774
10,2017,ArriveesHorsDep,8762
10,2017,Chomeurs1564,23243
10,2017,Deces,3176
10,2017,Logements,164453
10,2017,LogementsVacants,15682
10,2017,Naissances,3129
10,2017,Pop65Plus,64926
10,2017,PopUnAnPlus,306694
10,2017,Population,310020
10,2017,PopulationLegale,310020
10,2017,RPMaisons,93355
10,2017,RPProprietaires,81673
10,2017,ResidencesPrincipales,141267
10,2018,Deces,3218
10,2018,Naissances,3154
10,2019,Deces,3275
10,2019,Naissances,3107
10,2020,Deces,3492
10,2020,Naissances,3088
10,2021,Deces,3452
10,2021,Naissances,3005
10,2022,Deces,3397
10,2022,Naissances,3049
10,2023,Actifs1564,137983
10,2023,ArriveesHorsDep,8871
10,2023,Chomeurs1564,18695
10,2023,Deces,3381
10,2023,Logements,169440
10,2023,LogementsVacants,15448
10,2023,Naissances,2853
10,2023,NiveauVieMedian,24130
10,2023,Pop65Plus,71201
10,2023,PopUnAnPlus,307460
10,2023,Population,310447
10,2023,PopulationLegale,310447
10,2023,RPMaisons,96028
10,2023,RPProprietaires,84066
10,2023,RPProprietaires65Plus,33320
10,2023,RPTotalAge,145045
10,2023,ResidencesPrincipales,145045
10,2023,TauxPauvrete,18
10,2024,Deces,3431
10,2024,Naissances,2594
10,2025,Deces,3396
10,2025,Naissances,2599
11,1968,PopulationLegale,278323
11,1975,PopulationLegale,272366
11,1982,PopulationLegale,280686
11,1990,PopulationLegale,298712
11,1999,PopulationLegale,309770
11,2007,PopulationLegale,345779
11,2008,Deces,3727
11,2008,Naissances,3778
11,2009,Deces,3818
11,2009,Naissances,3797
11,2010,Deces,3887
11,2010,Naissances,3770
11,2011,Deces,3866
11,2011,Naissances,3789
11,2012,Actifs1564,153407
11,2012,ArriveesHorsDep,16312
11,2012,Chomeurs1564,26513
11,2012,Deces,4173
11,2012,Logements,246735
11,2012,LogementsVacants,20502
11,2012,Naissances,3669
11,2012,Pop65Plus,81493
11,2012,PopUnAnPlus,358293
11,2012,Population,362339
11,2012,PopulationLegale,362339
11,2012,RPMaisons,122873
11,2012,RPProprietaires,102693
11,2012,ResidencesPrincipales,162615
11,2013,Deces,4017
11,2013,Naissances,3618
11,2014,Deces,4016
11,2014,Naissances,3516
11,2015,Deces,4184
11,2015,Naissances,3531
11,2016,Deces,4401
11,2016,Naissances,3385
11,2017,Actifs1564,155399
11,2017,ArriveesHorsDep,14121
11,2017,Chomeurs1564,28634
11,2017,Deces,4381
11,2017,Logements,261180
11,2017,LogementsVacants,23016
11,2017,Naissances,3313
11,2017,Pop65Plus,93269
11,2017,PopUnAnPlus,366817
11,2017,Population,370260
11,2017,PopulationLegale,370260
11,2017,RPMaisons,128783
11,2017,RPProprietaires,107539
11,2017,ResidencesPrincipales,171947
11,2018,Deces,4546
11,2018,Naissances,3228
11,2019,Deces,4331
11,2019,Naissances,3205
11,2020,Deces,4655
11,2020,Naissances,3237
11,2021,Deces,4883
11,2021,Naissances,3246
11,2022,Deces,4947
11,2022,Naissances,3187
11,2023,Actifs1564,158823
11,2023,ArriveesHorsDep,14086
11,2023,Chomeurs1564,23296
11,2023,Deces,4815
11,2023,Logements,273100
11,2023,LogementsVacants,21192
11,2023,Naissances,3033
11,2023,NiveauVieMedian,23060
11,2023,Pop65Plus,105166
11,2023,PopUnAnPlus,376607
11,2023,Population,379648
11,2023,PopulationLegale,379648
11,2023,RPMaisons,136056
11,2023,RPProprietaires,114325
11,2023,RPProprietaires65Plus,51999
11,2023,RPTotalAge,183141
11,2023,ResidencesPrincipales,183141
11,2023,TauxPauvrete,21
11,2024,Deces,4910
11,2024,Naissances,2794
11,2025,Deces,5055
11,2025,Naissances,2688
12,1968,PopulationLegale,281568
12,1975,PopulationLegale,278306
12,1982,PopulationLegale,278654
12,1990,PopulationLegale,270141
12,1999,PopulationLegale,263808
12,2007,PopulationLegale,274425
12,2008,Deces,3270
12,2008,Naissances,2748
12,2009,Deces,3193
12,2009,Naissances,2640
12,2010,Deces,3339
12,2010,Naissances,2694
12,2011,Deces,3264
12,2011,Naissances,2682
12,2012,Actifs1564,121772
12,2012,ArriveesHorsDep,9016
12,2012,Chomeurs1564,11194
12,2012,Deces,3455
12,2012,Logements,173956
12,2012,LogementsVacants,17876
12,2012,Naissances,2615
12,2012,Pop65Plus,68264
12,2012,PopUnAnPlus,273436
12,2012,Population,276229
12,2012,PopulationLegale,276229
12,2012,RPMaisons,89750
12,2012,RPProprietaires,87278
12,2012,ResidencesPrincipales,125545
12,2013,Deces,3443
12,2013,Naissances,2475
12,2014,Deces,3267
12,2014,Naissances,2555
12,2015,Deces,3515
12,2015,Naissances,2361
12,2016,Deces,3528
12,2016,Naissances,2390
12,2017,Actifs1564,121177
12,2017,ArriveesHorsDep,8642
12,2017,Chomeurs1564,11975
12,2017,Deces,3612
12,2017,Logements,181053
12,2017,LogementsVacants,19894
12,2017,Naissances,2316
12,2017,Pop65Plus,74991
12,2017,PopUnAnPlus,276680
12,2017,Population,279206
12,2017,PopulationLegale,279206
12,2017,RPMaisons,93843
12,2017,RPProprietaires,90123
12,2017,ResidencesPrincipales,129812
12,2018,Deces,3409
12,2018,Naissances,2247
12,2019,Deces,3452
12,2019,Naissances,2175
12,2020,Deces,3626
12,2020,Naissances,2178
12,2021,Deces,3666
12,2021,Naissances,2272
12,2022,Deces,3840
12,2022,Naissances,2109
12,2023,Actifs1564,122668
12,2023,ArriveesHorsDep,8946
12,2023,Chomeurs1564,10146
12,2023,Deces,3683
12,2023,Logements,186763
12,2023,LogementsVacants,20696
12,2023,Naissances,1926
12,2023,NiveauVieMedian,24780
12,2023,Pop65Plus,80040
12,2023,PopUnAnPlus,277508
12,2023,Population,279609
12,2023,PopulationLegale,279609
12,2023,RPMaisons,97477
12,2023,RPProprietaires,93747
12,2023,RPProprietaires65Plus,40855
12,2023,RPTotalAge,134557
12,2023,ResidencesPrincipales,134557
12,2023,TauxPauvrete,14
12,2024,Deces,3699
12,2024,Naissances,1869
12,2025,Deces,3627
12,2025,Naissances,1862
13,1968,PopulationLegale,1470271
13,1975,PopulationLegale,1632974
13,1982,PopulationLegale,1724199
13,1990,PopulationLegale,1759371
13,1999,PopulationLegale,1835719
13,2007,PopulationLegale,1958926
13,2008,Deces,16481
13,2008,Naissances,25412
13,2009,Deces,16558
13,2009,Naissances,25547
13,2010,Deces,16454
13,2010,Naissances,26425
13,2011,Deces,16491
13,2011,Naissances,25909
13,2012,Actifs1564,883174
13,2012,ArriveesHorsDep,55578
13,2012,Chomeurs1564,134002
13,2012,Deces,17240
13,2012,Logements,964368
13,2012,LogementsVacants,67149
13,2012,Naissances,26328
13,2012,Pop65Plus,359107
13,2012,PopUnAnPlus,1960238
13,2012,Population,1984784
13,2012,PopulationLegale,1984784
13,2012,RPMaisons,335352
13,2012,RPProprietaires,438362
13,2012,ResidencesPrincipales,860051
13,2013,Deces,17069
13,2013,Naissances,26762
13,2014,Deces,16767
13,2014,Naissances,26384
13,2015,Deces,17897
13,2015,Naissances,26249
13,2016,Deces,17686
13,2016,Naissances,25834
13,2017,Actifs1564,887341
13,2017,ArriveesHorsDep,51218
13,2017,Chomeurs1564,132285
13,2017,Deces,18311
13,2017,Logements,1021226
13,2017,LogementsVacants,76411
13,2017,Naissances,25790
13,2017,Pop65Plus,405109
13,2017,PopUnAnPlus,2000776
13,2017,Population,2024162
13,2017,PopulationLegale,2024162
13,2017,RPMaisons,346220
13,2017,RPProprietaires,457011
13,2017,ResidencesPrincipales,898432
13,2018,Deces,18166
13,2018,Naissances,25586
13,2019,Deces,18394
13,2019,Naissances,25288
13,2020,Deces,20785
13,2020,Naissances,24670
13,2021,Deces,20892
13,2021,Naissances,24766
13,2022,Deces,20309
13,2022,Naissances,24420
13,2023,Actifs1564,933138
13,2023,ArriveesHorsDep,47409
13,2023,Chomeurs1564,107881
13,2023,Deces,18850
13,2023,Logements,1090066
13,2023,LogementsVacants,77571
13,2023,Naissances,22876
13,2023,NiveauVieMedian,25610
13,2023,Pop65Plus,443568
13,2023,PopUnAnPlus,2066205
13,2023,Population,2087658
13,2023,PopulationLegale,2087658
13,2023,RPMaisons,359316
13,2023,RPProprietaires,487403
13,2023,RPProprietaires65Plus,192307
13,2023,RPTotalAge,959660
13,2023,ResidencesPrincipales,959660
13,2023,TauxPauvrete,20
13,2024,Deces,18836
13,2024,Naissances,22488
13,2025,Deces,19335
13,2025,Naissances,21779
14,1968,PopulationLegale,518950
14,1975,PopulationLegale,560354
14,1982,PopulationLegale,589025
14,1990,PopulationLegale,617991
14,1999,PopulationLegale,647873
14,2007,PopulationLegale,673144
14,2008,Deces,5796
14,2008,Naissances,8172
14,2009,Deces,5979
14,2009,Naissances,8296
14,2010,Deces,5956
14,2010,Naissances,8104
14,2011,Deces,5996
14,2011,Naissances,8037
14,2012,Actifs1564,314914
14,2012,ArriveesHorsDep,19720
14,2012,Chomeurs1564,38692
14,2012,Deces,6391
14,2012,Logements,394027
14,2012,LogementsVacants,22844
14,2012,Naissances,7826
14,2012,Pop65Plus,123013
14,2012,PopUnAnPlus,679106
14,2012,Population,687304
14,2012,PopulationLegale,687304
14,2012,RPMaisons,197159
14,2012,RPProprietaires,170890
14,2012,ResidencesPrincipales,300724
14,2013,Deces,6386
14,2013,Naissances,7641
14,2014,Deces,6190
14,2014,Naissances,7459
14,2015,Deces,6697
14,2015,Naissances,7193
14,2016,Deces,6717
14,2016,Naissances,6921
14,2017,Actifs1564,313200
14,2017,ArriveesHorsDep,19758
14,2017,Chomeurs1564,40399
14,2017,Deces,6918
14,2017,Logements,416115
14,2017,LogementsVacants,28738
14,2017,Naissances,6675
14,2017,Pop65Plus,143486
14,2017,PopUnAnPlus,686826
14,2017,Population,694002
14,2017,PopulationLegale,694002
14,2017,RPMaisons,204990
14,2017,RPProprietaires,178305
14,2017,ResidencesPrincipales,312791
14,2018,Deces,6973
14,2018,Naissances,6680
14,2019,Deces,7063
14,2019,Naissances,6621
14,2020,Deces,7363
14,2020,Naissances,6552
14,2021,Deces,7570
14,2021,Naissances,6760
14,2022,Deces,7967
14,2022,Naissances,6378
14,2023,Actifs1564,325399
14,2023,ArriveesHorsDep,20060
14,2023,Chomeurs1564,33367
14,2023,Deces,7325
14,2023,Logements,439517
14,2023,LogementsVacants,27406
14,2023,Naissances,6097
14,2023,NiveauVieMedian,25600
14,2023,Pop65Plus,165780
14,2023,PopUnAnPlus,702872
14,2023,Population,709441
14,2023,PopulationLegale,709441
14,2023,RPMaisons,214774
14,2023,RPProprietaires,191390
14,2023,RPProprietaires65Plus,76500
14,2023,RPTotalAge,333372
14,2023,ResidencesPrincipales,333372
14,2023,TauxPauvrete,14
14,2024,Deces,7637
14,2024,Naissances,5792
14,2025,Deces,7585
14,2025,Naissances,5670
15,1968,PopulationLegale,169330
15,1975,PopulationLegale,166549
15,1982,PopulationLegale,162838
15,1990,PopulationLegale,158723
15,1999,PopulationLegale,150778
15,2007,PopulationLegale,149057
15,2008,Deces,1881
15,2008,Naissances,1300
15,2009,Deces,1885
15,2009,Naissances,1377
15,2010,Deces,1941
15,2010,Naissances,1274
15,2011,Deces,1919
15,2011,Naissances,1237
15,2012,Actifs1564,65822
15,2012,ArriveesHorsDep,4409
15,2012,Chomeurs1564,5539
15,2012,Deces,2059
15,2012,Logements,98822
15,2012,LogementsVacants,10690
15,2012,Naissances,1230
15,2012,Pop65Plus,36416
15,2012,PopUnAnPlus,146030
15,2012,Population,147415
15,2012,PopulationLegale,147415
15,2012,RPMaisons,50085
15,2012,RPProprietaires,47277
15,2012,ResidencesPrincipales,67979
15,2013,Deces,1968
15,2013,Naissances,1290
15,2014,Deces,1973
15,2014,Naissances,1214
15,2015,Deces,2049
15,2015,Naissances,1128
15,2016,Deces,2035
15,2016,Naissances,1068
15,2017,Actifs1564,64094
15,2017,ArriveesHorsDep,4452
15,2017,Chomeurs1564,5640
15,2017,Deces,2217
15,2017,Logements,101363
15,2017,LogementsVacants,12103
15,2017,Naissances,1067
15,2017,Pop65Plus,39666
15,2017,PopUnAnPlus,144002
15,2017,Population,145143
15,2017,PopulationLegale,145143
15,2017,RPMaisons,51462
15,2017,RPProprietaires,48405
15,2017,ResidencesPrincipales,68632
15,2018,Deces,2062
15,2018,Naissances,1110
15,2019,Deces,2058
15,2019,Naissances,1016
15,2020,Deces,2138
15,2020,Naissances,1029
15,2021,Deces,2211
15,2021,Naissances,1039
15,2022,Deces,2186
15,2022,Naissances,1033
15,2023,Actifs1564,62972
15,2023,ArriveesHorsDep,4448
15,2023,Chomeurs1564,4219
15,2023,Deces,2113
15,2023,Logements,103584
15,2023,LogementsVacants,11561
15,2023,Naissances,916
15,2023,NiveauVieMedian,24820
15,2023,Pop65Plus,43141
15,2023,PopUnAnPlus,143177
15,2023,Population,144196
15,2023,PopulationLegale,144196
15,2023,RPMaisons,52763
15,2023,RPProprietaires,50133
15,2023,RPProprietaires65Plus,22323
15,2023,RPTotalAge,70493
15,2023,ResidencesPrincipales,70493
15,2023,TauxPauvrete,14
15,2024,Deces,2056
15,2024,Naissances,929
15,2025,Deces,2006
15,2025,Naissances,869
16,1968,PopulationLegale,331016
16,1975,PopulationLegale,337064
16,1982,PopulationLegale,340770
16,1990,PopulationLegale,341993
16,1999,PopulationLegale,339628
16,2007,PopulationLegale,349535
16,2008,Deces,3692
16,2008,Naissances,3666
16,2009,Deces,3927
16,2009,Naissances,3408
16,2010,Deces,3765
16,2010,Naissances,3564
16,2011,Deces,3799
16,2011,Naissances,3459
16,2012,Actifs1564,159219
16,2012,ArriveesHorsDep,11678
16,2012,Chomeurs1564,20618
16,2012,Deces,3963
16,2012,Logements,191254
16,2012,LogementsVacants,18991
16,2012,Naissances,3490
16,2012,Pop65Plus,77860
16,2012,PopUnAnPlus,349996
16,2012,Population,353657
16,2012,PopulationLegale,353657
16,2012,RPMaisons,132646
16,2012,RPProprietaires,107514
16,2012,ResidencesPrincipales,160541
16,2013,Deces,3959
16,2013,Naissances,3472
16,2014,Deces,3735
16,2014,Naissances,3378
16,2015,Deces,4157
16,2015,Naissances,3272
16,2016,Deces,4103
16,2016,Naissances,3183
16,2017,Actifs1564,157555
16,2017,ArriveesHorsDep,10767
16,2017,Chomeurs1564,22212
16,2017,Deces,4191
16,2017,Logements,197059
16,2017,LogementsVacants,21228
16,2017,Naissances,3034
16,2017,Pop65Plus,86235
16,2017,PopUnAnPlus,349229
16,2017,Population,352335
16,2017,PopulationLegale,352335
16,2017,RPMaisons,135416
16,2017,RPProprietaires,109247
16,2017,ResidencesPrincipales,163566
16,2018,Deces,4233
16,2018,Naissances,2955
16,2019,Deces,4324
16,2019,Naissances,2987
16,2020,Deces,4284
16,2020,Naissances,2931
16,2021,Deces,4485
16,2021,Naissances,2984
16,2022,Deces,4667
16,2022,Naissances,3016
16,2023,Actifs1564,157950
16,2023,ArriveesHorsDep,11195
16,2023,Chomeurs1564,17757
16,2023,Deces,4424
16,2023,Logements,203479
16,2023,LogementsVacants,20333
16,2023,Naissances,2833
16,2023,NiveauVieMedian,24850
16,2023,Pop65Plus,95363
16,2023,PopUnAnPlus,349854
16,2023,Population,352683
16,2023,PopulationLegale,352683
16,2023,RPMaisons,140194
16,2023,RPProprietaires,113917
16,2023,RPProprietaires65Plus,48334
16,2023,RPTotalAge,170191
16,2023,ResidencesPrincipales,170191
16,2023,TauxPauvrete,15
16,2024,Deces,4324
16,2024,Naissances,2662
16,2025,Deces,4403
16,2025,Naissances,2606
17,1968,PopulationLegale,483622
17,1975,PopulationLegale,497859
17,1982,PopulationLegale,513220
17,1990,PopulationLegale,527146
17,1999,PopulationLegale,557024
17,2007,PopulationLegale,605410
17,2008,Deces,6666
17,2008,Naissances,6136
17,2009,Deces,6794
17,2009,Naissances,6209
17,2010,Deces,6861
17,2010,Naissances,6185
17,2011,Deces,6743
17,2011,Naissances,6065
17,2012,Actifs1564,272407
17,2012,ArriveesHorsDep,25831
17,2012,Chomeurs1564,37576
17,2012,Deces,7144
17,2012,Logements,409655
17,2012,LogementsVacants,28260
17,2012,Naissances,5916
17,2012,Pop65Plus,146354
17,2012,PopUnAnPlus,622379
17,2012,Population,628733
17,2012,PopulationLegale,628733
17,2012,RPMaisons,227929
17,2012,RPProprietaires,189250
17,2012,ResidencesPrincipales,290296
17,2013,Deces,7472
17,2013,Naissances,5778
17,2014,Deces,7124
17,2014,Naissances,5846
17,2015,Deces,7612
17,2015,Naissances,5425
17,2016,Deces,7673
17,2016,Naissances,5474
17,2017,Actifs1564,274809
17,2017,ArriveesHorsDep,24777
17,2017,Chomeurs1564,39846
17,2017,Deces,7944
17,2017,Logements,431948
17,2017,LogementsVacants,30812
17,2017,Naissances,5151
17,2017,Pop65Plus,171598
17,2017,PopUnAnPlus,639043
17,2017,Population,644303
17,2017,PopulationLegale,644303
17,2017,RPMaisons,239674
17,2017,RPProprietaires,198795
17,2017,ResidencesPrincipales,305740
17,2018,Deces,7923
17,2018,Naissances,5061
17,2019,Deces,7972
17,2019,Naissances,5149
17,2020,Deces,8204
17,2020,Naissances,4941
17,2021,Deces,8689
17,2021,Naissances,5207
17,2022,Deces,9177
17,2022,Naissances,5086
17,2023,Actifs1564,287884
17,2023,ArriveesHorsDep,25036
17,2023,Chomeurs1564,31553
17,2023,Deces,8477
17,2023,Logements,461993
17,2023,LogementsVacants,30259
17,2023,Naissances,4628
17,2023,NiveauVieMedian,25710
17,2023,Pop65Plus,200061
17,2023,PopUnAnPlus,667389
17,2023,Population,672279
17,2023,PopulationLegale,672279
17,2023,RPMaisons,257039
17,2023,RPProprietaires,217267
17,2023,RPProprietaires65Plus,101418
17,2023,RPTotalAge,329366
17,2023,ResidencesPrincipales,329366
17,2023,TauxPauvrete,13
17,2024,Deces,8679
17,2024,Naissances,4619
17,2025,Deces,8528
17,2025,Naissances,4398
18,1968,PopulationLegale,304601
18,1975,PopulationLegale,316350
18,1982,PopulationLegale,320174
18,1990,PopulationLegale,321559
18,1999,PopulationLegale,314428
18,2007,PopulationLegale,314599
18,2008,Deces,3618
18,2008,Naissances,3303
18,2009,Deces,3539
18,2009,Naissances,3229
18,2010,Deces,3597
18,2010,Naissances,3341
18,2011,Deces,3481
18,2011,Naissances,3159
18,2012,Actifs1564,138667
18,2012,ArriveesHorsDep,9894
18,2012,Chomeurs1564,18401
18,2012,Deces,3672
18,2012,Logements,174264
18,2012,LogementsVacants,18892
18,2012,Naissances,3120
18,2012,Pop65Plus,69101
18,2012,PopUnAnPlus,308673
18,2012,Population,311897
18,2012,PopulationLegale,311897
18,2012,RPMaisons,112431
18,2012,RPProprietaires,94023
18,2012,ResidencesPrincipales,142116
18,2013,Deces,3597
18,2013,Naissances,3128
18,2014,Deces,3526
18,2014,Naissances,3097
18,2015,Deces,3721
18,2015,Naissances,2825
18,2016,Deces,3815
18,2016,Naissances,2875
18,2017,Actifs1564,132672
18,2017,ArriveesHorsDep,9164
18,2017,Chomeurs1564,18405
18,2017,Deces,3725
18,2017,Logements,178580
18,2017,LogementsVacants,23200
18,2017,Naissances,2788
18,2017,Pop65Plus,76193
18,2017,PopUnAnPlus,301437
18,2017,Population,304256
18,2017,PopulationLegale,304256
18,2017,RPMaisons,114265
18,2017,RPProprietaires,94983
18,2017,ResidencesPrincipales,141923
18,2018,Deces,3881
18,2018,Naissances,2662
18,2019,Deces,3912
18,2019,Naissances,2771
18,2020,Deces,4179
18,2020,Naissances,2601
18,2021,Deces,4153
18,2021,Naissances,2665
18,2022,Deces,4070
18,2022,Naissances,2669
18,2023,Actifs1564,130086
18,2023,ArriveesHorsDep,9175
18,2023,Chomeurs1564,15051
18,2023,Deces,4144
18,2023,Logements,179931
18,2023,LogementsVacants,22012
18,2023,Naissances,2348
18,2023,NiveauVieMedian,24730
18,2023,Pop65Plus,80573
18,2023,PopUnAnPlus,296067
18,2023,Population,298660
18,2023,PopulationLegale,298660
18,2023,RPMaisons,115863
18,2023,RPProprietaires,97665
18,2023,RPProprietaires65Plus,41548
18,2023,RPTotalAge,144070
18,2023,ResidencesPrincipales,144070
18,2023,TauxPauvrete,16
18,2024,Deces,3960
18,2024,Naissances,2374
18,2025,Deces,3959
18,2025,Naissances,2322
19,1968,PopulationLegale,237858
19,1975,PopulationLegale,240363
19,1982,PopulationLegale,241448
19,1990,PopulationLegale,237908
19,1999,PopulationLegale,232576
19,2007,PopulationLegale,242038
19,2008,Deces,3048
19,2008,Naissances,2263
19,2009,Deces,3040
19,2009,Naissances,2231
19,2010,Deces,3159
19,2010,Naissances,2247
19,2011,Deces,3104
19,2011,Naissances,2196
19,2012,Actifs1564,105598
19,2012,ArriveesHorsDep,8156
19,2012,Chomeurs1564,10227
19,2012,Deces,3099
19,2012,Logements,150479
19,2012,LogementsVacants,16729
19,2012,Naissances,2163
19,2012,Pop65Plus,59358
19,2012,PopUnAnPlus,239096
19,2012,Population,241247
19,2012,PopulationLegale,241247
19,2012,RPMaisons,85036
19,2012,RPProprietaires,75426
19,2012,ResidencesPrincipales,111118
19,2013,Deces,3161
19,2013,Naissances,2055
19,2014,Deces,3046
19,2014,Naissances,2094
19,2015,Deces,3155
19,2015,Naissances,1946
19,2016,Deces,3191
19,2016,Naissances,1986
19,2017,Actifs1564,104622
19,2017,ArriveesHorsDep,8284
19,2017,Chomeurs1564,11513
19,2017,Deces,3135
19,2017,Logements,154124
19,2017,LogementsVacants,16789
19,2017,Naissances,1919
19,2017,Pop65Plus,64555
19,2017,PopUnAnPlus,239438
19,2017,Population,241464
19,2017,PopulationLegale,241464
19,2017,RPMaisons,88175
19,2017,RPProprietaires,77806
19,2017,ResidencesPrincipales,113903
19,2018,Deces,3179
19,2018,Naissances,1907
19,2019,Deces,3243
19,2019,Naissances,1831
19,2020,Deces,3183
19,2020,Naissances,1864
19,2021,Deces,3353
19,2021,Naissances,1863
19,2022,Deces,3388
19,2022,Naissances,1880
19,2023,Actifs1564,104493
19,2023,ArriveesHorsDep,8346
19,2023,Chomeurs1564,9647
19,2023,Deces,3279
19,2023,Logements,157660
19,2023,LogementsVacants,17121
19,2023,Naissances,1690
19,2023,NiveauVieMedian,24910
19,2023,Pop65Plus,69353
19,2023,PopUnAnPlus,238888
19,2023,Population,240826
19,2023,PopulationLegale,240826
19,2023,RPMaisons,90893
19,2023,RPProprietaires,80918
19,2023,RPProprietaires65Plus,36110
19,2023,RPTotalAge,117283
19,2023,ResidencesPrincipales,117283
19,2023,TauxPauvrete,14
19,2024,Deces,3190
19,2024,Naissances,1614
19,2025,Deces,3212
19,2025,Naissances,1697
21,1968,PopulationLegale,421192
21,1975,PopulationLegale,456070
21,1982,PopulationLegale,473548
21,1990,PopulationLegale,493866
21,1999,PopulationLegale,506755
21,2007,PopulationLegale,519143
21,2008,Deces,4362
21,2008,Naissances,5960
21,2009,Deces,4481
21,2009,Naissances,5852
21,2010,Deces,4403
21,2010,Naissances,5963
21,2011,Deces,4500
21,2011,Naissances,5906
21,2012,Actifs1564,252730
21,2012,ArriveesHorsDep,18649
21,2012,Chomeurs1564,27035
21,2012,Deces,4701
21,2012,Logements,275140
21,2012,LogementsVacants,21922
21,2012,Naissances,5905
21,2012,Pop65Plus,93724
21,2012,PopUnAnPlus,521393
21,2012,Population,527403
21,2012,PopulationLegale,527403
21,2012,RPMaisons,128745
21,2012,RPProprietaires,145160
21,2012,ResidencesPrincipales,238872
21,2013,Deces,4688
21,2013,Naissances,5769
21,2014,Deces,4422
21,2014,Naissances,5779
21,2015,Deces,4808
21,2015,Naissances,5484
21,2016,Deces,4819
21,2016,Naissances,5378
21,2017,Actifs1564,249235
21,2017,ArriveesHorsDep,18142
21,2017,Chomeurs1564,29201
21,2017,Deces,5070
21,2017,Logements,287831
21,2017,LogementsVacants,24079
21,2017,Naissances,5394
21,2017,Pop65Plus,108152
21,2017,PopUnAnPlus,528259
21,2017,Population,533819
21,2017,PopulationLegale,533819
21,2017,RPMaisons,132915
21,2017,RPProprietaires,148419
21,2017,ResidencesPrincipales,247908
21,2018,Deces,4975
21,2018,Naissances,5191
21,2019,Deces,4920
21,2019,Naissances,5062
21,2020,Deces,5594
21,2020,Naissances,5165
21,2021,Deces,5091
21,2021,Naissances,4977
21,2022,Deces,5402
21,2022,Naissances,4878
21,2023,Actifs1564,255849
21,2023,ArriveesHorsDep,18247
21,2023,Chomeurs1564,24255
21,2023,Deces,5279
21,2023,Logements,303837
21,2023,LogementsVacants,25071
21,2023,Naissances,4514
21,2023,NiveauVieMedian,26560
21,2023,Pop65Plus,120012
21,2023,PopUnAnPlus,535393
21,2023,Population,540100
21,2023,PopulationLegale,540100
21,2023,RPMaisons,137631
21,2023,RPProprietaires,155964
21,2023,RPProprietaires65Plus,60483
21,2023,RPTotalAge,261017
21,2023,ResidencesPrincipales,261017
21,2023,TauxPauvrete,13
21,2024,Deces,5235
21,2024,Naissances,4333
21,2025,Deces,5289
21,2025,Naissances,4239
22,1968,PopulationLegale,506102
22,1975,PopulationLegale,525556
22,1982,PopulationLegale,538869
22,1990,PopulationLegale,538395
22,1999,PopulationLegale,542373
22,2007,PopulationLegale,576049
22,2008,Deces,6672
22,2008,Naissances,6494
22,2009,Deces,6607
22,2009,Naissances,6559
22,2010,Deces,6598
22,2010,Naissances,6438
22,2011,Deces,6835
22,2011,Naissances,6221
22,2012,Actifs1564,255209
22,2012,ArriveesHorsDep,18455
22,2012,Chomeurs1564,27673
22,2012,Deces,6917
22,2012,Logements,350943
22,2012,LogementsVacants,28108
22,2012,Naissances,6184
22,2012,Pop65Plus,134402
22,2012,PopUnAnPlus,588940
22,2012,Population,595531
22,2012,PopulationLegale,595531
22,2012,RPMaisons,221453
22,2012,RPProprietaires,189451
22,2012,ResidencesPrincipales,267662
22,2013,Deces,7138
22,2013,Naissances,5927
22,2014,Deces,6860
22,2014,Naissances,5790
22,2015,Deces,7262
22,2015,Naissances,5606
22,2016,Deces,7282
22,2016,Naissances,5409
22,2017,Actifs1564,254429
22,2017,ArriveesHorsDep,17854
22,2017,Chomeurs1564,29883
22,2017,Deces,7415
22,2017,Logements,366683
22,2017,LogementsVacants,32432
22,2017,Naissances,5332
22,2017,Pop65Plus,151012
22,2017,PopUnAnPlus,593074
22,2017,Population,598814
22,2017,PopulationLegale,598814
22,2017,RPMaisons,228862
22,2017,RPProprietaires,195614
22,2017,ResidencesPrincipales,275171
22,2018,Deces,7588
22,2018,Naissances,5313
22,2019,Deces,7723
22,2019,Naissances,5132
22,2020,Deces,7711
22,2020,Naissances,5082
22,2021,Deces,7935
22,2021,Naissances,5398
22,2022,Deces,8590
22,2022,Naissances,4991
22,2023,Actifs1564,263651
22,2023,ArriveesHorsDep,19428
22,2023,Chomeurs1564,25230
22,2023,Deces,8078
22,2023,Logements,382287
22,2023,LogementsVacants,30030
22,2023,Naissances,4609
22,2023,NiveauVieMedian,25590
22,2023,Pop65Plus,169102
22,2023,PopUnAnPlus,606912
22,2023,Population,611859
22,2023,PopulationLegale,611859
22,2023,RPMaisons,240592
22,2023,RPProprietaires,207485
22,2023,RPProprietaires65Plus,90300
22,2023,RPTotalAge,290789
22,2023,ResidencesPrincipales,290789
22,2023,TauxPauvrete,12
22,2024,Deces,8030
22,2024,Naissances,4599
22,2025,Deces,7925
22,2025,Naissances,4429
23,1968,PopulationLegale,156876
23,1975,PopulationLegale,146214
23,1982,PopulationLegale,139968
23,1990,PopulationLegale,131349
23,1999,PopulationLegale,124470
23,2007,PopulationLegale,123861
23,2008,Deces,1860
23,2008,Naissances,1029
23,2009,Deces,1996
23,2009,Naissances,1044
23,2010,Deces,1882
23,2010,Naissances,919
23,2011,Deces,1949
23,2011,Naissances,967
23,2012,Actifs1564,50870
23,2012,ArriveesHorsDep,4407
23,2012,Chomeurs1564,6033
23,2012,Deces,1929
23,2012,Logements,87178
23,2012,LogementsVacants,11911
23,2012,Naissances,998
23,2012,Pop65Plus,33036
23,2012,PopUnAnPlus,120543
23,2012,Population,121517
23,2012,PopulationLegale,121517
23,2012,RPMaisons,48142
23,2012,RPProprietaires,41256
23,2012,ResidencesPrincipales,57538
23,2013,Deces,1881
23,2013,Naissances,897
23,2014,Deces,1866
23,2014,Naissances,879
23,2015,Deces,1984
23,2015,Naissances,885
23,2016,Deces,1976
23,2016,Naissances,822
23,2017,Actifs1564,49300
23,2017,ArriveesHorsDep,4142
23,2017,Chomeurs1564,6204
23,2017,Deces,1985
23,2017,Logements,88506
23,2017,LogementsVacants,13195
23,2017,Naissances,834
23,2017,Pop65Plus,35018
23,2017,PopUnAnPlus,117712
23,2017,Population,118638
23,2017,PopulationLegale,118638
23,2017,RPMaisons,48746
23,2017,RPProprietaires,41653
23,2017,ResidencesPrincipales,57546
23,2018,Deces,1939
23,2018,Naissances,802
23,2019,Deces,1956
23,2019,Naissances,772
23,2020,Deces,2013
23,2020,Naissances,758
23,2021,Deces,2006
23,2021,Naissances,788
23,2022,Deces,2122
23,2022,Naissances,760
23,2023,Actifs1564,47313
23,2023,ArriveesHorsDep,4153
23,2023,Chomeurs1564,5161
23,2023,Deces,1915
23,2023,Logements,89365
23,2023,LogementsVacants,13664
23,2023,Naissances,770
23,2023,NiveauVieMedian,23210
23,2023,Pop65Plus,36804
23,2023,PopUnAnPlus,114731
23,2023,Population,115527
23,2023,PopulationLegale,115527
23,2023,RPMaisons,49388
23,2023,RPProprietaires,42381
23,2023,RPProprietaires65Plus,19750
23,2023,RPTotalAge,58093
23,2023,ResidencesPrincipales,58093
23,2023,TauxPauvrete,20
23,2024,Deces,1990
23,2024,Naissances,713
23,2025,Deces,1961
23,2025,Naissances,685
24,1968,PopulationLegale,374073
24,1975,PopulationLegale,373179
24,1982,PopulationLegale,377356
24,1990,PopulationLegale,386365
24,1999,PopulationLegale,388293
24,2007,PopulationLegale,406793
24,2008,Deces,4918
24,2008,Naissances,3832
24,2009,Deces,5109
24,2009,Naissances,3671
24,2010,Deces,5238
24,2010,Naissances,3665
24,2011,Deces,4865
24,2011,Naissances,3645
24,2012,Actifs1564,177563
24,2012,ArriveesHorsDep,15220
24,2012,Chomeurs1564,23749
24,2012,Deces,5273
24,2012,Logements,248626
24,2012,LogementsVacants,23700
24,2012,Naissances,3547
24,2012,Pop65Plus,104104
24,2012,PopUnAnPlus,412680
24,2012,Population,416384
24,2012,PopulationLegale,416384
24,2012,RPMaisons,159087
24,2012,RPProprietaires,129154
24,2012,ResidencesPrincipales,190244
24,2013,Deces,5266
24,2013,Naissances,3486
24,2014,Deces,5241
24,2014,Naissances,3479
24,2015,Deces,5492
24,2015,Naissances,3255
24,2016,Deces,5592
24,2016,Naissances,3228
24,2017,Actifs1564,173951
24,2017,ArriveesHorsDep,14900
24,2017,Chomeurs1564,24527
24,2017,Deces,5651
24,2017,Logements,258732
24,2017,LogementsVacants,26919
24,2017,Naissances,3175
24,2017,Pop65Plus,116032
24,2017,PopUnAnPlus,410466
24,2017,Population,413606
24,2017,PopulationLegale,413606
24,2017,RPMaisons,163903
24,2017,RPProprietaires,133422
24,2017,ResidencesPrincipales,194935
24,2018,Deces,5598
24,2018,Naissances,2942
24,2019,Deces,5578
24,2019,Naissances,2972
24,2020,Deces,5597
24,2020,Naissances,3012
24,2021,Deces,6231
24,2021,Naissances,3073
24,2022,Deces,6292
24,2022,Naissances,3073
24,2023,Actifs1564,174841
24,2023,ArriveesHorsDep,14729
24,2023,Chomeurs1564,19622
24,2023,Deces,5745
24,2023,Logements,268633
24,2023,LogementsVacants,25974
24,2023,Naissances,2746
24,2023,NiveauVieMedian,24150
24,2023,Pop65Plus,128185
24,2023,PopUnAnPlus,414665
24,2023,Population,417614
24,2023,PopulationLegale,417614
24,2023,RPMaisons,170827
24,2023,RPProprietaires,141197
24,2023,RPProprietaires65Plus,65479
24,2023,RPTotalAge,203880
24,2023,ResidencesPrincipales,203880
24,2023,TauxPauvrete,17
24,2024,Deces,5898
24,2024,Naissances,2669
24,2025,Deces,5831
24,2025,Naissances,2647
25,1968,PopulationLegale,426458
25,1975,PopulationLegale,471082
25,1982,PopulationLegale,477163
25,1990,PopulationLegale,484770
25,1999,PopulationLegale,499062
25,2007,PopulationLegale,520133
25,2008,Deces,4028
25,2008,Naissances,7097
25,2009,Deces,4077
25,2009,Naissances,6914
25,2010,Deces,4050
25,2010,Naissances,7105
25,2011,Deces,4146
25,2011,Naissances,6826
25,2012,Actifs1564,252855
25,2012,ArriveesHorsDep,18479
25,2012,Chomeurs1564,30367
25,2012,Deces,4305
25,2012,Logements,266904
25,2012,LogementsVacants,20120
25,2012,Naissances,6778
25,2012,Pop65Plus,89442
25,2012,PopUnAnPlus,524178
25,2012,Population,531062
25,2012,PopulationLegale,531062
25,2012,RPMaisons,122806
25,2012,RPProprietaires,138227
25,2012,ResidencesPrincipales,234867
25,2013,Deces,4182
25,2013,Naissances,6732
25,2014,Deces,4296
25,2014,Naissances,6659
25,2015,Deces,4442
25,2015,Naissances,6521
25,2016,Deces,4466
25,2016,Naissances,6344
25,2017,Actifs1564,251031
25,2017,ArriveesHorsDep,16685
25,2017,Chomeurs1564,30888
25,2017,Deces,4629
25,2017,Logements,279578
25,2017,LogementsVacants,23695
25,2017,Naissances,6123
25,2017,Pop65Plus,102956
25,2017,PopUnAnPlus,532863
25,2017,Population,539067
25,2017,PopulationLegale,539067
25,2017,RPMaisons,128893
25,2017,RPProprietaires,144638
25,2017,ResidencesPrincipales,243469
25,2018,Deces,4827
25,2018,Naissances,5992
25,2019,Deces,4721
25,2019,Naissances,5757
25,2020,Deces,5425
25,2020,Naissances,5671
25,2021,Deces,4933
25,2021,Naissances,5589
25,2022,Deces,5220
25,2022,Naissances,5394
25,2023,Actifs1564,258211
25,2023,ArriveesHorsDep,16056
25,2023,Chomeurs1564,26894
25,2023,Deces,5116
25,2023,Logements,292326
25,2023,LogementsVacants,24984
25,2023,Naissances,5116
25,2023,NiveauVieMedian,27190
25,2023,Pop65Plus,113742
25,2023,PopUnAnPlus,541541
25,2023,Population,547163
25,2023,PopulationLegale,547163
25,2023,RPMaisons,135075
25,2023,RPProprietaires,152743
25,2023,RPProprietaires65Plus,55453
25,2023,RPTotalAge,254754
25,2023,ResidencesPrincipales,254754
25,2023,TauxPauvrete,13
25,2024,Deces,5142
25,2024,Naissances,4976
25,2025,Deces,5191
25,2025,Naissances,4853
26,1968,PopulationLegale,342891
26,1975,PopulationLegale,361847
26,1982,PopulationLegale,389781
26,1990,PopulationLegale,414072
26,1999,PopulationLegale,437778
26,2007,PopulationLegale,473428
26,2008,Deces,4089
26,2008,Naissances,5927
26,2009,Deces,4212
26,2009,Naissances,5846
26,2010,Deces,4104
26,2010,Naissances,5915
26,2011,Deces,4234
26,2011,Naissances,5978
26,2012,Actifs1564,223150
26,2012,ArriveesHorsDep,19070
26,2012,Chomeurs1564,29559
26,2012,Deces,4358
26,2012,Logements,254219
26,2012,LogementsVacants,20779
26,2012,Naissances,5912
26,2012,Pop65Plus,93436
26,2012,PopUnAnPlus,485211
26,2012,Population,491334
26,2012,PopulationLegale,491334
26,2012,RPMaisons,137199
26,2012,RPProprietaires,131514
26,2012,ResidencesPrincipales,212937
26,2013,Deces,4419
26,2013,Naissances,6026
26,2014,Deces,4388
26,2014,Naissances,5965
26,2015,Deces,4523
26,2015,Naissances,5769
26,2016,Deces,4623
26,2016,Naissances,5548
26,2017,Actifs1564,230640
26,2017,ArriveesHorsDep,18364
26,2017,Chomeurs1564,32723
26,2017,Deces,4809
26,2017,Logements,272494
26,2017,LogementsVacants,23774
26,2017,Naissances,5571
26,2017,Pop65Plus,109092
26,2017,PopUnAnPlus,505876
26,2017,Population,511553
26,2017,PopulationLegale,511553
26,2017,RPMaisons,146118
26,2017,RPProprietaires,140551
26,2017,ResidencesPrincipales,226937
26,2018,Deces,4888
26,2018,Naissances,5411
26,2019,Deces,4963
26,2019,Naissances,5476
26,2020,Deces,5291
26,2020,Naissances,5187
26,2021,Deces,5223
26,2021,Naissances,5308
26,2022,Deces,5401
26,2022,Naissances,5276
26,2023,Actifs1564,239562
26,2023,ArriveesHorsDep,17861
26,2023,Chomeurs1564,27566
26,2023,Deces,5168
26,2023,Logements,287966
26,2023,LogementsVacants,23682
26,2023,Naissances,4816
26,2023,NiveauVieMedian,25210
26,2023,Pop65Plus,122714
26,2023,PopUnAnPlus,519135
26,2023,Population,524207
26,2023,PopulationLegale,524207
26,2023,RPMaisons,155721
26,2023,RPProprietaires,150798
26,2023,RPProprietaires65Plus,59743
26,2023,RPTotalAge,241892
26,2023,ResidencesPrincipales,241892
26,2023,TauxPauvrete,16
26,2024,Deces,5154
26,2024,Naissances,4722
26,2025,Deces,5341
26,2025,Naissances,4424
27,1968,PopulationLegale,383385
27,1975,PopulationLegale,422952
27,1982,PopulationLegale,462254
27,1990,PopulationLegale,513818
27,1999,PopulationLegale,541054
27,2007,PopulationLegale,572105
27,2008,Deces,4912
27,2008,Naissances,7717
27,2009,Deces,5060
27,2009,Naissances,7714
27,2010,Deces,4992
27,2010,Naissances,7715
27,2011,Deces,4893
27,2011,Naissances,7738
27,2012,Actifs1564,280231
27,2012,ArriveesHorsDep,21180
27,2012,Chomeurs1564,36811
27,2012,Deces,5218
27,2012,Logements,280523
27,2012,LogementsVacants,18940
27,2012,Naissances,7676
27,2012,Pop65Plus,93603
27,2012,PopUnAnPlus,583543
27,2012,Population,591616
27,2012,PopulationLegale,591616
27,2012,RPMaisons,186915
27,2012,RPProprietaires,155986
27,2012,ResidencesPrincipales,242659
27,2013,Deces,5236
27,2013,Naissances,7352
27,2014,Deces,5201
27,2014,Naissances,7242
27,2015,Deces,5271
27,2015,Naissances,6930
27,2016,Deces,5321
27,2016,Naissances,6974
27,2017,Actifs1564,279036
27,2017,ArriveesHorsDep,19013
27,2017,Chomeurs1564,37445
27,2017,Deces,5490
27,2017,Logements,295109
27,2017,LogementsVacants,23752
27,2017,Naissances,6594
27,2017,Pop65Plus,111305
27,2017,PopUnAnPlus,595012
27,2017,Population,601843
27,2017,PopulationLegale,601843
27,2017,RPMaisons,196848
27,2017,RPProprietaires,164473
27,2017,ResidencesPrincipales,252388
27,2018,Deces,5584
27,2018,Naissances,6434
27,2019,Deces,5714
27,2019,Naissances,6175
27,2020,Deces,6233
27,2020,Naissances,6181
27,2021,Deces,5979
27,2021,Naissances,6211
27,2022,Deces,6125
27,2022,Naissances,6237
27,2023,Actifs1564,279710
27,2023,ArriveesHorsDep,18525
27,2023,Chomeurs1564,31153
27,2023,Deces,5758
27,2023,Logements,305145
27,2023,LogementsVacants,22449
27,2023,Naissances,5689
27,2023,NiveauVieMedian,25520
27,2023,Pop65Plus,125832
27,2023,PopUnAnPlus,596648
27,2023,Population,602714
27,2023,PopulationLegale,602714
27,2023,RPMaisons,204732
27,2023,RPProprietaires,172442
27,2023,RPProprietaires65Plus,61402
27,2023,RPTotalAge,263665
27,2023,ResidencesPrincipales,263665
27,2023,TauxPauvrete,14
27,2024,Deces,5870
27,2024,Naissances,5461
27,2025,Deces,5975
27,2025,Naissances,5249
28,1968,PopulationLegale,302064
28,1975,PopulationLegale,335151
28,1982,PopulationLegale,362813
28,1990,PopulationLegale,396073
28,1999,PopulationLegale,407665
28,2007,PopulationLegale,422411
28,2008,Deces,3779
28,2008,Naissances,5677
28,2009,Deces,3752
28,2009,Naissances,5573
28,2010,Deces,3812
28,2010,Naissances,5716
28,2011,Deces,3673
28,2011,Naissances,5540
28,2012,Actifs1564,204240
28,2012,ArriveesHorsDep,14971
28,2012,Chomeurs1564,23548
28,2012,Deces,3944
28,2012,Logements,207952
28,2012,LogementsVacants,15174
28,2012,Naissances,5548
28,2012,Pop65Plus,74161
28,2012,PopUnAnPlus,426344
28,2012,Population,432107
28,2012,PopulationLegale,432107
28,2012,RPMaisons,132660
28,2012,RPProprietaires,118836
28,2012,ResidencesPrincipales,179655
28,2013,Deces,3865
28,2013,Naissances,5312
28,2014,Deces,3646
28,2014,Naissances,5295
28,2015,Deces,3969
28,2015,Naissances,5063
28,2016,Deces,4235
28,2016,Naissances,5208
28,2017,Actifs1564,200253
28,2017,ArriveesHorsDep,13381
28,2017,Chomeurs1564,25102
28,2017,Deces,4052
28,2017,Logements,215350
28,2017,LogementsVacants,18092
28,2017,Naissances,4781
28,2017,Pop65Plus,85647
28,2017,PopUnAnPlus,428333
28,2017,Population,433233
28,2017,PopulationLegale,433233
28,2017,RPMaisons,136400
28,2017,RPProprietaires,121777
28,2017,ResidencesPrincipales,184213
28,2018,Deces,4171
28,2018,Naissances,4730
28,2019,Deces,4267
28,2019,Naissances,4583
28,2020,Deces,4491
28,2020,Naissances,4439
28,2021,Deces,4562
28,2021,Naissances,4498
28,2022,Deces,4589
28,2022,Naissances,4602
28,2023,Actifs1564,201065
28,2023,ArriveesHorsDep,12920
28,2023,Chomeurs1564,21240
28,2023,Deces,4362
28,2023,Logements,222884
28,2023,LogementsVacants,18479
28,2023,Naissances,4190
28,2023,NiveauVieMedian,25980
28,2023,Pop65Plus,94306
28,2023,PopUnAnPlus,428794
28,2023,Population,433129
28,2023,PopulationLegale,433129
28,2023,RPMaisons,141485
28,2023,RPProprietaires,126971
28,2023,RPProprietaires65Plus,46730
28,2023,RPTotalAge,191532
28,2023,ResidencesPrincipales,191532
28,2023,TauxPauvrete,13
28,2024,Deces,4451
28,2024,Naissances,3990
28,2025,Deces,4415
28,2025,Naissances,3904
29,1968,PopulationLegale,768929
29,1975,PopulationLegale,804088
29,1982,PopulationLegale,828364
29,1990,PopulationLegale,838687
29,1999,PopulationLegale,852418
29,2007,PopulationLegale,885906
29,2008,Deces,9457
29,2008,Naissances,10040
29,2009,Deces,9633
29,2009,Naissances,9733
29,2010,Deces,9819
29,2010,Naissances,9823
29,2011,Deces,9562
29,2011,Naissances,9615
29,2012,Actifs1564,404256
29,2012,ArriveesHorsDep,25949
29,2012,Chomeurs1564,46766
29,2012,Deces,10144
29,2012,Logements,519088
29,2012,LogementsVacants,39376
29,2012,Naissances,9597
29,2012,Pop65Plus,179755
29,2012,PopUnAnPlus,891296
29,2012,Population,901293
29,2012,PopulationLegale,901293
29,2012,RPMaisons,301112
29,2012,RPProprietaires,285993
29,2012,ResidencesPrincipales,411909
29,2013,Deces,9844
29,2013,Naissances,9277
29,2014,Deces,9545
29,2014,Naissances,9088
29,2015,Deces,10154
29,2015,Naissances,8790
29,2016,Deces,10464
29,2016,Naissances,8419
29,2017,Actifs1564,402849
29,2017,ArriveesHorsDep,25945
29,2017,Chomeurs1564,50360
29,2017,Deces,10462
29,2017,Logements,542677
29,2017,LogementsVacants,42221
29,2017,Naissances,8370
29,2017,Pop65Plus,202569
29,2017,PopUnAnPlus,900337
29,2017,Population,909028
29,2017,PopulationLegale,909028
29,2017,RPMaisons,310799
29,2017,RPProprietaires,293390
29,2017,ResidencesPrincipales,425945
29,2018,Deces,10662
29,2018,Naissances,8095
29,2019,Deces,10229
29,2019,Naissances,7975
29,2020,Deces,10529
29,2020,Naissances,7885
29,2021,Deces,10770
29,2021,Naissances,8154
29,2022,Deces,11480
29,2022,Naissances,7964
29,2023,Actifs1564,419126
29,2023,ArriveesHorsDep,25766
29,2023,Chomeurs1564,40997
29,2023,Deces,10980
29,2023,Logements,565650
29,2023,LogementsVacants,37427
29,2023,Naissances,7273
29,2023,NiveauVieMedian,26210
29,2023,Pop65Plus,231331
29,2023,PopUnAnPlus,925593
29,2023,Population,933455
29,2023,PopulationLegale,933455
29,2023,RPMaisons,328515
29,2023,RPProprietaires,311855
29,2023,RPProprietaires65Plus,126781
29,2023,RPTotalAge,451952
29,2023,ResidencesPrincipales,451952
29,2023,TauxPauvrete,11
29,2024,Deces,11103
29,2024,Naissances,7119
29,2025,Deces,10967
29,2025,Naissances,7030
2A,1968,PopulationLegale,89566
2A,1975,PopulationLegale,100278
2A,1982,PopulationLegale,108604
2A,1990,PopulationLegale,118808
2A,1999,PopulationLegale,118593
2A,2007,PopulationLegale,139362
2A,2008,Deces,1335
2A,2008,Naissances,1370
2A,2009,Deces,1384
2A,2009,Naissances,1422
2A,2010,Deces,1318
2A,2010,Naissances,1408
2A,2011,Deces,1444
2A,2011,Naissances,1422
2A,2012,Actifs1564,66238
2A,2012,ArriveesHorsDep,4095
2A,2012,Chomeurs1564,7918
2A,2012,Deces,1363
2A,2012,Logements,107085
2A,2012,LogementsVacants,3911
2A,2012,Naissances,1398
2A,2012,Pop65Plus,30925
2A,2012,PopUnAnPlus,144015
2A,2012,Population,145429
2A,2012,PopulationLegale,145429
2A,2012,RPMaisons,26896
2A,2012,RPProprietaires,34559
2A,2012,ResidencesPrincipales,62173
2A,2013,Deces,1421
2A,2013,Naissances,1317
2A,2014,Deces,1469
2A,2014,Naissances,1371
2A,2015,Deces,1471
2A,2015,Naissances,1336
2A,2016,Deces,1464
2A,2016,Naissances,1372
2A,2017,Actifs1564,71431
2A,2017,ArriveesHorsDep,3867
2A,2017,Chomeurs1564,8249
2A,2017,Deces,1456
2A,2017,Logements,118848
2A,2017,LogementsVacants,3126
2A,2017,Naissances,1328
2A,2017,Pop65Plus,36626
2A,2017,PopUnAnPlus,155713
2A,2017,Population,157249
2A,2017,PopulationLegale,157249
2A,2017,RPMaisons,30887
2A,2017,RPProprietaires,38831
2A,2017,ResidencesPrincipales,68743
2A,2018,Deces,1502
2A,2018,Naissances,1374
2A,2019,Deces,1514
2A,2019,Naissances,1348
2A,2020,Deces,1664
2A,2020,Naissances,1286
2A,2021,Deces,1689
2A,2021,Naissances,1307
2A,2022,Deces,1795
2A,2022,Naissances,1333
2A,2023,Actifs1564,75909
2A,2023,ArriveesHorsDep,4085
2A,2023,Chomeurs1564,6321
2A,2023,Deces,1669
2A,2023,Logements,128776
2A,2023,LogementsVacants,4050
2A,2023,Naissances,1193
2A,2023,NiveauVieMedian,26050
2A,2023,Pop65Plus,42080
2A,2023,PopUnAnPlus,166844
2A,2023,Population,168306
2A,2023,PopulationLegale,168306
2A,2023,RPMaisons,33242
2A,2023,RPProprietaires,42194
2A,2023,RPProprietaires65Plus,18444
2A,2023,RPTotalAge,75184
2A,2023,ResidencesPrincipales,75184
2A,2023,TauxPauvrete,18
2A,2024,Deces,1568
2A,2024,Naissances,1152
2A,2025,Deces,1590
2A,2025,Naissances,1125
2B,1968,PopulationLegale,115702
2B,1975,PopulationLegale,125284
2B,1982,PopulationLegale,131574
2B,1990,PopulationLegale,131563
2B,1999,PopulationLegale,141603
2B,2007,PopulationLegale,159847
2B,2008,Deces,1469
2B,2008,Naissances,1569
2B,2009,Deces,1479
2B,2009,Naissances,1580
2B,2010,Deces,1648
2B,2010,Naissances,1591
2B,2011,Deces,1527
2B,2011,Naissances,1662
2B,2012,Actifs1564,73793
2B,2012,ArriveesHorsDep,6004
2B,2012,Chomeurs1564,9400
2B,2012,Deces,1558
2B,2012,Logements,120216
2B,2012,LogementsVacants,4538
2B,2012,Naissances,1612
2B,2012,Pop65Plus,34605
2B,2012,PopUnAnPlus,169029
2B,2012,Population,170828
2B,2012,PopulationLegale,170828
2B,2012,RPMaisons,35310
2B,2012,RPProprietaires,39473
2B,2012,ResidencesPrincipales,73962
2B,2013,Deces,1617
2B,2013,Naissances,1599
2B,2014,Deces,1578
2B,2014,Naissances,1616
2B,2015,Deces,1635
2B,2015,Naissances,1530
2B,2016,Deces,1628
2B,2016,Naissances,1541
2B,2017,Actifs1564,76310
2B,2017,ArriveesHorsDep,4828
2B,2017,Chomeurs1564,10192
2B,2017,Deces,1709
2B,2017,Logements,130820
2B,2017,LogementsVacants,4845
2B,2017,Naissances,1590
2B,2017,Pop65Plus,40281
2B,2017,PopUnAnPlus,176123
2B,2017,Population,177689
2B,2017,PopulationLegale,177689
2B,2017,RPMaisons,38237
2B,2017,RPProprietaires,43434
2B,2017,ResidencesPrincipales,79689
2B,2018,Deces,1637
2B,2018,Naissances,1480
2B,2019,Deces,1702
2B,2019,Naissances,1503
2B,2020,Deces,1734
2B,2020,Naissances,1401
2B,2021,Deces,1928
2B,2021,Naissances,1421
2B,2022,Deces,1949
2B,2022,Naissances,1416
2B,2023,Actifs1564,80419
2B,2023,ArriveesHorsDep,4123
2B,2023,Chomeurs1564,7969
2B,2023,Deces,1894
2B,2023,Logements,141352
2B,2023,LogementsVacants,4419
2B,2023,Naissances,1307
2B,2023,NiveauVieMedian,24200
2B,2023,Pop65Plus,47070
2B,2023,PopUnAnPlus,185715
2B,2023,Population,187180
2B,2023,PopulationLegale,187180
2B,2023,RPMaisons,41481
2B,2023,RPProprietaires,47804
2B,2023,RPProprietaires65Plus,21270
2B,2023,RPTotalAge,87285
2B,2023,ResidencesPrincipales,87285
2B,2023,TauxPauvrete,22
2B,2024,Deces,1907
2B,2024,Naissances,1325
2B,2025,Deces,1893
2B,2025,Naissances,1169
30,1968,PopulationLegale,478544
30,1975,PopulationLegale,494575
30,1982,PopulationLegale,530478
30,1990,PopulationLegale,585049
30,1999,PopulationLegale,623125
30,2007,PopulationLegale,689847
30,2008,Deces,6369
30,2008,Naissances,8449
30,2009,Deces,6556
30,2009,Naissances,8354
30,2010,Deces,6614
30,2010,Naissances,8494
30,2011,Deces,6567
30,2011,Naissances,8467
30,2012,Actifs1564,316376
30,2012,ArriveesHorsDep,26864
30,2012,Chomeurs1564,53092
30,2012,Deces,6892
30,2012,Logements,401359
30,2012,LogementsVacants,32618
30,2012,Naissances,8196
30,2012,Pop65Plus,143326
30,2012,PopUnAnPlus,717302
30,2012,Population,725618
30,2012,PopulationLegale,725618
30,2012,RPMaisons,204931
30,2012,RPProprietaires,187138
30,2012,ResidencesPrincipales,317173
30,2013,Deces,6797
30,2013,Naissances,8427
30,2014,Deces,6818
30,2014,Naissances,8216
30,2015,Deces,7347
30,2015,Naissances,8006
30,2016,Deces,7379
30,2016,Naissances,8005
30,2017,Actifs1564,318384
30,2017,ArriveesHorsDep,24406
30,2017,Chomeurs1564,55313
30,2017,Deces,7234
30,2017,Logements,423840
30,2017,LogementsVacants,35560
30,2017,Naissances,7708
30,2017,Pop65Plus,165768
30,2017,PopUnAnPlus,736629
30,2017,Population,744178
30,2017,PopulationLegale,744178
30,2017,RPMaisons,217443
30,2017,RPProprietaires,196343
30,2017,ResidencesPrincipales,333199
30,2018,Deces,7576
30,2018,Naissances,7585
30,2019,Deces,7480
30,2019,Naissances,7484
30,2020,Deces,8096
30,2020,Naissances,7377
30,2021,Deces,8260
30,2021,Naissances,7481
30,2022,Deces,8493
30,2022,Naissances,7422
30,2023,Actifs1564,331401
30,2023,ArriveesHorsDep,24256
30,2023,Chomeurs1564,46230
30,2023,Deces,8094
30,2023,Logements,451147
30,2023,LogementsVacants,37207
30,2023,Naissances,6709
30,2023,NiveauVieMedian,23930
30,2023,Pop65Plus,189289
30,2023,PopUnAnPlus,764058
30,2023,Population,770940
30,2023,PopulationLegale,770940
30,2023,RPMaisons,232846
30,2023,RPProprietaires,212376
30,2023,RPProprietaires65Plus,88982
30,2023,RPTotalAge,357160
30,2023,ResidencesPrincipales,357160
30,2023,TauxPauvrete,21
30,2024,Deces,8108
30,2024,Naissances,6546
30,2025,Deces,8112
30,2025,Naissances,6304
31,1968,PopulationLegale,690712
31,1975,PopulationLegale,777431
31,1982,PopulationLegale,824501
31,1990,PopulationLegale,925962
31,1999,PopulationLegale,1046338
31,2007,PopulationLegale,1202920
31,2008,Deces,8285
31,2008,Naissances,15415
31,2009,Deces,8348
31,2009,Naissances,15317
31,2010,Deces,8395
31,2010,Naissances,15770
31,2011,Deces,8297
31,2011,Naissances,16031
31,2012,Actifs1564,638413
31,2012,ArriveesHorsDep,62496
31,2012,Chomeurs1564,78790
31,2012,Deces,8728
31,2012,Logements,652508
31,2012,LogementsVacants,46534
31,2012,Naissances,16347
31,2012,Pop65Plus,192005
31,2012,PopUnAnPlus,1263192
31,2012,Population,1279349
31,2012,PopulationLegale,1279349
31,2012,RPMaisons,301153
31,2012,RPProprietaires,306922
31,2012,ResidencesPrincipales,580858
31,2013,Deces,8881
31,2013,Naissances,16290
31,2014,Deces,8812
31,2014,Naissances,16641
31,2015,Deces,9194
31,2015,Naissances,16363
31,2016,Deces,9242
31,2016,Naissances,16049
31,2017,Actifs1564,677413
31,2017,ArriveesHorsDep,58837
31,2017,Chomeurs1564,88369
31,2017,Deces,9673
31,2017,Logements,715532
31,2017,LogementsVacants,52498
31,2017,Naissances,16024
31,2017,Pop65Plus,221512
31,2017,PopUnAnPlus,1346761
31,2017,Population,1362672
31,2017,PopulationLegale,1362672
31,2017,RPMaisons,321494
31,2017,RPProprietaires,331085
31,2017,ResidencesPrincipales,631799
31,2018,Deces,9661
31,2018,Naissances,15966
31,2019,Deces,9986
31,2019,Naissances,15870
31,2020,Deces,10319
31,2020,Naissances,15825
31,2021,Deces,10685
31,2021,Naissances,15968
31,2022,Deces,10922
31,2022,Naissances,15523
31,2023,Actifs1564,744672
31,2023,ArriveesHorsDep,57241
31,2023,Chomeurs1564,81903
31,2023,Deces,10645
31,2023,Logements,797106
31,2023,LogementsVacants,56168
31,2023,Naissances,14331
31,2023,NiveauVieMedian,27040
31,2023,Pop65Plus,252753
31,2023,PopUnAnPlus,1456035
31,2023,Population,1471468
31,2023,PopulationLegale,1471468
31,2023,RPMaisons,346165
31,2023,RPProprietaires,363358
31,2023,RPProprietaires65Plus,120523
31,2023,RPTotalAge,706806
31,2023,ResidencesPrincipales,706806
31,2023,TauxPauvrete,16
31,2024,Deces,10579
31,2024,Naissances,14454
31,2025,Deces,10842
31,2025,Naissances,14230
32,1968,PopulationLegale,181577
32,1975,PopulationLegale,175366
32,1982,PopulationLegale,174154
32,1990,PopulationLegale,174587
32,1999,PopulationLegale,172335
32,2007,PopulationLegale,183615
32,2008,Deces,2080
32,2008,Naissances,1689
32,2009,Deces,2192
32,2009,Naissances,1718
32,2010,Deces,2246
32,2010,Naissances,1671
32,2011,Deces,2166
32,2011,Naissances,1587
32,2012,Actifs1564,83278
32,2012,ArriveesHorsDep,7924
32,2012,Chomeurs1564,8043
32,2012,Deces,2278
32,2012,Logements,105477
32,2012,LogementsVacants,10509
32,2012,Naissances,1668
32,2012,Pop65Plus,46317
32,2012,PopUnAnPlus,187737
32,2012,Population,189530
32,2012,PopulationLegale,189530
32,2012,RPMaisons,69921
32,2012,RPProprietaires,58246
32,2012,ResidencesPrincipales,84867
32,2013,Deces,2275
32,2013,Naissances,1648
32,2014,Deces,2239
32,2014,Naissances,1643
32,2015,Deces,2400
32,2015,Naissances,1576
32,2016,Deces,2417
32,2016,Naissances,1497
32,2017,Actifs1564,83248
32,2017,ArriveesHorsDep,7278
32,2017,Chomeurs1564,9214
32,2017,Deces,2521
32,2017,Logements,110358
32,2017,LogementsVacants,11817
32,2017,Naissances,1383
32,2017,Pop65Plus,51483
32,2017,PopUnAnPlus,189456
32,2017,Population,191091
32,2017,PopulationLegale,191091
32,2017,RPMaisons,73154
32,2017,RPProprietaires,60744
32,2017,ResidencesPrincipales,88060
32,2018,Deces,2499
32,2018,Naissances,1434
32,2019,Deces,2445
32,2019,Naissances,1388
32,2020,Deces,2465
32,2020,Naissances,1409
32,2021,Deces,2515
32,2021,Naissances,1515
32,2022,Deces,2648
32,2022,Naissances,1471
32,2023,Actifs1564,83394
32,2023,ArriveesHorsDep,7287
32,2023,Chomeurs1564,7661
32,2023,Deces,2583
32,2023,Logements,114137
32,2023,LogementsVacants,11353
32,2023,Naissances,1246
32,2023,NiveauVieMedian,24770
32,2023,Pop65Plus,56457
32,2023,PopUnAnPlus,191202
32,2023,Population,192645
32,2023,PopulationLegale,192645
32,2023,RPMaisons,76303
32,2023,RPProprietaires,63762
32,2023,RPProprietaires65Plus,28090
32,2023,RPTotalAge,92103
32,2023,ResidencesPrincipales,92103
32,2023,TauxPauvrete,16
32,2024,Deces,2587
32,2024,Naissances,1243
32,2025,Deces,2469
32,2025,Naissances,1178
33,1968,PopulationLegale,1009390
33,1975,PopulationLegale,1061480
33,1982,PopulationLegale,1127546
33,1990,PopulationLegale,1213499
33,1999,PopulationLegale,1287334
33,2007,PopulationLegale,1409345
33,2008,Deces,11774
33,2008,Naissances,16636
33,2009,Deces,11937
33,2009,Naissances,17072
33,2010,Deces,12062
33,2010,Naissances,17271
33,2011,Deces,11817
33,2011,Naissances,17098
33,2012,Actifs1564,706195
33,2012,ArriveesHorsDep,53958
33,2012,Chomeurs1564,87265
33,2012,Deces,12736
33,2012,Logements,784118
33,2012,LogementsVacants,49983
33,2012,Naissances,17097
33,2012,Pop65Plus,254096
33,2012,PopUnAnPlus,1466773
33,2012,Population,1483712
33,2012,PopulationLegale,1483712
33,2012,RPMaisons,426290
33,2012,RPProprietaires,371425
33,2012,ResidencesPrincipales,668173
33,2013,Deces,12408
33,2013,Naissances,17265
33,2014,Deces,12464
33,2014,Naissances,17303
33,2015,Deces,13113
33,2015,Naissances,17103
33,2016,Deces,12802
33,2016,Naissances,17052
33,2017,Actifs1564,753055
33,2017,ArriveesHorsDep,57915
33,2017,Chomeurs1564,100977
33,2017,Deces,13527
33,2017,Logements,856616
33,2017,LogementsVacants,53618
33,2017,Naissances,17004
33,2017,Pop65Plus,297480
33,2017,PopUnAnPlus,1566724
33,2017,Population,1583384
33,2017,PopulationLegale,1583384
33,2017,RPMaisons,452110
33,2017,RPProprietaires,398083
33,2017,ResidencesPrincipales,727304
33,2018,Deces,13645
33,2018,Naissances,17115
33,2019,Deces,13859
33,2019,Naissances,16955
33,2020,Deces,13920
33,2020,Naissances,16970
33,2021,Deces,14930
33,2021,Naissances,17494
33,2022,Deces,15542
33,2022,Naissances,16997
33,2023,Actifs1564,826467
33,2023,ArriveesHorsDep,52585
33,2023,Chomeurs1564,86422
33,2023,Deces,14564
33,2023,Logements,944356
33,2023,LogementsVacants,56681
33,2023,Naissances,15762
33,2023,NiveauVieMedian,26820
33,2023,Pop65Plus,341415
33,2023,PopUnAnPlus,1673942
33,2023,Population,1690493
33,2023,PopulationLegale,1690493
33,2023,RPMaisons,480493
33,2023,RPProprietaires,440419
33,2023,RPProprietaires65Plus,162899
33,2023,RPTotalAge,800830
33,2023,ResidencesPrincipales,800830
33,2023,TauxPauvrete,14
33,2024,Deces,14868
33,2024,Naissances,15392
33,2025,Deces,14764
33,2025,Naissances,15009
34,1968,PopulationLegale,591397
34,1975,PopulationLegale,648202
34,1982,PopulationLegale,706499
34,1990,PopulationLegale,794603
34,1999,PopulationLegale,896441
34,2007,PopulationLegale,1011207
34,2008,Deces,8954
34,2008,Naissances,12564
34,2009,Deces,9323
34,2009,Naissances,12531
34,2010,Deces,9335
34,2010,Naissances,12658
34,2011,Deces,9326
34,2011,Naissances,13000
34,2012,Actifs1564,475930
34,2012,ArriveesHorsDep,47341
34,2012,Chomeurs1564,79545
34,2012,Deces,9673
34,2012,Logements,660752
34,2012,LogementsVacants,48409
34,2012,Naissances,12902
34,2012,Pop65Plus,204453
34,2012,PopUnAnPlus,1065101
34,2012,Population,1077627
34,2012,PopulationLegale,1077627
34,2012,RPMaisons,262471
34,2012,RPProprietaires,266509
34,2012,ResidencesPrincipales,487851
34,2013,Deces,9674
34,2013,Naissances,12899
34,2014,Deces,9752
34,2014,Naissances,13008
34,2015,Deces,10188
34,2015,Naissances,12919
34,2016,Deces,10371
34,2016,Naissances,12761
34,2017,Actifs1564,503211
34,2017,ArriveesHorsDep,44906
34,2017,Chomeurs1564,87665
34,2017,Deces,10676
34,2017,Logements,718743
34,2017,LogementsVacants,53034
34,2017,Naissances,12507
34,2017,Pop65Plus,240785
34,2017,PopUnAnPlus,1132663
34,2017,Population,1144892
34,2017,PopulationLegale,1144892
34,2017,RPMaisons,277595
34,2017,RPProprietaires,284185
34,2017,ResidencesPrincipales,533184
34,2018,Deces,10775
34,2018,Naissances,12577
34,2019,Deces,10876
34,2019,Naissances,12488
34,2020,Deces,11489
34,2020,Naissances,12411
34,2021,Deces,12011
34,2021,Naissances,12580
34,2022,Deces,12415
34,2022,Naissances,12436
34,2023,Actifs1564,551752
34,2023,ArriveesHorsDep,45147
34,2023,Chomeurs1564,79775
34,2023,Deces,11675
34,2023,Logements,782278
34,2023,LogementsVacants,52668
34,2023,Naissances,11167
34,2023,NiveauVieMedian,24280
34,2023,Pop65Plus,279648
34,2023,PopUnAnPlus,1218846
34,2023,Population,1230289
34,2023,PopulationLegale,1230289
34,2023,RPMaisons,299297
34,2023,RPProprietaires,315196
34,2023,RPProprietaires65Plus,132654
34,2023,RPTotalAge,594771
34,2023,ResidencesPrincipales,594771
34,2023,TauxPauvrete,21
34,2024,Deces,11783
34,2024,Naissances,10734
34,2025,Deces,11947
34,2025,Naissances,10760
35,1968,PopulationLegale,652722
35,1975,PopulationLegale,702199
35,1982,PopulationLegale,749764
35,1990,PopulationLegale,798718
35,1999,PopulationLegale,867533
35,2007,PopulationLegale,955846
35,2008,Deces,7281
35,2008,Naissances,12837
35,2009,Deces,7495
35,2009,Naissances,12917
35,2010,Deces,7421
35,2010,Naissances,12876
35,2011,Deces,7256
35,2011,Naissances,13033
35,2012,Actifs1564,479846
35,2012,ArriveesHorsDep,42531
35,2012,Chomeurs1564,47325
35,2012,Deces,7965
35,2012,Logements,506257
35,2012,LogementsVacants,33694
35,2012,Naissances,12892
35,2012,Pop65Plus,159117
35,2012,PopUnAnPlus,994862
35,2012,Population,1007901
35,2012,PopulationLegale,1007901
35,2012,RPMaisons,270165
35,2012,RPProprietaires,263316
35,2012,ResidencesPrincipales,439345
35,2013,Deces,7799
35,2013,Naissances,12729
35,2014,Deces,7847
35,2014,Naissances,12555
35,2015,Deces,8227
35,2015,Naissances,12018
35,2016,Deces,8428
35,2016,Naissances,11925
35,2017,Actifs1564,500866
35,2017,ArriveesHorsDep,40283
35,2017,Chomeurs1564,53868
35,2017,Deces,8499
35,2017,Logements,546440
35,2017,LogementsVacants,37793
35,2017,Naissances,11680
35,2017,Pop65Plus,185850
35,2017,PopUnAnPlus,1048115
35,2017,Population,1060199
35,2017,PopulationLegale,1060199
35,2017,RPMaisons,286407
35,2017,RPProprietaires,281694
35,2017,ResidencesPrincipales,471034
35,2018,Deces,8765
35,2018,Naissances,11656
35,2019,Deces,8633
35,2019,Naissances,11639
35,2020,Deces,8736
35,2020,Naissances,11548
35,2021,Deces,9258
35,2021,Naissances,11758
35,2022,Deces,9502
35,2022,Naissances,11349
35,2023,Actifs1564,544942
35,2023,ArriveesHorsDep,39724
35,2023,Chomeurs1564,48180
35,2023,Deces,9082
35,2023,Logements,592053
35,2023,LogementsVacants,35783
35,2023,Naissances,10862
35,2023,NiveauVieMedian,26670
35,2023,Pop65Plus,211490
35,2023,PopUnAnPlus,1109410
35,2023,Population,1120666
35,2023,PopulationLegale,1120666
35,2023,RPMaisons,305506
35,2023,RPProprietaires,306313
35,2023,RPProprietaires65Plus,105452
35,2023,RPTotalAge,513565
35,2023,ResidencesPrincipales,513565
35,2023,TauxPauvrete,12
35,2024,Deces,9153
35,2024,Naissances,10702
35,2025,Deces,9278
35,2025,Naissances,10600
36,1968,PopulationLegale,247178
36,1975,PopulationLegale,248523
36,1982,PopulationLegale,243191
36,1990,PopulationLegale,237510
36,1999,PopulationLegale,231139
36,2007,PopulationLegale,232799
36,2008,Deces,2965
36,2008,Naissances,2371
36,2009,Deces,2984
36,2009,Naissances,2178
36,2010,Deces,3052
36,2010,Naissances,2221
36,2011,Deces,2777
36,2011,Naissances,2137
36,2012,Actifs1564,99853
36,2012,ArriveesHorsDep,6687
36,2012,Chomeurs1564,11945
36,2012,Deces,2924
36,2012,Logements,136111
36,2012,LogementsVacants,16030
36,2012,Naissances,2136
36,2012,Pop65Plus,55609
36,2012,PopUnAnPlus,226582
36,2012,Population,228692
36,2012,PopulationLegale,228692
36,2012,RPMaisons,86930
36,2012,RPProprietaires,71463
36,2012,ResidencesPrincipales,106042
36,2013,Deces,3051
36,2013,Naissances,2006
36,2014,Deces,2936
36,2014,Naissances,2030
36,2015,Deces,3117
36,2015,Naissances,1876
36,2016,Deces,3021
36,2016,Naissances,1760
36,2017,Actifs1564,94476
36,2017,ArriveesHorsDep,6122
36,2017,Chomeurs1564,12268
36,2017,Deces,3121
36,2017,Logements,138634
36,2017,LogementsVacants,18386
36,2017,Naissances,1719
36,2017,Pop65Plus,60367
36,2017,PopUnAnPlus,220350
36,2017,Population,222232
36,2017,PopulationLegale,222232
36,2017,RPMaisons,87477
36,2017,RPProprietaires,72065
36,2017,ResidencesPrincipales,105772
36,2018,Deces,3128
36,2018,Naissances,1766
36,2019,Deces,3098
36,2019,Naissances,1773
36,2020,Deces,3328
36,2020,Naissances,1727
36,2021,Deces,3225
36,2021,Naissances,1816
36,2022,Deces,3369
36,2022,Naissances,1671
36,2023,Actifs1564,91232
36,2023,ArriveesHorsDep,6101
36,2023,Chomeurs1564,9941
36,2023,Deces,3187
36,2023,Logements,139329
36,2023,LogementsVacants,17884
36,2023,Naissances,1599
36,2023,NiveauVieMedian,24020
36,2023,Pop65Plus,64183
36,2023,PopUnAnPlus,214372
36,2023,Population,216069
36,2023,PopulationLegale,216069
36,2023,RPMaisons,88132
36,2023,RPProprietaires,72948
36,2023,RPProprietaires65Plus,33242
36,2023,RPTotalAge,106494
36,2023,ResidencesPrincipales,106494
36,2023,TauxPauvrete,16
36,2024,Deces,3193
36,2024,Naissances,1533
36,2025,Deces,3292
36,2025,Naissances,1522
37,1968,PopulationLegale,437866
37,1975,PopulationLegale,478597
37,1982,PopulationLegale,506093
37,1990,PopulationLegale,529345
37,1999,PopulationLegale,554003
37,2007,PopulationLegale,583086
37,2008,Deces,4976
37,2008,Naissances,6811
37,2009,Deces,5184
37,2009,Naissances,6828
37,2010,Deces,5148
37,2010,Naissances,6886
37,2011,Deces,5096
37,2011,Naissances,6696
37,2012,Actifs1564,277075
37,2012,ArriveesHorsDep,22230
37,2012,Chomeurs1564,32162
37,2012,Deces,5247
37,2012,Logements,305157
37,2012,LogementsVacants,22441
37,2012,Naissances,6796
37,2012,Pop65Plus,113090
37,2012,PopUnAnPlus,590028
37,2012,Population,596937
37,2012,PopulationLegale,596937
37,2012,RPMaisons,171284
37,2012,RPProprietaires,158517
37,2012,ResidencesPrincipales,269259
37,2013,Deces,5415
37,2013,Naissances,6594
37,2014,Deces,5227
37,2014,Naissances,6718
37,2015,Deces,5575
37,2015,Naissances,6458
37,2016,Deces,5475
37,2016,Naissances,6400
37,2017,Actifs1564,278035
37,2017,ArriveesHorsDep,20782
37,2017,Chomeurs1564,35678
37,2017,Deces,5783
37,2017,Logements,321881
37,2017,LogementsVacants,27754
37,2017,Naissances,6206
37,2017,Pop65Plus,127685
37,2017,PopUnAnPlus,600043
37,2017,Population,606511
37,2017,PopulationLegale,606511
37,2017,RPMaisons,177496
37,2017,RPProprietaires,165088
37,2017,ResidencesPrincipales,279367
37,2018,Deces,5697
37,2018,Naissances,6104
37,2019,Deces,5771
37,2019,Naissances,5970
37,2020,Deces,6090
37,2020,Naissances,6020
37,2021,Deces,6222
37,2021,Naissances,6142
37,2022,Deces,6203
37,2022,Naissances,5848
37,2023,Actifs1564,287899
37,2023,ArriveesHorsDep,18835
37,2023,Chomeurs1564,30109
37,2023,Deces,5893
37,2023,Logements,339764
37,2023,LogementsVacants,28779
37,2023,Naissances,5619
37,2023,NiveauVieMedian,25930
37,2023,Pop65Plus,141608
37,2023,PopUnAnPlus,613652
37,2023,Population,619362
37,2023,PopulationLegale,619362
37,2023,RPMaisons,184340
37,2023,RPProprietaires,172993
37,2023,RPProprietaires65Plus,68641
37,2023,RPTotalAge,295031
37,2023,ResidencesPrincipales,295031
37,2023,TauxPauvrete,14
37,2024,Deces,5881
37,2024,Naissances,5423
37,2025,Deces,6118
37,2025,Naissances,5340
38,1968,PopulationLegale,767678
38,1975,PopulationLegale,860339
38,1982,PopulationLegale,936771
38,1990,PopulationLegale,1016228
38,1999,PopulationLegale,1094006
38,2007,PopulationLegale,1178714
38,2008,Deces,8245
38,2008,Naissances,15999
38,2009,Deces,8231
38,2009,Naissances,15916
38,2010,Deces,8349
38,2010,Naissances,16136
38,2011,Deces,8116
38,2011,Naissances,15739
38,2012,Actifs1564,584061
38,2012,ArriveesHorsDep,41801
38,2012,Chomeurs1564,64056
38,2012,Deces,8744
38,2012,Logements,608400
38,2012,LogementsVacants,41261
38,2012,Naissances,15948
38,2012,Pop65Plus,195013
38,2012,PopUnAnPlus,1208737
38,2012,Population,1224993
38,2012,PopulationLegale,1224993
38,2012,RPMaisons,264960
38,2012,RPProprietaires,313649
38,2012,ResidencesPrincipales,515572
38,2013,Deces,8881
38,2013,Naissances,15724
38,2014,Deces,8546
38,2014,Naissances,15664
38,2015,Deces,9229
38,2015,Naissances,14981
38,2016,Deces,9154
38,2016,Naissances,14943
38,2017,Actifs1564,594087
38,2017,ArriveesHorsDep,38626
38,2017,Chomeurs1564,68259
38,2017,Deces,9460
38,2017,Logements,646707
38,2017,LogementsVacants,49173
38,2017,Naissances,14634
38,2017,Pop65Plus,225193
38,2017,PopUnAnPlus,1244027
38,2017,Population,1258722
38,2017,PopulationLegale,1258722
38,2017,RPMaisons,279882
38,2017,RPProprietaires,331838
38,2017,ResidencesPrincipales,543261
38,2018,Deces,9516
38,2018,Naissances,14062
38,2019,Deces,9807
38,2019,Naissances,13925
38,2020,Deces,11537
38,2020,Naissances,13791
38,2021,Deces,10521
38,2021,Naissances,13742
38,2022,Deces,10848
38,2022,Naissances,13514
38,2023,Actifs1564,623382
38,2023,ArriveesHorsDep,37934
38,2023,Chomeurs1564,57480
38,2023,Deces,10146
38,2023,Logements,688508
38,2023,LogementsVacants,52268
38,2023,Naissances,12486
38,2023,NiveauVieMedian,27290
38,2023,Pop65Plus,254200
38,2023,PopUnAnPlus,1285753
38,2023,Population,1298990
38,2023,PopulationLegale,1298990
38,2023,RPMaisons,297067
38,2023,RPProprietaires,354792
38,2023,RPProprietaires65Plus,123956
38,2023,RPTotalAge,580337
38,2023,ResidencesPrincipales,580337
38,2023,TauxPauvrete,13
38,2024,Deces,10393
38,2024,Naissances,12459
38,2025,Deces,10605
38,2025,Naissances,11856
39,1968,PopulationLegale,233441
39,1975,PopulationLegale,238856
39,1982,PopulationLegale,242925
39,1990,PopulationLegale,248759
39,1999,PopulationLegale,250857
39,2007,PopulationLegale,258897
39,2008,Deces,2462
39,2008,Naissances,3045
39,2009,Deces,2539
39,2009,Naissances,2897
39,2010,Deces,2595
39,2010,Naissances,2865
39,2011,Deces,2593
39,2011,Naissances,2758
39,2012,Actifs1564,119398
39,2012,ArriveesHorsDep,8176
39,2012,Chomeurs1564,12515
39,2012,Deces,2590
39,2012,Logements,144747
39,2012,LogementsVacants,13246
39,2012,Naissances,2741
39,2012,Pop65Plus,52593
39,2012,PopUnAnPlus,257916
39,2012,Population,260932
39,2012,PopulationLegale,260932
39,2012,RPMaisons,76758
39,2012,RPProprietaires,75389
39,2012,ResidencesPrincipales,116417
39,2013,Deces,2722
39,2013,Naissances,2675
39,2014,Deces,2561
39,2014,Naissances,2637
39,2015,Deces,2693
39,2015,Naissances,2528
39,2016,Deces,2744
39,2016,Naissances,2540
39,2017,Actifs1564,117413
39,2017,ArriveesHorsDep,7793
39,2017,Chomeurs1564,12472
39,2017,Deces,2781
39,2017,Logements,149350
39,2017,LogementsVacants,14947
39,2017,Naissances,2403
39,2017,Pop65Plus,59590
39,2017,PopUnAnPlus,257572
39,2017,Population,260188
39,2017,PopulationLegale,260188
39,2017,RPMaisons,79702
39,2017,RPProprietaires,78341
39,2017,ResidencesPrincipales,119104
39,2018,Deces,2806
39,2018,Naissances,2294
39,2019,Deces,2790
39,2019,Naissances,2364
39,2020,Deces,3152
39,2020,Naissances,2244
39,2021,Deces,3020
39,2021,Naissances,2232
39,2022,Deces,2915
39,2022,Naissances,2192
39,2023,Actifs1564,117607
39,2023,ArriveesHorsDep,7448
39,2023,Chomeurs1564,9741
39,2023,Deces,2858
39,2023,Logements,153586
39,2023,LogementsVacants,14471
39,2023,Naissances,2083
39,2023,NiveauVieMedian,26090
39,2023,Pop65Plus,64928
39,2023,PopUnAnPlus,255860
39,2023,Population,257973
39,2023,PopulationLegale,257973
39,2023,RPMaisons,82641
39,2023,RPProprietaires,81623
39,2023,RPProprietaires65Plus,32711
39,2023,RPTotalAge,122879
39,2023,ResidencesPrincipales,122879
39,2023,TauxPauvrete,12
39,2024,Deces,2975
39,2024,Naissances,1895
39,2025,Deces,2946
39,2025,Naissances,2014
40,1968,PopulationLegale,277381
40,1975,PopulationLegale,288323
40,1982,PopulationLegale,297424
40,1990,PopulationLegale,311461
40,1999,PopulationLegale,327334
40,2007,PopulationLegale,367492
40,2008,Deces,3885
40,2008,Naissances,3862
40,2009,Deces,3933
40,2009,Naissances,3914
40,2010,Deces,3975
40,2010,Naissances,3993
40,2011,Deces,3859
40,2011,Naissances,3853
40,2012,Actifs1564,177336
40,2012,ArriveesHorsDep,18171
40,2012,Chomeurs1564,21845
40,2012,Deces,4068
40,2012,Logements,238981
40,2012,LogementsVacants,15848
40,2012,Naissances,3880
40,2012,Pop65Plus,84528
40,2012,PopUnAnPlus,388766
40,2012,Population,392884
40,2012,PopulationLegale,392884
40,2012,RPMaisons,135635
40,2012,RPProprietaires,112942
40,2012,ResidencesPrincipales,173432
40,2013,Deces,4138
40,2013,Naissances,3864
40,2014,Deces,4159
40,2014,Naissances,3696
40,2015,Deces,4360
40,2015,Naissances,3682
40,2016,Deces,4359
40,2016,Naissances,3498
40,2017,Actifs1564,181180
40,2017,ArriveesHorsDep,16550
40,2017,Chomeurs1564,24851
40,2017,Deces,4601
40,2017,Logements,255992
40,2017,LogementsVacants,17397
40,2017,Naissances,3390
40,2017,Pop65Plus,99538
40,2017,PopUnAnPlus,403847
40,2017,Population,407444
40,2017,PopulationLegale,407444
40,2017,RPMaisons,145330
40,2017,RPProprietaires,121966
40,2017,ResidencesPrincipales,186013
40,2018,Deces,4534
40,2018,Naissances,3356
40,2019,Deces,4537
40,2019,Naissances,3483
40,2020,Deces,4780
40,2020,Naissances,3405
40,2021,Deces,4856
40,2021,Naissances,3494
40,2022,Deces,5183
40,2022,Naissances,3602
40,2023,Actifs1564,194878
40,2023,ArriveesHorsDep,16976
40,2023,Chomeurs1564,20590
40,2023,Deces,4999
40,2023,Logements,279035
40,2023,LogementsVacants,17017
40,2023,Naissances,3151
40,2023,NiveauVieMedian,25650
40,2023,Pop65Plus,115865
40,2023,PopUnAnPlus,430194
40,2023,Population,433570
40,2023,PopulationLegale,433570
40,2023,RPMaisons,157507
40,2023,RPProprietaires,136735
40,2023,RPProprietaires65Plus,57360
40,2023,RPTotalAge,205741
40,2023,ResidencesPrincipales,205741
40,2023,TauxPauvrete,12
40,2024,Deces,5148
40,2024,Naissances,3085
40,2025,Deces,5119
40,2025,Naissances,2999
41,1968,PopulationLegale,267900
41,1975,PopulationLegale,283690
41,1982,PopulationLegale,296224
41,1990,PopulationLegale,305937
41,1999,PopulationLegale,314968
41,2007,PopulationLegale,326291
41,2008,Deces,3542
41,2008,Naissances,3847
41,2009,Deces,3623
41,2009,Naissances,3786
41,2010,Deces,3550
41,2010,Naissances,3777
41,2011,Deces,3365
41,2011,Naissances,3667
41,2012,Actifs1564,148773
41,2012,ArriveesHorsDep,10639
41,2012,Chomeurs1564,17531
41,2012,Deces,3597
41,2012,Logements,178481
41,2012,LogementsVacants,17155
41,2012,Naissances,3704
41,2012,Pop65Plus,72283
41,2012,PopUnAnPlus,327910
41,2012,Population,331656
41,2012,PopulationLegale,331656
41,2012,RPMaisons,117556
41,2012,RPProprietaires,100146
41,2012,ResidencesPrincipales,146867
41,2013,Deces,3652
41,2013,Naissances,3581
41,2014,Deces,3532
41,2014,Naissances,3517
41,2015,Deces,3772
41,2015,Naissances,3335
41,2016,Deces,3711
41,2016,Naissances,3200
41,2017,Actifs1564,146202
41,2017,ArriveesHorsDep,9580
41,2017,Chomeurs1564,17873
41,2017,Deces,3899
41,2017,Logements,183643
41,2017,LogementsVacants,19548
41,2017,Naissances,3105
41,2017,Pop65Plus,79676
41,2017,PopUnAnPlus,328662
41,2017,Population,331915
41,2017,PopulationLegale,331915
41,2017,RPMaisons,120653
41,2017,RPProprietaires,102059
41,2017,ResidencesPrincipales,149623
41,2018,Deces,3828
41,2018,Naissances,3016
41,2019,Deces,3823
41,2019,Naissances,2936
41,2020,Deces,4176
41,2020,Naissances,2935
41,2021,Deces,4007
41,2021,Naissances,2969
41,2022,Deces,4317
41,2022,Naissances,3006
41,2023,Actifs1564,144834
41,2023,ArriveesHorsDep,9373
41,2023,Chomeurs1564,14851
41,2023,Deces,3975
41,2023,Logements,188500
41,2023,LogementsVacants,19570
41,2023,Naissances,2786
41,2023,NiveauVieMedian,25240
41,2023,Pop65Plus,86528
41,2023,PopUnAnPlus,325623
41,2023,Population,328543
41,2023,PopulationLegale,328543
41,2023,RPMaisons,123557
41,2023,RPProprietaires,104987
41,2023,RPProprietaires65Plus,44475
41,2023,RPTotalAge,153224
41,2023,ResidencesPrincipales,153224
41,2023,TauxPauvrete,14
41,2024,Deces,4040
41,2024,Naissances,2671
41,2025,Deces,4054
41,2025,Naissances,2622
42,1968,PopulationLegale,722443
42,1975,PopulationLegale,742396
42,1982,PopulationLegale,739521
42,1990,PopulationLegale,746288
42,1999,PopulationLegale,728524
42,2007,PopulationLegale,740668
42,2008,Deces,7014
42,2008,Naissances,9357
42,2009,Deces,7125
42,2009,Naissances,9174
42,2010,Deces,7126
42,2010,Naissances,9403
42,2011,Deces,7002
42,2011,Naissances,9357
42,2012,Actifs1564,333061
42,2012,ArriveesHorsDep,18138
42,2012,Chomeurs1564,42557
42,2012,Deces,7537
42,2012,Logements,381976
42,2012,LogementsVacants,35654
42,2012,Naissances,9473
42,2012,Pop65Plus,149852
42,2012,PopUnAnPlus,744206
42,2012,Population,753763
42,2012,PopulationLegale,753763
42,2012,RPMaisons,167693
42,2012,RPProprietaires,192487
42,2012,ResidencesPrincipales,329213
42,2013,Deces,7226
42,2013,Naissances,9086
42,2014,Deces,7201
42,2014,Naissances,9183
42,2015,Deces,7605
42,2015,Naissances,9021
42,2016,Deces,7551
42,2016,Naissances,8575
42,2017,Actifs1564,332204
42,2017,ArriveesHorsDep,19038
42,2017,Chomeurs1564,44582
42,2017,Deces,7615
42,2017,Logements,396655
42,2017,LogementsVacants,40764
42,2017,Naissances,8391
42,2017,Pop65Plus,166688
42,2017,PopUnAnPlus,754124
42,2017,Population,762941
42,2017,PopulationLegale,762941
42,2017,RPMaisons,176055
42,2017,RPProprietaires,198929
42,2017,ResidencesPrincipales,339403
42,2018,Deces,7530
42,2018,Naissances,8438
42,2019,Deces,7794
42,2019,Naissances,8404
42,2020,Deces,9155
42,2020,Naissances,8050
42,2021,Deces,8104
42,2021,Naissances,7963
42,2022,Deces,8229
42,2022,Naissances,7969
42,2023,Actifs1564,342232
42,2023,ArriveesHorsDep,20349
42,2023,Chomeurs1564,38652
42,2023,Deces,7800
42,2023,Logements,410557
42,2023,LogementsVacants,39673
42,2023,Naissances,7326
42,2023,NiveauVieMedian,24800
42,2023,Pop65Plus,180198
42,2023,PopUnAnPlus,766374
42,2023,Population,774133
42,2023,PopulationLegale,774133
42,2023,RPMaisons,184350
42,2023,RPProprietaires,208201
42,2023,RPProprietaires65Plus,80187
42,2023,RPTotalAge,354644
42,2023,ResidencesPrincipales,354644
42,2023,TauxPauvrete,17
42,2024,Deces,8082
42,2024,Naissances,7304
42,2025,Deces,8014
42,2025,Naissances,6970
43,1968,PopulationLegale,208337
43,1975,PopulationLegale,205491
43,1982,PopulationLegale,205895
43,1990,PopulationLegale,206568
43,1999,PopulationLegale,209113
43,2007,PopulationLegale,220437
43,2008,Deces,2364
43,2008,Naissances,2398
43,2009,Deces,2461
43,2009,Naissances,2390
43,2010,Deces,2444
43,2010,Naissances,2348
43,2011,Deces,2337
43,2011,Naissances,2300
43,2012,Actifs1564,101221
43,2012,ArriveesHorsDep,6982
43,2012,Chomeurs1564,9912
43,2012,Deces,2567
43,2012,Logements,138818
43,2012,LogementsVacants,16176
43,2012,Naissances,2244
43,2012,Pop65Plus,47295
43,2012,PopUnAnPlus,223303
43,2012,Population,225686
43,2012,PopulationLegale,225686
43,2012,RPMaisons,74550
43,2012,RPProprietaires,68404
43,2012,ResidencesPrincipales,98543
43,2013,Deces,2493
43,2013,Naissances,2247
43,2014,Deces,2373
43,2014,Naissances,2157
43,2015,Deces,2676
43,2015,Naissances,2186
43,2016,Deces,2556
43,2016,Naissances,2025
43,2017,Actifs1564,101567
43,2017,ArriveesHorsDep,6540
43,2017,Chomeurs1564,10702
43,2017,Deces,2659
43,2017,Logements,142989
43,2017,LogementsVacants,17707
43,2017,Naissances,2000
43,2017,Pop65Plus,53614
43,2017,PopUnAnPlus,225163
43,2017,Population,227283
43,2017,PopulationLegale,227283
43,2017,RPMaisons,77761
43,2017,RPProprietaires,71247
43,2017,ResidencesPrincipales,101984
43,2018,Deces,2599
43,2018,Naissances,2060
43,2019,Deces,2594
43,2019,Naissances,1957
43,2020,Deces,3018
43,2020,Naissances,1893
43,2021,Deces,2737
43,2021,Naissances,1977
43,2022,Deces,2833
43,2022,Naissances,1828
43,2023,Actifs1564,103134
43,2023,ArriveesHorsDep,6752
43,2023,Chomeurs1564,8502
43,2023,Deces,2721
43,2023,Logements,147281
43,2023,LogementsVacants,17333
43,2023,Naissances,1746
43,2023,NiveauVieMedian,25140
43,2023,Pop65Plus,59705
43,2023,PopUnAnPlus,226751
43,2023,Population,228654
43,2023,PopulationLegale,228654
43,2023,RPMaisons,81613
43,2023,RPProprietaires,75484
43,2023,RPProprietaires65Plus,30007
43,2023,RPTotalAge,107026
43,2023,ResidencesPrincipales,107026
43,2023,TauxPauvrete,12
43,2024,Deces,2683
43,2024,Naissances,1729
43,2025,Deces,2700
43,2025,Naissances,1657
44,1968,PopulationLegale,862082
44,1975,PopulationLegale,934882
44,1982,PopulationLegale,995822
44,1990,PopulationLegale,1052466
44,1999,PopulationLegale,1134551
44,2007,PopulationLegale,1246967
44,2008,Deces,9737
44,2008,Naissances,16760
44,2009,Deces,9995
44,2009,Naissances,16763
44,2010,Deces,9949
44,2010,Naissances,17161
44,2011,Deces,9875
44,2011,Naissances,16745
44,2012,Actifs1564,625776
44,2012,ArriveesHorsDep,47214
44,2012,Chomeurs1564,68952
44,2012,Deces,10483
44,2012,Logements,680299
44,2012,LogementsVacants,37096
44,2012,Naissances,16821
44,2012,Pop65Plus,209968
44,2012,PopUnAnPlus,1296257
44,2012,Population,1313473
44,2012,PopulationLegale,1313473
44,2012,RPMaisons,367372
44,2012,RPProprietaires,358144
44,2012,ResidencesPrincipales,572396
44,2013,Deces,10646
44,2013,Naissances,16826
44,2014,Deces,10369
44,2014,Naissances,16701
44,2015,Deces,11258
44,2015,Naissances,16360
44,2016,Deces,11160
44,2016,Naissances,16208
44,2017,Actifs1564,665822
44,2017,ArriveesHorsDep,47816
44,2017,Chomeurs1564,77352
44,2017,Deces,11520
44,2017,Logements,740924
44,2017,LogementsVacants,42229
44,2017,Naissances,16325
44,2017,Pop65Plus,248549
44,2017,PopUnAnPlus,1377834
44,2017,Population,1394909
44,2017,PopulationLegale,1394909
44,2017,RPMaisons,390118
44,2017,RPProprietaires,384703
44,2017,ResidencesPrincipales,620688
44,2018,Deces,11587
44,2018,Naissances,16198
44,2019,Deces,11961
44,2019,Naissances,16221
44,2020,Deces,12417
44,2020,Naissances,16159
44,2021,Deces,12642
44,2021,Naissances,16746
44,2022,Deces,12940
44,2022,Naissances,16119
44,2023,Actifs1564,729138
44,2023,ArriveesHorsDep,43707
44,2023,Chomeurs1564,66411
44,2023,Deces,12336
44,2023,Logements,811177
44,2023,LogementsVacants,43940
44,2023,Naissances,14973
44,2023,NiveauVieMedian,27150
44,2023,Pop65Plus,286678
44,2023,PopUnAnPlus,1471810
44,2023,Population,1487570
44,2023,PopulationLegale,1487570
44,2023,RPMaisons,420192
44,2023,RPProprietaires,418340
44,2023,RPProprietaires65Plus,145047
44,2023,RPTotalAge,684986
44,2023,ResidencesPrincipales,684986
44,2023,TauxPauvrete,12
44,2024,Deces,12467
44,2024,Naissances,14582
44,2025,Deces,12772
44,2025,Naissances,14744
45,1968,PopulationLegale,430629
45,1975,PopulationLegale,490189
45,1982,PopulationLegale,535669
45,1990,PopulationLegale,580612
45,1999,PopulationLegale,618126
45,2007,PopulationLegale,647733
45,2008,Deces,5480
45,2008,Naissances,8524
45,2009,Deces,5659
45,2009,Naissances,8499
45,2010,Deces,5583
45,2010,Naissances,8757
45,2011,Deces,5514
45,2011,Naissances,8686
45,2012,Actifs1564,310654
45,2012,ArriveesHorsDep,21903
45,2012,Chomeurs1564,37718
45,2012,Deces,5648
45,2012,Logements,327876
45,2012,LogementsVacants,26715
45,2012,Naissances,8689
45,2012,Pop65Plus,115724
45,2012,PopUnAnPlus,653458
45,2012,Population,662297
45,2012,PopulationLegale,662297
45,2012,RPMaisons,194824
45,2012,RPProprietaires,176946
45,2012,ResidencesPrincipales,284894
45,2013,Deces,5790
45,2013,Naissances,8526
45,2014,Deces,5840
45,2014,Naissances,8355
45,2015,Deces,6205
45,2015,Naissances,8137
45,2016,Deces,5980
45,2016,Naissances,7860
45,2017,Actifs1564,313452
45,2017,ArriveesHorsDep,21393
45,2017,Chomeurs1564,41087
45,2017,Deces,6246
45,2017,Logements,344708
45,2017,LogementsVacants,31388
45,2017,Naissances,7781
45,2017,Pop65Plus,131968
45,2017,PopUnAnPlus,670003
45,2017,Population,678105
45,2017,PopulationLegale,678105
45,2017,RPMaisons,203089
45,2017,RPProprietaires,183712
45,2017,ResidencesPrincipales,296752
45,2018,Deces,6156
45,2018,Naissances,7815
45,2019,Deces,6229
45,2019,Naissances,7819
45,2020,Deces,6348
45,2020,Naissances,7615
45,2021,Deces,6744
45,2021,Naissances,7517
45,2022,Deces,6776
45,2022,Naissances,7588
45,2023,Actifs1564,320654
45,2023,ArriveesHorsDep,21138
45,2023,Chomeurs1564,35566
45,2023,Deces,6531
45,2023,Logements,359356
45,2023,LogementsVacants,30697
45,2023,Naissances,6974
45,2023,NiveauVieMedian,25800
45,2023,Pop65Plus,146521
45,2023,PopUnAnPlus,684005
45,2023,Population,691268
45,2023,PopulationLegale,691268
45,2023,RPMaisons,213755
45,2023,RPProprietaires,193680
45,2023,RPProprietaires65Plus,73134
45,2023,RPTotalAge,310889
45,2023,ResidencesPrincipales,310889
45,2023,TauxPauvrete,15
45,2024,Deces,6716
45,2024,Naissances,6960
45,2025,Deces,6535
45,2025,Naissances,6589
46,1968,PopulationLegale,151198
46,1975,PopulationLegale,150778
46,1982,PopulationLegale,154533
46,1990,PopulationLegale,155816
46,1999,PopulationLegale,160197
46,2007,PopulationLegale,171173
46,2008,Deces,2053
46,2008,Naissances,1555
46,2009,Deces,2036
46,2009,Naissances,1435
46,2010,Deces,2065
46,2010,Naissances,1506
46,2011,Deces,2118
46,2011,Naissances,1423
46,2012,Actifs1564,74679
46,2012,ArriveesHorsDep,7318
46,2012,Chomeurs1564,8833
46,2012,Deces,2096
46,2012,Logements,113643
46,2012,LogementsVacants,11228
46,2012,Naissances,1487
46,2012,Pop65Plus,44703
46,2012,PopUnAnPlus,172842
46,2012,Population,174346
46,2012,PopulationLegale,174346
46,2012,RPMaisons,66411
46,2012,RPProprietaires,56294
46,2012,ResidencesPrincipales,80932
46,2013,Deces,2032
46,2013,Naissances,1345
46,2014,Deces,2161
46,2014,Naissances,1415
46,2015,Deces,2294
46,2015,Naissances,1248
46,2016,Deces,2300
46,2016,Naissances,1277
46,2017,Actifs1564,73810
46,2017,ArriveesHorsDep,7000
46,2017,Chomeurs1564,9713
46,2017,Deces,2299
46,2017,Logements,118075
46,2017,LogementsVacants,12672
46,2017,Naissances,1260
46,2017,Pop65Plus,50131
46,2017,PopUnAnPlus,172517
46,2017,Population,173828
46,2017,PopulationLegale,173828
46,2017,RPMaisons,68693
46,2017,RPProprietaires,57943
46,2017,ResidencesPrincipales,83249
46,2018,Deces,2274
46,2018,Naissances,1304
46,2019,Deces,2428
46,2019,Naissances,1230
46,2020,Deces,2401
46,2020,Naissances,1229
46,2021,Deces,2386
46,2021,Naissances,1269
46,2022,Deces,2527
46,2022,Naissances,1186
46,2023,Actifs1564,74430
46,2023,ArriveesHorsDep,7064
46,2023,Chomeurs1564,8118
46,2023,Deces,2478
46,2023,Logements,122591
46,2023,LogementsVacants,12134
46,2023,Naissances,1089
46,2023,NiveauVieMedian,24740
46,2023,Pop65Plus,56146
46,2023,PopUnAnPlus,175251
46,2023,Population,176473
46,2023,PopulationLegale,176473
46,2023,RPMaisons,72530
46,2023,RPProprietaires,61756
46,2023,RPProprietaires65Plus,29417
46,2023,RPTotalAge,88004
46,2023,ResidencesPrincipales,88004
46,2023,TauxPauvrete,16
46,2024,Deces,2464
46,2024,Naissances,1072
46,2025,Deces,2427
46,2025,Naissances,1053
47,1968,PopulationLegale,290592
47,1975,PopulationLegale,292616
47,1982,PopulationLegale,298522
47,1990,PopulationLegale,305989
47,1999,PopulationLegale,305380
47,2007,PopulationLegale,324170
47,2008,Deces,3461
47,2008,Naissances,3378
47,2009,Deces,3575
47,2009,Naissances,3445
47,2010,Deces,3469
47,2010,Naissances,3359
47,2011,Deces,3518
47,2011,Naissances,3397
47,2012,Actifs1564,143646
47,2012,ArriveesHorsDep,11279
47,2012,Chomeurs1564,19307
47,2012,Deces,3702
47,2012,Logements,178555
47,2012,LogementsVacants,18803
47,2012,Naissances,3332
47,2012,Pop65Plus,77823
47,2012,PopUnAnPlus,328522
47,2012,Population,332119
47,2012,PopulationLegale,332119
47,2012,RPMaisons,120065
47,2012,RPProprietaires,95553
47,2012,ResidencesPrincipales,149078
47,2013,Deces,3784
47,2013,Naissances,3361
47,2014,Deces,3770
47,2014,Naissances,3347
47,2015,Deces,3935
47,2015,Naissances,3094
47,2016,Deces,3804
47,2016,Naissances,3084
47,2017,Actifs1564,142719
47,2017,ArriveesHorsDep,11072
47,2017,Chomeurs1564,20687
47,2017,Deces,4115
47,2017,Logements,185343
47,2017,LogementsVacants,21117
47,2017,Naissances,2953
47,2017,Pop65Plus,85321
47,2017,PopUnAnPlus,329721
47,2017,Population,332842
47,2017,PopulationLegale,332842
47,2017,RPMaisons,123365
47,2017,RPProprietaires,98257
47,2017,ResidencesPrincipales,152670
47,2018,Deces,3968
47,2018,Naissances,2960
47,2019,Deces,4057
47,2019,Naissances,2984
47,2020,Deces,4316
47,2020,Naissances,2892
47,2021,Deces,4252
47,2021,Naissances,2875
47,2022,Deces,4453
47,2022,Naissances,2884
47,2023,Actifs1564,143292
47,2023,ArriveesHorsDep,10763
47,2023,Chomeurs1564,16062
47,2023,Deces,4076
47,2023,Logements,192312
47,2023,LogementsVacants,21748
47,2023,Naissances,2756
47,2023,NiveauVieMedian,23730
47,2023,Pop65Plus,92722
47,2023,PopUnAnPlus,330902
47,2023,Population,333602
47,2023,PopulationLegale,333602
47,2023,RPMaisons,127815
47,2023,RPProprietaires,103000
47,2023,RPProprietaires65Plus,45775
47,2023,RPTotalAge,158186
47,2023,ResidencesPrincipales,158186
47,2023,TauxPauvrete,18
47,2024,Deces,4175
47,2024,Naissances,2564
47,2025,Deces,4193
47,2025,Naissances,2410
48,1968,PopulationLegale,77258
48,1975,PopulationLegale,74825
48,1982,PopulationLegale,74294
48,1990,PopulationLegale,72825
48,1999,PopulationLegale,73509
48,2007,PopulationLegale,76880
48,2008,Deces,908
48,2008,Naissances,779
48,2009,Deces,898
48,2009,Naissances,798
48,2010,Deces,948
48,2010,Naissances,736
48,2011,Deces,941
48,2011,Naissances,695
48,2012,Actifs1564,34158
48,2012,ArriveesHorsDep,3317
48,2012,Chomeurs1564,2849
48,2012,Deces,954
48,2012,Logements,58823
48,2012,LogementsVacants,5550
48,2012,Naissances,711
48,2012,Pop65Plus,16956
48,2012,PopUnAnPlus,76083
48,2012,Population,76889
48,2012,PopulationLegale,76889
48,2012,RPMaisons,25008
48,2012,RPProprietaires,22256
48,2012,ResidencesPrincipales,34150
48,2013,Deces,956
48,2013,Naissances,663
48,2014,Deces,913
48,2014,Naissances,651
48,2015,Deces,998
48,2015,Naissances,694
48,2016,Deces,1002
48,2016,Naissances,661
48,2017,Actifs1564,33715
48,2017,ArriveesHorsDep,3400
48,2017,Chomeurs1564,3242
48,2017,Deces,1023
48,2017,Logements,60898
48,2017,LogementsVacants,6220
48,2017,Naissances,595
48,2017,Pop65Plus,18910
48,2017,PopUnAnPlus,75907
48,2017,Population,76601
48,2017,PopulationLegale,76601
48,2017,RPMaisons,25929
48,2017,RPProprietaires,22851
48,2017,ResidencesPrincipales,34983
48,2018,Deces,961
48,2018,Naissances,580
48,2019,Deces,989
48,2019,Naissances,578
48,2020,Deces,1012
48,2020,Naissances,525
48,2021,Deces,1071
48,2021,Naissances,604
48,2022,Deces,1011
48,2022,Naissances,583
48,2023,Actifs1564,33692
48,2023,ArriveesHorsDep,3127
48,2023,Chomeurs1564,2610
48,2023,Deces,961
48,2023,Logements,62355
48,2023,LogementsVacants,5308
48,2023,Naissances,562
48,2023,NiveauVieMedian,24270
48,2023,Pop65Plus,20887
48,2023,PopUnAnPlus,75884
48,2023,Population,76486
48,2023,PopulationLegale,76486
48,2023,RPMaisons,27133
48,2023,RPProprietaires,24119
48,2023,RPProprietaires65Plus,10638
48,2023,RPTotalAge,36725
48,2023,ResidencesPrincipales,36725
48,2023,TauxPauvrete,15
48,2024,Deces,952
48,2024,Naissances,501
48,2025,Deces,954
48,2025,Naissances,480
49,1968,PopulationLegale,584933
49,1975,PopulationLegale,629466
49,1982,PopulationLegale,674997
49,1990,PopulationLegale,705599
49,1999,PopulationLegale,732657
49,2007,PopulationLegale,770608
49,2008,Deces,6238
49,2008,Naissances,10273
49,2009,Deces,6243
49,2009,Naissances,10168
49,2010,Deces,6357
49,2010,Naissances,10310
49,2011,Deces,6240
49,2011,Naissances,10322
49,2012,Actifs1564,372134
49,2012,ArriveesHorsDep,28421
49,2012,Chomeurs1564,42914
49,2012,Deces,6462
49,2012,Logements,375931
49,2012,LogementsVacants,25690
49,2012,Naissances,10061
49,2012,Pop65Plus,136406
49,2012,PopUnAnPlus,784801
49,2012,Population,795405
49,2012,PopulationLegale,795405
49,2012,RPMaisons,241174
49,2012,RPProprietaires,204397
49,2012,ResidencesPrincipales,339602
49,2013,Deces,6657
49,2013,Naissances,10012
49,2014,Deces,6342
49,2014,Naissances,9780
49,2015,Deces,7021
49,2015,Naissances,9413
49,2016,Deces,6978
49,2016,Naissances,9086
49,2017,Actifs1564,376495
49,2017,ArriveesHorsDep,26564
49,2017,Chomeurs1564,46564
49,2017,Deces,7182
49,2017,Logements,394578
49,2017,LogementsVacants,27441
49,2017,Naissances,8968
49,2017,Pop65Plus,156245
49,2017,PopUnAnPlus,803891
49,2017,Population,813493
49,2017,PopulationLegale,813493
49,2017,RPMaisons,251203
49,2017,RPProprietaires,214347
49,2017,ResidencesPrincipales,355093
49,2018,Deces,7212
49,2018,Naissances,8776
49,2019,Deces,7146
49,2019,Naissances,8483
49,2020,Deces,7534
49,2020,Naissances,8384
49,2021,Deces,7466
49,2021,Naissances,8742
49,2022,Deces,7999
49,2022,Naissances,8480
49,2023,Actifs1564,394266
49,2023,ArriveesHorsDep,25424
49,2023,Chomeurs1564,36913
49,2023,Deces,7492
49,2023,Logements,414821
49,2023,LogementsVacants,25556
49,2023,Naissances,7945
49,2023,NiveauVieMedian,25550
49,2023,Pop65Plus,175749
49,2023,PopUnAnPlus,825297
49,2023,Population,833776
49,2023,PopulationLegale,833776
49,2023,RPMaisons,264197
49,2023,RPProprietaires,226940
49,2023,RPProprietaires65Plus,82494
49,2023,RPTotalAge,375558
49,2023,ResidencesPrincipales,375558
49,2023,TauxPauvrete,12
49,2024,Deces,7447
49,2024,Naissances,7786
49,2025,Deces,7799
49,2025,Naissances,7709
50,1968,PopulationLegale,452705
50,1975,PopulationLegale,452275
50,1982,PopulationLegale,466482
50,1990,PopulationLegale,480123
50,1999,PopulationLegale,481983
50,2007,PopulationLegale,495676
50,2008,Deces,5005
50,2008,Naissances,5395
50,2009,Deces,5184
50,2009,Naissances,5239
50,2010,Deces,5370
50,2010,Naissances,5245
50,2011,Deces,5141
50,2011,Naissances,5197
50,2012,Actifs1564,221938
50,2012,ArriveesHorsDep,13284
50,2012,Chomeurs1564,23699
50,2012,Deces,5407
50,2012,Logements,286571
50,2012,LogementsVacants,22462
50,2012,Naissances,5289
50,2012,Pop65Plus,106082
50,2012,PopUnAnPlus,494345
50,2012,Population,499890
50,2012,PopulationLegale,499890
50,2012,RPMaisons,178205
50,2012,RPProprietaires,139071
50,2012,ResidencesPrincipales,222688
50,2013,Deces,5431
50,2013,Naissances,5001
50,2014,Deces,5302
50,2014,Naissances,4918
50,2015,Deces,5648
50,2015,Naissances,4866
50,2016,Deces,5777
50,2016,Naissances,4561
50,2017,Actifs1564,218892
50,2017,ArriveesHorsDep,12241
50,2017,Chomeurs1564,23781
50,2017,Deces,5716
50,2017,Logements,297133
50,2017,LogementsVacants,25120
50,2017,Naissances,4442
50,2017,Pop65Plus,119436
50,2017,PopUnAnPlus,492106
50,2017,Population,496883
50,2017,PopulationLegale,496883
50,2017,RPMaisons,183760
50,2017,RPProprietaires,144352
50,2017,ResidencesPrincipales,227731
50,2018,Deces,5853
50,2018,Naissances,4306
50,2019,Deces,5879
50,2019,Naissances,4403
50,2020,Deces,5953
50,2020,Naissances,4257
50,2021,Deces,6323
50,2021,Naissances,4419
50,2022,Deces,6730
50,2022,Naissances,4365
50,2023,Actifs1564,221579
50,2023,ArriveesHorsDep,12546
50,2023,Chomeurs1564,18683
50,2023,Deces,6221
50,2023,Logements,305712
50,2023,LogementsVacants,22826
50,2023,Naissances,3938
50,2023,NiveauVieMedian,25430
50,2023,Pop65Plus,132160
50,2023,PopUnAnPlus,493107
50,2023,Population,497522
50,2023,PopulationLegale,497522
50,2023,RPMaisons,190636
50,2023,RPProprietaires,152652
50,2023,RPProprietaires65Plus,63811
50,2023,RPTotalAge,237370
50,2023,ResidencesPrincipales,237370
50,2023,TauxPauvrete,12
50,2024,Deces,6152
50,2024,Naissances,3948
50,2025,Deces,6128
50,2025,Naissances,3660
51,1968,PopulationLegale,485302
51,1975,PopulationLegale,530454
51,1982,PopulationLegale,543670
51,1990,PopulationLegale,558276
51,1999,PopulationLegale,565284
51,2007,PopulationLegale,566561
51,2008,Deces,4798
51,2008,Naissances,7066
51,2009,Deces,4874
51,2009,Naissances,7061
51,2010,Deces,4868
51,2010,Naissances,7182
51,2011,Deces,4832
51,2011,Naissances,7070
51,2012,Actifs1564,270164
51,2012,ArriveesHorsDep,19500
51,2012,Chomeurs1564,34264
51,2012,Deces,4970
51,2012,Logements,281894
51,2012,LogementsVacants,22467
51,2012,Naissances,6761
51,2012,Pop65Plus,92656
51,2012,PopUnAnPlus,561592
51,2012,Population,568795
51,2012,PopulationLegale,568795
51,2012,RPMaisons,142809
51,2012,RPProprietaires,130218
51,2012,ResidencesPrincipales,253158
51,2013,Deces,5002
51,2013,Naissances,7001
51,2014,Deces,4829
51,2014,Naissances,6889
51,2015,Deces,5333
51,2015,Naissances,6618
51,2016,Deces,5202
51,2016,Naissances,6411
51,2017,Actifs1564,263367
51,2017,ArriveesHorsDep,16904
51,2017,Chomeurs1564,36063
51,2017,Deces,5334
51,2017,Logements,294041
51,2017,LogementsVacants,26198
51,2017,Naissances,6091
51,2017,Pop65Plus,107099
51,2017,PopUnAnPlus,562562
51,2017,Population,568895
51,2017,PopulationLegale,568895
51,2017,RPMaisons,146234
51,2017,RPProprietaires,133124
51,2017,ResidencesPrincipales,259819
51,2018,Deces,5270
51,2018,Naissances,6069
51,2019,Deces,5120
51,2019,Naissances,6113
51,2020,Deces,5693
51,2020,Naissances,5843
51,2021,Deces,5579
51,2021,Naissances,6041
51,2022,Deces,5766
51,2022,Naissances,5790
51,2023,Actifs1564,263354
51,2023,ArriveesHorsDep,15894
51,2023,Chomeurs1564,30344
51,2023,Deces,5400
51,2023,Logements,304458
51,2023,LogementsVacants,27779
51,2023,Naissances,5174
51,2023,NiveauVieMedian,25700
51,2023,Pop65Plus,118692
51,2023,PopUnAnPlus,557402
51,2023,Population,563076
51,2023,PopulationLegale,563076
51,2023,RPMaisons,149792
51,2023,RPProprietaires,139219
51,2023,RPProprietaires65Plus,53066
51,2023,RPTotalAge,265839
51,2023,ResidencesPrincipales,265839
51,2023,TauxPauvrete,16
51,2024,Deces,5419
51,2024,Naissances,5146
51,2025,Deces,5323
51,2025,Naissances,5164
52,1968,PopulationLegale,214340
52,1975,PopulationLegale,212304
52,1982,PopulationLegale,210670
52,1990,PopulationLegale,204067
52,1999,PopulationLegale,194873
52,2007,PopulationLegale,187407
52,2008,Deces,2100
52,2008,Naissances,2036
52,2009,Deces,2089
52,2009,Naissances,1944
52,2010,Deces,1962
52,2010,Naissances,1889
52,2011,Deces,1872
52,2011,Naissances,1916
52,2012,Actifs1564,81187
52,2012,ArriveesHorsDep,5317
52,2012,Chomeurs1564,10707
52,2012,Deces,1995
52,2012,Logements,100421
52,2012,LogementsVacants,11000
52,2012,Naissances,1847
52,2012,Pop65Plus,38148
52,2012,PopUnAnPlus,180222
52,2012,Population,182136
52,2012,PopulationLegale,182136
52,2012,RPMaisons,60967
52,2012,RPProprietaires,52625
52,2012,ResidencesPrincipales,82036
52,2013,Deces,2119
52,2013,Naissances,1923
52,2014,Deces,2008
52,2014,Naissances,1881
52,2015,Deces,2145
52,2015,Naissances,1725
52,2016,Deces,2057
52,2016,Naissances,1611
52,2017,Actifs1564,76855
52,2017,ArriveesHorsDep,4544
52,2017,Chomeurs1564,10297
52,2017,Deces,2185
52,2017,Logements,100650
52,2017,LogementsVacants,11745
52,2017,Naissances,1550
52,2017,Pop65Plus,42186
52,2017,PopUnAnPlus,173973
52,2017,Population,175640
52,2017,PopulationLegale,175640
52,2017,RPMaisons,61108
52,2017,RPProprietaires,52770
52,2017,ResidencesPrincipales,81313
52,2018,Deces,2148
52,2018,Naissances,1507
52,2019,Deces,2137
52,2019,Naissances,1424
52,2020,Deces,2378
52,2020,Naissances,1381
52,2021,Deces,2323
52,2021,Naissances,1445
52,2022,Deces,2251
52,2022,Naissances,1361
52,2023,Actifs1564,73205
52,2023,ArriveesHorsDep,4642
52,2023,Chomeurs1564,7959
52,2023,Deces,2158
52,2023,Logements,100360
52,2023,LogementsVacants,11750
52,2023,Naissances,1375
52,2023,NiveauVieMedian,23980
52,2023,Pop65Plus,45002
52,2023,PopUnAnPlus,166910
52,2023,Population,168331
52,2023,PopulationLegale,168331
52,2023,RPMaisons,61480
52,2023,RPProprietaires,52884
52,2023,RPProprietaires65Plus,22953
52,2023,RPTotalAge,80915
52,2023,ResidencesPrincipales,80915
52,2023,TauxPauvrete,16
52,2024,Deces,2190
52,2024,Naissances,1250
52,2025,Deces,2142
52,2025,Naissances,1241
53,1968,PopulationLegale,252762
53,1975,PopulationLegale,261789
53,1982,PopulationLegale,271784
53,1990,PopulationLegale,278037
53,1999,PopulationLegale,285338
53,2007,PopulationLegale,300643
53,2008,Deces,2663
53,2008,Naissances,3912
53,2009,Deces,2707
53,2009,Naissances,3897
53,2010,Deces,2739
53,2010,Naissances,3962
53,2011,Deces,2734
53,2011,Naissances,3733
53,2012,Actifs1564,141347
53,2012,ArriveesHorsDep,9173
53,2012,Chomeurs1564,12070
53,2012,Deces,2870
53,2012,Logements,151650
53,2012,LogementsVacants,12391
53,2012,Naissances,3750
53,2012,Pop65Plus,58473
53,2012,PopUnAnPlus,303409
53,2012,Population,307453
53,2012,PopulationLegale,307453
53,2012,RPMaisons,105906
53,2012,RPProprietaires,86454
53,2012,ResidencesPrincipales,131356
53,2013,Deces,2730
53,2013,Naissances,3656
53,2014,Deces,2759
53,2014,Naissances,3456
53,2015,Deces,3048
53,2015,Naissances,3341
53,2016,Deces,3100
53,2016,Naissances,3225
53,2017,Actifs1564,138728
53,2017,ArriveesHorsDep,8899
53,2017,Chomeurs1564,12876
53,2017,Deces,3045
53,2017,Logements,156662
53,2017,LogementsVacants,14183
53,2017,Naissances,3012
53,2017,Pop65Plus,65928
53,2017,PopUnAnPlus,304059
53,2017,Population,307445
53,2017,PopulationLegale,307445
53,2017,RPMaisons,108469
53,2017,RPProprietaires,89257
53,2017,ResidencesPrincipales,134164
53,2018,Deces,3006
53,2018,Naissances,3024
53,2019,Deces,3132
53,2019,Naissances,3003
53,2020,Deces,3370
53,2020,Naissances,2968
53,2021,Deces,3217
53,2021,Naissances,2986
53,2022,Deces,3413
53,2022,Naissances,3040
53,2023,Actifs1564,139923
53,2023,ArriveesHorsDep,8587
53,2023,Chomeurs1564,10514
53,2023,Deces,3330
53,2023,Logements,162042
53,2023,LogementsVacants,14977
53,2023,Naissances,2873
53,2023,NiveauVieMedian,25140
53,2023,Pop65Plus,71648
53,2023,PopUnAnPlus,302409
53,2023,Population,305468
53,2023,PopulationLegale,305468
53,2023,RPMaisons,112186
53,2023,RPProprietaires,92914
53,2023,RPProprietaires65Plus,35563
53,2023,RPTotalAge,138699
53,2023,ResidencesPrincipales,138699
53,2023,TauxPauvrete,12
53,2024,Deces,3242
53,2024,Naissances,2841
53,2025,Deces,3165
53,2025,Naissances,2747
54,1968,PopulationLegale,705554
54,1975,PopulationLegale,722693
54,1982,PopulationLegale,716964
54,1990,PopulationLegale,711943
54,1999,PopulationLegale,713779
54,2007,PopulationLegale,726592
54,2008,Deces,6170
54,2008,Naissances,8559
54,2009,Deces,6226
54,2009,Naissances,8487
54,2010,Deces,6427
54,2010,Naissances,8536
54,2011,Deces,6206
54,2011,Naissances,8499
54,2012,Actifs1564,339627
54,2012,ArriveesHorsDep,23996
54,2012,Chomeurs1564,45136
54,2012,Deces,6474
54,2012,Logements,360503
54,2012,LogementsVacants,31200
54,2012,Naissances,8387
54,2012,Pop65Plus,123415
54,2012,PopUnAnPlus,724623
54,2012,Population,733266
54,2012,PopulationLegale,733266
54,2012,RPMaisons,180398
54,2012,RPProprietaires,186313
54,2012,ResidencesPrincipales,324035
54,2013,Deces,6430
54,2013,Naissances,8197
54,2014,Deces,6232
54,2014,Naissances,8135
54,2015,Deces,6618
54,2015,Naissances,7785
54,2016,Deces,6648
54,2016,Naissances,7795
54,2017,Actifs1564,334105
54,2017,ArriveesHorsDep,23783
54,2017,Chomeurs1564,46664
54,2017,Deces,6700
54,2017,Logements,375755
54,2017,LogementsVacants,35346
54,2017,Naissances,7507
54,2017,Pop65Plus,138109
54,2017,PopUnAnPlus,725698
54,2017,Population,733481
54,2017,PopulationLegale,733481
54,2017,RPMaisons,184686
54,2017,RPProprietaires,191434
54,2017,ResidencesPrincipales,333167
54,2018,Deces,6681
54,2018,Naissances,7139
54,2019,Deces,6701
54,2019,Naissances,7003
54,2020,Deces,7625
54,2020,Naissances,6819
54,2021,Deces,7388
54,2021,Naissances,6785
54,2022,Deces,7416
54,2022,Naissances,6560
54,2023,Actifs1564,339061
54,2023,ArriveesHorsDep,21728
54,2023,Chomeurs1564,37659
54,2023,Deces,7119
54,2023,Logements,389086
54,2023,LogementsVacants,35305
54,2023,Naissances,5913
54,2023,NiveauVieMedian,25910
54,2023,Pop65Plus,151452
54,2023,PopUnAnPlus,725419
54,2023,Population,732236
54,2023,PopulationLegale,732236
54,2023,RPMaisons,189374
54,2023,RPProprietaires,198663
54,2023,RPProprietaires65Plus,72650
54,2023,RPTotalAge,344462
54,2023,ResidencesPrincipales,344462
54,2023,TauxPauvrete,16
54,2024,Deces,7010
54,2024,Naissances,5858
54,2025,Deces,7137
54,2025,Naissances,5634
55,1968,PopulationLegale,209372
55,1975,PopulationLegale,203799
55,1982,PopulationLegale,199983
55,1990,PopulationLegale,196223
55,1999,PopulationLegale,192198
55,2007,PopulationLegale,193962
55,2008,Deces,1956
55,2008,Naissances,2220
55,2009,Deces,1901
55,2009,Naissances,2122
55,2010,Deces,1904
55,2010,Naissances,2221
55,2011,Deces,1940
55,2011,Naissances,2119
55,2012,Actifs1564,87824
55,2012,ArriveesHorsDep,5635
55,2012,Chomeurs1564,11605
55,2012,Deces,2002
55,2012,Logements,98104
55,2012,LogementsVacants,10226
55,2012,Naissances,2107
55,2012,Pop65Plus,36075
55,2012,PopUnAnPlus,190491
55,2012,Population,192800
55,2012,PopulationLegale,192800
55,2012,RPMaisons,63887
55,2012,RPProprietaires,55550
55,2012,ResidencesPrincipales,83316
55,2013,Deces,1999
55,2013,Naissances,2070
55,2014,Deces,1923
55,2014,Naissances,1928
55,2015,Deces,2099
55,2015,Naissances,1872
55,2016,Deces,2113
55,2016,Naissances,1751
55,2017,Actifs1564,83861
55,2017,ArriveesHorsDep,4846
55,2017,Chomeurs1564,11446
55,2017,Deces,2011
55,2017,Logements,99736
55,2017,LogementsVacants,11630
55,2017,Naissances,1729
55,2017,Pop65Plus,40416
55,2017,PopUnAnPlus,185344
55,2017,Population,187187
55,2017,PopulationLegale,187187
55,2017,RPMaisons,64713
55,2017,RPProprietaires,56058
55,2017,ResidencesPrincipales,83575
55,2018,Deces,2077
55,2018,Naissances,1626
55,2019,Deces,2148
55,2019,Naissances,1551
55,2020,Deces,2461
55,2020,Naissances,1512
55,2021,Deces,2234
55,2021,Naissances,1581
55,2022,Deces,2297
55,2022,Naissances,1473
55,2023,Actifs1564,80783
55,2023,ArriveesHorsDep,4581
55,2023,Chomeurs1564,8943
55,2023,Deces,2189
55,2023,Logements,100335
55,2023,LogementsVacants,11431
55,2023,Naissances,1388
55,2023,NiveauVieMedian,24740
55,2023,Pop65Plus,44933
55,2023,PopUnAnPlus,178782
55,2023,Population,180290
55,2023,PopulationLegale,180290
55,2023,RPMaisons,65175
55,2023,RPProprietaires,56821
55,2023,RPProprietaires65Plus,22910
55,2023,RPTotalAge,83933
55,2023,ResidencesPrincipales,83933
55,2023,TauxPauvrete,15
55,2024,Deces,2164
55,2024,Naissances,1297
55,2025,Deces,2263
55,2025,Naissances,1229
56,1968,PopulationLegale,540474
56,1975,PopulationLegale,563588
56,1982,PopulationLegale,590889
56,1990,PopulationLegale,619838
56,1999,PopulationLegale,643873
56,2007,PopulationLegale,702487
56,2008,Deces,7137
56,2008,Naissances,8288
56,2009,Deces,7270
56,2009,Naissances,7942
56,2010,Deces,7424
56,2010,Naissances,8029
56,2011,Deces,7436
56,2011,Naissances,7894
56,2012,Actifs1564,323673
56,2012,ArriveesHorsDep,26389
56,2012,Chomeurs1564,36820
56,2012,Deces,7763
56,2012,Logements,438653
56,2012,LogementsVacants,30048
56,2012,Naissances,7909
56,2012,Pop65Plus,149895
56,2012,PopUnAnPlus,724063
56,2012,Population,732372
56,2012,PopulationLegale,732372
56,2012,RPMaisons,245631
56,2012,RPProprietaires,222517
56,2012,ResidencesPrincipales,329155
56,2013,Deces,7906
56,2013,Naissances,7645
56,2014,Deces,7637
56,2014,Naissances,7554
56,2015,Deces,8178
56,2015,Naissances,7108
56,2016,Deces,8315
56,2016,Naissances,6974
56,2017,Actifs1564,326698
56,2017,ArriveesHorsDep,25545
56,2017,Chomeurs1564,41477
56,2017,Deces,8363
56,2017,Logements,464186
56,2017,LogementsVacants,34542
56,2017,Naissances,6754
56,2017,Pop65Plus,176119
56,2017,PopUnAnPlus,743763
56,2017,Population,750863
56,2017,PopulationLegale,750863
56,2017,RPMaisons,257987
56,2017,RPProprietaires,233619
56,2017,ResidencesPrincipales,346231
56,2018,Deces,8517
56,2018,Naissances,6637
56,2019,Deces,8701
56,2019,Naissances,6661
56,2020,Deces,8759
56,2020,Naissances,6478
56,2021,Deces,9134
56,2021,Naissances,6755
56,2022,Deces,9540
56,2022,Naissances,6766
56,2023,Actifs1564,342475
56,2023,ArriveesHorsDep,26574
56,2023,Chomeurs1564,32083
56,2023,Deces,9115
56,2023,Logements,491517
56,2023,LogementsVacants,31558
56,2023,Naissances,6186
56,2023,NiveauVieMedian,26250
56,2023,Pop65Plus,207954
56,2023,PopUnAnPlus,776962
56,2023,Population,783390
56,2023,PopulationLegale,783390
56,2023,RPMaisons,277635
56,2023,RPProprietaires,255282
56,2023,RPProprietaires65Plus,109554
56,2023,RPTotalAge,373800
56,2023,ResidencesPrincipales,373800
56,2023,TauxPauvrete,11
56,2024,Deces,9291
56,2024,Naissances,5974
56,2025,Deces,9394
56,2025,Naissances,6005
57,1968,PopulationLegale,971314
57,1975,PopulationLegale,1006373
57,1982,PopulationLegale,1007189
57,1990,PopulationLegale,1011302
57,1999,PopulationLegale,1023447
57,2007,PopulationLegale,1039023
57,2008,Deces,8784
57,2008,Naissances,12012
57,2009,Deces,9042
57,2009,Naissances,11831
57,2010,Deces,8876
57,2010,Naissances,11856
57,2011,Deces,8978
57,2011,Naissances,11474
57,2012,Actifs1564,493019
57,2012,ArriveesHorsDep,22594
57,2012,Chomeurs1564,66067
57,2012,Deces,9304
57,2012,Logements,493278
57,2012,LogementsVacants,40289
57,2012,Naissances,11579
57,2012,Pop65Plus,175392
57,2012,PopUnAnPlus,1033992
57,2012,Population,1046468
57,2012,PopulationLegale,1046468
57,2012,RPMaisons,251226
57,2012,RPProprietaires,265527
57,2012,ResidencesPrincipales,444111
57,2013,Deces,9466
57,2013,Naissances,11421
57,2014,Deces,9271
57,2014,Naissances,11385
57,2015,Deces,9837
57,2015,Naissances,10946
57,2016,Deces,9713
57,2016,Naissances,10707
57,2017,Actifs1564,485387
57,2017,ArriveesHorsDep,20412
57,2017,Chomeurs1564,66979
57,2017,Deces,10057
57,2017,Logements,514328
57,2017,LogementsVacants,46665
57,2017,Naissances,10547
57,2017,Pop65Plus,198477
57,2017,PopUnAnPlus,1032380
57,2017,Population,1043522
57,2017,PopulationLegale,1043522
57,2017,RPMaisons,259480
57,2017,RPProprietaires,273545
57,2017,ResidencesPrincipales,457123
57,2018,Deces,10303
57,2018,Naissances,10189
57,2019,Deces,10282
57,2019,Naissances,10232
57,2020,Deces,11580
57,2020,Naissances,9697
57,2021,Deces,11144
57,2021,Naissances,9744
57,2022,Deces,11172
57,2022,Naissances,9346
57,2023,Actifs1564,493742
57,2023,ArriveesHorsDep,22140
57,2023,Chomeurs1564,54008
57,2023,Deces,10518
57,2023,Logements,539299
57,2023,LogementsVacants,48424
57,2023,Naissances,8660
57,2023,NiveauVieMedian,26030
57,2023,Pop65Plus,221557
57,2023,PopUnAnPlus,1041330
57,2023,Population,1051309
57,2023,PopulationLegale,1051309
57,2023,RPMaisons,267031
57,2023,RPProprietaires,286838
57,2023,RPProprietaires65Plus,101538
57,2023,RPTotalAge,478218
57,2023,ResidencesPrincipales,478218
57,2023,TauxPauvrete,17
57,2024,Deces,10836
57,2024,Naissances,8693
57,2025,Deces,10757
57,2025,Naissances,8268
58,1968,PopulationLegale,247702
58,1975,PopulationLegale,245212
58,1982,PopulationLegale,239635
58,1990,PopulationLegale,233278
58,1999,PopulationLegale,225198
58,2007,PopulationLegale,221488
58,2008,Deces,2873
58,2008,Naissances,2049
58,2009,Deces,2971
58,2009,Naissances,1986
58,2010,Deces,2910
58,2010,Naissances,1982
58,2011,Deces,2995
58,2011,Naissances,1999
58,2012,Actifs1564,89472
58,2012,ArriveesHorsDep,6695
58,2012,Chomeurs1564,11929
58,2012,Deces,3003
58,2012,Logements,140730
58,2012,LogementsVacants,16619
58,2012,Naissances,1942
58,2012,Pop65Plus,54818
58,2012,PopUnAnPlus,214747
58,2012,Population,216786
58,2012,PopulationLegale,216786
58,2012,RPMaisons,77795
58,2012,RPProprietaires,68639
58,2012,ResidencesPrincipales,102788
58,2013,Deces,2936
58,2013,Naissances,1850
58,2014,Deces,2907
58,2014,Naissances,1801
58,2015,Deces,2965
58,2015,Naissances,1777
58,2016,Deces,2995
58,2016,Naissances,1675
58,2017,Actifs1564,83441
58,2017,ArriveesHorsDep,6304
58,2017,Chomeurs1564,11420
58,2017,Deces,3145
58,2017,Logements,141642
58,2017,LogementsVacants,19482
58,2017,Naissances,1628
58,2017,Pop65Plus,59376
58,2017,PopUnAnPlus,205519
58,2017,Population,207182
58,2017,PopulationLegale,207182
58,2017,RPMaisons,77734
58,2017,RPProprietaires,68201
58,2017,ResidencesPrincipales,100961
58,2018,Deces,3053
58,2018,Naissances,1657
58,2019,Deces,2993
58,2019,Naissances,1522
58,2020,Deces,3182
58,2020,Naissances,1482
58,2021,Deces,3232
58,2021,Naissances,1547
58,2022,Deces,3164
58,2022,Naissances,1507
58,2023,Actifs1564,80757
58,2023,ArriveesHorsDep,6425
58,2023,Chomeurs1564,9131
58,2023,Deces,3107
58,2023,Logements,141787
58,2023,LogementsVacants,19075
58,2023,Naissances,1412
58,2023,NiveauVieMedian,24010
58,2023,Pop65Plus,62589
58,2023,PopUnAnPlus,199906
58,2023,Population,201417
58,2023,PopulationLegale,201417
58,2023,RPMaisons,78618
58,2023,RPProprietaires,69004
58,2023,RPProprietaires65Plus,32525
58,2023,RPTotalAge,101408
58,2023,ResidencesPrincipales,101408
58,2023,TauxPauvrete,17
58,2024,Deces,3069
58,2024,Naissances,1339
58,2025,Deces,3154
58,2025,Naissances,1321
59,1968,PopulationLegale,2418847
59,1975,PopulationLegale,2511478
59,1982,PopulationLegale,2520526
59,1990,PopulationLegale,2531855
59,1999,PopulationLegale,2555020
59,2007,PopulationLegale,2564950
59,2008,Deces,21991
59,2008,Naissances,36572
59,2009,Deces,21779
59,2009,Naissances,36508
59,2010,Deces,21886
59,2010,Naissances,36703
59,2011,Deces,21697
59,2011,Naissances,36678
59,2012,Actifs1564,1169861
59,2012,ArriveesHorsDep,50396
59,2012,Chomeurs1564,196685
59,2012,Deces,22492
59,2012,Logements,1155039
59,2012,LogementsVacants,75007
59,2012,Naissances,36513
59,2012,Pop65Plus,373656
59,2012,PopUnAnPlus,2550073
59,2012,Population,2587128
59,2012,PopulationLegale,2587128
59,2012,RPMaisons,732721
59,2012,RPProprietaires,590583
59,2012,ResidencesPrincipales,1067041
59,2013,Deces,22414
59,2013,Naissances,36354
59,2014,Deces,21589
59,2014,Naissances,35923
59,2015,Deces,22740
59,2015,Naissances,34678
59,2016,Deces,22381
59,2016,Naissances,33501
59,2017,Actifs1564,1174466
59,2017,ArriveesHorsDep,49507
59,2017,Chomeurs1564,207172
59,2017,Deces,22628
59,2017,Logements,1214497
59,2017,LogementsVacants,93711
59,2017,Naissances,32304
59,2017,Pop65Plus,426260
59,2017,PopUnAnPlus,2571198
59,2017,Population,2604361
59,2017,PopulationLegale,2604361
59,2017,RPMaisons,746411
59,2017,RPProprietaires,603415
59,2017,ResidencesPrincipales,1102629
59,2018,Deces,22923
59,2018,Naissances,31396
59,2019,Deces,22594
59,2019,Naissances,31096
59,2020,Deces,25137
59,2020,Naissances,30145
59,2021,Deces,24765
59,2021,Naissances,30010
59,2022,Deces,24713
59,2022,Naissances,28956
59,2023,Actifs1564,1205573
59,2023,ArriveesHorsDep,49339
59,2023,Chomeurs1564,174857
59,2023,Deces,23391
59,2023,Logements,1271470
59,2023,LogementsVacants,89917
59,2023,Naissances,27488
59,2023,NiveauVieMedian,23810
59,2023,Pop65Plus,474513
59,2023,PopUnAnPlus,2586613
59,2023,Population,2615635
59,2023,PopulationLegale,2615635
59,2023,RPMaisons,762702
59,2023,RPProprietaires,626597
59,2023,RPProprietaires65Plus,212901
59,2023,RPTotalAge,1157844
59,2023,ResidencesPrincipales,1157844
59,2023,TauxPauvrete,21
59,2024,Deces,23129
59,2024,Naissances,26558
59,2025,Deces,23059
59,2025,Naissances,25487
60,1968,PopulationLegale,540988
60,1975,PopulationLegale,606320
60,1982,PopulationLegale,661781
60,1990,PopulationLegale,725603
60,1999,PopulationLegale,766441
60,2007,PopulationLegale,796624
60,2008,Deces,6185
60,2008,Naissances,11162
60,2009,Deces,6114
60,2009,Naissances,11013
60,2010,Deces,6109
60,2010,Naissances,10960
60,2011,Deces,6217
60,2011,Naissances,11032
60,2012,Actifs1564,390431
60,2012,ArriveesHorsDep,26429
60,2012,Chomeurs1564,50257
60,2012,Deces,6337
60,2012,Logements,354216
60,2012,LogementsVacants,22852
60,2012,Naissances,10941
60,2012,Pop65Plus,113448
60,2012,PopUnAnPlus,799196
60,2012,Population,810300
60,2012,PopulationLegale,810300
60,2012,RPMaisons,218459
60,2012,RPProprietaires,200067
60,2012,ResidencesPrincipales,322432
60,2013,Deces,6353
60,2013,Naissances,10814
60,2014,Deces,6181
60,2014,Naissances,10802
60,2015,Deces,6580
60,2015,Naissances,10614
60,2016,Deces,6658
60,2016,Naissances,10159
60,2017,Actifs1564,389704
60,2017,ArriveesHorsDep,24633
60,2017,Chomeurs1564,53617
60,2017,Deces,6782
60,2017,Logements,372778
60,2017,LogementsVacants,26665
60,2017,Naissances,9974
60,2017,Pop65Plus,134395
60,2017,PopUnAnPlus,814179
60,2017,Population,824503
60,2017,PopulationLegale,824503
60,2017,RPMaisons,227493
60,2017,RPProprietaires,207255
60,2017,ResidencesPrincipales,336832
60,2018,Deces,6697
60,2018,Naissances,9565
60,2019,Deces,6687
60,2019,Naissances,9509
60,2020,Deces,7711
60,2020,Naissances,9319
60,2021,Deces,7415
60,2021,Naissances,9331
60,2022,Deces,7294
60,2022,Naissances,9202
60,2023,Actifs1564,392304
60,2023,ArriveesHorsDep,23346
60,2023,Chomeurs1564,45908
60,2023,Deces,7136
60,2023,Logements,387179
60,2023,LogementsVacants,27037
60,2023,Naissances,8509
60,2023,NiveauVieMedian,25970
60,2023,Pop65Plus,151747
60,2023,PopUnAnPlus,820639
60,2023,Population,829899
60,2023,PopulationLegale,829899
60,2023,RPMaisons,235537
60,2023,RPProprietaires,215209
60,2023,RPProprietaires65Plus,71360
60,2023,RPTotalAge,350520
60,2023,ResidencesPrincipales,350520
60,2023,TauxPauvrete,14
60,2024,Deces,7071
60,2024,Naissances,8455
60,2025,Deces,7189
60,2025,Naissances,7989
61,1968,PopulationLegale,288503
61,1975,PopulationLegale,293523
61,1982,PopulationLegale,295472
61,1990,PopulationLegale,293204
61,1999,PopulationLegale,292337
61,2007,PopulationLegale,292609
61,2008,Deces,3180
61,2008,Naissances,3185
61,2009,Deces,3120
61,2009,Naissances,3248
61,2010,Deces,3104
61,2010,Naissances,3192
61,2011,Deces,3123
61,2011,Naissances,3105
61,2012,Actifs1564,125484
61,2012,ArriveesHorsDep,9585
61,2012,Chomeurs1564,15611
61,2012,Deces,3359
61,2012,Logements,161737
61,2012,LogementsVacants,16191
61,2012,Naissances,2933
61,2012,Pop65Plus,63165
61,2012,PopUnAnPlus,286797
61,2012,Population,290015
61,2012,PopulationLegale,290015
61,2012,RPMaisons,102376
61,2012,RPProprietaires,81578
61,2012,ResidencesPrincipales,128463
61,2013,Deces,3316
61,2013,Naissances,2834
61,2014,Deces,3298
61,2014,Naissances,2810
61,2015,Deces,3285
61,2015,Naissances,2675
61,2016,Deces,3359
61,2016,Naissances,2643
61,2017,Actifs1564,120384
61,2017,ArriveesHorsDep,9084
61,2017,Chomeurs1564,15786
61,2017,Deces,3309
61,2017,Logements,164926
61,2017,LogementsVacants,18425
61,2017,Naissances,2495
61,2017,Pop65Plus,70781
61,2017,PopUnAnPlus,280754
61,2017,Population,283372
61,2017,PopulationLegale,283372
61,2017,RPMaisons,103482
61,2017,RPProprietaires,82948
61,2017,ResidencesPrincipales,129187
61,2018,Deces,3491
61,2018,Naissances,2444
61,2019,Deces,3577
61,2019,Naissances,2349
61,2020,Deces,3716
61,2020,Naissances,2324
61,2021,Deces,3803
61,2021,Naissances,2281
61,2022,Deces,3761
61,2022,Naissances,2391
61,2023,Actifs1564,117111
61,2023,ArriveesHorsDep,9517
61,2023,Chomeurs1564,12760
61,2023,Deces,3670
61,2023,Logements,165473
61,2023,LogementsVacants,17071
61,2023,Naissances,2270
61,2023,NiveauVieMedian,24110
61,2023,Pop65Plus,76302
61,2023,PopUnAnPlus,272848
61,2023,Population,275201
61,2023,PopulationLegale,275201
61,2023,RPMaisons,104571
61,2023,RPProprietaires,84073
61,2023,RPProprietaires65Plus,36908
61,2023,RPTotalAge,130839
61,2023,ResidencesPrincipales,130839
61,2023,TauxPauvrete,16
61,2024,Deces,3642
61,2024,Naissances,2150
61,2025,Deces,3580
61,2025,Naissances,2133
62,1968,PopulationLegale,1397099
62,1975,PopulationLegale,1402295
62,1982,PopulationLegale,1412413
62,1990,PopulationLegale,1433203
62,1999,PopulationLegale,1441568
62,2007,PopulationLegale,1456726
62,2008,Deces,14166
62,2008,Naissances,19902
62,2009,Deces,14209
62,2009,Naissances,19661
62,2010,Deces,14114
62,2010,Naissances,19784
62,2011,Deces,13919
62,2011,Naissances,19720
62,2012,Actifs1564,641878
62,2012,ArriveesHorsDep,25002
62,2012,Chomeurs1564,107479
62,2012,Deces,14535
62,2012,Logements,686348
62,2012,LogementsVacants,44411
62,2012,Naissances,19017
62,2012,Pop65Plus,230310
62,2012,PopUnAnPlus,1443793
62,2012,Population,1463628
62,2012,PopulationLegale,1463628
62,2012,RPMaisons,480857
62,2012,RPProprietaires,342852
62,2012,ResidencesPrincipales,597628
62,2013,Deces,14671
62,2013,Naissances,19054
62,2014,Deces,13826
62,2014,Naissances,18809
62,2015,Deces,14616
62,2015,Naissances,17729
62,2016,Deces,14663
62,2016,Naissances,17063
62,2017,Actifs1564,642112
62,2017,ArriveesHorsDep,23579
62,2017,Chomeurs1564,110429
62,2017,Deces,14874
62,2017,Logements,713245
62,2017,LogementsVacants,54612
62,2017,Naissances,16604
62,2017,Pop65Plus,264433
62,2017,PopUnAnPlus,1450603
62,2017,Population,1468018
62,2017,PopulationLegale,1468018
62,2017,RPMaisons,493171
62,2017,RPProprietaires,353535
62,2017,ResidencesPrincipales,613690
62,2018,Deces,15257
62,2018,Naissances,15600
62,2019,Deces,14597
62,2019,Naissances,15590
62,2020,Deces,15947
62,2020,Naissances,15261
62,2021,Deces,16027
62,2021,Naissances,15419
62,2022,Deces,16088
62,2022,Naissances,15030
62,2023,Actifs1564,652087
62,2023,ArriveesHorsDep,23590
62,2023,Chomeurs1564,88593
62,2023,Deces,15242
62,2023,Logements,735442
62,2023,LogementsVacants,51476
62,2023,Naissances,14130
62,2023,NiveauVieMedian,23260
62,2023,Pop65Plus,297262
62,2023,PopUnAnPlus,1442877
62,2023,Population,1457905
62,2023,PopulationLegale,1457905
62,2023,RPMaisons,507549
62,2023,RPProprietaires,370665
62,2023,RPProprietaires65Plus,134473
62,2023,RPTotalAge,634567
62,2023,ResidencesPrincipales,634567
62,2023,TauxPauvrete,19
62,2024,Deces,15055
62,2024,Naissances,13903
62,2025,Deces,15074
62,2025,Naissances,13116
63,1968,PopulationLegale,547743
63,1975,PopulationLegale,580033
63,1982,PopulationLegale,594365
63,1990,PopulationLegale,598213
63,1999,PopulationLegale,604266
63,2007,PopulationLegale,626639
63,2008,Deces,5994
63,2008,Naissances,6865
63,2009,Deces,6065
63,2009,Naissances,6774
63,2010,Deces,6080
63,2010,Naissances,7131
63,2011,Deces,5888
63,2011,Naissances,6828
63,2012,Actifs1564,296831
63,2012,ArriveesHorsDep,22039
63,2012,Chomeurs1564,33387
63,2012,Deces,6256
63,2012,Logements,368303
63,2012,LogementsVacants,37810
63,2012,Naissances,6933
63,2012,Pop65Plus,120585
63,2012,PopUnAnPlus,630968
63,2012,Population,638092
63,2012,PopulationLegale,638092
63,2012,RPMaisons,184688
63,2012,RPProprietaires,180863
63,2012,ResidencesPrincipales,293631
63,2013,Deces,6114
63,2013,Naissances,6699
63,2014,Deces,5996
63,2014,Naissances,6908
63,2015,Deces,6304
63,2015,Naissances,6618
63,2016,Deces,6320
63,2016,Naissances,6532
63,2017,Actifs1564,299578
63,2017,ArriveesHorsDep,21012
63,2017,Chomeurs1564,36337
63,2017,Deces,6575
63,2017,Logements,386425
63,2017,LogementsVacants,40194
63,2017,Naissances,6528
63,2017,Pop65Plus,138390
63,2017,PopUnAnPlus,647096
63,2017,Population,653742
63,2017,PopulationLegale,653742
63,2017,RPMaisons,192509
63,2017,RPProprietaires,188321
63,2017,ResidencesPrincipales,306690
63,2018,Deces,6439
63,2018,Naissances,6555
63,2019,Deces,6611
63,2019,Naissances,6424
63,2020,Deces,7055
63,2020,Naissances,6175
63,2021,Deces,6951
63,2021,Naissances,6346
63,2022,Deces,7091
63,2022,Naissances,6055
63,2023,Actifs1564,306641
63,2023,ArriveesHorsDep,19800
63,2023,Chomeurs1564,30337
63,2023,Deces,6773
63,2023,Logements,405109
63,2023,LogementsVacants,42711
63,2023,Naissances,5510
63,2023,NiveauVieMedian,26040
63,2023,Pop65Plus,152456
63,2023,PopUnAnPlus,658447
63,2023,Population,664453
63,2023,PopulationLegale,664453
63,2023,RPMaisons,201670
63,2023,RPProprietaires,198998
63,2023,RPProprietaires65Plus,77764
63,2023,RPTotalAge,320881
63,2023,ResidencesPrincipales,320881
63,2023,TauxPauvrete,15
63,2024,Deces,6640
63,2024,Naissances,5415
63,2025,Deces,6986
63,2025,Naissances,5418
64,1968,PopulationLegale,508734
64,1975,PopulationLegale,534748
64,1982,PopulationLegale,555696
64,1990,PopulationLegale,578516
64,1999,PopulationLegale,600018
64,2007,PopulationLegale,643090
64,2008,Deces,6369
64,2008,Naissances,6455
64,2009,Deces,6398
64,2009,Naissances,6652
64,2010,Deces,6469
64,2010,Naissances,6569
64,2011,Deces,6321
64,2011,Naissances,6459
64,2012,Actifs1564,301123
64,2012,ArriveesHorsDep,23747
64,2012,Chomeurs1564,32684
64,2012,Deces,6840
64,2012,Logements,377782
64,2012,LogementsVacants,27833
64,2012,Naissances,6490
64,2012,Pop65Plus,140840
64,2012,PopUnAnPlus,654174
64,2012,Population,660871
64,2012,PopulationLegale,660871
64,2012,RPMaisons,168217
64,2012,RPProprietaires,183854
64,2012,ResidencesPrincipales,299881
64,2013,Deces,6781
64,2013,Naissances,6269
64,2014,Deces,6718
64,2014,Naissances,6497
64,2015,Deces,7063
64,2015,Naissances,6247
64,2016,Deces,7008
64,2016,Naissances,6144
64,2017,Actifs1564,306729
64,2017,ArriveesHorsDep,23536
64,2017,Chomeurs1564,36838
64,2017,Deces,7329
64,2017,Logements,404979
64,2017,LogementsVacants,33329
64,2017,Naissances,5965
64,2017,Pop65Plus,158596
64,2017,PopUnAnPlus,670893
64,2017,Population,677309
64,2017,PopulationLegale,677309
64,2017,RPMaisons,176325
64,2017,RPProprietaires,193698
64,2017,ResidencesPrincipales,316658
64,2018,Deces,7338
64,2018,Naissances,5839
64,2019,Deces,7243
64,2019,Naissances,5893
64,2020,Deces,7549
64,2020,Naissances,5950
64,2021,Deces,7513
64,2021,Naissances,5979
64,2022,Deces,8044
64,2022,Naissances,5893
64,2023,Actifs1564,324101
64,2023,ArriveesHorsDep,23303
64,2023,Chomeurs1564,31816
64,2023,Deces,7697
64,2023,Logements,430789
64,2023,LogementsVacants,29929
64,2023,Naissances,5477
64,2023,NiveauVieMedian,26300
64,2023,Pop65Plus,179091
64,2023,PopUnAnPlus,700434
64,2023,Population,706564
64,2023,PopulationLegale,706564
64,2023,RPMaisons,186541
64,2023,RPProprietaires,208241
64,2023,RPProprietaires65Plus,86032
64,2023,RPTotalAge,343946
64,2023,ResidencesPrincipales,343946
64,2023,TauxPauvrete,13
64,2024,Deces,7558
64,2024,Naissances,5360
64,2025,Deces,7726
64,2025,Naissances,5170
65,1968,PopulationLegale,225730
65,1975,PopulationLegale,227222
65,1982,PopulationLegale,227922
65,1990,PopulationLegale,224759
65,1999,PopulationLegale,222368
65,2007,PopulationLegale,228594
65,2008,Deces,2709
65,2008,Naissances,2095
65,2009,Deces,2557
65,2009,Naissances,2161
65,2010,Deces,2550
65,2010,Naissances,2149
65,2011,Deces,2657
65,2011,Naissances,2110
65,2012,Actifs1564,99222
65,2012,ArriveesHorsDep,8786
65,2012,Chomeurs1564,12541
65,2012,Deces,2828
65,2012,Logements,154677
65,2012,LogementsVacants,13827
65,2012,Naissances,2201
65,2012,Pop65Plus,54669
65,2012,PopUnAnPlus,226701
65,2012,Population,228854
65,2012,PopulationLegale,228854
65,2012,RPMaisons,71601
65,2012,RPProprietaires,68667
65,2012,ResidencesPrincipales,105139
65,2013,Deces,2712
65,2013,Naissances,2057
65,2014,Deces,2678
65,2014,Naissances,2111
65,2015,Deces,2842
65,2015,Naissances,1992
65,2016,Deces,2827
65,2016,Naissances,1913
65,2017,Actifs1564,97907
65,2017,ArriveesHorsDep,7626
65,2017,Chomeurs1564,13402
65,2017,Deces,2810
65,2017,Logements,161703
65,2017,LogementsVacants,15674
65,2017,Naissances,1907
65,2017,Pop65Plus,60287
65,2017,PopUnAnPlus,226629
65,2017,Population,228530
65,2017,PopulationLegale,228530
65,2017,RPMaisons,74750
65,2017,RPProprietaires,70597
65,2017,ResidencesPrincipales,108420
65,2018,Deces,2953
65,2018,Naissances,1802
65,2019,Deces,2864
65,2019,Naissances,1824
65,2020,Deces,3093
65,2020,Naissances,1897
65,2021,Deces,3098
65,2021,Naissances,1810
65,2022,Deces,3329
65,2022,Naissances,1862
65,2023,Actifs1564,98693
65,2023,ArriveesHorsDep,7753
65,2023,Chomeurs1564,10956
65,2023,Deces,2985
65,2023,Logements,167493
65,2023,LogementsVacants,14381
65,2023,Naissances,1785
65,2023,NiveauVieMedian,24320
65,2023,Pop65Plus,65771
65,2023,PopUnAnPlus,229589
65,2023,Population,231349
65,2023,PopulationLegale,231349
65,2023,RPMaisons,77828
65,2023,RPProprietaires,73506
65,2023,RPProprietaires65Plus,32757
65,2023,RPTotalAge,113916
65,2023,ResidencesPrincipales,113916
65,2023,TauxPauvrete,17
65,2024,Deces,3020
65,2024,Naissances,1665
65,2025,Deces,3100
65,2025,Naissances,1596
66,1968,PopulationLegale,281976
66,1975,PopulationLegale,299506
66,1982,PopulationLegale,334557
66,1990,PopulationLegale,363796
66,1999,PopulationLegale,392803
66,2007,PopulationLegale,437157
66,2008,Deces,4889
66,2008,Naissances,4756
66,2009,Deces,4911
66,2009,Naissances,4837
66,2010,Deces,5062
66,2010,Naissances,4869
66,2011,Deces,4966
66,2011,Naissances,4843
66,2012,Actifs1564,186991
66,2012,ArriveesHorsDep,15674
66,2012,Chomeurs1564,33703
66,2012,Deces,5248
66,2012,Logements,328857
66,2012,LogementsVacants,26008
66,2012,Naissances,4943
66,2012,Pop65Plus,104565
66,2012,PopUnAnPlus,452939
66,2012,Population,457793
66,2012,PopulationLegale,457793
66,2012,RPMaisons,132469
66,2012,RPProprietaires,125872
66,2012,ResidencesPrincipales,208456
66,2013,Deces,5131
66,2013,Naissances,4914
66,2014,Deces,5111
66,2014,Naissances,4800
66,2015,Deces,5514
66,2015,Naissances,4718
66,2016,Deces,5455
66,2016,Naissances,4439
66,2017,Actifs1564,192480
66,2017,ArriveesHorsDep,15043
66,2017,Chomeurs1564,37622
66,2017,Deces,5699
66,2017,Logements,349914
66,2017,LogementsVacants,28593
66,2017,Naissances,4429
66,2017,Pop65Plus,121086
66,2017,PopUnAnPlus,469835
66,2017,Population,474452
66,2017,PopulationLegale,474452
66,2017,RPMaisons,140229
66,2017,RPProprietaires,132465
66,2017,ResidencesPrincipales,221977
66,2018,Deces,5890
66,2018,Naissances,4342
66,2019,Deces,5746
66,2019,Naissances,4319
66,2020,Deces,6007
66,2020,Naissances,4329
66,2021,Deces,6342
66,2021,Naissances,4512
66,2022,Deces,6742
66,2022,Naissances,4318
66,2023,Actifs1564,201985
66,2023,ArriveesHorsDep,14998
66,2023,Chomeurs1564,33278
66,2023,Deces,6198
66,2023,Logements,368673
66,2023,LogementsVacants,27675
66,2023,Naissances,4146
66,2023,NiveauVieMedian,23080
66,2023,Pop65Plus,136677
66,2023,PopUnAnPlus,492670
66,2023,Population,496855
66,2023,PopulationLegale,496855
66,2023,RPMaisons,151594
66,2023,RPProprietaires,144741
66,2023,RPProprietaires65Plus,67238
66,2023,RPTotalAge,240478
66,2023,ResidencesPrincipales,240478
66,2023,TauxPauvrete,22
66,2024,Deces,6130
66,2024,Naissances,4045
66,2025,Deces,6237
66,2025,Naissances,3759
67,1968,PopulationLegale,827367
67,1975,PopulationLegale,882121
67,1982,PopulationLegale,915676
67,1990,PopulationLegale,953053
67,1999,PopulationLegale,1026120
67,2007,PopulationLegale,1084840
67,2008,Deces,8207
67,2008,Naissances,13231
67,2009,Deces,8513
67,2009,Naissances,13218
67,2010,Deces,8440
67,2010,Naissances,13346
67,2011,Deces,8258
67,2011,Naissances,13030
67,2012,Actifs1564,544143
67,2012,ArriveesHorsDep,27512
67,2012,Chomeurs1564,63802
67,2012,Deces,8601
67,2012,Logements,520432
67,2012,LogementsVacants,37292
67,2012,Naissances,12895
67,2012,Pop65Plus,173416
67,2012,PopUnAnPlus,1091527
67,2012,Population,1104667
67,2012,PopulationLegale,1104667
67,2012,RPMaisons,225775
67,2012,RPProprietaires,267441
67,2012,ResidencesPrincipales,470723
67,2013,Deces,8820
67,2013,Naissances,13043
67,2014,Deces,8660
67,2014,Naissances,13262
67,2015,Deces,9215
67,2015,Naissances,12570
67,2016,Deces,9081
67,2016,Naissances,12516
67,2017,Actifs1564,548334
67,2017,ArriveesHorsDep,27175
67,2017,Chomeurs1564,66773
67,2017,Deces,9341
67,2017,Logements,554075
67,2017,LogementsVacants,43617
67,2017,Naissances,12299
67,2017,Pop65Plus,200048
67,2017,PopUnAnPlus,1113271
67,2017,Population,1125559
67,2017,PopulationLegale,1125559
67,2017,RPMaisons,233312
67,2017,RPProprietaires,278039
67,2017,ResidencesPrincipales,493333
67,2018,Deces,9672
67,2018,Naissances,12176
67,2019,Deces,9519
67,2019,Naissances,12019
67,2020,Deces,10785
67,2020,Naissances,11797
67,2021,Deces,10215
67,2021,Naissances,11660
67,2022,Deces,10808
67,2022,Naissances,11298
67,2023,Actifs1564,569668
67,2023,ArriveesHorsDep,26383
67,2023,Chomeurs1564,57746
67,2023,Deces,10211
67,2023,Logements,593877
67,2023,LogementsVacants,46781
67,2023,Naissances,10699
67,2023,NiveauVieMedian,26890
67,2023,Pop65Plus,229202
67,2023,PopUnAnPlus,1152726
67,2023,Population,1163810
67,2023,PopulationLegale,1163810
67,2023,RPMaisons,240159
67,2023,RPProprietaires,293914
67,2023,RPProprietaires65Plus,103852
67,2023,RPTotalAge,527218
67,2023,ResidencesPrincipales,527218
67,2023,TauxPauvrete,15
67,2024,Deces,10250
67,2024,Naissances,10408
67,2025,Deces,10498
67,2025,Naissances,9897
68,1968,PopulationLegale,585018
68,1975,PopulationLegale,635209
68,1982,PopulationLegale,650372
68,1990,PopulationLegale,671319
68,1999,PopulationLegale,708025
68,2007,PopulationLegale,742408
68,2008,Deces,5679
68,2008,Naissances,8909
68,2009,Deces,6037
68,2009,Naissances,8938
68,2010,Deces,5989
68,2010,Naissances,9177
68,2011,Deces,5988
68,2011,Naissances,8927
68,2012,Actifs1564,365065
68,2012,ArriveesHorsDep,15685
68,2012,Chomeurs1564,48866
68,2012,Deces,6284
68,2012,Logements,360197
68,2012,LogementsVacants,31294
68,2012,Naissances,8818
68,2012,Pop65Plus,126301
68,2012,PopUnAnPlus,745984
68,2012,Population,755202
68,2012,PopulationLegale,755202
68,2012,RPMaisons,171708
68,2012,RPProprietaires,193745
68,2012,ResidencesPrincipales,319417
68,2013,Deces,6466
68,2013,Naissances,8713
68,2014,Deces,6266
68,2014,Naissances,8826
68,2015,Deces,6697
68,2015,Naissances,8636
68,2016,Deces,6632
68,2016,Naissances,8285
68,2017,Actifs1564,363105
68,2017,ArriveesHorsDep,15763
68,2017,Chomeurs1564,49844
68,2017,Deces,6808
68,2017,Logements,376960
68,2017,LogementsVacants,34053
68,2017,Naissances,8159
68,2017,Pop65Plus,144839
68,2017,PopUnAnPlus,755622
68,2017,Population,764030
68,2017,PopulationLegale,764030
68,2017,RPMaisons,177901
68,2017,RPProprietaires,200194
68,2017,ResidencesPrincipales,331111
68,2018,Deces,6986
68,2018,Naissances,8054
68,2019,Deces,6881
68,2019,Naissances,7705
68,2020,Deces,8451
68,2020,Naissances,7536
68,2021,Deces,7207
68,2021,Naissances,7360
68,2022,Deces,7664
68,2022,Naissances,7236
68,2023,Actifs1564,366929
68,2023,ArriveesHorsDep,14985
68,2023,Chomeurs1564,41584
68,2023,Deces,7329
68,2023,Logements,396502
68,2023,LogementsVacants,35568
68,2023,Naissances,6740
68,2023,NiveauVieMedian,27620
68,2023,Pop65Plus,164801
68,2023,PopUnAnPlus,763390
68,2023,Population,770738
68,2023,PopulationLegale,770738
68,2023,RPMaisons,185593
68,2023,RPProprietaires,209781
68,2023,RPProprietaires65Plus,75887
68,2023,RPTotalAge,346437
68,2023,ResidencesPrincipales,346437
68,2023,TauxPauvrete,14
68,2024,Deces,7400
68,2024,Naissances,6633
68,2025,Deces,7346
68,2025,Naissances,6454
69,1968,PopulationLegale,1326383
69,1975,PopulationLegale,1429647
69,1982,PopulationLegale,1445208
69,1990,PopulationLegale,1508966
69,1999,PopulationLegale,1578869
69,2007,PopulationLegale,1677073
69,2008,Deces,11857
69,2008,Naissances,25120
69,2009,Deces,11893
69,2009,Naissances,25528
69,2010,Deces,11649
69,2010,Naissances,25976
69,2011,Deces,11654
69,2011,Naissances,25928
69,2012,Actifs1564,848600
69,2012,ArriveesHorsDep,72143
69,2012,Chomeurs1564,103794
69,2012,Deces,12313
69,2012,Logements,848950
69,2012,LogementsVacants,61942
69,2012,Naissances,26294
69,2012,Pop65Plus,273680
69,2012,PopUnAnPlus,1737180
69,2012,Population,1762866
69,2012,PopulationLegale,1762866
69,2012,RPMaisons,230622
69,2012,RPProprietaires,374200
69,2012,ResidencesPrincipales,767871
69,2013,Deces,12236
69,2013,Naissances,25914
69,2014,Deces,11934
69,2014,Naissances,26712
69,2015,Deces,12911
69,2015,Naissances,26581
69,2016,Deces,12796
69,2016,Naissances,26121
69,2017,Actifs1564,878375
69,2017,ArriveesHorsDep,70829
69,2017,Chomeurs1564,110528
69,2017,Deces,13142
69,2017,Logements,914980
69,2017,LogementsVacants,68435
69,2017,Naissances,25644
69,2017,Pop65Plus,308439
69,2017,PopUnAnPlus,1818656
69,2017,Population,1843319
69,2017,PopulationLegale,1843319
69,2017,RPMaisons,240941
69,2017,RPProprietaires,394592
69,2017,ResidencesPrincipales,818114
69,2018,Deces,12967
69,2018,Naissances,25513
69,2019,Deces,13252
69,2019,Naissances,25152
69,2020,Deces,15604
69,2020,Naissances,24241
69,2021,Deces,14157
69,2021,Naissances,24009
69,2022,Deces,14175
69,2022,Naissances,22986
69,2023,Actifs1564,935322
69,2023,ArriveesHorsDep,65852
69,2023,Chomeurs1564,98924
69,2023,Deces,13258
69,2023,Logements,988290
69,2023,LogementsVacants,77501
69,2023,Naissances,21529
69,2023,NiveauVieMedian,27500
69,2023,Pop65Plus,335804
69,2023,PopUnAnPlus,1892937
69,2023,Population,1914667
69,2023,PopulationLegale,1914667
69,2023,RPMaisons,252008
69,2023,RPProprietaires,423983
69,2023,RPProprietaires65Plus,147349
69,2023,RPTotalAge,875314
69,2023,ResidencesPrincipales,875314
69,2023,TauxPauvrete,16
69,2024,Deces,13529
69,2024,Naissances,21420
69,2025,Deces,13885
69,2025,Naissances,20827
70,1968,PopulationLegale,214396
70,1975,PopulationLegale,222254
70,1982,PopulationLegale,231962
70,1990,PopulationLegale,229650
70,1999,PopulationLegale,229732
70,2007,PopulationLegale,237197
70,2008,Deces,2245
70,2008,Naissances,2755
70,2009,Deces,2377
70,2009,Naissances,2785
70,2010,Deces,2335
70,2010,Naissances,2761
70,2011,Deces,2338
70,2011,Naissances,2643
70,2012,Actifs1564,109433
70,2012,ArriveesHorsDep,7394
70,2012,Chomeurs1564,13349
70,2012,Deces,2317
70,2012,Logements,123352
70,2012,LogementsVacants,11454
70,2012,Naissances,2609
70,2012,Pop65Plus,45718
70,2012,PopUnAnPlus,236892
70,2012,Population,239750
70,2012,PopulationLegale,239750
70,2012,RPMaisons,79316
70,2012,RPProprietaires,70899
70,2012,ResidencesPrincipales,103843
70,2013,Deces,2336
70,2013,Naissances,2510
70,2014,Deces,2331
70,2014,Naissances,2458
70,2015,Deces,2438
70,2015,Naissances,2385
70,2016,Deces,2557
70,2016,Naissances,2271
70,2017,Actifs1564,105935
70,2017,ArriveesHorsDep,6333
70,2017,Chomeurs1564,13380
70,2017,Deces,2573
70,2017,Logements,127615
70,2017,LogementsVacants,13592
70,2017,Naissances,2200
70,2017,Pop65Plus,52528
70,2017,PopUnAnPlus,234293
70,2017,Population,236659
70,2017,PopulationLegale,236659
70,2017,RPMaisons,81678
70,2017,RPProprietaires,72946
70,2017,ResidencesPrincipales,106074
70,2018,Deces,2468
70,2018,Naissances,2112
70,2019,Deces,2478
70,2019,Naissances,2044
70,2020,Deces,2866
70,2020,Naissances,1954
70,2021,Deces,2673
70,2021,Naissances,1995
70,2022,Deces,2653
70,2022,Naissances,1913
70,2023,Actifs1564,104930
70,2023,ArriveesHorsDep,6524
70,2023,Chomeurs1564,10372
70,2023,Deces,2654
70,2023,Logements,130308
70,2023,LogementsVacants,13156
70,2023,Naissances,1781
70,2023,NiveauVieMedian,24750
70,2023,Pop65Plus,58150
70,2023,PopUnAnPlus,231185
70,2023,Population,233185
70,2023,PopulationLegale,233185
70,2023,RPMaisons,83832
70,2023,RPProprietaires,75044
70,2023,RPProprietaires65Plus,29794
70,2023,RPTotalAge,108986
70,2023,ResidencesPrincipales,108986
70,2023,TauxPauvrete,14
70,2024,Deces,2625
70,2024,Naissances,1784
70,2025,Deces,2719
70,2025,Naissances,1673
71,1968,PopulationLegale,550364
71,1975,PopulationLegale,569810
71,1982,PopulationLegale,571852
71,1990,PopulationLegale,559413
71,1999,PopulationLegale,544893
71,2007,PopulationLegale,551842
71,2008,Deces,5940
71,2008,Naissances,5860
71,2009,Deces,5923
71,2009,Naissances,5838
71,2010,Deces,5971
71,2010,Naissances,5865
71,2011,Deces,6116
71,2011,Naissances,5811
71,2012,Actifs1564,246735
71,2012,ArriveesHorsDep,15477
71,2012,Chomeurs1564,29382
71,2012,Deces,6071
71,2012,Logements,302146
71,2012,LogementsVacants,28685
71,2012,Naissances,5752
71,2012,Pop65Plus,123935
71,2012,PopUnAnPlus,549199
71,2012,Population,555039
71,2012,PopulationLegale,555039
71,2012,RPMaisons,171889
71,2012,RPProprietaires,157894
71,2012,ResidencesPrincipales,250420
71,2013,Deces,6275
71,2013,Naissances,5514
71,2014,Deces,6037
71,2014,Naissances,5552
71,2015,Deces,6569
71,2015,Naissances,5384
71,2016,Deces,6487
71,2016,Naissances,5097
71,2017,Actifs1564,241671
71,2017,ArriveesHorsDep,14658
71,2017,Chomeurs1564,29938
71,2017,Deces,6555
71,2017,Logements,310391
71,2017,LogementsVacants,31829
71,2017,Naissances,4949
71,2017,Pop65Plus,138670
71,2017,PopUnAnPlus,548202
71,2017,Population,553595
71,2017,PopulationLegale,553595
71,2017,RPMaisons,177281
71,2017,RPProprietaires,163374
71,2017,ResidencesPrincipales,255333
71,2018,Deces,6451
71,2018,Naissances,4854
71,2019,Deces,6638
71,2019,Naissances,4742
71,2020,Deces,7402
71,2020,Naissances,4655
71,2021,Deces,6879
71,2021,Naissances,4790
71,2022,Deces,7086
71,2022,Naissances,4586
71,2023,Actifs1564,240593
71,2023,ArriveesHorsDep,15474
71,2023,Chomeurs1564,24149
71,2023,Deces,6730
71,2023,Logements,316746
71,2023,LogementsVacants,30827
71,2023,Naissances,4337
71,2023,NiveauVieMedian,24970
71,2023,Pop65Plus,150479
71,2023,PopUnAnPlus,545745
71,2023,Population,550310
71,2023,PopulationLegale,550310
71,2023,RPMaisons,182317
71,2023,RPProprietaires,169418
71,2023,RPProprietaires65Plus,71725
71,2023,RPTotalAge,262568
71,2023,ResidencesPrincipales,262568
71,2023,TauxPauvrete,14
71,2024,Deces,6788
71,2024,Naissances,4094
71,2025,Deces,6921
71,2025,Naissances,4041
72,1968,PopulationLegale,461839
72,1975,PopulationLegale,490385
72,1982,PopulationLegale,504768
72,1990,PopulationLegale,513654
72,1999,PopulationLegale,529851
72,2007,PopulationLegale,556946
72,2008,Deces,5264
72,2008,Naissances,6909
72,2009,Deces,5104
72,2009,Naissances,6957
72,2010,Deces,5022
72,2010,Naissances,6942
72,2011,Deces,5187
72,2011,Naissances,6810
72,2012,Actifs1564,259706
72,2012,ArriveesHorsDep,15905
72,2012,Chomeurs1564,31381
72,2012,Deces,5493
72,2012,Logements,282330
72,2012,LogementsVacants,22599
72,2012,Naissances,6703
72,2012,Pop65Plus,107452
72,2012,PopUnAnPlus,560312
72,2012,Population,567382
72,2012,PopulationLegale,567382
72,2012,RPMaisons,185845
72,2012,RPProprietaires,158434
72,2012,ResidencesPrincipales,246375
72,2013,Deces,5444
72,2013,Naissances,6645
72,2014,Deces,5277
72,2014,Naissances,6664
72,2015,Deces,5664
72,2015,Naissances,6213
72,2016,Deces,5445
72,2016,Naissances,6054
72,2017,Actifs1564,254598
72,2017,ArriveesHorsDep,14227
72,2017,Chomeurs1564,32905
72,2017,Deces,5812
72,2017,Logements,291039
72,2017,LogementsVacants,26390
72,2017,Naissances,5815
72,2017,Pop65Plus,120901
72,2017,PopUnAnPlus,560388
72,2017,Population,566506
72,2017,PopulationLegale,566506
72,2017,RPMaisons,191156
72,2017,RPProprietaires,161809
72,2017,ResidencesPrincipales,250786
72,2018,Deces,5704
72,2018,Naissances,5635
72,2019,Deces,5699
72,2019,Naissances,5749
72,2020,Deces,6002
72,2020,Naissances,5547
72,2021,Deces,6254
72,2021,Naissances,5710
72,2022,Deces,6359
72,2022,Naissances,5647
72,2023,Actifs1564,256414
72,2023,ArriveesHorsDep,14067
72,2023,Chomeurs1564,26657
72,2023,Deces,5854
72,2023,Logements,299610
72,2023,LogementsVacants,25704
72,2023,Naissances,5271
72,2023,NiveauVieMedian,24990
72,2023,Pop65Plus,132780
72,2023,PopUnAnPlus,561120
72,2023,Population,566733
72,2023,PopulationLegale,566733
72,2023,RPMaisons,197096
72,2023,RPProprietaires,168072
72,2023,RPProprietaires65Plus,66120
72,2023,RPTotalAge,259592
72,2023,ResidencesPrincipales,259592
72,2023,TauxPauvrete,14
72,2024,Deces,6021
72,2024,Naissances,5088
72,2025,Deces,5812
72,2025,Naissances,5099
73,1968,PopulationLegale,288921
73,1975,PopulationLegale,305118
73,1982,PopulationLegale,323675
73,1990,PopulationLegale,348261
73,1999,PopulationLegale,373258
73,2007,PopulationLegale,405535
73,2008,Deces,3232
73,2008,Naissances,4971
73,2009,Deces,3352
73,2009,Naissances,4863
73,2010,Deces,3422
73,2010,Naissances,5074
73,2011,Deces,3272
73,2011,Naissances,4917
73,2012,Actifs1564,204912
73,2012,ArriveesHorsDep,15987
73,2012,Chomeurs1564,17817
73,2012,Deces,3438
73,2012,Logements,328720
73,2012,LogementsVacants,18545
73,2012,Naissances,4786
73,2012,Pop65Plus,73875
73,2012,PopUnAnPlus,416188
73,2012,Population,421105
73,2012,PopulationLegale,421105
73,2012,RPMaisons,91226
73,2012,RPProprietaires,110915
73,2012,ResidencesPrincipales,186241
73,2013,Deces,3428
73,2013,Naissances,4762
73,2014,Deces,3334
73,2014,Naissances,4798
73,2015,Deces,3736
73,2015,Naissances,4671
73,2016,Deces,3630
73,2016,Naissances,4536
73,2017,Actifs1564,206525
73,2017,ArriveesHorsDep,15253
73,2017,Chomeurs1564,19475
73,2017,Deces,3783
73,2017,Logements,345226
73,2017,LogementsVacants,21008
73,2017,Naissances,4476
73,2017,Pop65Plus,86332
73,2017,PopUnAnPlus,426641
73,2017,Population,431174
73,2017,PopulationLegale,431174
73,2017,RPMaisons,95696
73,2017,RPProprietaires,117648
73,2017,ResidencesPrincipales,195845
73,2018,Deces,3857
73,2018,Naissances,4509
73,2019,Deces,3894
73,2019,Naissances,4383
73,2020,Deces,4718
73,2020,Naissances,4273
73,2021,Deces,4001
73,2021,Naissances,4384
73,2022,Deces,4193
73,2022,Naissances,4272
73,2023,Actifs1564,217690
73,2023,ArriveesHorsDep,15521
73,2023,Chomeurs1564,16229
73,2023,Deces,4154
73,2023,Logements,367080
73,2023,LogementsVacants,19917
73,2023,Naissances,3793
73,2023,NiveauVieMedian,27910
73,2023,Pop65Plus,98436
73,2023,PopUnAnPlus,444007
73,2023,Population,448226
73,2023,PopulationLegale,448226
73,2023,RPMaisons,101637
73,2023,RPProprietaires,127289
73,2023,RPProprietaires65Plus,48787
73,2023,RPTotalAge,211123
73,2023,ResidencesPrincipales,211123
73,2023,TauxPauvrete,11
73,2024,Deces,4040
73,2024,Naissances,3902
73,2025,Deces,4248
73,2025,Naissances,3713
74,1968,PopulationLegale,378550
74,1975,PopulationLegale,447795
74,1982,PopulationLegale,494505
74,1990,PopulationLegale,568286
74,1999,PopulationLegale,631679
74,2007,PopulationLegale,706708
74,2008,Deces,4586
74,2008,Naissances,9333
74,2009,Deces,4850
74,2009,Naissances,9271
74,2010,Deces,4865
74,2010,Naissances,9521
74,2011,Deces,4750
74,2011,Naissances,9476
74,2012,Actifs1564,390813
74,2012,ArriveesHorsDep,29958
74,2012,Chomeurs1564,36613
74,2012,Deces,5093
74,2012,Logements,467419
74,2012,LogementsVacants,27542
74,2012,Naissances,9829
74,2012,Pop65Plus,112179
74,2012,PopUnAnPlus,746167
74,2012,Population,756501
74,2012,PopulationLegale,756501
74,2012,RPMaisons,144195
74,2012,RPProprietaires,197605
74,2012,ResidencesPrincipales,326436
74,2013,Deces,5057
74,2013,Naissances,9893
74,2014,Deces,5166
74,2014,Naissances,9982
74,2015,Deces,5476
74,2015,Naissances,10053
74,2016,Deces,5520
74,2016,Naissances,9708
74,2017,Actifs1564,415329
74,2017,ArriveesHorsDep,28081
74,2017,Chomeurs1564,41479
74,2017,Deces,5549
74,2017,Logements,508229
74,2017,LogementsVacants,30689
74,2017,Naissances,9603
74,2017,Pop65Plus,133418
74,2017,PopUnAnPlus,797124
74,2017,Population,807360
74,2017,PopulationLegale,807360
74,2017,RPMaisons,154197
74,2017,RPProprietaires,212459
74,2017,ResidencesPrincipales,355359
74,2018,Deces,5474
74,2018,Naissances,9905
74,2019,Deces,5709
74,2019,Naissances,9823
74,2020,Deces,6889
74,2020,Naissances,9680
74,2021,Deces,6191
74,2021,Naissances,9860
74,2022,Deces,6339
74,2022,Naissances,9595
74,2023,Actifs1564,448239
74,2023,ArriveesHorsDep,28957
74,2023,Chomeurs1564,37646
74,2023,Deces,6193
74,2023,Logements,557563
74,2023,LogementsVacants,35682
74,2023,Naissances,8969
74,2023,NiveauVieMedian,32180
74,2023,Pop65Plus,153334
74,2023,PopUnAnPlus,851494
74,2023,Population,861158
74,2023,PopulationLegale,861158
74,2023,RPMaisons,165234
74,2023,RPProprietaires,234945
74,2023,RPProprietaires65Plus,76402
74,2023,RPTotalAge,391689
74,2023,ResidencesPrincipales,391689
74,2023,TauxPauvrete,10
74,2024,Deces,6103
74,2024,Naissances,8818
74,2025,Deces,6327
74,2025,Naissances,8979
75,1968,PopulationLegale,2590771
75,1975,PopulationLegale,2299830
75,1982,PopulationLegale,2176243
75,1990,PopulationLegale,2152423
75,1999,PopulationLegale,2125246
75,2007,PopulationLegale,2193030
75,2008,Deces,14111
75,2008,Naissances,30623
75,2009,Deces,13889
75,2009,Naissances,31063
75,2010,Deces,14192
75,2010,Naissances,31447
75,2011,Deces,13771
75,2011,Naissances,30094
75,2012,Actifs1564,1218088
75,2012,ArriveesHorsDep,137200
75,2012,Chomeurs1564,142559
75,2012,Deces,14114
75,2012,Logements,1357081
75,2012,LogementsVacants,100699
75,2012,Naissances,29291
75,2012,Pop65Plus,335248
75,2012,PopUnAnPlus,2214158
75,2012,Population,2240621
75,2012,PopulationLegale,2240621
75,2012,RPMaisons,10511
75,2012,RPProprietaires,384099
75,2012,ResidencesPrincipales,1159105
75,2013,Deces,13939
75,2013,Naissances,28945
75,2014,Deces,13487
75,2014,Naissances,29134
75,2015,Deces,13997
75,2015,Naissances,28267
75,2016,Deces,14056
75,2016,Naissances,28384
75,2017,Actifs1564,1185939
75,2017,ArriveesHorsDep,127825
75,2017,Chomeurs1564,140723
75,2017,Deces,14226
75,2017,Logements,1382779
75,2017,LogementsVacants,117082
75,2017,Naissances,27419
75,2017,Pop65Plus,365425
75,2017,PopUnAnPlus,2163783
75,2017,Population,2187526
75,2017,PopulationLegale,2187526
75,2017,RPMaisons,10074
75,2017,RPProprietaires,377451
75,2017,ResidencesPrincipales,1141623
75,2018,Deces,13888
75,2018,Naissances,27367
75,2019,Deces,13805
75,2019,Naissances,27373
75,2020,Deces,16351
75,2020,Naissances,26157
75,2021,Deces,14628
75,2021,Naissances,25810
75,2022,Deces,14753
75,2022,Naissances,23785
75,2023,Actifs1564,1152923
75,2023,ArriveesHorsDep,113596
75,2023,Chomeurs1564,120784
75,2023,Deces,13888
75,2023,Logements,1402024
75,2023,LogementsVacants,139075
75,2023,Naissances,21775
75,2023,NiveauVieMedian,33650
75,2023,Pop65Plus,372009
75,2023,PopUnAnPlus,2084229
75,2023,Population,2103778
75,2023,PopulationLegale,2103778
75,2023,RPMaisons,9605
75,2023,RPProprietaires,373635
75,2023,RPProprietaires65Plus,143674
75,2023,RPTotalAge,1124522
75,2023,ResidencesPrincipales,1124522
75,2023,TauxPauvrete,17
75,2024,Deces,14079
75,2024,Naissances,21484
75,2025,Deces,13878
75,2025,Naissances,21189
76,1968,PopulationLegale,1113977
76,1975,PopulationLegale,1172743
76,1982,PopulationLegale,1193108
76,1990,PopulationLegale,1223429
76,1999,PopulationLegale,1239138
76,2007,PopulationLegale,1244611
76,2008,Deces,11078
76,2008,Naissances,16041
76,2009,Deces,11254
76,2009,Naissances,15947
76,2010,Deces,11217
76,2010,Naissances,16338
76,2011,Deces,11197
76,2011,Naissances,16146
76,2012,Actifs1564,578273
76,2012,ArriveesHorsDep,27291
76,2012,Chomeurs1564,82339
76,2012,Deces,11375
76,2012,Logements,609971
76,2012,LogementsVacants,40918
76,2012,Naissances,16014
76,2012,Pop65Plus,212045
76,2012,PopUnAnPlus,1237939
76,2012,Population,1253931
76,2012,PopulationLegale,1253931
76,2012,RPMaisons,311998
76,2012,RPProprietaires,290131
76,2012,ResidencesPrincipales,547088
76,2013,Deces,11515
76,2013,Naissances,15574
76,2014,Deces,11298
76,2014,Naissances,15199
76,2015,Deces,12042
76,2015,Naissances,15077
76,2016,Deces,11900
76,2016,Naissances,14645
76,2017,Actifs1564,568943
76,2017,ArriveesHorsDep,27632
76,2017,Chomeurs1564,86842
76,2017,Deces,11998
76,2017,Logements,640334
76,2017,LogementsVacants,52149
76,2017,Naissances,14326
76,2017,Pop65Plus,240824
76,2017,PopUnAnPlus,1239933
76,2017,Population,1254378
76,2017,PopulationLegale,1254378
76,2017,RPMaisons,322766
76,2017,RPProprietaires,298094
76,2017,ResidencesPrincipales,563675
76,2018,Deces,12301
76,2018,Naissances,14183
76,2019,Deces,12300
76,2019,Naissances,14044
76,2020,Deces,13160
76,2020,Naissances,13446
76,2021,Deces,12957
76,2021,Naissances,13600
76,2022,Deces,13656
76,2022,Naissances,13639
76,2023,Actifs1564,572134
76,2023,ArriveesHorsDep,26276
76,2023,Chomeurs1564,71560
76,2023,Deces,12677
76,2023,Logements,667137
76,2023,LogementsVacants,51378
76,2023,Naissances,12297
76,2023,NiveauVieMedian,24940
76,2023,Pop65Plus,267901
76,2023,PopUnAnPlus,1247959
76,2023,Population,1260964
76,2023,PopulationLegale,1260964
76,2023,RPMaisons,332293
76,2023,RPProprietaires,310761
76,2023,RPProprietaires65Plus,116407
76,2023,RPTotalAge,586580
76,2023,ResidencesPrincipales,586580
76,2023,TauxPauvrete,17
76,2024,Deces,12813
76,2024,Naissances,12254
76,2025,Deces,12844
76,2025,Naissances,11780
77,1968,PopulationLegale,604340
77,1975,PopulationLegale,755762
77,1982,PopulationLegale,887112
77,1990,PopulationLegale,1078166
77,1999,PopulationLegale,1193767
77,2007,PopulationLegale,1289524
77,2008,Deces,8114
77,2008,Naissances,19240
77,2009,Deces,8214
77,2009,Naissances,19331
77,2010,Deces,8324
77,2010,Naissances,19712
77,2011,Deces,8257
77,2011,Naissances,19824
77,2012,Actifs1564,685099
77,2012,ArriveesHorsDep,50751
77,2012,Chomeurs1564,73864
77,2012,Deces,8667
77,2012,Logements,574403
77,2012,LogementsVacants,36287
77,2012,Naissances,19678
77,2012,Pop65Plus,163373
77,2012,PopUnAnPlus,1333897
77,2012,Population,1353946
77,2012,PopulationLegale,1353946
77,2012,RPMaisons,310153
77,2012,RPProprietaires,326660
77,2012,ResidencesPrincipales,521048
77,2013,Deces,8570
77,2013,Naissances,19331
77,2014,Deces,8490
77,2014,Naissances,19708
77,2015,Deces,9088
77,2015,Naissances,19197
77,2016,Deces,9134
77,2016,Naissances,18868
77,2017,Actifs1564,694950
77,2017,ArriveesHorsDep,47473
77,2017,Chomeurs1564,80049
77,2017,Deces,9174
77,2017,Logements,612076
77,2017,LogementsVacants,41625
77,2017,Naissances,18729
77,2017,Pop65Plus,197475
77,2017,PopUnAnPlus,1385229
77,2017,Population,1403997
77,2017,PopulationLegale,1403997
77,2017,RPMaisons,321779
77,2017,RPProprietaires,341548
77,2017,ResidencesPrincipales,552572
77,2018,Deces,9315
77,2018,Naissances,18418
77,2019,Deces,9244
77,2019,Naissances,18585
77,2020,Deces,10853
77,2020,Naissances,18212
77,2021,Deces,10204
77,2021,Naissances,18431
77,2022,Deces,10367
77,2022,Naissances,18239
77,2023,Actifs1564,731275
77,2023,ArriveesHorsDep,47890
77,2023,Chomeurs1564,76926
77,2023,Deces,9846
77,2023,Logements,661580
77,2023,LogementsVacants,43086
77,2023,Naissances,17400
77,2023,NiveauVieMedian,27480
77,2023,Pop65Plus,227820
77,2023,PopUnAnPlus,1450102
77,2023,Population,1468108
77,2023,PopulationLegale,1468108
77,2023,RPMaisons,334530
77,2023,RPProprietaires,364813
77,2023,RPProprietaires65Plus,107045
77,2023,RPTotalAge,597056
77,2023,ResidencesPrincipales,597056
77,2023,TauxPauvrete,14
77,2024,Deces,9982
77,2024,Naissances,17109
77,2025,Deces,10260
77,2025,Naissances,16644
78,1968,PopulationLegale,854382
78,1975,PopulationLegale,1082255
78,1982,PopulationLegale,1196111
78,1990,PopulationLegale,1307150
78,1999,PopulationLegale,1354304
78,2007,PopulationLegale,1403957
78,2008,Deces,8428
78,2008,Naissances,19895
78,2009,Deces,8471
78,2009,Naissances,19868
78,2010,Deces,8471
78,2010,Naissances,20312
78,2011,Deces,8430
78,2011,Naissances,19886
78,2012,Actifs1564,697625
78,2012,ArriveesHorsDep,56071
78,2012,Chomeurs1564,66782
78,2012,Deces,8655
78,2012,Logements,603858
78,2012,LogementsVacants,33220
78,2012,Naissances,19827
78,2012,Pop65Plus,199879
78,2012,PopUnAnPlus,1392344
78,2012,Population,1412356
78,2012,PopulationLegale,1412356
78,2012,RPMaisons,244090
78,2012,RPProprietaires,332605
78,2012,ResidencesPrincipales,557617
78,2013,Deces,8555
78,2013,Naissances,19886
78,2014,Deces,8433
78,2014,Naissances,19525
78,2015,Deces,8935
78,2015,Naissances,19208
78,2016,Deces,9062
78,2016,Naissances,18918
78,2017,Actifs1564,697506
78,2017,ArriveesHorsDep,55147
78,2017,Chomeurs1564,72530
78,2017,Deces,9102
78,2017,Logements,637200
78,2017,LogementsVacants,39953
78,2017,Naissances,18537
78,2017,Pop65Plus,232280
78,2017,PopUnAnPlus,1419405
78,2017,Population,1438266
78,2017,PopulationLegale,1438266
78,2017,RPMaisons,249961
78,2017,RPProprietaires,342136
78,2017,ResidencesPrincipales,580983
78,2018,Deces,9201
78,2018,Naissances,18548
78,2019,Deces,9374
78,2019,Naissances,18550
78,2020,Deces,11082
78,2020,Naissances,18141
78,2021,Deces,10013
78,2021,Naissances,18401
78,2022,Deces,10222
78,2022,Naissances,18111
78,2023,Actifs1564,729433
78,2023,ArriveesHorsDep,52837
78,2023,Chomeurs1564,70203
78,2023,Deces,9729
78,2023,Logements,678260
78,2023,LogementsVacants,40022
78,2023,Naissances,17291
78,2023,NiveauVieMedian,31520
78,2023,Pop65Plus,250762
78,2023,PopUnAnPlus,1467362
78,2023,Population,1485086
78,2023,PopulationLegale,1485086
78,2023,RPMaisons,254923
78,2023,RPProprietaires,360498
78,2023,RPProprietaires65Plus,119300
78,2023,RPTotalAge,620141
78,2023,ResidencesPrincipales,620141
78,2023,TauxPauvrete,12
78,2024,Deces,10058
78,2024,Naissances,17002
78,2025,Deces,10214
78,2025,Naissances,16870
79,1968,PopulationLegale,325608
79,1975,PopulationLegale,335829
79,1982,PopulationLegale,342812
79,1990,PopulationLegale,345965
79,1999,PopulationLegale,344392
79,2007,PopulationLegale,362944
79,2008,Deces,3598
79,2008,Naissances,4331
79,2009,Deces,3552
79,2009,Naissances,4157
79,2010,Deces,3568
79,2010,Naissances,4060
79,2011,Deces,3722
79,2011,Naissances,4006
79,2012,Actifs1564,171707
79,2012,ArriveesHorsDep,11977
79,2012,Chomeurs1564,18195
79,2012,Deces,3801
79,2012,Logements,187058
79,2012,LogementsVacants,15201
79,2012,Naissances,4029
79,2012,Pop65Plus,76553
79,2012,PopUnAnPlus,367355
79,2012,Population,371583
79,2012,PopulationLegale,371583
79,2012,RPMaisons,140617
79,2012,RPProprietaires,111823
79,2012,ResidencesPrincipales,162840
79,2013,Deces,3990
79,2013,Naissances,3986
79,2014,Deces,3666
79,2014,Naissances,3718
79,2015,Deces,3872
79,2015,Naissances,3568
79,2016,Deces,3978
79,2016,Naissances,3646
79,2017,Actifs1564,170798
79,2017,ArriveesHorsDep,11642
79,2017,Chomeurs1564,19583
79,2017,Deces,4130
79,2017,Logements,193971
79,2017,LogementsVacants,17828
79,2017,Naissances,3389
79,2017,Pop65Plus,85056
79,2017,PopUnAnPlus,370684
79,2017,Population,374351
79,2017,PopulationLegale,374351
79,2017,RPMaisons,144417
79,2017,RPProprietaires,115594
79,2017,ResidencesPrincipales,166837
79,2018,Deces,4116
79,2018,Naissances,3381
79,2019,Deces,4022
79,2019,Naissances,3347
79,2020,Deces,4200
79,2020,Naissances,3146
79,2021,Deces,4552
79,2021,Naissances,3267
79,2022,Deces,4499
79,2022,Naissances,3107
79,2023,Actifs1564,172628
79,2023,ArriveesHorsDep,11610
79,2023,Chomeurs1564,15019
79,2023,Deces,4248
79,2023,Logements,199352
79,2023,LogementsVacants,16814
79,2023,Naissances,2995
79,2023,NiveauVieMedian,25080
79,2023,Pop65Plus,93081
79,2023,PopUnAnPlus,372094
79,2023,Population,375229
79,2023,PopulationLegale,375229
79,2023,RPMaisons,150045
79,2023,RPProprietaires,120735
79,2023,RPProprietaires65Plus,46698
79,2023,RPTotalAge,173157
79,2023,ResidencesPrincipales,173157
79,2023,TauxPauvrete,13
79,2024,Deces,4447
79,2024,Naissances,2847
79,2025,Deces,4236
79,2025,Naissances,2769
80,1968,PopulationLegale,511491
80,1975,PopulationLegale,538462
80,1982,PopulationLegale,544570
80,1990,PopulationLegale,547825
80,1999,PopulationLegale,555551
80,2007,PopulationLegale,565910
80,2008,Deces,5470
80,2008,Naissances,7094
80,2009,Deces,5545
80,2009,Naissances,6838
80,2010,Deces,5438
80,2010,Naissances,7103
80,2011,Deces,5415
80,2011,Naissances,6989
80,2012,Actifs1564,260155
80,2012,ArriveesHorsDep,13946
80,2012,Chomeurs1564,39581
80,2012,Deces,5613
80,2012,Logements,286731
80,2012,LogementsVacants,21659
80,2012,Naissances,6843
80,2012,Pop65Plus,96562
80,2012,PopUnAnPlus,564024
80,2012,Population,571154
80,2012,PopulationLegale,571154
80,2012,RPMaisons,184260
80,2012,RPProprietaires,148849
80,2012,ResidencesPrincipales,242416
80,2013,Deces,5566
80,2013,Naissances,6743
80,2014,Deces,5409
80,2014,Naissances,6506
80,2015,Deces,5721
80,2015,Naissances,6289
80,2016,Deces,5822
80,2016,Naissances,6126
80,2017,Actifs1564,255687
80,2017,ArriveesHorsDep,13128
80,2017,Chomeurs1564,40634
80,2017,Deces,5683
80,2017,Logements,299211
80,2017,LogementsVacants,24907
80,2017,Naissances,5949
80,2017,Pop65Plus,109384
80,2017,PopUnAnPlus,566268
80,2017,Population,572443
80,2017,PopulationLegale,572443
80,2017,RPMaisons,187858
80,2017,RPProprietaires,151074
80,2017,ResidencesPrincipales,249773
80,2018,Deces,5774
80,2018,Naissances,5781
80,2019,Deces,5934
80,2019,Naissances,5591
80,2020,Deces,6391
80,2020,Naissances,5433
80,2021,Deces,6097
80,2021,Naissances,5420
80,2022,Deces,6247
80,2022,Naissances,5579
80,2023,Actifs1564,256951
80,2023,ArriveesHorsDep,12867
80,2023,Chomeurs1564,34098
80,2023,Deces,5881
80,2023,Logements,311038
80,2023,LogementsVacants,25232
80,2023,Naissances,5129
80,2023,NiveauVieMedian,24200
80,2023,Pop65Plus,122014
80,2023,PopUnAnPlus,559933
80,2023,Population,565413
80,2023,PopulationLegale,565413
80,2023,RPMaisons,191838
80,2023,RPProprietaires,154881
80,2023,RPProprietaires65Plus,60494
80,2023,RPTotalAge,259351
80,2023,ResidencesPrincipales,259351
80,2023,TauxPauvrete,17
80,2024,Deces,5979
80,2024,Naissances,5026
80,2025,Deces,5967
80,2025,Naissances,4977
81,1968,PopulationLegale,332011
81,1975,PopulationLegale,338024
81,1982,PopulationLegale,339345
81,1990,PopulationLegale,342723
81,1999,PopulationLegale,343402
81,2007,PopulationLegale,369189
81,2008,Deces,3877
81,2008,Naissances,4056
81,2009,Deces,4036
81,2009,Naissances,4030
81,2010,Deces,4043
81,2010,Naissances,3925
81,2011,Deces,3916
81,2011,Naissances,4006
81,2012,Actifs1564,165217
81,2012,ArriveesHorsDep,13585
81,2012,Chomeurs1564,21553
81,2012,Deces,4095
81,2012,Logements,200806
81,2012,LogementsVacants,18543
81,2012,Naissances,3939
81,2012,Pop65Plus,85629
81,2012,PopUnAnPlus,374866
81,2012,Population,378947
81,2012,PopulationLegale,378947
81,2012,RPMaisons,132603
81,2012,RPProprietaires,112317
81,2012,ResidencesPrincipales,167507
81,2013,Deces,4058
81,2013,Naissances,3829
81,2014,Deces,4015
81,2014,Naissances,3831
81,2015,Deces,4245
81,2015,Naissances,3681
81,2016,Deces,4175
81,2016,Naissances,3611
81,2017,Actifs1564,167590
81,2017,ArriveesHorsDep,13226
81,2017,Chomeurs1564,23496
81,2017,Deces,4494
81,2017,Logements,211038
81,2017,LogementsVacants,19234
81,2017,Naissances,3421
81,2017,Pop65Plus,95427
81,2017,PopUnAnPlus,384318
81,2017,Population,387890
81,2017,PopulationLegale,387890
81,2017,RPMaisons,139498
81,2017,RPProprietaires,117718
81,2017,ResidencesPrincipales,176070
81,2018,Deces,4562
81,2018,Naissances,3257
81,2019,Deces,4441
81,2019,Naissances,3345
81,2020,Deces,4537
81,2020,Naissances,3213
81,2021,Deces,4826
81,2021,Naissances,3352
81,2022,Deces,4992
81,2022,Naissances,3383
81,2023,Actifs1564,172871
81,2023,ArriveesHorsDep,13342
81,2023,Chomeurs1564,19849
81,2023,Deces,4541
81,2023,Logements,222220
81,2023,LogementsVacants,19184
81,2023,Naissances,3044
81,2023,NiveauVieMedian,24420
81,2023,Pop65Plus,106069
81,2023,PopUnAnPlus,393997
81,2023,Population,397352
81,2023,PopulationLegale,397352
81,2023,RPMaisons,147177
81,2023,RPProprietaires,124793
81,2023,RPProprietaires65Plus,52732
81,2023,RPTotalAge,186515
81,2023,ResidencesPrincipales,186515
81,2023,TauxPauvrete,16
81,2024,Deces,4473
81,2024,Naissances,2818
81,2025,Deces,4617
81,2025,Naissances,2898
82,1968,PopulationLegale,183572
82,1975,PopulationLegale,183314
82,1982,PopulationLegale,190485
82,1990,PopulationLegale,200220
82,1999,PopulationLegale,206034
82,2007,PopulationLegale,231763
82,2008,Deces,2328
82,2008,Naissances,2932
82,2009,Deces,2202
82,2009,Naissances,2935
82,2010,Deces,2439
82,2010,Naissances,2926
82,2011,Deces,2206
82,2011,Naissances,2978
82,2012,Actifs1564,110671
82,2012,ArriveesHorsDep,10541
82,2012,Chomeurs1564,15065
82,2012,Deces,2461
82,2012,Logements,123725
82,2012,LogementsVacants,11890
82,2012,Naissances,2940
82,2012,Pop65Plus,49447
82,2012,PopUnAnPlus,243976
82,2012,Population,246971
82,2012,PopulationLegale,246971
82,2012,RPMaisons,82748
82,2012,RPProprietaires,69472
82,2012,ResidencesPrincipales,104470
82,2013,Deces,2498
82,2013,Naissances,2827
82,2014,Deces,2440
82,2014,Naissances,2829
82,2015,Deces,2633
82,2015,Naissances,2824
82,2016,Deces,2589
82,2016,Naissances,2674
82,2017,Actifs1564,114266
82,2017,ArriveesHorsDep,9170
82,2017,Chomeurs1564,16353
82,2017,Deces,2772
82,2017,Logements,131300
82,2017,LogementsVacants,12908
82,2017,Naissances,2678
82,2017,Pop65Plus,55887
82,2017,PopUnAnPlus,255596
82,2017,Population,258349
82,2017,PopulationLegale,258349
82,2017,RPMaisons,87532
82,2017,RPProprietaires,73542
82,2017,ResidencesPrincipales,110784
82,2018,Deces,2667
82,2018,Naissances,2550
82,2019,Deces,2718
82,2019,Naissances,2555
82,2020,Deces,2844
82,2020,Naissances,2449
82,2021,Deces,2859
82,2021,Naissances,2660
82,2022,Deces,3066
82,2022,Naissances,2601
82,2023,Actifs1564,119004
82,2023,ArriveesHorsDep,9026
82,2023,Chomeurs1564,13466
82,2023,Deces,2795
82,2023,Logements,138093
82,2023,LogementsVacants,12849
82,2023,Naissances,2312
82,2023,NiveauVieMedian,24350
82,2023,Pop65Plus,62411
82,2023,PopUnAnPlus,263288
82,2023,Population,265817
82,2023,PopulationLegale,265817
82,2023,RPMaisons,93496
82,2023,RPProprietaires,78904
82,2023,RPProprietaires65Plus,30670
82,2023,RPTotalAge,117641
82,2023,ResidencesPrincipales,117641
82,2023,TauxPauvrete,17
82,2024,Deces,2967
82,2024,Naissances,2222
82,2025,Deces,2903
82,2025,Naissances,2210
83,1968,PopulationLegale,555926
83,1975,PopulationLegale,626093
83,1982,PopulationLegale,708331
83,1990,PopulationLegale,815449
83,1999,PopulationLegale,898441
83,2007,PopulationLegale,995934
83,2008,Deces,10136
83,2008,Naissances,11131
83,2009,Deces,10423
83,2009,Naissances,10955
83,2010,Deces,10603
83,2010,Naissances,11159
83,2011,Deces,10439
83,2011,Naissances,11146
83,2012,Actifs1564,436880
83,2012,ArriveesHorsDep,35527
83,2012,Chomeurs1564,62575
83,2012,Deces,10948
83,2012,Logements,676133
83,2012,LogementsVacants,42665
83,2012,Naissances,11240
83,2012,Pop65Plus,236610
83,2012,PopUnAnPlus,1011030
83,2012,Population,1021669
83,2012,PopulationLegale,1021669
83,2012,RPMaisons,230293
83,2012,RPProprietaires,270703
83,2012,ResidencesPrincipales,458217
83,2013,Deces,10783
83,2013,Naissances,10917
83,2014,Deces,10735
83,2014,Naissances,11123
83,2015,Deces,11401
83,2015,Naissances,10751
83,2016,Deces,11590
83,2016,Naissances,10656
83,2017,Actifs1564,450193
83,2017,ArriveesHorsDep,33153
83,2017,Chomeurs1564,66526
83,2017,Deces,11906
83,2017,Logements,714503
83,2017,LogementsVacants,44805
83,2017,Naissances,10504
83,2017,Pop65Plus,270077
83,2017,PopUnAnPlus,1048740
83,2017,Population,1058740
83,2017,PopulationLegale,1058740
83,2017,RPMaisons,241523
83,2017,RPProprietaires,285123
83,2017,ResidencesPrincipales,487268
83,2018,Deces,11946
83,2018,Naissances,10267
83,2019,Deces,12213
83,2019,Naissances,10516
83,2020,Deces,12648
83,2020,Naissances,10282
83,2021,Deces,13905
83,2021,Naissances,10561
83,2022,Deces,13734
83,2022,Naissances,10677
83,2023,Actifs1564,481236
83,2023,ArriveesHorsDep,33845
83,2023,Chomeurs1564,56204
83,2023,Deces,13022
83,2023,Logements,759434
83,2023,LogementsVacants,41844
83,2023,Naissances,9791
83,2023,NiveauVieMedian,25940
83,2023,Pop65Plus,305642
83,2023,PopUnAnPlus,1109583
83,2023,Population,1119307
83,2023,PopulationLegale,1119307
83,2023,RPMaisons,258319
83,2023,RPProprietaires,313454
83,2023,RPProprietaires65Plus,143515
83,2023,RPTotalAge,533930
83,2023,ResidencesPrincipales,533930
83,2023,TauxPauvrete,17
83,2024,Deces,12730
83,2024,Naissances,9435
83,2025,Deces,13084
83,2025,Naissances,9068
84,1968,PopulationLegale,353966
84,1975,PopulationLegale,390446
84,1982,PopulationLegale,427343
84,1990,PopulationLegale,467075
84,1999,PopulationLegale,499685
84,2007,PopulationLegale,538141
84,2008,Deces,4904
84,2008,Naissances,7000
84,2009,Deces,4844
84,2009,Naissances,7014
84,2010,Deces,5040
84,2010,Naissances,6967
84,2011,Deces,4783
84,2011,Naissances,7008
84,2012,Actifs1564,244113
84,2012,ArriveesHorsDep,20971
84,2012,Chomeurs1564,38583
84,2012,Deces,5094
84,2012,Logements,284746
84,2012,LogementsVacants,27167
84,2012,Naissances,7107
84,2012,Pop65Plus,105586
84,2012,PopUnAnPlus,539488
84,2012,Population,546314
84,2012,PopulationLegale,546314
84,2012,RPMaisons,153222
84,2012,RPProprietaires,131698
84,2012,ResidencesPrincipales,236594
84,2013,Deces,5054
84,2013,Naissances,7171
84,2014,Deces,4963
84,2014,Naissances,7058
84,2015,Deces,5498
84,2015,Naissances,6859
84,2016,Deces,5465
84,2016,Naissances,6602
84,2017,Actifs1564,247813
84,2017,ArriveesHorsDep,19251
84,2017,Chomeurs1564,41796
84,2017,Deces,5475
84,2017,Logements,301947
84,2017,LogementsVacants,30204
84,2017,Naissances,6442
84,2017,Pop65Plus,119992
84,2017,PopUnAnPlus,553035
84,2017,Population,559479
84,2017,PopulationLegale,559479
84,2017,RPMaisons,159460
84,2017,RPProprietaires,136803
84,2017,ResidencesPrincipales,247451
84,2018,Deces,5504
84,2018,Naissances,6392
84,2019,Deces,5629
84,2019,Naissances,6315
84,2020,Deces,5990
84,2020,Naissances,6231
84,2021,Deces,6103
84,2021,Naissances,6201
84,2022,Deces,6117
84,2022,Naissances,6054
84,2023,Actifs1564,253835
84,2023,ArriveesHorsDep,18652
84,2023,Chomeurs1564,34164
84,2023,Deces,5772
84,2023,Logements,321633
84,2023,LogementsVacants,29739
84,2023,Naissances,5483
84,2023,NiveauVieMedian,23840
84,2023,Pop65Plus,135551
84,2023,PopUnAnPlus,566662
84,2023,Population,572056
84,2023,PopulationLegale,572056
84,2023,RPMaisons,168692
84,2023,RPProprietaires,147892
84,2023,RPProprietaires65Plus,61338
84,2023,RPTotalAge,263428
84,2023,ResidencesPrincipales,263428
84,2023,TauxPauvrete,21
84,2024,Deces,5742
84,2024,Naissances,5401
84,2025,Deces,5815
84,2025,Naissances,5170
85,1968,PopulationLegale,421250
85,1975,PopulationLegale,450641
85,1982,PopulationLegale,483027
85,1990,PopulationLegale,509356
85,1999,PopulationLegale,539664
85,2007,PopulationLegale,607430
85,2008,Deces,5741
85,2008,Naissances,7629
85,2009,Deces,5863
85,2009,Naissances,7718
85,2010,Deces,6049
85,2010,Naissances,7601
85,2011,Deces,5823
85,2011,Naissances,7442
85,2012,Actifs1564,295544
85,2012,ArriveesHorsDep,21655
85,2012,Chomeurs1564,31332
85,2012,Deces,6356
85,2012,Logements,397448
85,2012,LogementsVacants,20273
85,2012,Naissances,7436
85,2012,Pop65Plus,132418
85,2012,PopUnAnPlus,641031
85,2012,Population,648901
85,2012,PopulationLegale,648901
85,2012,RPMaisons,244609
85,2012,RPProprietaires,201577
85,2012,ResidencesPrincipales,279239
85,2013,Deces,6381
85,2013,Naissances,7164
85,2014,Deces,6373
85,2014,Naissances,7070
85,2015,Deces,6876
85,2015,Naissances,6722
85,2016,Deces,6992
85,2016,Naissances,6314
85,2017,Actifs1564,302366
85,2017,ArriveesHorsDep,20930
85,2017,Chomeurs1564,33438
85,2017,Deces,7224
85,2017,Logements,421680
85,2017,LogementsVacants,22254
85,2017,Naissances,6143
85,2017,Pop65Plus,158480
85,2017,PopUnAnPlus,668690
85,2017,Population,675247
85,2017,PopulationLegale,675247
85,2017,RPMaisons,259832
85,2017,RPProprietaires,214454
85,2017,ResidencesPrincipales,297468
85,2018,Deces,7291
85,2018,Naissances,6106
85,2019,Deces,7436
85,2019,Naissances,5973
85,2020,Deces,7483
85,2020,Naissances,5916
85,2021,Deces,7915
85,2021,Naissances,6043
85,2022,Deces,8511
85,2022,Naissances,5896
85,2023,Actifs1564,320744
85,2023,ArriveesHorsDep,21833
85,2023,Chomeurs1564,26438
85,2023,Deces,8059
85,2023,Logements,453701
85,2023,LogementsVacants,22577
85,2023,Naissances,5439
85,2023,NiveauVieMedian,25850
85,2023,Pop65Plus,188868
85,2023,PopUnAnPlus,707771
85,2023,Population,713609
85,2023,PopulationLegale,713609
85,2023,RPMaisons,283340
85,2023,RPProprietaires,235895
85,2023,RPProprietaires65Plus,96400
85,2023,RPTotalAge,326386
85,2023,ResidencesPrincipales,326386
85,2023,TauxPauvrete,9
85,2024,Deces,8126
85,2024,Naissances,5143
85,2025,Deces,8140
85,2025,Naissances,5091
86,1968,PopulationLegale,340256
86,1975,PopulationLegale,357366
86,1982,PopulationLegale,371428
86,1990,PopulationLegale,380005
86,1999,PopulationLegale,399024
86,2007,PopulationLegale,421891
86,2008,Deces,3866
86,2008,Naissances,4909
86,2009,Deces,4083
86,2009,Naissances,4953
86,2010,Deces,4032
86,2010,Naissances,5006
86,2011,Deces,4079
86,2011,Naissances,4885
86,2012,Actifs1564,197320
86,2012,ArriveesHorsDep,18140
86,2012,Chomeurs1564,23435
86,2012,Deces,4260
86,2012,Logements,230585
86,2012,LogementsVacants,21665
86,2012,Naissances,4880
86,2012,Pop65Plus,82042
86,2012,PopUnAnPlus,424950
86,2012,Population,430018
86,2012,PopulationLegale,430018
86,2012,RPMaisons,145488
86,2012,RPProprietaires,120532
86,2012,ResidencesPrincipales,196305
86,2013,Deces,4155
86,2013,Naissances,4708
86,2014,Deces,3909
86,2014,Naissances,4686
86,2015,Deces,4185
86,2015,Naissances,4461
86,2016,Deces,4192
86,2016,Naissances,4281
86,2017,Actifs1564,195093
86,2017,ArriveesHorsDep,15755
86,2017,Chomeurs1564,24806
86,2017,Deces,4191
86,2017,Logements,240200
86,2017,LogementsVacants,23435
86,2017,Naissances,4175
86,2017,Pop65Plus,93233
86,2017,PopUnAnPlus,432445
86,2017,Population,436876
86,2017,PopulationLegale,436876
86,2017,RPMaisons,150795
86,2017,RPProprietaires,125073
86,2017,ResidencesPrincipales,202864
86,2018,Deces,4418
86,2018,Naissances,4044
86,2019,Deces,4481
86,2019,Naissances,4084
86,2020,Deces,4570
86,2020,Naissances,4039
86,2021,Deces,4675
86,2021,Naissances,4025
86,2022,Deces,4938
86,2022,Naissances,3999
86,2023,Actifs1564,196420
86,2023,ArriveesHorsDep,14653
86,2023,Chomeurs1564,20358
86,2023,Deces,4621
86,2023,Logements,248104
86,2023,LogementsVacants,23301
86,2023,Naissances,3608
86,2023,NiveauVieMedian,24940
86,2023,Pop65Plus,103121
86,2023,PopUnAnPlus,435028
86,2023,Population,438897
86,2023,PopulationLegale,438897
86,2023,RPMaisons,156606
86,2023,RPProprietaires,129954
86,2023,RPProprietaires65Plus,52284
86,2023,RPTotalAge,209899
86,2023,ResidencesPrincipales,209899
86,2023,TauxPauvrete,16
86,2024,Deces,4774
86,2024,Naissances,3631
86,2025,Deces,4738
86,2025,Naissances,3457
87,1968,PopulationLegale,341589
87,1975,PopulationLegale,352149
87,1982,PopulationLegale,355737
87,1990,PopulationLegale,353593
87,1999,PopulationLegale,353893
87,2007,PopulationLegale,371102
87,2008,Deces,4114
87,2008,Naissances,3891
87,2009,Deces,4030
87,2009,Naissances,3985
87,2010,Deces,3923
87,2010,Naissances,3848
87,2011,Deces,3937
87,2011,Naissances,3907
87,2012,Actifs1564,167108
87,2012,ArriveesHorsDep,12814
87,2012,Chomeurs1564,20207
87,2012,Deces,3992
87,2012,Logements,213992
87,2012,LogementsVacants,19804
87,2012,Naissances,3825
87,2012,Pop65Plus,80624
87,2012,PopUnAnPlus,371638
87,2012,Population,375869
87,2012,PopulationLegale,375869
87,2012,RPMaisons,114777
87,2012,RPProprietaires,109767
87,2012,ResidencesPrincipales,177892
87,2013,Deces,4038
87,2013,Naissances,3723
87,2014,Deces,3865
87,2014,Naissances,3724
87,2015,Deces,4352
87,2015,Naissances,3639
87,2016,Deces,4110
87,2016,Naissances,3420
87,2017,Actifs1564,162270
87,2017,ArriveesHorsDep,10785
87,2017,Chomeurs1564,20817
87,2017,Deces,4131
87,2017,Logements,219980
87,2017,LogementsVacants,21567
87,2017,Naissances,3368
87,2017,Pop65Plus,90216
87,2017,PopUnAnPlus,370867
87,2017,Population,374426
87,2017,PopulationLegale,374426
87,2017,RPMaisons,117918
87,2017,RPProprietaires,112416
87,2017,ResidencesPrincipales,181373
87,2018,Deces,4165
87,2018,Naissances,3318
87,2019,Deces,4254
87,2019,Naissances,3406
87,2020,Deces,4301
87,2020,Naissances,3288
87,2021,Deces,4283
87,2021,Naissances,3146
87,2022,Deces,4514
87,2022,Naissances,3316
87,2023,Actifs1564,163008
87,2023,ArriveesHorsDep,10769
87,2023,Chomeurs1564,17623
87,2023,Deces,4303
87,2023,Logements,225631
87,2023,LogementsVacants,21667
87,2023,Naissances,3115
87,2023,NiveauVieMedian,24740
87,2023,Pop65Plus,97469
87,2023,PopUnAnPlus,370077
87,2023,Population,373167
87,2023,PopulationLegale,373167
87,2023,RPMaisons,122176
87,2023,RPProprietaires,116726
87,2023,RPProprietaires65Plus,49711
87,2023,RPTotalAge,186725
87,2023,ResidencesPrincipales,186725
87,2023,TauxPauvrete,17
87,2024,Deces,4429
87,2024,Naissances,2919
87,2025,Deces,4573
87,2025,Naissances,2854
88,1968,PopulationLegale,388201
88,1975,PopulationLegale,397957
88,1982,PopulationLegale,395769
88,1990,PopulationLegale,386258
88,1999,PopulationLegale,380952
88,2007,PopulationLegale,380304
88,2008,Deces,3889
88,2008,Naissances,4215
88,2009,Deces,3793
88,2009,Naissances,4252
88,2010,Deces,3946
88,2010,Naissances,4057
88,2011,Deces,3941
88,2011,Naissances,3883
88,2012,Actifs1564,170684
88,2012,ArriveesHorsDep,8405
88,2012,Chomeurs1564,25422
88,2012,Deces,4095
88,2012,Logements,207617
88,2012,LogementsVacants,21061
88,2012,Naissances,3715
88,2012,Pop65Plus,74435
88,2012,PopUnAnPlus,373137
88,2012,Population,377282
88,2012,PopulationLegale,377282
88,2012,RPMaisons,110679
88,2012,RPProprietaires,106366
88,2012,ResidencesPrincipales,167392
88,2013,Deces,4061
88,2013,Naissances,3796
88,2014,Deces,4068
88,2014,Naissances,3679
88,2015,Deces,4267
88,2015,Naissances,3491
88,2016,Deces,4328
88,2016,Naissances,3314
88,2017,Actifs1564,163663
88,2017,ArriveesHorsDep,7965
88,2017,Chomeurs1564,25150
88,2017,Deces,4295
88,2017,Logements,213629
88,2017,LogementsVacants,24231
88,2017,Naissances,3234
88,2017,Pop65Plus,85439
88,2017,PopUnAnPlus,364276
88,2017,Population,367673
88,2017,PopulationLegale,367673
88,2017,RPMaisons,113144
88,2017,RPProprietaires,108312
88,2017,ResidencesPrincipales,168767
88,2018,Deces,4355
88,2018,Naissances,3202
88,2019,Deces,4307
88,2019,Naissances,3123
88,2020,Deces,5013
88,2020,Naissances,2998
88,2021,Deces,4660
88,2021,Naissances,3076
88,2022,Deces,4666
88,2022,Naissances,2907
88,2023,Actifs1564,158832
88,2023,ArriveesHorsDep,7896
88,2023,Chomeurs1564,19076
88,2023,Deces,4293
88,2023,Logements,216751
88,2023,LogementsVacants,22303
88,2023,Naissances,2656
88,2023,NiveauVieMedian,24320
88,2023,Pop65Plus,93430
88,2023,PopUnAnPlus,354444
88,2023,Population,357248
88,2023,PopulationLegale,357248
88,2023,RPMaisons,115107
88,2023,RPProprietaires,110307
88,2023,RPProprietaires65Plus,45402
88,2023,RPTotalAge,171490
88,2023,ResidencesPrincipales,171490
88,2023,TauxPauvrete,16
88,2024,Deces,4509
88,2024,Naissances,2655
88,2025,Deces,4307
88,2025,Naissances,2443
89,1968,PopulationLegale,283376
89,1975,PopulationLegale,299851
89,1982,PopulationLegale,311019
89,1990,PopulationLegale,323096
89,1999,PopulationLegale,333221
89,2007,PopulationLegale,341418
89,2008,Deces,4038
89,2008,Naissances,4045
89,2009,Deces,4013
89,2009,Naissances,3991
89,2010,Deces,3925
89,2010,Naissances,3842
89,2011,Deces,3900
89,2011,Naissances,3699
89,2012,Actifs1564,151562
89,2012,ArriveesHorsDep,10338
89,2012,Chomeurs1564,19754
89,2012,Deces,4075
89,2012,Logements,191288
89,2012,LogementsVacants,19090
89,2012,Naissances,3729
89,2012,Pop65Plus,70944
89,2012,PopUnAnPlus,337870
89,2012,Population,341902
89,2012,PopulationLegale,341902
89,2012,RPMaisons,114880
89,2012,RPProprietaires,101184
89,2012,ResidencesPrincipales,149739
89,2013,Deces,3850
89,2013,Naissances,3780
89,2014,Deces,3892
89,2014,Naissances,3621
89,2015,Deces,4188
89,2015,Naissances,3672
89,2016,Deces,4169
89,2016,Naissances,3403
89,2017,Actifs1564,148073
89,2017,ArriveesHorsDep,9143
89,2017,Chomeurs1564,20805
89,2017,Deces,4183
89,2017,Logements,196697
89,2017,LogementsVacants,22692
89,2017,Naissances,3162
89,2017,Pop65Plus,79590
89,2017,PopUnAnPlus,334743
89,2017,Population,338291
89,2017,PopulationLegale,338291
89,2017,RPMaisons,117606
89,2017,RPProprietaires,103069
89,2017,ResidencesPrincipales,152596
89,2018,Deces,4209
89,2018,Naissances,3216
89,2019,Deces,4285
89,2019,Naissances,3172
89,2020,Deces,4452
89,2020,Naissances,3104
89,2021,Deces,4394
89,2021,Naissances,2979
89,2022,Deces,4715
89,2022,Naissances,2990
89,2023,Actifs1564,145051
89,2023,ArriveesHorsDep,9571
89,2023,Chomeurs1564,16715
89,2023,Deces,4294
89,2023,Logements,200574
89,2023,LogementsVacants,23190
89,2023,Naissances,2761
89,2023,NiveauVieMedian,24590
89,2023,Pop65Plus,86415
89,2023,PopUnAnPlus,329295
89,2023,Population,332267
89,2023,PopulationLegale,332267
89,2023,RPMaisons,119846
89,2023,RPProprietaires,105229
89,2023,RPProprietaires65Plus,43677
89,2023,RPTotalAge,156368
89,2023,ResidencesPrincipales,156368
89,2023,TauxPauvrete,16
89,2024,Deces,4180
89,2024,Naissances,2687
89,2025,Deces,4250
89,2025,Naissances,2555
90,1968,PopulationLegale,118450
90,1975,PopulationLegale,128125
90,1982,PopulationLegale,131999
90,1990,PopulationLegale,134097
90,1999,PopulationLegale,137408
90,2007,PopulationLegale,142444
90,2008,Deces,1195
90,2008,Naissances,1818
90,2009,Deces,1206
90,2009,Naissances,1822
90,2010,Deces,1159
90,2010,Naissances,1802
90,2011,Deces,1224
90,2011,Naissances,1794
90,2012,Actifs1564,67223
90,2012,ArriveesHorsDep,6545
90,2012,Chomeurs1564,10019
90,2012,Deces,1330
90,2012,Logements,69745
90,2012,LogementsVacants,5004
90,2012,Naissances,1763
90,2012,Pop65Plus,23914
90,2012,PopUnAnPlus,142121
90,2012,Population,143940
90,2012,PopulationLegale,143940
90,2012,RPMaisons,30566
90,2012,RPProprietaires,34265
90,2012,ResidencesPrincipales,63894
90,2013,Deces,1214
90,2013,Naissances,1675
90,2014,Deces,1252
90,2014,Naissances,1707
90,2015,Deces,1378
90,2015,Naissances,1598
90,2016,Deces,1262
90,2016,Naissances,1593
90,2017,Actifs1564,65616
90,2017,ArriveesHorsDep,6142
90,2017,Chomeurs1564,10161
90,2017,Deces,1259
90,2017,Logements,72211
90,2017,LogementsVacants,6696
90,2017,Naissances,1550
90,2017,Pop65Plus,27352
90,2017,PopUnAnPlus,140960
90,2017,Population,142622
90,2017,PopulationLegale,142622
90,2017,RPMaisons,31684
90,2017,RPProprietaires,35848
90,2017,ResidencesPrincipales,64473
90,2018,Deces,1303
90,2018,Naissances,1524
90,2019,Deces,1365
90,2019,Naissances,1451
90,2020,Deces,1587
90,2020,Naissances,1385
90,2021,Deces,1438
90,2021,Naissances,1320
90,2022,Deces,1482
90,2022,Naissances,1349
90,2023,Actifs1564,64562
90,2023,ArriveesHorsDep,5461
90,2023,Chomeurs1564,8460
90,2023,Deces,1393
90,2023,Logements,74317
90,2023,LogementsVacants,7365
90,2023,Naissances,1222
90,2023,NiveauVieMedian,25910
90,2023,Pop65Plus,29565
90,2023,PopUnAnPlus,138960
90,2023,Population,140255
90,2023,PopulationLegale,140255
90,2023,RPMaisons,32535
90,2023,RPProprietaires,36566
90,2023,RPProprietaires65Plus,13276
90,2023,RPTotalAge,65411
90,2023,ResidencesPrincipales,65411
90,2023,TauxPauvrete,17
90,2024,Deces,1369
90,2024,Naissances,1214
90,2025,Deces,1440
90,2025,Naissances,1165
91,1968,PopulationLegale,673325
91,1975,PopulationLegale,923063
91,1982,PopulationLegale,988000
91,1990,PopulationLegale,1084824
91,1999,PopulationLegale,1134238
91,2007,PopulationLegale,1201994
91,2008,Deces,6937
91,2008,Naissances,18134
91,2009,Deces,7288
91,2009,Naissances,18040
91,2010,Deces,7269
91,2010,Naissances,18509
91,2011,Deces,7292
91,2011,Naissances,18493
91,2012,Actifs1564,613923
91,2012,ArriveesHorsDep,46240
91,2012,Chomeurs1564,63815
91,2012,Deces,7438
91,2012,Logements,517656
91,2012,LogementsVacants,29006
91,2012,Naissances,18506
91,2012,Pop65Plus,164975
91,2012,PopUnAnPlus,1219181
91,2012,Population,1237507
91,2012,PopulationLegale,1237507
91,2012,RPMaisons,237610
91,2012,RPProprietaires,291112
91,2012,ResidencesPrincipales,481745
91,2013,Deces,7486
91,2013,Naissances,18510
91,2014,Deces,7384
91,2014,Naissances,18903
91,2015,Deces,7843
91,2015,Naissances,19104
91,2016,Deces,7962
91,2016,Naissances,18603
91,2017,Actifs1564,632621
91,2017,ArriveesHorsDep,44975
91,2017,Chomeurs1564,70939
91,2017,Deces,8060
91,2017,Logements,558684
91,2017,LogementsVacants,35354
91,2017,Naissances,18693
91,2017,Pop65Plus,191001
91,2017,PopUnAnPlus,1277914
91,2017,Population,1296130
91,2017,PopulationLegale,1296130
91,2017,RPMaisons,244051
91,2017,RPProprietaires,303429
91,2017,ResidencesPrincipales,514470
91,2018,Deces,7991
91,2018,Naissances,18618
91,2019,Deces,8078
91,2019,Naissances,18520
91,2020,Deces,9731
91,2020,Naissances,18370
91,2021,Deces,9042
91,2021,Naissances,18430
91,2022,Deces,9176
91,2022,Naissances,18309
91,2023,Actifs1564,657417
91,2023,ArriveesHorsDep,43802
91,2023,Chomeurs1564,66288
91,2023,Deces,8649
91,2023,Logements,600822
91,2023,LogementsVacants,39490
91,2023,Naissances,17227
91,2023,NiveauVieMedian,27940
91,2023,Pop65Plus,208553
91,2023,PopUnAnPlus,1321253
91,2023,Population,1338485
91,2023,PopulationLegale,1338485
91,2023,RPMaisons,250145
91,2023,RPProprietaires,315092
91,2023,RPProprietaires65Plus,98170
91,2023,RPTotalAge,549736
91,2023,ResidencesPrincipales,549736
91,2023,TauxPauvrete,15
91,2024,Deces,8880
91,2024,Naissances,17071
91,2025,Deces,8776
91,2025,Naissances,16265
92,1968,PopulationLegale,1461619
92,1975,PopulationLegale,1438930
92,1982,PopulationLegale,1387039
92,1990,PopulationLegale,1391658
92,1999,PopulationLegale,1428881
92,2007,PopulationLegale,1544411
92,2008,Deces,9669
92,2008,Naissances,25217
92,2009,Deces,9529
92,2009,Naissances,25192
92,2010,Deces,9634
92,2010,Naissances,25194
92,2011,Deces,9769
92,2011,Naissances,25083
92,2012,Actifs1564,826144
92,2012,ArriveesHorsDep,85315
92,2012,Chomeurs1564,87273
92,2012,Deces,9855
92,2012,Logements,766245
92,2012,LogementsVacants,47817
92,2012,Naissances,24790
92,2012,Pop65Plus,218758
92,2012,PopUnAnPlus,1561886
92,2012,Population,1586434
92,2012,PopulationLegale,1586434
92,2012,RPMaisons,87212
92,2012,RPProprietaires,295893
92,2012,ResidencesPrincipales,697317
92,2013,Deces,9842
92,2013,Naissances,24614
92,2014,Deces,9547
92,2014,Naissances,24675
92,2015,Deces,10008
92,2015,Naissances,23966
92,2016,Deces,9982
92,2016,Naissances,23830
92,2017,Actifs1564,832097
92,2017,ArriveesHorsDep,82740
92,2017,Chomeurs1564,91068
92,2017,Deces,10172
92,2017,Logements,796181
92,2017,LogementsVacants,53022
92,2017,Naissances,23122
92,2017,Pop65Plus,242649
92,2017,PopUnAnPlus,1586681
92,2017,Population,1609306
92,2017,PopulationLegale,1609306
92,2017,RPMaisons,84836
92,2017,RPProprietaires,304884
92,2017,ResidencesPrincipales,715018
92,2018,Deces,9908
92,2018,Naissances,22878
92,2019,Deces,10022
92,2019,Naissances,22251
92,2020,Deces,11820
92,2020,Naissances,21439
92,2021,Deces,10712
92,2021,Naissances,21290
92,2022,Deces,10747
92,2022,Naissances,20475
92,2023,Actifs1564,875956
92,2023,ArriveesHorsDep,81751
92,2023,Chomeurs1564,87323
92,2023,Deces,10260
92,2023,Logements,846710
92,2023,LogementsVacants,57829
92,2023,Naissances,19609
92,2023,NiveauVieMedian,33790
92,2023,Pop65Plus,257310
92,2023,PopUnAnPlus,1633839
92,2023,Population,1654712
92,2023,PopulationLegale,1654712
92,2023,RPMaisons,84403
92,2023,RPProprietaires,324591
92,2023,RPProprietaires65Plus,100816
92,2023,RPTotalAge,754911
92,2023,ResidencesPrincipales,754911
92,2023,TauxPauvrete,14
92,2024,Deces,10424
92,2024,Naissances,19804
92,2025,Deces,10195
92,2025,Naissances,19455
93,1968,PopulationLegale,1249606
93,1975,PopulationLegale,1322127
93,1982,PopulationLegale,1324301
93,1990,PopulationLegale,1381197
93,1999,PopulationLegale,1382861
93,2007,PopulationLegale,1502340
93,2008,Deces,8327
93,2008,Naissances,28062
93,2009,Deces,8306
93,2009,Naissances,28313
93,2010,Deces,8428
93,2010,Naissances,28513
93,2011,Deces,8334
93,2011,Naissances,28362
93,2012,Actifs1564,748598
93,2012,ArriveesHorsDep,56907
93,2012,Chomeurs1564,136342
93,2012,Deces,8474
93,2012,Logements,627186
93,2012,LogementsVacants,34098
93,2012,Naissances,28675
93,2012,Pop65Plus,169574
93,2012,PopUnAnPlus,1511418
93,2012,Population,1538726
93,2012,PopulationLegale,1538726
93,2012,RPMaisons,151832
93,2012,RPProprietaires,238523
93,2012,ResidencesPrincipales,588188
93,2013,Deces,8535
93,2013,Naissances,28687
93,2014,Deces,8272
93,2014,Naissances,29471
93,2015,Deces,8911
93,2015,Naissances,29325
93,2016,Deces,8656
93,2016,Naissances,29065
93,2017,Actifs1564,779308
93,2017,ArriveesHorsDep,57795
93,2017,Chomeurs1564,143588
93,2017,Deces,8839
93,2017,Logements,671680
93,2017,LogementsVacants,39138
93,2017,Naissances,28951
93,2017,Pop65Plus,189360
93,2017,PopUnAnPlus,1595797
93,2017,Population,1623111
93,2017,PopulationLegale,1623111
93,2017,RPMaisons,152337
93,2017,RPProprietaires,243905
93,2017,ResidencesPrincipales,625820
93,2018,Deces,8959
93,2018,Naissances,28735
93,2019,Deces,8946
93,2019,Naissances,28456
93,2020,Deces,11104
93,2020,Naissances,27583
93,2021,Deces,10324
93,2021,Naissances,26152
93,2022,Deces,9845
93,2022,Naissances,26247
93,2023,Actifs1564,818910
93,2023,ArriveesHorsDep,53002
93,2023,Chomeurs1564,126535
93,2023,Deces,9179
93,2023,Logements,728182
93,2023,LogementsVacants,43944
93,2023,Naissances,25215
93,2023,NiveauVieMedian,21250
93,2023,Pop65Plus,212455
93,2023,PopUnAnPlus,1680060
93,2023,Population,1704316
93,2023,PopulationLegale,1704316
93,2023,RPMaisons,151805
93,2023,RPProprietaires,253015
93,2023,RPProprietaires65Plus,69075
93,2023,RPTotalAge,673946
93,2023,ResidencesPrincipales,673946
93,2023,TauxPauvrete,30
93,2024,Deces,9362
93,2024,Naissances,24946
93,2025,Deces,9255
93,2025,Naissances,24206
94,1968,PopulationLegale,1121319
94,1975,PopulationLegale,1215713
94,1982,PopulationLegale,1193655
94,1990,PopulationLegale,1215538
94,1999,PopulationLegale,1227250
94,2007,PopulationLegale,1302889
94,2008,Deces,8095
94,2008,Naissances,20736
94,2009,Deces,8063
94,2009,Naissances,21022
94,2010,Deces,8061
94,2010,Naissances,21391
94,2011,Deces,8311
94,2011,Naissances,20991
94,2012,Actifs1564,679101
94,2012,ArriveesHorsDep,60170
94,2012,Chomeurs1564,83440
94,2012,Deces,8327
94,2012,Logements,600315
94,2012,LogementsVacants,31091
94,2012,Naissances,20967
94,2012,Pop65Plus,181984
94,2012,PopUnAnPlus,1321446
94,2012,Population,1341831
94,2012,PopulationLegale,1341831
94,2012,RPMaisons,130647
94,2012,RPProprietaires,257616
94,2012,ResidencesPrincipales,561539
94,2013,Deces,8100
94,2013,Naissances,20748
94,2014,Deces,7953
94,2014,Naissances,21566
94,2015,Deces,8565
94,2015,Naissances,21055
94,2016,Deces,8398
94,2016,Naissances,20639
94,2017,Actifs1564,692668
94,2017,ArriveesHorsDep,58202
94,2017,Chomeurs1564,88458
94,2017,Deces,8487
94,2017,Logements,633207
94,2017,LogementsVacants,35685
94,2017,Naissances,20704
94,2017,Pop65Plus,204025
94,2017,PopUnAnPlus,1367984
94,2017,Population,1387926
94,2017,PopulationLegale,1387926
94,2017,RPMaisons,130557
94,2017,RPProprietaires,263982
94,2017,ResidencesPrincipales,586755
94,2018,Deces,8846
94,2018,Naissances,20368
94,2019,Deces,8726
94,2019,Naissances,20399
94,2020,Deces,10396
94,2020,Naissances,19553
94,2021,Deces,9311
94,2021,Naissances,19280
94,2022,Deces,9086
94,2022,Naissances,18696
94,2023,Actifs1564,717451
94,2023,ArriveesHorsDep,56040
94,2023,Chomeurs1564,82697
94,2023,Deces,8566
94,2023,Logements,676858
94,2023,LogementsVacants,39944
94,2023,Naissances,17682
94,2023,NiveauVieMedian,27250
94,2023,Pop65Plus,220233
94,2023,PopUnAnPlus,1408436
94,2023,Population,1426929
94,2023,PopulationLegale,1426929
94,2023,RPMaisons,130487
94,2023,RPProprietaires,272028
94,2023,RPProprietaires65Plus,87197
94,2023,RPTotalAge,622567
94,2023,ResidencesPrincipales,622567
94,2023,TauxPauvrete,18
94,2024,Deces,8720
94,2024,Naissances,17687
94,2025,Deces,8764
94,2025,Naissances,17072
95,1968,PopulationLegale,693269
95,1975,PopulationLegale,840885
95,1982,PopulationLegale,920598
95,1990,PopulationLegale,1049598
95,1999,PopulationLegale,1105464
95,2007,PopulationLegale,1160721
95,2008,Deces,6659
95,2008,Naissances,18761
95,2009,Deces,6742
95,2009,Naissances,18728
95,2010,Deces,6880
95,2010,Naissances,19506
95,2011,Deces,6709
95,2011,Naissances,19551
95,2012,Actifs1564,588884
95,2012,ArriveesHorsDep,40820
95,2012,Chomeurs1564,75766
95,2012,Deces,6998
95,2012,Logements,475298
95,2012,LogementsVacants,24903
95,2012,Naissances,19495
95,2012,Pop65Plus,140023
95,2012,PopUnAnPlus,1168365
95,2012,Population,1187081
95,2012,PopulationLegale,1187081
95,2012,RPMaisons,208552
95,2012,RPProprietaires,256262
95,2012,ResidencesPrincipales,445487
95,2013,Deces,7085
95,2013,Naissances,19550
95,2014,Deces,6940
95,2014,Naissances,19737
95,2015,Deces,7192
95,2015,Naissances,19640
95,2016,Deces,7371
95,2016,Naissances,19676
95,2017,Actifs1564,596649
95,2017,ArriveesHorsDep,40245
95,2017,Chomeurs1564,79237
95,2017,Deces,7502
95,2017,Logements,504100
95,2017,LogementsVacants,29434
95,2017,Naissances,19644
95,2017,Pop65Plus,162955
95,2017,PopUnAnPlus,1210177
95,2017,Population,1228618
95,2017,PopulationLegale,1228618
95,2017,RPMaisons,211516
95,2017,RPProprietaires,262958
95,2017,ResidencesPrincipales,468351
95,2018,Deces,7463
95,2018,Naissances,19507
95,2019,Deces,7593
95,2019,Naissances,19758
95,2020,Deces,9229
95,2020,Naissances,19012
95,2021,Deces,8250
95,2021,Naissances,19272
95,2022,Deces,8211
95,2022,Naissances,19089
95,2023,Actifs1564,622025
95,2023,ArriveesHorsDep,37002
95,2023,Chomeurs1564,73597
95,2023,Deces,7926
95,2023,Logements,546347
95,2023,LogementsVacants,33049
95,2023,Naissances,17929
95,2023,NiveauVieMedian,25890
95,2023,Pop65Plus,183713
95,2023,PopUnAnPlus,1264313
95,2023,Population,1281653
95,2023,PopulationLegale,1281653
95,2023,RPMaisons,214997
95,2023,RPProprietaires,275093
95,2023,RPProprietaires65Plus,80051
95,2023,RPTotalAge,504712
95,2023,ResidencesPrincipales,504712
95,2023,TauxPauvrete,19
95,2024,Deces,7881
95,2024,Naissances,17445
95,2025,Deces,8089
95,2025,Naissances,17071
971,1968,PopulationLegale,305312
971,1975,PopulationLegale,315848
971,1982,PopulationLegale,317269
971,1990,PopulationLegale,353431
971,1999,PopulationLegale,386566
971,2007,PopulationLegale,400584
971,2008,Deces,2785
971,2008,Naissances,5758
971,2009,Deces,2850
971,2009,Naissances,5487
971,2010,Deces,2963
971,2010,Naissances,5341
971,2011,Deces,2835
971,2011,Naissances,5384
971,2012,Actifs1564,177628
971,2012,ArriveesHorsDep,6894
971,2012,Chomeurs1564,51556
971,2012,Deces,2873
971,2012,Logements,213013
971,2012,LogementsVacants,30441
971,2012,Naissances,5233
971,2012,Pop65Plus,59350
971,2012,PopUnAnPlus,398516
971,2012,Population,403314
971,2012,PopulationLegale,403314
971,2012,RPMaisons,125652
971,2012,RPProprietaires,100502
971,2012,ResidencesPrincipales,167655
971,2013,Deces,2951
971,2013,Naissances,5069
971,2014,Deces,3290
971,2014,Naissances,5001
971,2015,Deces,2906
971,2015,Naissances,4714
971,2016,Deces,3227
971,2016,Naissances,4653
971,2017,Actifs1564,174021
971,2017,ArriveesHorsDep,6012
971,2017,Chomeurs1564,51091
971,2017,Deces,3121
971,2017,Logements,227525
971,2017,LogementsVacants,35235
971,2017,Naissances,4126
971,2017,Pop65Plus,69877
971,2017,PopUnAnPlus,386578
971,2017,Population,390253
971,2017,PopulationLegale,390253
971,2017,RPMaisons,128209
971,2017,RPProprietaires,100985
971,2017,ResidencesPrincipales,171988
971,2018,Deces,3258
971,2018,Naissances,4249
971,2019,Deces,3469
971,2019,Naissances,4601
971,2020,Deces,3742
971,2020,Naissances,4678
971,2021,Deces,4589
971,2021,Naissances,4344
971,2022,Deces,4041
971,2022,Naissances,4218
971,2023,Actifs1564,167378
971,2023,ArriveesHorsDep,5597
971,2023,Chomeurs1564,40192
971,2023,Deces,3866
971,2023,Logements,239695
971,2023,LogementsVacants,33921
971,2023,Naissances,4061
971,2023,Pop65Plus,84501
971,2023,PopUnAnPlus,380872
971,2023,Population,384160
971,2023,PopulationLegale,384160
971,2023,RPMaisons,133471
971,2023,RPProprietaires,105734
971,2023,RPProprietaires65Plus,44150
971,2023,RPTotalAge,179833
971,2023,ResidencesPrincipales,179833
971,2024,Deces,3839
971,2024,Naissances,3608
971,2025,Deces,3673
971,2025,Naissances,3389
972,1968,PopulationLegale,320030
972,1975,PopulationLegale,324832
972,1982,PopulationLegale,328566
972,1990,PopulationLegale,359572
972,1999,PopulationLegale,381427
972,2007,PopulationLegale,397730
972,2008,Deces,2793
972,2008,Naissances,5333
972,2009,Deces,2770
972,2009,Naissances,5174
972,2010,Deces,2844
972,2010,Naissances,4888
972,2011,Deces,2741
972,2011,Naissances,4475
972,2012,Actifs1564,176130
972,2012,ArriveesHorsDep,6346
972,2012,Chomeurs1564,46623
972,2012,Deces,2816
972,2012,Logements,201248
972,2012,LogementsVacants,28484
972,2012,Naissances,4458
972,2012,Pop65Plus,63706
972,2012,PopUnAnPlus,383988
972,2012,Population,388364
972,2012,PopulationLegale,388364
972,2012,RPMaisons,104911
972,2012,RPProprietaires,89378
972,2012,ResidencesPrincipales,163445
972,2013,Deces,2902
972,2013,Naissances,4128
972,2014,Deces,3319
972,2014,Naissances,4367
972,2015,Deces,3057
972,2015,Naissances,3972
972,2016,Deces,3284
972,2016,Naissances,3782
972,2017,Actifs1564,169052
972,2017,ArriveesHorsDep,5855
972,2017,Chomeurs1564,41389
972,2017,Deces,3217
972,2017,Logements,212577
972,2017,LogementsVacants,32703
972,2017,Naissances,3640
972,2017,Pop65Plus,73768
972,2017,PopUnAnPlus,369067
972,2017,Population,372594
972,2017,PopulationLegale,372594
972,2017,RPMaisons,105681
972,2017,RPProprietaires,91210
972,2017,ResidencesPrincipales,167200
972,2018,Deces,3292
972,2018,Naissances,3670
972,2019,Deces,3559
972,2019,Naissances,3749
972,2020,Deces,3586
972,2020,Naissances,3529
972,2021,Deces,4642
972,2021,Naissances,3627
972,2022,Deces,4188
972,2022,Naissances,3493
972,2023,Actifs1564,159731
972,2023,ArriveesHorsDep,5708
972,2023,Chomeurs1564,30145
972,2023,Deces,3820
972,2023,Logements,221736
972,2023,LogementsVacants,33338
972,2023,Naissances,3335
972,2023,Pop65Plus,85701
972,2023,PopUnAnPlus,357715
972,2023,Population,360630
972,2023,PopulationLegale,360630
972,2023,RPMaisons,106304
972,2023,RPProprietaires,91951
972,2023,RPProprietaires65Plus,40845
972,2023,RPTotalAge,171743
972,2023,ResidencesPrincipales,171743
972,2024,Deces,3793
972,2024,Naissances,2898
972,2025,Deces,3737
972,2025,Naissances,2921
973,1968,PopulationLegale,44392
973,1975,PopulationLegale,55125
973,1982,PopulationLegale,73022
973,1990,PopulationLegale,114678
973,1999,PopulationLegale,157213
973,2007,PopulationLegale,213031
973,2008,Deces,762
973,2008,Naissances,6247
973,2009,Deces,699
973,2009,Naissances,6171
973,2010,Deces,773
973,2010,Naissances,6083
973,2011,Deces,714
973,2011,Naissances,6259
973,2012,Actifs1564,89797
973,2012,ArriveesHorsDep,7730
973,2012,Chomeurs1564,28007
973,2012,Deces,789
973,2012,Logements,75965
973,2012,LogementsVacants,6241
973,2012,Naissances,6609
973,2012,Pop65Plus,10574
973,2012,PopUnAnPlus,233675
973,2012,Population,239648
973,2012,PopulationLegale,239648
973,2012,RPMaisons,44548
973,2012,RPProprietaires,30571
973,2012,ResidencesPrincipales,68177
973,2013,Deces,767
973,2013,Naissances,6474
973,2014,Deces,786
973,2014,Naissances,6591
973,2015,Deces,834
973,2015,Naissances,6806
973,2016,Deces,901
973,2016,Naissances,7270
973,2017,Actifs1564,105012
973,2017,ArriveesHorsDep,7449
973,2017,Chomeurs1564,37610
973,2017,Deces,964
973,2017,Logements,88986
973,2017,LogementsVacants,8948
973,2017,Naissances,8057
973,2017,Pop65Plus,14199
973,2017,PopUnAnPlus,262469
973,2017,Population,268700
973,2017,PopulationLegale,268700
973,2017,RPMaisons,49041
973,2017,RPProprietaires,33409
973,2017,ResidencesPrincipales,77930
973,2018,Deces,899
973,2018,Naissances,7995
973,2019,Deces,1020
973,2019,Naissances,8104
973,2020,Deces,990
973,2020,Naissances,7992
973,2021,Deces,1365
973,2021,Naissances,8127
973,2022,Deces,1210
973,2022,Naissances,7718
973,2023,Actifs1564,114196
973,2023,ArriveesHorsDep,5993
973,2023,Chomeurs1564,34248
973,2023,Deces,1228
973,2023,Logements,103121
973,2023,LogementsVacants,10095
973,2023,Naissances,7689
973,2023,Pop65Plus,19340
973,2023,PopUnAnPlus,287674
973,2023,Population,293996
973,2023,PopulationLegale,293996
973,2023,RPMaisons,51925
973,2023,RPProprietaires,35318
973,2023,RPProprietaires65Plus,7196
973,2023,RPTotalAge,88425
973,2023,ResidencesPrincipales,88425
973,2024,Deces,1191
973,2024,Naissances,6849
973,2025,Deces,1182
973,2025,Naissances,6630
974,1968,PopulationLegale,416525
974,1975,PopulationLegale,476675
974,1982,PopulationLegale,515814
974,1990,PopulationLegale,597823
974,1999,PopulationLegale,706300
974,2007,PopulationLegale,794107
974,2008,Deces,4115
974,2008,Naissances,14927
974,2009,Deces,4109
974,2009,Naissances,14299
974,2010,Deces,4220
974,2010,Naissances,14147
974,2011,Deces,4002
974,2011,Naissances,14124
974,2012,Actifs1564,378951
974,2012,ArriveesHorsDep,13906
974,2012,Chomeurs1564,136104
974,2012,Deces,4167
974,2012,Logements,335463
974,2012,LogementsVacants,26466
974,2012,Naissances,14288
974,2012,Pop65Plus,76090
974,2012,PopUnAnPlus,820699
974,2012,Population,833944
974,2012,PopulationLegale,833944
974,2012,RPMaisons,211804
974,2012,RPProprietaires,156784
974,2012,ResidencesPrincipales,302322
974,2013,Deces,4258
974,2013,Naissances,14002
974,2014,Deces,4355
974,2014,Naissances,14095
974,2015,Deces,4531
974,2015,Naissances,14011
974,2016,Deces,4689
974,2016,Naissances,13742
974,2017,Actifs1564,390684
974,2017,ArriveesHorsDep,12969
974,2017,Chomeurs1564,132562
974,2017,Deces,4673
974,2017,Logements,369895
974,2017,LogementsVacants,32188
974,2017,Naissances,13708
974,2017,Pop65Plus,95086
974,2017,PopUnAnPlus,841631
974,2017,Population,853659
974,2017,PopulationLegale,853659
974,2017,RPMaisons,220186
974,2017,RPProprietaires,166841
974,2017,ResidencesPrincipales,328195
974,2018,Deces,5011
974,2018,Naissances,13364
974,2019,Deces,5064
974,2019,Naissances,13171
974,2020,Deces,5154
974,2020,Naissances,13142
974,2021,Deces,5750
974,2021,Naissances,13470
974,2022,Deces,6390
974,2022,Naissances,13205
974,2023,Actifs1564,402558
974,2023,ArriveesHorsDep,14337
974,2023,Chomeurs1564,111213
974,2023,Deces,5509
974,2023,Logements,406285
974,2023,LogementsVacants,32961
974,2023,Naissances,12876
974,2023,NiveauVieMedian,19110
974,2023,Pop65Plus,122295
974,2023,PopUnAnPlus,878052
974,2023,Population,889679
974,2023,PopulationLegale,889679
974,2023,RPMaisons,234954
974,2023,RPProprietaires,179785
974,2023,RPProprietaires65Plus,51766
974,2023,RPTotalAge,359288
974,2023,ResidencesPrincipales,359288
974,2023,TauxPauvrete,36
974,2024,Deces,5832
974,2024,Naissances,11818
974,2025,Deces,6123
974,2025,Naissances,11790
976,2014,Deces,590
976,2014,Naissances,7306
976,2015,Deces,636
976,2015,Naissances,8997
976,2016,Deces,705
976,2016,Naissances,9496
976,2017,Deces,735
976,2017,Naissances,9762
976,2018,Deces,758
976,2018,Naissances,9590
976,2019,Deces,777
976,2019,Naissances,9768
976,2020,Deces,967
976,2020,Naissances,9184
976,2021,Deces,1144
976,2021,Naissances,10613
976,2022,Deces,970
976,2022,Naissances,10773
976,2023,Deces,958
976,2023,Naissances,10278
976,2024,Deces,1011
976,2024,Naissances,8908
976,2025,Deces,1044
976,2025,Naissances,9072
