run_date,kind,data_vintage,target_month,horizon,predicted,lo,hi,assured,naive,sigma,r2,backtest_mape,lag_rate,lag_intentions,lag_unemployment
2026-08-20,archive,2026-06-01,2026-07-01,1,925797.0,854593.0,997001.0,True,954000.0,55558.0,0.913569,4.679315,10,2,0
2026-08-24,archive,2026-06-01,2026-07-01,1,925797.0,854593.0,997001.0,True,954000.0,55558.0,0.913569,4.679315,10,2,0
2026-08-20,archive,2026-06-01,2026-08-01,2,912790.0,841587.0,983994.0,False,954000.0,55558.0,0.913569,4.679315,10,2,0
2026-08-24,archive,2026-06-01,2026-08-01,2,912790.0,841587.0,983994.0,True,954000.0,55558.0,0.913569,4.679315,10,2,0
2026-08-20,archive,2026-06-01,2026-09-01,3,911874.0,840670.0,983078.0,False,954000.0,55558.0,0.913569,4.679315,10,2,0
2026-08-24,archive,2026-06-01,2026-09-01,3,911874.0,840670.0,983078.0,False,954000.0,55558.0,0.913569,4.679315,10,2,0
2026-08-20,archive,2026-06-01,2026-10-01,4,912790.0,841587.0,983994.0,False,954000.0,55558.0,0.913569,4.679315,10,2,0
2026-08-24,archive,2026-06-01,2026-10-01,4,912790.0,841587.0,983994.0,False,954000.0,55558.0,0.913569,4.679315,10,2,0
2026-08-20,archive,2026-06-01,2026-11-01,5,907293.0,836090.0,978497.0,False,954000.0,55558.0,0.913569,4.679315,10,2,0
2026-08-24,archive,2026-06-01,2026-11-01,5,907293.0,836090.0,978497.0,False,954000.0,55558.0,0.913569,4.679315,10,2,0
2026-08-20,archive,2026-06-01,2026-12-01,6,902712.0,831509.0,973916.0,False,954000.0,55558.0,0.913569,4.679315,10,2,0
2026-08-24,archive,2026-06-01,2026-12-01,6,902712.0,831509.0,973916.0,False,954000.0,55558.0,0.913569,4.679315,10,2,0
2026-08-20,archive,2026-06-01,2027-01-01,7,902712.0,831509.0,973916.0,False,954000.0,55558.0,0.913569,4.679315,10,2,0
2026-08-24,archive,2026-06-01,2027-01-01,7,902712.0,831509.0,973916.0,False,954000.0,55558.0,0.913569,4.679315,10,2,0
2026-08-20,archive,2026-06-01,2027-02-01,8,901796.0,830593.0,973000.0,False,954000.0,55558.0,0.913569,4.679315,10,2,0
2026-08-24,archive,2026-06-01,2027-02-01,8,901796.0,830593.0,973000.0,False,954000.0,55558.0,0.913569,4.679315,10,2,0
2026-08-20,archive,2026-06-01,2027-03-01,9,902712.0,831509.0,973916.0,False,954000.0,55558.0,0.913569,4.679315,10,2,0
2026-08-24,archive,2026-06-01,2027-03-01,9,902712.0,831509.0,973916.0,False,954000.0,55558.0,0.913569,4.679315,10,2,0
2026-08-20,archive,2026-06-01,2027-04-01,10,897215.0,826012.0,968419.0,False,954000.0,55558.0,0.913569,4.679315,10,2,0
2026-08-24,archive,2026-06-01,2027-04-01,10,897215.0,826012.0,968419.0,False,954000.0,55558.0,0.913569,4.679315,10,2,0
2026-08-20,archive,2026-06-01,2027-05-01,11,897215.0,826012.0,968419.0,False,954000.0,55558.0,0.913569,4.679315,10,2,0
2026-08-24,archive,2026-06-01,2027-05-01,11,897215.0,826012.0,968419.0,False,954000.0,55558.0,0.913569,4.679315,10,2,0
2026-08-20,archive,2026-06-01,2027-06-01,12,897215.0,826012.0,968419.0,False,954000.0,55558.0,0.913569,4.679315,10,2,0
2026-08-24,archive,2026-06-01,2027-06-01,12,897215.0,826012.0,968419.0,False,954000.0,55558.0,0.913569,4.679315,10,2,0
2026-08-20,archive,2026-06-01,2027-07-01,13,897215.0,826012.0,968419.0,False,954000.0,55558.0,0.913569,4.679315,10,2,0
2026-08-24,archive,2026-06-01,2027-07-01,13,897215.0,826012.0,968419.0,False,954000.0,55558.0,0.913569,4.679315,10,2,0
2026-08-20,archive,2026-06-01,2027-08-01,14,897215.0,826012.0,968419.0,False,954000.0,55558.0,0.913569,4.679315,10,2,0
2026-08-24,archive,2026-06-01,2027-08-01,14,897215.0,826012.0,968419.0,False,954000.0,55558.0,0.913569,4.679315,10,2,0
2026-08-20,archive,2026-06-01,2027-09-01,15,897215.0,826012.0,968419.0,False,954000.0,55558.0,0.913569,4.679315,10,2,0
2026-08-24,archive,2026-06-01,2027-09-01,15,897215.0,826012.0,968419.0,False,954000.0,55558.0,0.913569,4.679315,10,2,0
2026-08-20,archive,2026-06-01,2027-10-01,16,897215.0,826012.0,968419.0,False,954000.0,55558.0,0.913569,4.679315,10,2,0
2026-08-24,archive,2026-06-01,2027-10-01,16,897215.0,826012.0,968419.0,False,954000.0,55558.0,0.913569,4.679315,10,2,0
2026-08-20,archive,2026-06-01,2027-11-01,17,897215.0,826012.0,968419.0,False,954000.0,55558.0,0.913569,4.679315,10,2,0
2026-08-24,archive,2026-06-01,2027-11-01,17,897215.0,826012.0,968419.0,False,954000.0,55558.0,0.913569,4.679315,10,2,0
2026-08-20,archive,2026-06-01,2027-12-01,18,897215.0,826012.0,968419.0,False,954000.0,55558.0,0.913569,4.679315,10,2,0
2026-08-24,archive,2026-06-01,2027-12-01,18,897215.0,826012.0,968419.0,False,954000.0,55558.0,0.913569,4.679315,10,2,0
2022-07-01,retro,2022-07-01,2022-08-01,1,1175915.0,1062953.0,1288877.0,False,1219000.0,88141.0,0.914041,6.854271,10,2,0
2022-07-01,retro,2022-07-01,2022-09-01,2,1137008.0,1024046.0,1249970.0,False,1219000.0,88141.0,0.914041,6.854271,10,2,0
2022-07-01,retro,2022-07-01,2022-10-01,3,1138788.0,1025826.0,1251751.0,False,1219000.0,88141.0,0.914041,6.854271,10,2,0
2022-07-01,retro,2022-07-01,2022-11-01,4,1137008.0,1024046.0,1249970.0,False,1219000.0,88141.0,0.914041,6.854271,10,2,0
2022-07-01,retro,2022-07-01,2022-12-01,5,1136117.0,1023155.0,1249079.0,False,1219000.0,88141.0,0.914041,6.854271,10,2,0
2022-07-01,retro,2022-07-01,2023-01-01,6,1135227.0,1022265.0,1248189.0,False,1219000.0,88141.0,0.914041,6.854271,10,2,0
2022-07-01,retro,2022-07-01,2023-02-01,7,1130775.0,1017813.0,1243737.0,False,1219000.0,88141.0,0.914041,6.854271,10,2,0
2022-07-01,retro,2022-07-01,2023-03-01,8,1124542.0,1011580.0,1237504.0,False,1219000.0,88141.0,0.914041,6.854271,10,2,0
2022-07-01,retro,2022-07-01,2023-04-01,9,1116529.0,1003567.0,1229491.0,False,1219000.0,88141.0,0.914041,6.854271,10,2,0
2022-07-01,retro,2022-07-01,2023-05-01,10,1107625.0,994663.0,1220587.0,False,1219000.0,88141.0,0.914041,6.854271,10,2,0
2022-07-01,retro,2022-07-01,2023-06-01,11,1107625.0,994663.0,1220587.0,False,1219000.0,88141.0,0.914041,6.854271,10,2,0
2022-07-01,retro,2022-07-01,2023-07-01,12,1107625.0,994663.0,1220587.0,False,1219000.0,88141.0,0.914041,6.854271,10,2,0
2022-07-01,retro,2022-07-01,2023-08-01,13,1107625.0,994663.0,1220587.0,False,1219000.0,88141.0,0.914041,6.854271,10,2,0
2022-07-01,retro,2022-07-01,2023-09-01,14,1107625.0,994663.0,1220587.0,False,1219000.0,88141.0,0.914041,6.854271,10,2,0
2022-07-01,retro,2022-07-01,2023-10-01,15,1107625.0,994663.0,1220587.0,False,1219000.0,88141.0,0.914041,6.854271,10,2,0
2022-07-01,retro,2022-07-01,2023-11-01,16,1107625.0,994663.0,1220587.0,False,1219000.0,88141.0,0.914041,6.854271,10,2,0
2022-07-01,retro,2022-07-01,2023-12-01,17,1107625.0,994663.0,1220587.0,False,1219000.0,88141.0,0.914041,6.854271,10,2,0
2022-07-01,retro,2022-07-01,2024-01-01,18,1107625.0,994663.0,1220587.0,False,1219000.0,88141.0,0.914041,6.854271,10,2,0
2022-08-01,retro,2022-08-01,2022-09-01,1,1137902.0,1029930.0,1245874.0,False,1209000.0,84248.0,0.915819,6.503936,10,2,0
2022-08-01,retro,2022-08-01,2022-10-01,2,1126415.0,1018443.0,1234388.0,False,1209000.0,84248.0,0.915819,6.503936,10,2,0
2022-08-01,retro,2022-08-01,2022-11-01,3,1124632.0,1016659.0,1232604.0,False,1209000.0,84248.0,0.915819,6.503936,10,2,0
2022-08-01,retro,2022-08-01,2022-12-01,4,1123740.0,1015768.0,1231712.0,False,1209000.0,84248.0,0.915819,6.503936,10,2,0
2022-08-01,retro,2022-08-01,2023-01-01,5,1122848.0,1014876.0,1230820.0,False,1209000.0,84248.0,0.915819,6.503936,10,2,0
2022-08-01,retro,2022-08-01,2023-02-01,6,1118389.0,1010417.0,1226361.0,False,1209000.0,84248.0,0.915819,6.503936,10,2,0
2022-08-01,retro,2022-08-01,2023-03-01,7,1112146.0,1004174.0,1220118.0,False,1209000.0,84248.0,0.915819,6.503936,10,2,0
2022-08-01,retro,2022-08-01,2023-04-01,8,1104120.0,996147.0,1212092.0,False,1209000.0,84248.0,0.915819,6.503936,10,2,0
2022-08-01,retro,2022-08-01,2023-05-01,9,1095201.0,987229.0,1203174.0,False,1209000.0,84248.0,0.915819,6.503936,10,2,0
2022-08-01,retro,2022-08-01,2023-06-01,10,1083608.0,975635.0,1191580.0,False,1209000.0,84248.0,0.915819,6.503936,10,2,0
2022-08-01,retro,2022-08-01,2023-07-01,11,1083608.0,975635.0,1191580.0,False,1209000.0,84248.0,0.915819,6.503936,10,2,0
2022-08-01,retro,2022-08-01,2023-08-01,12,1083608.0,975635.0,1191580.0,False,1209000.0,84248.0,0.915819,6.503936,10,2,0
2022-08-01,retro,2022-08-01,2023-09-01,13,1083608.0,975635.0,1191580.0,False,1209000.0,84248.0,0.915819,6.503936,10,2,0
2022-08-01,retro,2022-08-01,2023-10-01,14,1083608.0,975635.0,1191580.0,False,1209000.0,84248.0,0.915819,6.503936,10,2,0
2022-08-01,retro,2022-08-01,2023-11-01,15,1083608.0,975635.0,1191580.0,False,1209000.0,84248.0,0.915819,6.503936,10,2,0
2022-08-01,retro,2022-08-01,2023-12-01,16,1083608.0,975635.0,1191580.0,False,1209000.0,84248.0,0.915819,6.503936,10,2,0
2022-08-01,retro,2022-08-01,2024-01-01,17,1083608.0,975635.0,1191580.0,False,1209000.0,84248.0,0.915819,6.503936,10,2,0
2022-08-01,retro,2022-08-01,2024-02-01,18,1083608.0,975635.0,1191580.0,False,1209000.0,84248.0,0.915819,6.503936,10,2,0
2022-09-01,retro,2022-09-01,2022-10-01,1,1128567.0,1022614.0,1234520.0,False,1189000.0,82673.0,0.917051,6.424036,10,2,0
2022-09-01,retro,2022-09-01,2022-11-01,2,1113711.0,1007758.0,1219664.0,False,1189000.0,82673.0,0.917051,6.424036,10,2,0
2022-09-01,retro,2022-09-01,2022-12-01,3,1112816.0,1006863.0,1218770.0,False,1189000.0,82673.0,0.917051,6.424036,10,2,0
2022-09-01,retro,2022-09-01,2023-01-01,4,1111922.0,1005969.0,1217875.0,False,1189000.0,82673.0,0.917051,6.424036,10,2,0
2022-09-01,retro,2022-09-01,2023-02-01,5,1107449.0,1001496.0,1213402.0,False,1189000.0,82673.0,0.917051,6.424036,10,2,0
2022-09-01,retro,2022-09-01,2023-03-01,6,1101187.0,995234.0,1207140.0,False,1189000.0,82673.0,0.917051,6.424036,10,2,0
2022-09-01,retro,2022-09-01,2023-04-01,7,1093135.0,987182.0,1199088.0,False,1189000.0,82673.0,0.917051,6.424036,10,2,0
2022-09-01,retro,2022-09-01,2023-05-01,8,1084189.0,978236.0,1190143.0,False,1189000.0,82673.0,0.917051,6.424036,10,2,0
2022-09-01,retro,2022-09-01,2023-06-01,9,1072560.0,966607.0,1178513.0,False,1189000.0,82673.0,0.917051,6.424036,10,2,0
2022-09-01,retro,2022-09-01,2023-07-01,10,1063614.0,957661.0,1169567.0,False,1189000.0,82673.0,0.917051,6.424036,10,2,0
2022-09-01,retro,2022-09-01,2023-08-01,11,1063614.0,957661.0,1169567.0,False,1189000.0,82673.0,0.917051,6.424036,10,2,0
2022-09-01,retro,2022-09-01,2023-09-01,12,1063614.0,957661.0,1169567.0,False,1189000.0,82673.0,0.917051,6.424036,10,2,0
2022-09-01,retro,2022-09-01,2023-10-01,13,1063614.0,957661.0,1169567.0,False,1189000.0,82673.0,0.917051,6.424036,10,2,0
2022-09-01,retro,2022-09-01,2023-11-01,14,1063614.0,957661.0,1169567.0,False,1189000.0,82673.0,0.917051,6.424036,10,2,0
2022-09-01,retro,2022-09-01,2023-12-01,15,1063614.0,957661.0,1169567.0,False,1189000.0,82673.0,0.917051,6.424036,10,2,0
2022-09-01,retro,2022-09-01,2024-01-01,16,1063614.0,957661.0,1169567.0,False,1189000.0,82673.0,0.917051,6.424036,10,2,0
2022-09-01,retro,2022-09-01,2024-02-01,17,1063614.0,957661.0,1169567.0,False,1189000.0,82673.0,0.917051,6.424036,10,2,0
2022-09-01,retro,2022-09-01,2024-03-01,18,1063614.0,957661.0,1169567.0,False,1189000.0,82673.0,0.917051,6.424036,10,2,0
2022-10-01,retro,2022-10-01,2022-11-01,1,1116208.0,1011808.0,1220608.0,False,1178000.0,81461.0,0.91815,6.372551,10,2,0
2022-10-01,retro,2022-10-01,2022-12-01,2,1128122.0,1023722.0,1232522.0,False,1178000.0,81461.0,0.91815,6.372551,10,2,0
2022-10-01,retro,2022-10-01,2023-01-01,3,1127225.0,1022825.0,1231625.0,False,1178000.0,81461.0,0.91815,6.372551,10,2,0
2022-10-01,retro,2022-10-01,2023-02-01,4,1122738.0,1018338.0,1227138.0,False,1178000.0,81461.0,0.91815,6.372551,10,2,0
2022-10-01,retro,2022-10-01,2023-03-01,5,1116457.0,1012057.0,1220857.0,False,1178000.0,81461.0,0.91815,6.372551,10,2,0
2022-10-01,retro,2022-10-01,2023-04-01,6,1108380.0,1003980.0,1212780.0,False,1178000.0,81461.0,0.91815,6.372551,10,2,0
2022-10-01,retro,2022-10-01,2023-05-01,7,1099407.0,995007.0,1203807.0,False,1178000.0,81461.0,0.91815,6.372551,10,2,0
2022-10-01,retro,2022-10-01,2023-06-01,8,1087741.0,983341.0,1192141.0,False,1178000.0,81461.0,0.91815,6.372551,10,2,0
2022-10-01,retro,2022-10-01,2023-07-01,9,1078768.0,974368.0,1183168.0,False,1178000.0,81461.0,0.91815,6.372551,10,2,0
2022-10-01,retro,2022-10-01,2023-08-01,10,1070691.0,966291.0,1175091.0,False,1178000.0,81461.0,0.91815,6.372551,10,2,0
2022-10-01,retro,2022-10-01,2023-09-01,11,1070691.0,966291.0,1175091.0,False,1178000.0,81461.0,0.91815,6.372551,10,2,0
2022-10-01,retro,2022-10-01,2023-10-01,12,1070691.0,966291.0,1175091.0,False,1178000.0,81461.0,0.91815,6.372551,10,2,0
2022-10-01,retro,2022-10-01,2023-11-01,13,1070691.0,966291.0,1175091.0,False,1178000.0,81461.0,0.91815,6.372551,10,2,0
2022-10-01,retro,2022-10-01,2023-12-01,14,1070691.0,966291.0,1175091.0,False,1178000.0,81461.0,0.91815,6.372551,10,2,0
2022-10-01,retro,2022-10-01,2024-01-01,15,1070691.0,966291.0,1175091.0,False,1178000.0,81461.0,0.91815,6.372551,10,2,0
2022-10-01,retro,2022-10-01,2024-02-01,16,1070691.0,966291.0,1175091.0,False,1178000.0,81461.0,0.91815,6.372551,10,2,0
2022-10-01,retro,2022-10-01,2024-03-01,17,1070691.0,966291.0,1175091.0,False,1178000.0,81461.0,0.91815,6.372551,10,2,0
2022-10-01,retro,2022-10-01,2024-04-01,18,1070691.0,966291.0,1175091.0,False,1178000.0,81461.0,0.91815,6.372551,10,2,0
2022-11-01,retro,2022-11-01,2022-12-01,1,1130874.0,1026541.0,1235208.0,False,1174000.0,81409.0,0.919024,6.419591,10,2,0
2022-11-01,retro,2022-11-01,2023-01-01,2,1117519.0,1013186.0,1221853.0,False,1174000.0,81409.0,0.919024,6.419591,10,2,0
2022-11-01,retro,2022-11-01,2023-02-01,3,1113016.0,1008683.0,1217350.0,False,1174000.0,81409.0,0.919024,6.419591,10,2,0
2022-11-01,retro,2022-11-01,2023-03-01,4,1106712.0,1002379.0,1211046.0,False,1174000.0,81409.0,0.919024,6.419591,10,2,0
2022-11-01,retro,2022-11-01,2023-04-01,5,1098607.0,994273.0,1202940.0,False,1174000.0,81409.0,0.919024,6.419591,10,2,0
2022-11-01,retro,2022-11-01,2023-05-01,6,1089601.0,985267.0,1193934.0,False,1174000.0,81409.0,0.919024,6.419591,10,2,0
2022-11-01,retro,2022-11-01,2023-06-01,7,1077893.0,973560.0,1182227.0,False,1174000.0,81409.0,0.919024,6.419591,10,2,0
2022-11-01,retro,2022-11-01,2023-07-01,8,1068887.0,964554.0,1173221.0,False,1174000.0,81409.0,0.919024,6.419591,10,2,0
2022-11-01,retro,2022-11-01,2023-08-01,9,1060782.0,956449.0,1165116.0,False,1174000.0,81409.0,0.919024,6.419591,10,2,0
2022-11-01,retro,2022-11-01,2023-09-01,10,1048174.0,943840.0,1152507.0,False,1174000.0,81409.0,0.919024,6.419591,10,2,0
2022-11-01,retro,2022-11-01,2023-10-01,11,1048174.0,943840.0,1152507.0,False,1174000.0,81409.0,0.919024,6.419591,10,2,0
2022-11-01,retro,2022-11-01,2023-11-01,12,1048174.0,943840.0,1152507.0,False,1174000.0,81409.0,0.919024,6.419591,10,2,0
2022-11-01,retro,2022-11-01,2023-12-01,13,1048174.0,943840.0,1152507.0,False,1174000.0,81409.0,0.919024,6.419591,10,2,0
2022-11-01,retro,2022-11-01,2024-01-01,14,1048174.0,943840.0,1152507.0,False,1174000.0,81409.0,0.919024,6.419591,10,2,0
2022-11-01,retro,2022-11-01,2024-02-01,15,1048174.0,943840.0,1152507.0,False,1174000.0,81409.0,0.919024,6.419591,10,2,0
2022-11-01,retro,2022-11-01,2024-03-01,16,1048174.0,943840.0,1152507.0,False,1174000.0,81409.0,0.919024,6.419591,10,2,0
2022-11-01,retro,2022-11-01,2024-04-01,17,1048174.0,943840.0,1152507.0,False,1174000.0,81409.0,0.919024,6.419591,10,2,0
2022-11-01,retro,2022-11-01,2024-05-01,18,1048174.0,943840.0,1152507.0,False,1174000.0,81409.0,0.919024,6.419591,10,2,0
2022-12-01,retro,2022-12-01,2023-01-01,1,1119120.0,1016775.0,1221464.0,False,1166000.0,79857.0,0.920117,6.314852,10,2,0
2022-12-01,retro,2022-12-01,2023-02-01,2,1102316.0,999972.0,1204660.0,False,1166000.0,79857.0,0.920117,6.314852,10,2,0
2022-12-01,retro,2022-12-01,2023-03-01,3,1096000.0,993655.0,1198344.0,False,1166000.0,79857.0,0.920117,6.314852,10,2,0
2022-12-01,retro,2022-12-01,2023-04-01,4,1087879.0,985534.0,1190223.0,False,1166000.0,79857.0,0.920117,6.314852,10,2,0
2022-12-01,retro,2022-12-01,2023-05-01,5,1078855.0,976511.0,1181199.0,False,1166000.0,79857.0,0.920117,6.314852,10,2,0
2022-12-01,retro,2022-12-01,2023-06-01,6,1067125.0,964780.0,1169469.0,False,1166000.0,79857.0,0.920117,6.314852,10,2,0
2022-12-01,retro,2022-12-01,2023-07-01,7,1058101.0,955757.0,1160445.0,False,1166000.0,79857.0,0.920117,6.314852,10,2,0
2022-12-01,retro,2022-12-01,2023-08-01,8,1049980.0,947636.0,1152324.0,False,1166000.0,79857.0,0.920117,6.314852,10,2,0
2022-12-01,retro,2022-12-01,2023-09-01,9,1037347.0,935003.0,1139691.0,False,1166000.0,79857.0,0.920117,6.314852,10,2,0
2022-12-01,retro,2022-12-01,2023-10-01,10,1024714.0,922370.0,1127058.0,False,1166000.0,79857.0,0.920117,6.314852,10,2,0
2022-12-01,retro,2022-12-01,2023-11-01,11,1024714.0,922370.0,1127058.0,False,1166000.0,79857.0,0.920117,6.314852,10,2,0
2022-12-01,retro,2022-12-01,2023-12-01,12,1024714.0,922370.0,1127058.0,False,1166000.0,79857.0,0.920117,6.314852,10,2,0
2022-12-01,retro,2022-12-01,2024-01-01,13,1024714.0,922370.0,1127058.0,False,1166000.0,79857.0,0.920117,6.314852,10,2,0
2022-12-01,retro,2022-12-01,2024-02-01,14,1024714.0,922370.0,1127058.0,False,1166000.0,79857.0,0.920117,6.314852,10,2,0
2022-12-01,retro,2022-12-01,2024-03-01,15,1024714.0,922370.0,1127058.0,False,1166000.0,79857.0,0.920117,6.314852,10,2,0
2022-12-01,retro,2022-12-01,2024-04-01,16,1024714.0,922370.0,1127058.0,False,1166000.0,79857.0,0.920117,6.314852,10,2,0
2022-12-01,retro,2022-12-01,2024-05-01,17,1024714.0,922370.0,1127058.0,False,1166000.0,79857.0,0.920117,6.314852,10,2,0
2022-12-01,retro,2022-12-01,2024-06-01,18,1024714.0,922370.0,1127058.0,False,1166000.0,79857.0,0.920117,6.314852,10,2,0
2023-01-01,retro,2023-01-01,2023-02-01,1,1109584.0,1009205.0,1209962.0,False,1158000.0,78323.0,0.921191,6.209871,10,2,0
2023-01-01,retro,2023-01-01,2023-03-01,2,1103258.0,1002879.0,1203636.0,False,1158000.0,78323.0,0.921191,6.209871,10,2,0
2023-01-01,retro,2023-01-01,2023-04-01,3,1095124.0,994745.0,1195503.0,False,1158000.0,78323.0,0.921191,6.209871,10,2,0
2023-01-01,retro,2023-01-01,2023-05-01,4,1086087.0,985708.0,1186466.0,False,1158000.0,78323.0,0.921191,6.209871,10,2,0
2023-01-01,retro,2023-01-01,2023-06-01,5,1074339.0,973960.0,1174717.0,False,1158000.0,78323.0,0.921191,6.209871,10,2,0
2023-01-01,retro,2023-01-01,2023-07-01,6,1065301.0,964923.0,1165680.0,False,1158000.0,78323.0,0.921191,6.209871,10,2,0
2023-01-01,retro,2023-01-01,2023-08-01,7,1057168.0,956789.0,1157547.0,False,1158000.0,78323.0,0.921191,6.209871,10,2,0
2023-01-01,retro,2023-01-01,2023-09-01,8,1044516.0,944137.0,1144895.0,False,1158000.0,78323.0,0.921191,6.209871,10,2,0
2023-01-01,retro,2023-01-01,2023-10-01,9,1031864.0,931485.0,1132243.0,False,1158000.0,78323.0,0.921191,6.209871,10,2,0
2023-01-01,retro,2023-01-01,2023-11-01,10,1018308.0,917930.0,1118687.0,False,1158000.0,78323.0,0.921191,6.209871,10,2,0
2023-01-01,retro,2023-01-01,2023-12-01,11,1018308.0,917930.0,1118687.0,False,1158000.0,78323.0,0.921191,6.209871,10,2,0
2023-01-01,retro,2023-01-01,2024-01-01,12,1018308.0,917930.0,1118687.0,False,1158000.0,78323.0,0.921191,6.209871,10,2,0
2023-01-01,retro,2023-01-01,2024-02-01,13,1018308.0,917930.0,1118687.0,False,1158000.0,78323.0,0.921191,6.209871,10,2,0
2023-01-01,retro,2023-01-01,2024-03-01,14,1018308.0,917930.0,1118687.0,False,1158000.0,78323.0,0.921191,6.209871,10,2,0
2023-01-01,retro,2023-01-01,2024-04-01,15,1018308.0,917930.0,1118687.0,False,1158000.0,78323.0,0.921191,6.209871,10,2,0
2023-01-01,retro,2023-01-01,2024-05-01,16,1018308.0,917930.0,1118687.0,False,1158000.0,78323.0,0.921191,6.209871,10,2,0
2023-01-01,retro,2023-01-01,2024-06-01,17,1018308.0,917930.0,1118687.0,False,1158000.0,78323.0,0.921191,6.209871,10,2,0
2023-01-01,retro,2023-01-01,2024-07-01,18,1018308.0,917930.0,1118687.0,False,1158000.0,78323.0,0.921191,6.209871,10,2,0
2023-02-01,retro,2023-02-01,2023-03-01,1,1105462.0,1005985.0,1204939.0,False,1146000.0,77619.0,0.922039,6.188969,10,2,0
2023-02-01,retro,2023-02-01,2023-04-01,2,1109182.0,1009705.0,1208659.0,False,1146000.0,77619.0,0.922039,6.188969,10,2,0
2023-02-01,retro,2023-02-01,2023-05-01,3,1100127.0,1000650.0,1199604.0,False,1146000.0,77619.0,0.922039,6.188969,10,2,0
2023-02-01,retro,2023-02-01,2023-06-01,4,1088356.0,988879.0,1187833.0,False,1146000.0,77619.0,0.922039,6.188969,10,2,0
2023-02-01,retro,2023-02-01,2023-07-01,5,1079302.0,979825.0,1178779.0,False,1146000.0,77619.0,0.922039,6.188969,10,2,0
2023-02-01,retro,2023-02-01,2023-08-01,6,1071153.0,971676.0,1170630.0,False,1146000.0,77619.0,0.922039,6.188969,10,2,0
2023-02-01,retro,2023-02-01,2023-09-01,7,1058476.0,958999.0,1157953.0,False,1146000.0,77619.0,0.922039,6.188969,10,2,0
2023-02-01,retro,2023-02-01,2023-10-01,8,1045800.0,946323.0,1145277.0,False,1146000.0,77619.0,0.922039,6.188969,10,2,0
2023-02-01,retro,2023-02-01,2023-11-01,9,1032218.0,932741.0,1131695.0,False,1146000.0,77619.0,0.922039,6.188969,10,2,0
2023-02-01,retro,2023-02-01,2023-12-01,10,1018636.0,919159.0,1118113.0,False,1146000.0,77619.0,0.922039,6.188969,10,2,0
2023-02-01,retro,2023-02-01,2024-01-01,11,1018636.0,919159.0,1118113.0,False,1146000.0,77619.0,0.922039,6.188969,10,2,0
2023-02-01,retro,2023-02-01,2024-02-01,12,1018636.0,919159.0,1118113.0,False,1146000.0,77619.0,0.922039,6.188969,10,2,0
2023-02-01,retro,2023-02-01,2024-03-01,13,1018636.0,919159.0,1118113.0,False,1146000.0,77619.0,0.922039,6.188969,10,2,0
2023-02-01,retro,2023-02-01,2024-04-01,14,1018636.0,919159.0,1118113.0,False,1146000.0,77619.0,0.922039,6.188969,10,2,0
2023-02-01,retro,2023-02-01,2024-05-01,15,1018636.0,919159.0,1118113.0,False,1146000.0,77619.0,0.922039,6.188969,10,2,0
2023-02-01,retro,2023-02-01,2024-06-01,16,1018636.0,919159.0,1118113.0,False,1146000.0,77619.0,0.922039,6.188969,10,2,0
2023-02-01,retro,2023-02-01,2024-07-01,17,1018636.0,919159.0,1118113.0,False,1146000.0,77619.0,0.922039,6.188969,10,2,0
2023-02-01,retro,2023-02-01,2024-08-01,18,1018636.0,919159.0,1118113.0,False,1146000.0,77619.0,0.922039,6.188969,10,2,0
2023-03-01,retro,2023-03-01,2023-04-01,1,1110461.0,1012404.0,1208518.0,False,1131000.0,76511.0,0.922854,6.123251,10,2,0
2023-03-01,retro,2023-03-01,2023-05-01,2,1101396.0,1003339.0,1199453.0,False,1131000.0,76511.0,0.922854,6.123251,10,2,0
2023-03-01,retro,2023-03-01,2023-06-01,3,1089610.0,991553.0,1187667.0,False,1131000.0,76511.0,0.922854,6.123251,10,2,0
2023-03-01,retro,2023-03-01,2023-07-01,4,1080545.0,982488.0,1178602.0,False,1131000.0,76511.0,0.922854,6.123251,10,2,0
2023-03-01,retro,2023-03-01,2023-08-01,5,1072386.0,974329.0,1170443.0,False,1131000.0,76511.0,0.922854,6.123251,10,2,0
2023-03-01,retro,2023-03-01,2023-09-01,6,1059694.0,961637.0,1157751.0,False,1131000.0,76511.0,0.922854,6.123251,10,2,0
2023-03-01,retro,2023-03-01,2023-10-01,7,1047002.0,948945.0,1145059.0,False,1131000.0,76511.0,0.922854,6.123251,10,2,0
2023-03-01,retro,2023-03-01,2023-11-01,8,1033404.0,935347.0,1131461.0,False,1131000.0,76511.0,0.922854,6.123251,10,2,0
2023-03-01,retro,2023-03-01,2023-12-01,9,1019805.0,921748.0,1117862.0,False,1131000.0,76511.0,0.922854,6.123251,10,2,0
2023-03-01,retro,2023-03-01,2024-01-01,10,1002581.0,904524.0,1100638.0,False,1131000.0,76511.0,0.922854,6.123251,10,2,0
2023-03-01,retro,2023-03-01,2024-02-01,11,1002581.0,904524.0,1100638.0,False,1131000.0,76511.0,0.922854,6.123251,10,2,0
2023-03-01,retro,2023-03-01,2024-03-01,12,1002581.0,904524.0,1100638.0,False,1131000.0,76511.0,0.922854,6.123251,10,2,0
2023-03-01,retro,2023-03-01,2024-04-01,13,1002581.0,904524.0,1100638.0,False,1131000.0,76511.0,0.922854,6.123251,10,2,0
2023-03-01,retro,2023-03-01,2024-05-01,14,1002581.0,904524.0,1100638.0,False,1131000.0,76511.0,0.922854,6.123251,10,2,0
2023-03-01,retro,2023-03-01,2024-06-01,15,1002581.0,904524.0,1100638.0,False,1131000.0,76511.0,0.922854,6.123251,10,2,0
2023-03-01,retro,2023-03-01,2024-07-01,16,1002581.0,904524.0,1100638.0,False,1131000.0,76511.0,0.922854,6.123251,10,2,0
2023-03-01,retro,2023-03-01,2024-08-01,17,1002581.0,904524.0,1100638.0,False,1131000.0,76511.0,0.922854,6.123251,10,2,0
2023-03-01,retro,2023-03-01,2024-09-01,18,1002581.0,904524.0,1100638.0,False,1131000.0,76511.0,0.922854,6.123251,10,2,0
2023-04-01,retro,2023-04-01,2023-05-01,1,1096100.0,1000115.0,1192086.0,False,1110000.0,74895.0,0.923553,5.972998,10,2,0
2023-04-01,retro,2023-04-01,2023-06-01,2,1095964.0,999979.0,1191950.0,False,1110000.0,74895.0,0.923553,5.972998,10,2,0
2023-04-01,retro,2023-04-01,2023-07-01,3,1086894.0,990909.0,1182879.0,False,1110000.0,74895.0,0.923553,5.972998,10,2,0
2023-04-01,retro,2023-04-01,2023-08-01,4,1078731.0,982746.0,1174716.0,False,1110000.0,74895.0,0.923553,5.972998,10,2,0
2023-04-01,retro,2023-04-01,2023-09-01,5,1066033.0,970048.0,1162018.0,False,1110000.0,74895.0,0.923553,5.972998,10,2,0
2023-04-01,retro,2023-04-01,2023-10-01,6,1053335.0,957349.0,1149320.0,False,1110000.0,74895.0,0.923553,5.972998,10,2,0
2023-04-01,retro,2023-04-01,2023-11-01,7,1039729.0,943744.0,1135714.0,False,1110000.0,74895.0,0.923553,5.972998,10,2,0
2023-04-01,retro,2023-04-01,2023-12-01,8,1026124.0,930139.0,1122109.0,False,1110000.0,74895.0,0.923553,5.972998,10,2,0
2023-04-01,retro,2023-04-01,2024-01-01,9,1008891.0,912906.0,1104876.0,False,1110000.0,74895.0,0.923553,5.972998,10,2,0
2023-04-01,retro,2023-04-01,2024-02-01,10,993471.0,897486.0,1089457.0,False,1110000.0,74895.0,0.923553,5.972998,10,2,0
2023-04-01,retro,2023-04-01,2024-03-01,11,993471.0,897486.0,1089457.0,False,1110000.0,74895.0,0.923553,5.972998,10,2,0
2023-04-01,retro,2023-04-01,2024-04-01,12,993471.0,897486.0,1089457.0,False,1110000.0,74895.0,0.923553,5.972998,10,2,0
2023-04-01,retro,2023-04-01,2024-05-01,13,993471.0,897486.0,1089457.0,False,1110000.0,74895.0,0.923553,5.972998,10,2,0
2023-04-01,retro,2023-04-01,2024-06-01,14,993471.0,897486.0,1089457.0,False,1110000.0,74895.0,0.923553,5.972998,10,2,0
2023-04-01,retro,2023-04-01,2024-07-01,15,993471.0,897486.0,1089457.0,False,1110000.0,74895.0,0.923553,5.972998,10,2,0
2023-04-01,retro,2023-04-01,2024-08-01,16,993471.0,897486.0,1089457.0,False,1110000.0,74895.0,0.923553,5.972998,10,2,0
2023-04-01,retro,2023-04-01,2024-09-01,17,993471.0,897486.0,1089457.0,False,1110000.0,74895.0,0.923553,5.972998,10,2,0
2023-04-01,retro,2023-04-01,2024-10-01,18,993471.0,897486.0,1089457.0,False,1110000.0,74895.0,0.923553,5.972998,10,2,0
2023-05-01,retro,2023-05-01,2023-06-01,1,1095699.0,1002298.0,1189101.0,False,1088000.0,72879.0,0.924154,5.747871,10,2,0
2023-05-01,retro,2023-05-01,2023-07-01,2,1074940.0,981539.0,1168342.0,False,1088000.0,72879.0,0.924154,5.747871,10,2,0
2023-05-01,retro,2023-05-01,2023-08-01,3,1066779.0,973378.0,1160181.0,False,1088000.0,72879.0,0.924154,5.747871,10,2,0
2023-05-01,retro,2023-05-01,2023-09-01,4,1054085.0,960683.0,1147487.0,False,1088000.0,72879.0,0.924154,5.747871,10,2,0
2023-05-01,retro,2023-05-01,2023-10-01,5,1041390.0,947989.0,1134792.0,False,1088000.0,72879.0,0.924154,5.747871,10,2,0
2023-05-01,retro,2023-05-01,2023-11-01,6,1027789.0,934388.0,1121191.0,False,1088000.0,72879.0,0.924154,5.747871,10,2,0
2023-05-01,retro,2023-05-01,2023-12-01,7,1014188.0,920786.0,1107590.0,False,1088000.0,72879.0,0.924154,5.747871,10,2,0
2023-05-01,retro,2023-05-01,2024-01-01,8,996960.0,903558.0,1090361.0,False,1088000.0,72879.0,0.924154,5.747871,10,2,0
2023-05-01,retro,2023-05-01,2024-02-01,9,981545.0,888143.0,1074947.0,False,1088000.0,72879.0,0.924154,5.747871,10,2,0
2023-05-01,retro,2023-05-01,2024-03-01,10,966130.0,872729.0,1059532.0,False,1088000.0,72879.0,0.924154,5.747871,10,2,0
2023-05-01,retro,2023-05-01,2024-04-01,11,966130.0,872729.0,1059532.0,False,1088000.0,72879.0,0.924154,5.747871,10,2,0
2023-05-01,retro,2023-05-01,2024-05-01,12,966130.0,872729.0,1059532.0,False,1088000.0,72879.0,0.924154,5.747871,10,2,0
2023-05-01,retro,2023-05-01,2024-06-01,13,966130.0,872729.0,1059532.0,False,1088000.0,72879.0,0.924154,5.747871,10,2,0
2023-05-01,retro,2023-05-01,2024-07-01,14,966130.0,872729.0,1059532.0,False,1088000.0,72879.0,0.924154,5.747871,10,2,0
2023-05-01,retro,2023-05-01,2024-08-01,15,966130.0,872729.0,1059532.0,False,1088000.0,72879.0,0.924154,5.747871,10,2,0
2023-05-01,retro,2023-05-01,2024-09-01,16,966130.0,872729.0,1059532.0,False,1088000.0,72879.0,0.924154,5.747871,10,2,0
2023-05-01,retro,2023-05-01,2024-10-01,17,966130.0,872729.0,1059532.0,False,1088000.0,72879.0,0.924154,5.747871,10,2,0
2023-05-01,retro,2023-05-01,2024-11-01,18,966130.0,872729.0,1059532.0,False,1088000.0,72879.0,0.924154,5.747871,10,2,0
2023-06-01,retro,2023-06-01,2023-07-01,1,1074108.0,983336.0,1164880.0,False,1069000.0,70827.0,0.924548,5.438961,10,2,0
2023-06-01,retro,2023-06-01,2023-08-01,2,1077732.0,986959.0,1168504.0,False,1069000.0,70827.0,0.924548,5.438961,10,2,0
2023-06-01,retro,2023-06-01,2023-09-01,3,1065047.0,974275.0,1155819.0,False,1069000.0,70827.0,0.924548,5.438961,10,2,0
2023-06-01,retro,2023-06-01,2023-10-01,4,1052363.0,961591.0,1143135.0,False,1069000.0,70827.0,0.924548,5.438961,10,2,0
2023-06-01,retro,2023-06-01,2023-11-01,5,1038772.0,948000.0,1129544.0,False,1069000.0,70827.0,0.924548,5.438961,10,2,0
2023-06-01,retro,2023-06-01,2023-12-01,6,1025182.0,934410.0,1115954.0,False,1069000.0,70827.0,0.924548,5.438961,10,2,0
2023-06-01,retro,2023-06-01,2024-01-01,7,1007967.0,917195.0,1098739.0,False,1069000.0,70827.0,0.924548,5.438961,10,2,0
2023-06-01,retro,2023-06-01,2024-02-01,8,992565.0,901793.0,1083337.0,False,1069000.0,70827.0,0.924548,5.438961,10,2,0
2023-06-01,retro,2023-06-01,2024-03-01,9,977162.0,886390.0,1067935.0,False,1069000.0,70827.0,0.924548,5.438961,10,2,0
2023-06-01,retro,2023-06-01,2024-04-01,10,962666.0,871894.0,1053438.0,False,1069000.0,70827.0,0.924548,5.438961,10,2,0
2023-06-01,retro,2023-06-01,2024-05-01,11,962666.0,871894.0,1053438.0,False,1069000.0,70827.0,0.924548,5.438961,10,2,0
2023-06-01,retro,2023-06-01,2024-06-01,12,962666.0,871894.0,1053438.0,False,1069000.0,70827.0,0.924548,5.438961,10,2,0
2023-06-01,retro,2023-06-01,2024-07-01,13,962666.0,871894.0,1053438.0,False,1069000.0,70827.0,0.924548,5.438961,10,2,0
2023-06-01,retro,2023-06-01,2024-08-01,14,962666.0,871894.0,1053438.0,False,1069000.0,70827.0,0.924548,5.438961,10,2,0
2023-06-01,retro,2023-06-01,2024-09-01,15,962666.0,871894.0,1053438.0,False,1069000.0,70827.0,0.924548,5.438961,10,2,0
2023-06-01,retro,2023-06-01,2024-10-01,16,962666.0,871894.0,1053438.0,False,1069000.0,70827.0,0.924548,5.438961,10,2,0
2023-06-01,retro,2023-06-01,2024-11-01,17,962666.0,871894.0,1053438.0,False,1069000.0,70827.0,0.924548,5.438961,10,2,0
2023-06-01,retro,2023-06-01,2024-12-01,18,962666.0,871894.0,1053438.0,False,1069000.0,70827.0,0.924548,5.438961,10,2,0
2023-07-01,retro,2023-07-01,2023-08-01,1,1066055.0,977594.0,1154516.0,False,1038000.0,69024.0,0.924867,5.211137,10,2,0
2023-07-01,retro,2023-07-01,2023-09-01,2,1017891.0,929430.0,1106352.0,False,1038000.0,69024.0,0.924867,5.211137,10,2,0
2023-07-01,retro,2023-07-01,2023-10-01,3,1005212.0,916751.0,1093673.0,False,1038000.0,69024.0,0.924867,5.211137,10,2,0
2023-07-01,retro,2023-07-01,2023-11-01,4,991627.0,903166.0,1080088.0,False,1038000.0,69024.0,0.924867,5.211137,10,2,0
2023-07-01,retro,2023-07-01,2023-12-01,5,978042.0,889581.0,1066503.0,False,1038000.0,69024.0,0.924867,5.211137,10,2,0
2023-07-01,retro,2023-07-01,2024-01-01,6,960834.0,872373.0,1049295.0,False,1038000.0,69024.0,0.924867,5.211137,10,2,0
2023-07-01,retro,2023-07-01,2024-02-01,7,945438.0,856977.0,1033899.0,False,1038000.0,69024.0,0.924867,5.211137,10,2,0
2023-07-01,retro,2023-07-01,2024-03-01,8,930042.0,841581.0,1018503.0,False,1038000.0,69024.0,0.924867,5.211137,10,2,0
2023-07-01,retro,2023-07-01,2024-04-01,9,915551.0,827090.0,1004012.0,False,1038000.0,69024.0,0.924867,5.211137,10,2,0
2023-07-01,retro,2023-07-01,2024-05-01,10,904683.0,816222.0,993144.0,False,1038000.0,69024.0,0.924867,5.211137,10,2,0
2023-07-01,retro,2023-07-01,2024-06-01,11,904683.0,816222.0,993144.0,False,1038000.0,69024.0,0.924867,5.211137,10,2,0
2023-07-01,retro,2023-07-01,2024-07-01,12,904683.0,816222.0,993144.0,False,1038000.0,69024.0,0.924867,5.211137,10,2,0
2023-07-01,retro,2023-07-01,2024-08-01,13,904683.0,816222.0,993144.0,False,1038000.0,69024.0,0.924867,5.211137,10,2,0
2023-07-01,retro,2023-07-01,2024-09-01,14,904683.0,816222.0,993144.0,False,1038000.0,69024.0,0.924867,5.211137,10,2,0
2023-07-01,retro,2023-07-01,2024-10-01,15,904683.0,816222.0,993144.0,False,1038000.0,69024.0,0.924867,5.211137,10,2,0
2023-07-01,retro,2023-07-01,2024-11-01,16,904683.0,816222.0,993144.0,False,1038000.0,69024.0,0.924867,5.211137,10,2,0
2023-07-01,retro,2023-07-01,2024-12-01,17,904683.0,816222.0,993144.0,False,1038000.0,69024.0,0.924867,5.211137,10,2,0
2023-07-01,retro,2023-07-01,2025-01-01,18,904683.0,816222.0,993144.0,False,1038000.0,69024.0,0.924867,5.211137,10,2,0
2023-08-01,retro,2023-08-01,2023-09-01,1,1016458.0,929957.0,1102960.0,False,1017000.0,67495.0,0.924775,5.069937,10,2,0
2023-08-01,retro,2023-08-01,2023-10-01,2,1003794.0,917293.0,1090295.0,False,1017000.0,67495.0,0.924775,5.069937,10,2,0
2023-08-01,retro,2023-08-01,2023-11-01,3,990225.0,903724.0,1076727.0,False,1017000.0,67495.0,0.924775,5.069937,10,2,0
2023-08-01,retro,2023-08-01,2023-12-01,4,976656.0,890155.0,1063158.0,False,1017000.0,67495.0,0.924775,5.069937,10,2,0
2023-08-01,retro,2023-08-01,2024-01-01,5,959469.0,872968.0,1045970.0,False,1017000.0,67495.0,0.924775,5.069937,10,2,0
2023-08-01,retro,2023-08-01,2024-02-01,6,944091.0,857590.0,1030592.0,False,1017000.0,67495.0,0.924775,5.069937,10,2,0
2023-08-01,retro,2023-08-01,2024-03-01,7,928713.0,842212.0,1015214.0,False,1017000.0,67495.0,0.924775,5.069937,10,2,0
2023-08-01,retro,2023-08-01,2024-04-01,8,914240.0,827738.0,1000741.0,False,1017000.0,67495.0,0.924775,5.069937,10,2,0
2023-08-01,retro,2023-08-01,2024-05-01,9,903384.0,816883.0,989886.0,False,1017000.0,67495.0,0.924775,5.069937,10,2,0
2023-08-01,retro,2023-08-01,2024-06-01,10,889816.0,803314.0,976317.0,False,1017000.0,67495.0,0.924775,5.069937,10,2,0
2023-08-01,retro,2023-08-01,2024-07-01,11,889816.0,803314.0,976317.0,False,1017000.0,67495.0,0.924775,5.069937,10,2,0
2023-08-01,retro,2023-08-01,2024-08-01,12,889816.0,803314.0,976317.0,False,1017000.0,67495.0,0.924775,5.069937,10,2,0
2023-08-01,retro,2023-08-01,2024-09-01,13,889816.0,803314.0,976317.0,False,1017000.0,67495.0,0.924775,5.069937,10,2,0
2023-08-01,retro,2023-08-01,2024-10-01,14,889816.0,803314.0,976317.0,False,1017000.0,67495.0,0.924775,5.069937,10,2,0
2023-08-01,retro,2023-08-01,2024-11-01,15,889816.0,803314.0,976317.0,False,1017000.0,67495.0,0.924775,5.069937,10,2,0
2023-08-01,retro,2023-08-01,2024-12-01,16,889816.0,803314.0,976317.0,False,1017000.0,67495.0,0.924775,5.069937,10,2,0
2023-08-01,retro,2023-08-01,2025-01-01,17,889816.0,803314.0,976317.0,False,1017000.0,67495.0,0.924775,5.069937,10,2,0
2023-08-01,retro,2023-08-01,2025-02-01,18,889816.0,803314.0,976317.0,False,1017000.0,67495.0,0.924775,5.069937,10,2,0
2023-09-01,retro,2023-09-01,2023-10-01,1,1002573.0,918156.0,1086990.0,False,989000.0,65868.0,0.924844,4.830709,10,2,0
2023-09-01,retro,2023-09-01,2023-11-01,2,1001128.0,916712.0,1085545.0,False,989000.0,65868.0,0.924844,4.830709,10,2,0
2023-09-01,retro,2023-09-01,2023-12-01,3,987568.0,903152.0,1071985.0,False,989000.0,65868.0,0.924844,4.830709,10,2,0
2023-09-01,retro,2023-09-01,2024-01-01,4,970392.0,885976.0,1054809.0,False,989000.0,65868.0,0.924844,4.830709,10,2,0
2023-09-01,retro,2023-09-01,2024-02-01,5,955024.0,870607.0,1039441.0,False,989000.0,65868.0,0.924844,4.830709,10,2,0
2023-09-01,retro,2023-09-01,2024-03-01,6,939656.0,855239.0,1024073.0,False,989000.0,65868.0,0.924844,4.830709,10,2,0
2023-09-01,retro,2023-09-01,2024-04-01,7,925192.0,840775.0,1009609.0,False,989000.0,65868.0,0.924844,4.830709,10,2,0
2023-09-01,retro,2023-09-01,2024-05-01,8,914344.0,829927.0,998761.0,False,989000.0,65868.0,0.924844,4.830709,10,2,0
2023-09-01,retro,2023-09-01,2024-06-01,9,900784.0,816367.0,985201.0,False,989000.0,65868.0,0.924844,4.830709,10,2,0
2023-09-01,retro,2023-09-01,2024-07-01,10,896264.0,811847.0,980681.0,False,989000.0,65868.0,0.924844,4.830709,10,2,0
2023-09-01,retro,2023-09-01,2024-08-01,11,896264.0,811847.0,980681.0,False,989000.0,65868.0,0.924844,4.830709,10,2,0
2023-09-01,retro,2023-09-01,2024-09-01,12,896264.0,811847.0,980681.0,False,989000.0,65868.0,0.924844,4.830709,10,2,0
2023-09-01,retro,2023-09-01,2024-10-01,13,896264.0,811847.0,980681.0,False,989000.0,65868.0,0.924844,4.830709,10,2,0
2023-09-01,retro,2023-09-01,2024-11-01,14,896264.0,811847.0,980681.0,False,989000.0,65868.0,0.924844,4.830709,10,2,0
2023-09-01,retro,2023-09-01,2024-12-01,15,896264.0,811847.0,980681.0,False,989000.0,65868.0,0.924844,4.830709,10,2,0
2023-09-01,retro,2023-09-01,2025-01-01,16,896264.0,811847.0,980681.0,False,989000.0,65868.0,0.924844,4.830709,10,2,0
2023-09-01,retro,2023-09-01,2025-02-01,17,896264.0,811847.0,980681.0,False,989000.0,65868.0,0.924844,4.830709,10,2,0
2023-09-01,retro,2023-09-01,2025-03-01,18,896264.0,811847.0,980681.0,False,989000.0,65868.0,0.924844,4.830709,10,2,0
2023-10-01,retro,2023-10-01,2023-11-01,1,989821.0,907368.0,1072274.0,False,974000.0,64336.0,0.925037,4.657853,10,2,0
2023-10-01,retro,2023-10-01,2023-12-01,2,964118.0,881664.0,1046571.0,False,974000.0,64336.0,0.925037,4.657853,10,2,0
2023-10-01,retro,2023-10-01,2024-01-01,3,946944.0,864491.0,1029397.0,False,974000.0,64336.0,0.925037,4.657853,10,2,0
2023-10-01,retro,2023-10-01,2024-02-01,4,931578.0,849125.0,1014032.0,False,974000.0,64336.0,0.925037,4.657853,10,2,0
2023-10-01,retro,2023-10-01,2024-03-01,5,916213.0,833759.0,998666.0,False,974000.0,64336.0,0.925037,4.657853,10,2,0
2023-10-01,retro,2023-10-01,2024-04-01,6,901751.0,819298.0,984204.0,False,974000.0,64336.0,0.925037,4.657853,10,2,0
2023-10-01,retro,2023-10-01,2024-05-01,7,890905.0,808451.0,973358.0,False,974000.0,64336.0,0.925037,4.657853,10,2,0
2023-10-01,retro,2023-10-01,2024-06-01,8,877347.0,794893.0,959800.0,False,974000.0,64336.0,0.925037,4.657853,10,2,0
2023-10-01,retro,2023-10-01,2024-07-01,9,872827.0,790374.0,955281.0,False,974000.0,64336.0,0.925037,4.657853,10,2,0
2023-10-01,retro,2023-10-01,2024-08-01,10,866500.0,784047.0,948954.0,False,974000.0,64336.0,0.925037,4.657853,10,2,0
2023-10-01,retro,2023-10-01,2024-09-01,11,866500.0,784047.0,948954.0,False,974000.0,64336.0,0.925037,4.657853,10,2,0
2023-10-01,retro,2023-10-01,2024-10-01,12,866500.0,784047.0,948954.0,False,974000.0,64336.0,0.925037,4.657853,10,2,0
2023-10-01,retro,2023-10-01,2024-11-01,13,866500.0,784047.0,948954.0,False,974000.0,64336.0,0.925037,4.657853,10,2,0
2023-10-01,retro,2023-10-01,2024-12-01,14,866500.0,784047.0,948954.0,False,974000.0,64336.0,0.925037,4.657853,10,2,0
2023-10-01,retro,2023-10-01,2025-01-01,15,866500.0,784047.0,948954.0,False,974000.0,64336.0,0.925037,4.657853,10,2,0
2023-10-01,retro,2023-10-01,2025-02-01,16,866500.0,784047.0,948954.0,False,974000.0,64336.0,0.925037,4.657853,10,2,0
2023-10-01,retro,2023-10-01,2025-03-01,17,866500.0,784047.0,948954.0,False,974000.0,64336.0,0.925037,4.657853,10,2,0
2023-10-01,retro,2023-10-01,2025-04-01,18,866500.0,784047.0,948954.0,False,974000.0,64336.0,0.925037,4.657853,10,2,0
2023-11-01,retro,2023-11-01,2023-12-01,1,963092.0,882390.0,1043795.0,False,956000.0,62970.0,0.924961,4.508797,10,2,0
2023-11-01,retro,2023-11-01,2024-01-01,2,945927.0,865225.0,1026629.0,False,956000.0,62970.0,0.924961,4.508797,10,2,0
2023-11-01,retro,2023-11-01,2024-02-01,3,930569.0,849867.0,1011271.0,False,956000.0,62970.0,0.924961,4.508797,10,2,0
2023-11-01,retro,2023-11-01,2024-03-01,4,915210.0,834508.0,995912.0,False,956000.0,62970.0,0.924961,4.508797,10,2,0
2023-11-01,retro,2023-11-01,2024-04-01,5,900755.0,820053.0,981457.0,False,956000.0,62970.0,0.924961,4.508797,10,2,0
2023-11-01,retro,2023-11-01,2024-05-01,6,889914.0,809212.0,970616.0,False,956000.0,62970.0,0.924961,4.508797,10,2,0
2023-11-01,retro,2023-11-01,2024-06-01,7,876362.0,795660.0,957064.0,False,956000.0,62970.0,0.924961,4.508797,10,2,0
2023-11-01,retro,2023-11-01,2024-07-01,8,871845.0,791143.0,952547.0,False,956000.0,62970.0,0.924961,4.508797,10,2,0
2023-11-01,retro,2023-11-01,2024-08-01,9,865521.0,784819.0,946223.0,False,956000.0,62970.0,0.924961,4.508797,10,2,0
2023-11-01,retro,2023-11-01,2024-09-01,10,857390.0,776688.0,938092.0,False,956000.0,62970.0,0.924961,4.508797,10,2,0
2023-11-01,retro,2023-11-01,2024-10-01,11,857390.0,776688.0,938092.0,False,956000.0,62970.0,0.924961,4.508797,10,2,0
2023-11-01,retro,2023-11-01,2024-11-01,12,857390.0,776688.0,938092.0,False,956000.0,62970.0,0.924961,4.508797,10,2,0
2023-11-01,retro,2023-11-01,2024-12-01,13,857390.0,776688.0,938092.0,False,956000.0,62970.0,0.924961,4.508797,10,2,0
2023-11-01,retro,2023-11-01,2025-01-01,14,857390.0,776688.0,938092.0,False,956000.0,62970.0,0.924961,4.508797,10,2,0
2023-11-01,retro,2023-11-01,2025-02-01,15,857390.0,776688.0,938092.0,False,956000.0,62970.0,0.924961,4.508797,10,2,0
2023-11-01,retro,2023-11-01,2025-03-01,16,857390.0,776688.0,938092.0,False,956000.0,62970.0,0.924961,4.508797,10,2,0
2023-11-01,retro,2023-11-01,2025-04-01,17,857390.0,776688.0,938092.0,False,956000.0,62970.0,0.924961,4.508797,10,2,0
2023-11-01,retro,2023-11-01,2025-05-01,18,857390.0,776688.0,938092.0,False,956000.0,62970.0,0.924961,4.508797,10,2,0
2023-12-01,retro,2023-12-01,2024-01-01,1,944876.0,865836.0,1023916.0,False,932000.0,61673.0,0.924868,4.362354,10,2,0
2023-12-01,retro,2023-12-01,2024-02-01,2,929523.0,850482.0,1008563.0,False,932000.0,61673.0,0.924868,4.362354,10,2,0
2023-12-01,retro,2023-12-01,2024-03-01,3,914169.0,835129.0,993209.0,False,932000.0,61673.0,0.924868,4.362354,10,2,0
2023-12-01,retro,2023-12-01,2024-04-01,4,899718.0,820678.0,978759.0,False,932000.0,61673.0,0.924868,4.362354,10,2,0
2023-12-01,retro,2023-12-01,2024-05-01,5,888881.0,809840.0,967921.0,False,932000.0,61673.0,0.924868,4.362354,10,2,0
2023-12-01,retro,2023-12-01,2024-06-01,6,875333.0,796293.0,954373.0,False,932000.0,61673.0,0.924868,4.362354,10,2,0
2023-12-01,retro,2023-12-01,2024-07-01,7,870817.0,791777.0,949857.0,False,932000.0,61673.0,0.924868,4.362354,10,2,0
2023-12-01,retro,2023-12-01,2024-08-01,8,864495.0,785455.0,943535.0,False,932000.0,61673.0,0.924868,4.362354,10,2,0
2023-12-01,retro,2023-12-01,2024-09-01,9,856367.0,777327.0,935407.0,False,932000.0,61673.0,0.924868,4.362354,10,2,0
2023-12-01,retro,2023-12-01,2024-10-01,10,849142.0,770102.0,928182.0,False,932000.0,61673.0,0.924868,4.362354,10,2,0
2023-12-01,retro,2023-12-01,2024-11-01,11,849142.0,770102.0,928182.0,False,932000.0,61673.0,0.924868,4.362354,10,2,0
2023-12-01,retro,2023-12-01,2024-12-01,12,849142.0,770102.0,928182.0,False,932000.0,61673.0,0.924868,4.362354,10,2,0
2023-12-01,retro,2023-12-01,2025-01-01,13,849142.0,770102.0,928182.0,False,932000.0,61673.0,0.924868,4.362354,10,2,0
2023-12-01,retro,2023-12-01,2025-02-01,14,849142.0,770102.0,928182.0,False,932000.0,61673.0,0.924868,4.362354,10,2,0
2023-12-01,retro,2023-12-01,2025-03-01,15,849142.0,770102.0,928182.0,False,932000.0,61673.0,0.924868,4.362354,10,2,0
2023-12-01,retro,2023-12-01,2025-04-01,16,849142.0,770102.0,928182.0,False,932000.0,61673.0,0.924868,4.362354,10,2,0
2023-12-01,retro,2023-12-01,2025-05-01,17,849142.0,770102.0,928182.0,False,932000.0,61673.0,0.924868,4.362354,10,2,0
2023-12-01,retro,2023-12-01,2025-06-01,18,849142.0,770102.0,928182.0,False,932000.0,61673.0,0.924868,4.362354,10,2,0
2024-01-01,retro,2024-01-01,2024-02-01,1,933552.0,855974.0,1011130.0,False,915000.0,60532.0,0.92466,4.271317,10,2,0
2024-01-01,retro,2024-01-01,2024-03-01,2,930829.0,853251.0,1008407.0,False,915000.0,60532.0,0.92466,4.271317,10,2,0
2024-01-01,retro,2024-01-01,2024-04-01,3,916380.0,838802.0,993958.0,False,915000.0,60532.0,0.92466,4.271317,10,2,0
2024-01-01,retro,2024-01-01,2024-05-01,4,905544.0,827966.0,983122.0,False,915000.0,60532.0,0.92466,4.271317,10,2,0
2024-01-01,retro,2024-01-01,2024-06-01,5,891998.0,814420.0,969576.0,False,915000.0,60532.0,0.92466,4.271317,10,2,0
2024-01-01,retro,2024-01-01,2024-07-01,6,887483.0,809905.0,965061.0,False,915000.0,60532.0,0.92466,4.271317,10,2,0
2024-01-01,retro,2024-01-01,2024-08-01,7,881162.0,803584.0,958740.0,False,915000.0,60532.0,0.92466,4.271317,10,2,0
2024-01-01,retro,2024-01-01,2024-09-01,8,873034.0,795457.0,950612.0,False,915000.0,60532.0,0.92466,4.271317,10,2,0
2024-01-01,retro,2024-01-01,2024-10-01,9,865810.0,788232.0,943388.0,False,915000.0,60532.0,0.92466,4.271317,10,2,0
2024-01-01,retro,2024-01-01,2024-11-01,10,866713.0,789135.0,944291.0,False,915000.0,60532.0,0.92466,4.271317,10,2,0
2024-01-01,retro,2024-01-01,2024-12-01,11,866713.0,789135.0,944291.0,False,915000.0,60532.0,0.92466,4.271317,10,2,0
2024-01-01,retro,2024-01-01,2025-01-01,12,866713.0,789135.0,944291.0,False,915000.0,60532.0,0.92466,4.271317,10,2,0
2024-01-01,retro,2024-01-01,2025-02-01,13,866713.0,789135.0,944291.0,False,915000.0,60532.0,0.92466,4.271317,10,2,0
2024-01-01,retro,2024-01-01,2025-03-01,14,866713.0,789135.0,944291.0,False,915000.0,60532.0,0.92466,4.271317,10,2,0
2024-01-01,retro,2024-01-01,2025-04-01,15,866713.0,789135.0,944291.0,False,915000.0,60532.0,0.92466,4.271317,10,2,0
2024-01-01,retro,2024-01-01,2025-05-01,16,866713.0,789135.0,944291.0,False,915000.0,60532.0,0.92466,4.271317,10,2,0
2024-01-01,retro,2024-01-01,2025-06-01,17,866713.0,789135.0,944291.0,False,915000.0,60532.0,0.92466,4.271317,10,2,0
2024-01-01,retro,2024-01-01,2025-07-01,18,866713.0,789135.0,944291.0,False,915000.0,60532.0,0.92466,4.271317,10,2,0
2024-02-01,retro,2024-02-01,2024-03-01,1,929844.0,853680.0,1006007.0,False,900000.0,59428.0,0.924508,4.170655,10,2,0
2024-02-01,retro,2024-02-01,2024-04-01,2,902611.0,826448.0,978774.0,False,900000.0,59428.0,0.924508,4.170655,10,2,0
2024-02-01,retro,2024-02-01,2024-05-01,3,891774.0,815610.0,967937.0,False,900000.0,59428.0,0.924508,4.170655,10,2,0
2024-02-01,retro,2024-02-01,2024-06-01,4,878227.0,802063.0,954390.0,False,900000.0,59428.0,0.924508,4.170655,10,2,0
2024-02-01,retro,2024-02-01,2024-07-01,5,873711.0,797548.0,949875.0,False,900000.0,59428.0,0.924508,4.170655,10,2,0
2024-02-01,retro,2024-02-01,2024-08-01,6,867389.0,791226.0,943553.0,False,900000.0,59428.0,0.924508,4.170655,10,2,0
2024-02-01,retro,2024-02-01,2024-09-01,7,859261.0,783098.0,935425.0,False,900000.0,59428.0,0.924508,4.170655,10,2,0
2024-02-01,retro,2024-02-01,2024-10-01,8,852037.0,775873.0,928200.0,False,900000.0,59428.0,0.924508,4.170655,10,2,0
2024-02-01,retro,2024-02-01,2024-11-01,9,852940.0,776776.0,929103.0,False,900000.0,59428.0,0.924508,4.170655,10,2,0
2024-02-01,retro,2024-02-01,2024-12-01,10,860165.0,784001.0,936328.0,False,900000.0,59428.0,0.924508,4.170655,10,2,0
2024-02-01,retro,2024-02-01,2025-01-01,11,860165.0,784001.0,936328.0,False,900000.0,59428.0,0.924508,4.170655,10,2,0
2024-02-01,retro,2024-02-01,2025-02-01,12,860165.0,784001.0,936328.0,False,900000.0,59428.0,0.924508,4.170655,10,2,0
2024-02-01,retro,2024-02-01,2025-03-01,13,860165.0,784001.0,936328.0,False,900000.0,59428.0,0.924508,4.170655,10,2,0
2024-02-01,retro,2024-02-01,2025-04-01,14,860165.0,784001.0,936328.0,False,900000.0,59428.0,0.924508,4.170655,10,2,0
2024-02-01,retro,2024-02-01,2025-05-01,15,860165.0,784001.0,936328.0,False,900000.0,59428.0,0.924508,4.170655,10,2,0
2024-02-01,retro,2024-02-01,2025-06-01,16,860165.0,784001.0,936328.0,False,900000.0,59428.0,0.924508,4.170655,10,2,0
2024-02-01,retro,2024-02-01,2025-07-01,17,860165.0,784001.0,936328.0,False,900000.0,59428.0,0.924508,4.170655,10,2,0
2024-02-01,retro,2024-02-01,2025-08-01,18,860165.0,784001.0,936328.0,False,900000.0,59428.0,0.924508,4.170655,10,2,0
2024-03-01,retro,2024-03-01,2024-04-01,1,901026.0,825677.0,976376.0,False,875000.0,58793.0,0.924061,4.180335,10,2,0
2024-03-01,retro,2024-03-01,2024-05-01,2,903160.0,827811.0,978509.0,False,875000.0,58793.0,0.924061,4.180335,10,2,0
2024-03-01,retro,2024-03-01,2024-06-01,3,889607.0,814257.0,964956.0,False,875000.0,58793.0,0.924061,4.180335,10,2,0
2024-03-01,retro,2024-03-01,2024-07-01,4,885089.0,809740.0,960438.0,False,875000.0,58793.0,0.924061,4.180335,10,2,0
2024-03-01,retro,2024-03-01,2024-08-01,5,878764.0,803415.0,954113.0,False,875000.0,58793.0,0.924061,4.180335,10,2,0
2024-03-01,retro,2024-03-01,2024-09-01,6,870632.0,795283.0,945981.0,False,875000.0,58793.0,0.924061,4.180335,10,2,0
2024-03-01,retro,2024-03-01,2024-10-01,7,863403.0,788054.0,938753.0,False,875000.0,58793.0,0.924061,4.180335,10,2,0
2024-03-01,retro,2024-03-01,2024-11-01,8,864307.0,788958.0,939656.0,False,875000.0,58793.0,0.924061,4.180335,10,2,0
2024-03-01,retro,2024-03-01,2024-12-01,9,871535.0,796186.0,946885.0,False,875000.0,58793.0,0.924061,4.180335,10,2,0
2024-03-01,retro,2024-03-01,2025-01-01,10,872439.0,797090.0,947788.0,False,875000.0,58793.0,0.924061,4.180335,10,2,0
2024-03-01,retro,2024-03-01,2025-02-01,11,872439.0,797090.0,947788.0,False,875000.0,58793.0,0.924061,4.180335,10,2,0
2024-03-01,retro,2024-03-01,2025-03-01,12,872439.0,797090.0,947788.0,False,875000.0,58793.0,0.924061,4.180335,10,2,0
2024-03-01,retro,2024-03-01,2025-04-01,13,872439.0,797090.0,947788.0,False,875000.0,58793.0,0.924061,4.180335,10,2,0
2024-03-01,retro,2024-03-01,2025-05-01,14,872439.0,797090.0,947788.0,False,875000.0,58793.0,0.924061,4.180335,10,2,0
2024-03-01,retro,2024-03-01,2025-06-01,15,872439.0,797090.0,947788.0,False,875000.0,58793.0,0.924061,4.180335,10,2,0
2024-03-01,retro,2024-03-01,2025-07-01,16,872439.0,797090.0,947788.0,False,875000.0,58793.0,0.924061,4.180335,10,2,0
2024-03-01,retro,2024-03-01,2025-08-01,17,872439.0,797090.0,947788.0,False,875000.0,58793.0,0.924061,4.180335,10,2,0
2024-03-01,retro,2024-03-01,2025-09-01,18,872439.0,797090.0,947788.0,False,875000.0,58793.0,0.924061,4.180335,10,2,0
2024-04-01,retro,2024-04-01,2024-05-01,1,912005.0,837505.0,986505.0,False,870000.0,58130.0,0.923655,4.174538,10,2,0
2024-04-01,retro,2024-04-01,2024-06-01,2,898441.0,823942.0,972941.0,False,870000.0,58130.0,0.923655,4.174538,10,2,0
2024-04-01,retro,2024-04-01,2024-07-01,3,893920.0,819420.0,968420.0,False,870000.0,58130.0,0.923655,4.174538,10,2,0
2024-04-01,retro,2024-04-01,2024-08-01,4,887591.0,813091.0,962091.0,False,870000.0,58130.0,0.923655,4.174538,10,2,0
2024-04-01,retro,2024-04-01,2024-09-01,5,879452.0,804952.0,953952.0,False,870000.0,58130.0,0.923655,4.174538,10,2,0
2024-04-01,retro,2024-04-01,2024-10-01,6,872219.0,797719.0,946719.0,False,870000.0,58130.0,0.923655,4.174538,10,2,0
2024-04-01,retro,2024-04-01,2024-11-01,7,873123.0,798623.0,947623.0,False,870000.0,58130.0,0.923655,4.174538,10,2,0
2024-04-01,retro,2024-04-01,2024-12-01,8,880357.0,805857.0,954857.0,False,870000.0,58130.0,0.923655,4.174538,10,2,0
2024-04-01,retro,2024-04-01,2025-01-01,9,881261.0,806761.0,955761.0,False,870000.0,58130.0,0.923655,4.174538,10,2,0
2024-04-01,retro,2024-04-01,2025-02-01,10,882165.0,807665.0,956665.0,False,870000.0,58130.0,0.923655,4.174538,10,2,0
2024-04-01,retro,2024-04-01,2025-03-01,11,882165.0,807665.0,956665.0,False,870000.0,58130.0,0.923655,4.174538,10,2,0
2024-04-01,retro,2024-04-01,2025-04-01,12,882165.0,807665.0,956665.0,False,870000.0,58130.0,0.923655,4.174538,10,2,0
2024-04-01,retro,2024-04-01,2025-05-01,13,882165.0,807665.0,956665.0,False,870000.0,58130.0,0.923655,4.174538,10,2,0
2024-04-01,retro,2024-04-01,2025-06-01,14,882165.0,807665.0,956665.0,False,870000.0,58130.0,0.923655,4.174538,10,2,0
2024-04-01,retro,2024-04-01,2025-07-01,15,882165.0,807665.0,956665.0,False,870000.0,58130.0,0.923655,4.174538,10,2,0
2024-04-01,retro,2024-04-01,2025-08-01,16,882165.0,807665.0,956665.0,False,870000.0,58130.0,0.923655,4.174538,10,2,0
2024-04-01,retro,2024-04-01,2025-09-01,17,882165.0,807665.0,956665.0,False,870000.0,58130.0,0.923655,4.174538,10,2,0
2024-04-01,retro,2024-04-01,2025-10-01,18,882165.0,807665.0,956665.0,False,870000.0,58130.0,0.923655,4.174538,10,2,0
2024-05-01,retro,2024-05-01,2024-06-01,1,896812.0,822897.0,970727.0,False,856000.0,57674.0,0.923192,4.203677,10,2,0
2024-05-01,retro,2024-05-01,2024-07-01,2,905704.0,831789.0,979619.0,False,856000.0,57674.0,0.923192,4.203677,10,2,0
2024-05-01,retro,2024-05-01,2024-08-01,3,899367.0,825452.0,973282.0,False,856000.0,57674.0,0.923192,4.203677,10,2,0
2024-05-01,retro,2024-05-01,2024-09-01,4,891221.0,817306.0,965136.0,False,856000.0,57674.0,0.923192,4.203677,10,2,0
2024-05-01,retro,2024-05-01,2024-10-01,5,883979.0,810064.0,957894.0,False,856000.0,57674.0,0.923192,4.203677,10,2,0
2024-05-01,retro,2024-05-01,2024-11-01,6,884884.0,810969.0,958799.0,False,856000.0,57674.0,0.923192,4.203677,10,2,0
2024-05-01,retro,2024-05-01,2024-12-01,7,892126.0,818211.0,966041.0,False,856000.0,57674.0,0.923192,4.203677,10,2,0
2024-05-01,retro,2024-05-01,2025-01-01,8,893031.0,819116.0,966946.0,False,856000.0,57674.0,0.923192,4.203677,10,2,0
2024-05-01,retro,2024-05-01,2025-02-01,9,893936.0,820021.0,967851.0,False,856000.0,57674.0,0.923192,4.203677,10,2,0
2024-05-01,retro,2024-05-01,2025-03-01,10,894841.0,820926.0,968756.0,False,856000.0,57674.0,0.923192,4.203677,10,2,0
2024-05-01,retro,2024-05-01,2025-04-01,11,894841.0,820926.0,968756.0,False,856000.0,57674.0,0.923192,4.203677,10,2,0
2024-05-01,retro,2024-05-01,2025-05-01,12,894841.0,820926.0,968756.0,False,856000.0,57674.0,0.923192,4.203677,10,2,0
2024-05-01,retro,2024-05-01,2025-06-01,13,894841.0,820926.0,968756.0,False,856000.0,57674.0,0.923192,4.203677,10,2,0
2024-05-01,retro,2024-05-01,2025-07-01,14,894841.0,820926.0,968756.0,False,856000.0,57674.0,0.923192,4.203677,10,2,0
2024-05-01,retro,2024-05-01,2025-08-01,15,894841.0,820926.0,968756.0,False,856000.0,57674.0,0.923192,4.203677,10,2,0
2024-05-01,retro,2024-05-01,2025-09-01,16,894841.0,820926.0,968756.0,False,856000.0,57674.0,0.923192,4.203677,10,2,0
2024-05-01,retro,2024-05-01,2025-10-01,17,894841.0,820926.0,968756.0,False,856000.0,57674.0,0.923192,4.203677,10,2,0
2024-05-01,retro,2024-05-01,2025-11-01,18,894841.0,820926.0,968756.0,False,856000.0,57674.0,0.923192,4.203677,10,2,0
2024-06-01,retro,2024-06-01,2024-07-01,1,904191.0,830619.0,977764.0,False,837000.0,57407.0,0.922672,4.258822,10,2,0
2024-06-01,retro,2024-06-01,2024-08-01,2,870606.0,797034.0,944179.0,False,837000.0,57407.0,0.922672,4.258822,10,2,0
2024-06-01,retro,2024-06-01,2024-09-01,3,862448.0,788876.0,936021.0,False,837000.0,57407.0,0.922672,4.258822,10,2,0
2024-06-01,retro,2024-06-01,2024-10-01,4,855197.0,781624.0,928770.0,False,837000.0,57407.0,0.922672,4.258822,10,2,0
2024-06-01,retro,2024-06-01,2024-11-01,5,856103.0,782531.0,929676.0,False,837000.0,57407.0,0.922672,4.258822,10,2,0
2024-06-01,retro,2024-06-01,2024-12-01,6,863355.0,789782.0,936927.0,False,837000.0,57407.0,0.922672,4.258822,10,2,0
2024-06-01,retro,2024-06-01,2025-01-01,7,864261.0,790689.0,937834.0,False,837000.0,57407.0,0.922672,4.258822,10,2,0
2024-06-01,retro,2024-06-01,2025-02-01,8,865168.0,791595.0,938740.0,False,837000.0,57407.0,0.922672,4.258822,10,2,0
2024-06-01,retro,2024-06-01,2025-03-01,9,866074.0,792501.0,939647.0,False,837000.0,57407.0,0.922672,4.258822,10,2,0
2024-06-01,retro,2024-06-01,2025-04-01,10,870606.0,797034.0,944179.0,False,837000.0,57407.0,0.922672,4.258822,10,2,0
2024-06-01,retro,2024-06-01,2025-05-01,11,870606.0,797034.0,944179.0,False,837000.0,57407.0,0.922672,4.258822,10,2,0
2024-06-01,retro,2024-06-01,2025-06-01,12,870606.0,797034.0,944179.0,False,837000.0,57407.0,0.922672,4.258822,10,2,0
2024-06-01,retro,2024-06-01,2025-07-01,13,870606.0,797034.0,944179.0,False,837000.0,57407.0,0.922672,4.258822,10,2,0
2024-06-01,retro,2024-06-01,2025-08-01,14,870606.0,797034.0,944179.0,False,837000.0,57407.0,0.922672,4.258822,10,2,0
2024-06-01,retro,2024-06-01,2025-09-01,15,870606.0,797034.0,944179.0,False,837000.0,57407.0,0.922672,4.258822,10,2,0
2024-06-01,retro,2024-06-01,2025-10-01,16,870606.0,797034.0,944179.0,False,837000.0,57407.0,0.922672,4.258822,10,2,0
2024-06-01,retro,2024-06-01,2025-11-01,17,870606.0,797034.0,944179.0,False,837000.0,57407.0,0.922672,4.258822,10,2,0
2024-06-01,retro,2024-06-01,2025-12-01,18,870606.0,797034.0,944179.0,False,837000.0,57407.0,0.922672,4.258822,10,2,0
2024-07-01,retro,2024-07-01,2024-08-01,1,864161.0,790895.0,937427.0,False,837000.0,57168.0,0.922189,4.310188,10,2,0
2024-07-01,retro,2024-07-01,2024-09-01,2,924684.0,851418.0,997951.0,False,837000.0,57168.0,0.922189,4.310188,10,2,0
2024-07-01,retro,2024-07-01,2024-10-01,3,917423.0,844157.0,990689.0,False,837000.0,57168.0,0.922189,4.310188,10,2,0
2024-07-01,retro,2024-07-01,2024-11-01,4,918331.0,845064.0,991597.0,False,837000.0,57168.0,0.922189,4.310188,10,2,0
2024-07-01,retro,2024-07-01,2024-12-01,5,925592.0,852325.0,998858.0,False,837000.0,57168.0,0.922189,4.310188,10,2,0
2024-07-01,retro,2024-07-01,2025-01-01,6,926500.0,853233.0,999766.0,False,837000.0,57168.0,0.922189,4.310188,10,2,0
2024-07-01,retro,2024-07-01,2025-02-01,7,927407.0,854141.0,1000674.0,False,837000.0,57168.0,0.922189,4.310188,10,2,0
2024-07-01,retro,2024-07-01,2025-03-01,8,928315.0,855048.0,1001581.0,False,837000.0,57168.0,0.922189,4.310188,10,2,0
2024-07-01,retro,2024-07-01,2025-04-01,9,932853.0,859587.0,1006120.0,False,837000.0,57168.0,0.922189,4.310188,10,2,0
2024-07-01,retro,2024-07-01,2025-05-01,10,935576.0,862310.0,1008843.0,False,837000.0,57168.0,0.922189,4.310188,10,2,0
2024-07-01,retro,2024-07-01,2025-06-01,11,935576.0,862310.0,1008843.0,False,837000.0,57168.0,0.922189,4.310188,10,2,0
2024-07-01,retro,2024-07-01,2025-07-01,12,935576.0,862310.0,1008843.0,False,837000.0,57168.0,0.922189,4.310188,10,2,0
2024-07-01,retro,2024-07-01,2025-08-01,13,935576.0,862310.0,1008843.0,False,837000.0,57168.0,0.922189,4.310188,10,2,0
2024-07-01,retro,2024-07-01,2025-09-01,14,935576.0,862310.0,1008843.0,False,837000.0,57168.0,0.922189,4.310188,10,2,0
2024-07-01,retro,2024-07-01,2025-10-01,15,935576.0,862310.0,1008843.0,False,837000.0,57168.0,0.922189,4.310188,10,2,0
2024-07-01,retro,2024-07-01,2025-11-01,16,935576.0,862310.0,1008843.0,False,837000.0,57168.0,0.922189,4.310188,10,2,0
2024-07-01,retro,2024-07-01,2025-12-01,17,935576.0,862310.0,1008843.0,False,837000.0,57168.0,0.922189,4.310188,10,2,0
2024-07-01,retro,2024-07-01,2026-01-01,18,935576.0,862310.0,1008843.0,False,837000.0,57168.0,0.922189,4.310188,10,2,0
2024-08-01,retro,2024-08-01,2024-09-01,1,924286.0,851960.0,996611.0,False,833000.0,56434.0,0.922058,4.267267,10,2,0
2024-08-01,retro,2024-08-01,2024-10-01,2,903157.0,830832.0,975482.0,False,833000.0,56434.0,0.922058,4.267267,10,2,0
2024-08-01,retro,2024-08-01,2024-11-01,3,904065.0,831740.0,976391.0,False,833000.0,56434.0,0.922058,4.267267,10,2,0
2024-08-01,retro,2024-08-01,2024-12-01,4,911332.0,839007.0,983657.0,False,833000.0,56434.0,0.922058,4.267267,10,2,0
2024-08-01,retro,2024-08-01,2025-01-01,5,912240.0,839915.0,984565.0,False,833000.0,56434.0,0.922058,4.267267,10,2,0
2024-08-01,retro,2024-08-01,2025-02-01,6,913149.0,840823.0,985474.0,False,833000.0,56434.0,0.922058,4.267267,10,2,0
2024-08-01,retro,2024-08-01,2025-03-01,7,914057.0,841732.0,986382.0,False,833000.0,56434.0,0.922058,4.267267,10,2,0
2024-08-01,retro,2024-08-01,2025-04-01,8,918598.0,846273.0,990924.0,False,833000.0,56434.0,0.922058,4.267267,10,2,0
2024-08-01,retro,2024-08-01,2025-05-01,9,921323.0,848998.0,993649.0,False,833000.0,56434.0,0.922058,4.267267,10,2,0
2024-08-01,retro,2024-08-01,2025-06-01,10,924048.0,851723.0,996373.0,False,833000.0,56434.0,0.922058,4.267267,10,2,0
2024-08-01,retro,2024-08-01,2025-07-01,11,924048.0,851723.0,996373.0,False,833000.0,56434.0,0.922058,4.267267,10,2,0
2024-08-01,retro,2024-08-01,2025-08-01,12,924048.0,851723.0,996373.0,False,833000.0,56434.0,0.922058,4.267267,10,2,0
2024-08-01,retro,2024-08-01,2025-09-01,13,924048.0,851723.0,996373.0,False,833000.0,56434.0,0.922058,4.267267,10,2,0
2024-08-01,retro,2024-08-01,2025-10-01,14,924048.0,851723.0,996373.0,False,833000.0,56434.0,0.922058,4.267267,10,2,0
2024-08-01,retro,2024-08-01,2025-11-01,15,924048.0,851723.0,996373.0,False,833000.0,56434.0,0.922058,4.267267,10,2,0
2024-08-01,retro,2024-08-01,2025-12-01,16,924048.0,851723.0,996373.0,False,833000.0,56434.0,0.922058,4.267267,10,2,0
2024-08-01,retro,2024-08-01,2026-01-01,17,924048.0,851723.0,996373.0,False,833000.0,56434.0,0.922058,4.267267,10,2,0
2024-08-01,retro,2024-08-01,2026-02-01,18,924048.0,851723.0,996373.0,False,833000.0,56434.0,0.922058,4.267267,10,2,0
2024-09-01,retro,2024-09-01,2024-10-01,1,901765.0,828035.0,975494.0,False,832000.0,57529.0,0.920794,4.44925,10,2,0
2024-09-01,retro,2024-09-01,2024-11-01,2,888859.0,815130.0,962589.0,False,832000.0,57529.0,0.920794,4.44925,10,2,0
2024-09-01,retro,2024-09-01,2024-12-01,3,896148.0,822419.0,969878.0,False,832000.0,57529.0,0.920794,4.44925,10,2,0
2024-09-01,retro,2024-09-01,2025-01-01,4,897059.0,823330.0,970789.0,False,832000.0,57529.0,0.920794,4.44925,10,2,0
2024-09-01,retro,2024-09-01,2025-02-01,5,897971.0,824241.0,971700.0,False,832000.0,57529.0,0.920794,4.44925,10,2,0
2024-09-01,retro,2024-09-01,2025-03-01,6,898882.0,825152.0,972611.0,False,832000.0,57529.0,0.920794,4.44925,10,2,0
2024-09-01,retro,2024-09-01,2025-04-01,7,903437.0,829708.0,977167.0,False,832000.0,57529.0,0.920794,4.44925,10,2,0
2024-09-01,retro,2024-09-01,2025-05-01,8,906171.0,832441.0,979900.0,False,832000.0,57529.0,0.920794,4.44925,10,2,0
2024-09-01,retro,2024-09-01,2025-06-01,9,908904.0,835175.0,982633.0,False,832000.0,57529.0,0.920794,4.44925,10,2,0
2024-09-01,retro,2024-09-01,2025-07-01,10,912548.0,838819.0,986278.0,False,832000.0,57529.0,0.920794,4.44925,10,2,0
2024-09-01,retro,2024-09-01,2025-08-01,11,912548.0,838819.0,986278.0,False,832000.0,57529.0,0.920794,4.44925,10,2,0
2024-09-01,retro,2024-09-01,2025-09-01,12,912548.0,838819.0,986278.0,False,832000.0,57529.0,0.920794,4.44925,10,2,0
2024-09-01,retro,2024-09-01,2025-10-01,13,912548.0,838819.0,986278.0,False,832000.0,57529.0,0.920794,4.44925,10,2,0
2024-09-01,retro,2024-09-01,2025-11-01,14,912548.0,838819.0,986278.0,False,832000.0,57529.0,0.920794,4.44925,10,2,0
2024-09-01,retro,2024-09-01,2025-12-01,15,912548.0,838819.0,986278.0,False,832000.0,57529.0,0.920794,4.44925,10,2,0
2024-09-01,retro,2024-09-01,2026-01-01,16,912548.0,838819.0,986278.0,False,832000.0,57529.0,0.920794,4.44925,10,2,0
2024-09-01,retro,2024-09-01,2026-02-01,17,912548.0,838819.0,986278.0,False,832000.0,57529.0,0.920794,4.44925,10,2,0
2024-09-01,retro,2024-09-01,2026-03-01,18,912548.0,838819.0,986278.0,False,832000.0,57529.0,0.920794,4.44925,10,2,0
2024-10-01,retro,2024-10-01,2024-11-01,1,892420.0,818117.0,966722.0,False,835000.0,57977.0,0.91993,4.569763,10,2,0
2024-10-01,retro,2024-10-01,2024-12-01,2,913595.0,839292.0,987898.0,False,835000.0,57977.0,0.91993,4.569763,10,2,0
2024-10-01,retro,2024-10-01,2025-01-01,3,914509.0,840206.0,988811.0,False,835000.0,57977.0,0.91993,4.569763,10,2,0
2024-10-01,retro,2024-10-01,2025-02-01,4,915422.0,841119.0,989725.0,False,835000.0,57977.0,0.91993,4.569763,10,2,0
2024-10-01,retro,2024-10-01,2025-03-01,5,916336.0,842033.0,990638.0,False,835000.0,57977.0,0.91993,4.569763,10,2,0
2024-10-01,retro,2024-10-01,2025-04-01,6,920903.0,846601.0,995206.0,False,835000.0,57977.0,0.91993,4.569763,10,2,0
2024-10-01,retro,2024-10-01,2025-05-01,7,923644.0,849341.0,997947.0,False,835000.0,57977.0,0.91993,4.569763,10,2,0
2024-10-01,retro,2024-10-01,2025-06-01,8,926385.0,852082.0,1000687.0,False,835000.0,57977.0,0.91993,4.569763,10,2,0
2024-10-01,retro,2024-10-01,2025-07-01,9,930039.0,855736.0,1004342.0,False,835000.0,57977.0,0.91993,4.569763,10,2,0
2024-10-01,retro,2024-10-01,2025-08-01,10,935520.0,861218.0,1009823.0,False,835000.0,57977.0,0.91993,4.569763,10,2,0
2024-10-01,retro,2024-10-01,2025-09-01,11,935520.0,861218.0,1009823.0,False,835000.0,57977.0,0.91993,4.569763,10,2,0
2024-10-01,retro,2024-10-01,2025-10-01,12,935520.0,861218.0,1009823.0,False,835000.0,57977.0,0.91993,4.569763,10,2,0
2024-10-01,retro,2024-10-01,2025-11-01,13,935520.0,861218.0,1009823.0,False,835000.0,57977.0,0.91993,4.569763,10,2,0
2024-10-01,retro,2024-10-01,2025-12-01,14,935520.0,861218.0,1009823.0,False,835000.0,57977.0,0.91993,4.569763,10,2,0
2024-10-01,retro,2024-10-01,2026-01-01,15,935520.0,861218.0,1009823.0,False,835000.0,57977.0,0.91993,4.569763,10,2,0
2024-10-01,retro,2024-10-01,2026-02-01,16,935520.0,861218.0,1009823.0,False,835000.0,57977.0,0.91993,4.569763,10,2,0
2024-10-01,retro,2024-10-01,2026-03-01,17,935520.0,861218.0,1009823.0,False,835000.0,57977.0,0.91993,4.569763,10,2,0
2024-10-01,retro,2024-10-01,2026-04-01,18,935520.0,861218.0,1009823.0,False,835000.0,57977.0,0.91993,4.569763,10,2,0
2024-11-01,retro,2024-11-01,2024-12-01,1,912629.0,838468.0,986791.0,False,835000.0,57867.0,0.919448,4.623945,10,2,0
2024-11-01,retro,2024-11-01,2025-01-01,2,927490.0,853328.0,1001652.0,False,835000.0,57867.0,0.919448,4.623945,10,2,0
2024-11-01,retro,2024-11-01,2025-02-01,3,928405.0,854244.0,1002567.0,False,835000.0,57867.0,0.919448,4.623945,10,2,0
2024-11-01,retro,2024-11-01,2025-03-01,4,929320.0,855159.0,1003482.0,False,835000.0,57867.0,0.919448,4.623945,10,2,0
2024-11-01,retro,2024-11-01,2025-04-01,5,933897.0,859735.0,1008058.0,False,835000.0,57867.0,0.919448,4.623945,10,2,0
2024-11-01,retro,2024-11-01,2025-05-01,6,936642.0,862481.0,1010804.0,False,835000.0,57867.0,0.919448,4.623945,10,2,0
2024-11-01,retro,2024-11-01,2025-06-01,7,939388.0,865226.0,1013550.0,False,835000.0,57867.0,0.919448,4.623945,10,2,0
2024-11-01,retro,2024-11-01,2025-07-01,8,943049.0,868887.0,1017210.0,False,835000.0,57867.0,0.919448,4.623945,10,2,0
2024-11-01,retro,2024-11-01,2025-08-01,9,948540.0,874378.0,1022702.0,False,835000.0,57867.0,0.919448,4.623945,10,2,0
2024-11-01,retro,2024-11-01,2025-09-01,10,957692.0,883531.0,1031854.0,False,835000.0,57867.0,0.919448,4.623945,10,2,0
2024-11-01,retro,2024-11-01,2025-10-01,11,957692.0,883531.0,1031854.0,False,835000.0,57867.0,0.919448,4.623945,10,2,0
2024-11-01,retro,2024-11-01,2025-11-01,12,957692.0,883531.0,1031854.0,False,835000.0,57867.0,0.919448,4.623945,10,2,0
2024-11-01,retro,2024-11-01,2025-12-01,13,957692.0,883531.0,1031854.0,False,835000.0,57867.0,0.919448,4.623945,10,2,0
2024-11-01,retro,2024-11-01,2026-01-01,14,957692.0,883531.0,1031854.0,False,835000.0,57867.0,0.919448,4.623945,10,2,0
2024-11-01,retro,2024-11-01,2026-02-01,15,957692.0,883531.0,1031854.0,False,835000.0,57867.0,0.919448,4.623945,10,2,0
2024-11-01,retro,2024-11-01,2026-03-01,16,957692.0,883531.0,1031854.0,False,835000.0,57867.0,0.919448,4.623945,10,2,0
2024-11-01,retro,2024-11-01,2026-04-01,17,957692.0,883531.0,1031854.0,False,835000.0,57867.0,0.919448,4.623945,10,2,0
2024-11-01,retro,2024-11-01,2026-05-01,18,957692.0,883531.0,1031854.0,False,835000.0,57867.0,0.919448,4.623945,10,2,0
2024-12-01,retro,2024-12-01,2025-01-01,1,926453.0,852045.0,1000862.0,False,845000.0,58059.0,0.918768,4.707351,10,2,0
2024-12-01,retro,2024-12-01,2025-02-01,2,913392.0,838984.0,987801.0,False,845000.0,58059.0,0.918768,4.707351,10,2,0
2024-12-01,retro,2024-12-01,2025-03-01,3,914310.0,839901.0,988718.0,False,845000.0,58059.0,0.918768,4.707351,10,2,0
2024-12-01,retro,2024-12-01,2025-04-01,4,918895.0,844486.0,993304.0,False,845000.0,58059.0,0.918768,4.707351,10,2,0
2024-12-01,retro,2024-12-01,2025-05-01,5,921646.0,847238.0,996055.0,False,845000.0,58059.0,0.918768,4.707351,10,2,0
2024-12-01,retro,2024-12-01,2025-06-01,6,924398.0,849989.0,998807.0,False,845000.0,58059.0,0.918768,4.707351,10,2,0
2024-12-01,retro,2024-12-01,2025-07-01,7,928066.0,853657.0,1002475.0,False,845000.0,58059.0,0.918768,4.707351,10,2,0
2024-12-01,retro,2024-12-01,2025-08-01,8,933569.0,859160.0,1007978.0,False,845000.0,58059.0,0.918768,4.707351,10,2,0
2024-12-01,retro,2024-12-01,2025-09-01,9,942740.0,868331.0,1017149.0,False,845000.0,58059.0,0.918768,4.707351,10,2,0
2024-12-01,retro,2024-12-01,2025-10-01,10,945491.0,871082.0,1019900.0,False,845000.0,58059.0,0.918768,4.707351,10,2,0
2024-12-01,retro,2024-12-01,2025-11-01,11,945491.0,871082.0,1019900.0,False,845000.0,58059.0,0.918768,4.707351,10,2,0
2024-12-01,retro,2024-12-01,2025-12-01,12,945491.0,871082.0,1019900.0,False,845000.0,58059.0,0.918768,4.707351,10,2,0
2024-12-01,retro,2024-12-01,2026-01-01,13,945491.0,871082.0,1019900.0,False,845000.0,58059.0,0.918768,4.707351,10,2,0
2024-12-01,retro,2024-12-01,2026-02-01,14,945491.0,871082.0,1019900.0,False,845000.0,58059.0,0.918768,4.707351,10,2,0
2024-12-01,retro,2024-12-01,2026-03-01,15,945491.0,871082.0,1019900.0,False,845000.0,58059.0,0.918768,4.707351,10,2,0
2024-12-01,retro,2024-12-01,2026-04-01,16,945491.0,871082.0,1019900.0,False,845000.0,58059.0,0.918768,4.707351,10,2,0
2024-12-01,retro,2024-12-01,2026-05-01,17,945491.0,871082.0,1019900.0,False,845000.0,58059.0,0.918768,4.707351,10,2,0
2024-12-01,retro,2024-12-01,2026-06-01,18,945491.0,871082.0,1019900.0,False,845000.0,58059.0,0.918768,4.707351,10,2,0
2025-01-01,retro,2025-01-01,2025-02-01,1,907765.0,833221.0,982309.0,False,853000.0,58165.0,0.918149,4.774871,10,2,0
2025-01-01,retro,2025-01-01,2025-03-01,2,894753.0,820209.0,969297.0,False,853000.0,58165.0,0.918149,4.774871,10,2,0
2025-01-01,retro,2025-01-01,2025-04-01,3,899347.0,824803.0,973891.0,False,853000.0,58165.0,0.918149,4.774871,10,2,0
2025-01-01,retro,2025-01-01,2025-05-01,4,902104.0,827559.0,976648.0,False,853000.0,58165.0,0.918149,4.774871,10,2,0
2025-01-01,retro,2025-01-01,2025-06-01,5,904860.0,830316.0,979404.0,False,853000.0,58165.0,0.918149,4.774871,10,2,0
2025-01-01,retro,2025-01-01,2025-07-01,6,908536.0,833992.0,983080.0,False,853000.0,58165.0,0.918149,4.774871,10,2,0
2025-01-01,retro,2025-01-01,2025-08-01,7,914049.0,839505.0,988593.0,False,853000.0,58165.0,0.918149,4.774871,10,2,0
2025-01-01,retro,2025-01-01,2025-09-01,8,923237.0,848693.0,997781.0,False,853000.0,58165.0,0.918149,4.774871,10,2,0
2025-01-01,retro,2025-01-01,2025-10-01,9,925994.0,851450.0,1000538.0,False,853000.0,58165.0,0.918149,4.774871,10,2,0
2025-01-01,retro,2025-01-01,2025-11-01,10,928751.0,854207.0,1003295.0,False,853000.0,58165.0,0.918149,4.774871,10,2,0
2025-01-01,retro,2025-01-01,2025-12-01,11,928751.0,854207.0,1003295.0,False,853000.0,58165.0,0.918149,4.774871,10,2,0
2025-01-01,retro,2025-01-01,2026-01-01,12,928751.0,854207.0,1003295.0,False,853000.0,58165.0,0.918149,4.774871,10,2,0
2025-01-01,retro,2025-01-01,2026-02-01,13,928751.0,854207.0,1003295.0,False,853000.0,58165.0,0.918149,4.774871,10,2,0
2025-01-01,retro,2025-01-01,2026-03-01,14,928751.0,854207.0,1003295.0,False,853000.0,58165.0,0.918149,4.774871,10,2,0
2025-01-01,retro,2025-01-01,2026-04-01,15,928751.0,854207.0,1003295.0,False,853000.0,58165.0,0.918149,4.774871,10,2,0
2025-01-01,retro,2025-01-01,2026-05-01,16,928751.0,854207.0,1003295.0,False,853000.0,58165.0,0.918149,4.774871,10,2,0
2025-01-01,retro,2025-01-01,2026-06-01,17,928751.0,854207.0,1003295.0,False,853000.0,58165.0,0.918149,4.774871,10,2,0
2025-01-01,retro,2025-01-01,2026-07-01,18,928751.0,854207.0,1003295.0,False,853000.0,58165.0,0.918149,4.774871,10,2,0
2025-02-01,retro,2025-02-01,2025-03-01,1,894071.0,819881.0,968260.0,False,860000.0,57888.0,0.917807,4.791513,10,2,0
2025-02-01,retro,2025-02-01,2025-04-01,2,884723.0,810533.0,958912.0,False,860000.0,57888.0,0.917807,4.791513,10,2,0
2025-02-01,retro,2025-02-01,2025-05-01,3,887483.0,813294.0,961672.0,False,860000.0,57888.0,0.917807,4.791513,10,2,0
2025-02-01,retro,2025-02-01,2025-06-01,4,890243.0,816054.0,964432.0,False,860000.0,57888.0,0.917807,4.791513,10,2,0
2025-02-01,retro,2025-02-01,2025-07-01,5,893924.0,819734.0,968113.0,False,860000.0,57888.0,0.917807,4.791513,10,2,0
2025-02-01,retro,2025-02-01,2025-08-01,6,899444.0,825255.0,973633.0,False,860000.0,57888.0,0.917807,4.791513,10,2,0
2025-02-01,retro,2025-02-01,2025-09-01,7,908645.0,834456.0,982834.0,False,860000.0,57888.0,0.917807,4.791513,10,2,0
2025-02-01,retro,2025-02-01,2025-10-01,8,911406.0,837216.0,985595.0,False,860000.0,57888.0,0.917807,4.791513,10,2,0
2025-02-01,retro,2025-02-01,2025-11-01,9,914166.0,839977.0,988355.0,False,860000.0,57888.0,0.917807,4.791513,10,2,0
2025-02-01,retro,2025-02-01,2025-12-01,10,923367.0,849178.0,997556.0,False,860000.0,57888.0,0.917807,4.791513,10,2,0
2025-02-01,retro,2025-02-01,2026-01-01,11,923367.0,849178.0,997556.0,False,860000.0,57888.0,0.917807,4.791513,10,2,0
2025-02-01,retro,2025-02-01,2026-02-01,12,923367.0,849178.0,997556.0,False,860000.0,57888.0,0.917807,4.791513,10,2,0
2025-02-01,retro,2025-02-01,2026-03-01,13,923367.0,849178.0,997556.0,False,860000.0,57888.0,0.917807,4.791513,10,2,0
2025-02-01,retro,2025-02-01,2026-04-01,14,923367.0,849178.0,997556.0,False,860000.0,57888.0,0.917807,4.791513,10,2,0
2025-02-01,retro,2025-02-01,2026-05-01,15,923367.0,849178.0,997556.0,False,860000.0,57888.0,0.917807,4.791513,10,2,0
2025-02-01,retro,2025-02-01,2026-06-01,16,923367.0,849178.0,997556.0,False,860000.0,57888.0,0.917807,4.791513,10,2,0
2025-02-01,retro,2025-02-01,2026-07-01,17,923367.0,849178.0,997556.0,False,860000.0,57888.0,0.917807,4.791513,10,2,0
2025-02-01,retro,2025-02-01,2026-08-01,18,923367.0,849178.0,997556.0,False,860000.0,57888.0,0.917807,4.791513,10,2,0
2025-03-01,retro,2025-03-01,2025-04-01,1,884525.0,811253.0,957797.0,False,882000.0,57172.0,0.917789,4.702991,10,2,0
2025-03-01,retro,2025-03-01,2025-05-01,2,901249.0,827977.0,974521.0,False,882000.0,57172.0,0.917789,4.702991,10,2,0
2025-03-01,retro,2025-03-01,2025-06-01,3,904011.0,830738.0,977283.0,False,882000.0,57172.0,0.917789,4.702991,10,2,0
2025-03-01,retro,2025-03-01,2025-07-01,4,907692.0,834420.0,980964.0,False,882000.0,57172.0,0.917789,4.702991,10,2,0
2025-03-01,retro,2025-03-01,2025-08-01,5,913214.0,839942.0,986486.0,False,882000.0,57172.0,0.917789,4.702991,10,2,0
2025-03-01,retro,2025-03-01,2025-09-01,6,922418.0,849146.0,995690.0,False,882000.0,57172.0,0.917789,4.702991,10,2,0
2025-03-01,retro,2025-03-01,2025-10-01,7,925179.0,851907.0,998452.0,False,882000.0,57172.0,0.917789,4.702991,10,2,0
2025-03-01,retro,2025-03-01,2025-11-01,8,927941.0,854669.0,1001213.0,False,882000.0,57172.0,0.917789,4.702991,10,2,0
2025-03-01,retro,2025-03-01,2025-12-01,9,937144.0,863872.0,1010417.0,False,882000.0,57172.0,0.917789,4.702991,10,2,0
2025-03-01,retro,2025-03-01,2026-01-01,10,933463.0,860191.0,1006735.0,False,882000.0,57172.0,0.917789,4.702991,10,2,0
2025-03-01,retro,2025-03-01,2026-02-01,11,933463.0,860191.0,1006735.0,False,882000.0,57172.0,0.917789,4.702991,10,2,0
2025-03-01,retro,2025-03-01,2026-03-01,12,933463.0,860191.0,1006735.0,False,882000.0,57172.0,0.917789,4.702991,10,2,0
2025-03-01,retro,2025-03-01,2026-04-01,13,933463.0,860191.0,1006735.0,False,882000.0,57172.0,0.917789,4.702991,10,2,0
2025-03-01,retro,2025-03-01,2026-05-01,14,933463.0,860191.0,1006735.0,False,882000.0,57172.0,0.917789,4.702991,10,2,0
2025-03-01,retro,2025-03-01,2026-06-01,15,933463.0,860191.0,1006735.0,False,882000.0,57172.0,0.917789,4.702991,10,2,0
2025-03-01,retro,2025-03-01,2026-07-01,16,933463.0,860191.0,1006735.0,False,882000.0,57172.0,0.917789,4.702991,10,2,0
2025-03-01,retro,2025-03-01,2026-08-01,17,933463.0,860191.0,1006735.0,False,882000.0,57172.0,0.917789,4.702991,10,2,0
2025-03-01,retro,2025-03-01,2026-09-01,18,933463.0,860191.0,1006735.0,False,882000.0,57172.0,0.917789,4.702991,10,2,0
2025-04-01,retro,2025-04-01,2025-05-01,1,896869.0,824484.0,969254.0,False,898000.0,56480.0,0.917785,4.622457,10,2,0
2025-04-01,retro,2025-04-01,2025-06-01,2,871787.0,799402.0,944172.0,False,898000.0,56480.0,0.917785,4.622457,10,2,0
2025-04-01,retro,2025-04-01,2025-07-01,3,875467.0,803082.0,947852.0,False,898000.0,56480.0,0.917785,4.622457,10,2,0
2025-04-01,retro,2025-04-01,2025-08-01,4,880986.0,808601.0,953371.0,False,898000.0,56480.0,0.917785,4.622457,10,2,0
2025-04-01,retro,2025-04-01,2025-09-01,5,890185.0,817800.0,962570.0,False,898000.0,56480.0,0.917785,4.622457,10,2,0
2025-04-01,retro,2025-04-01,2025-10-01,6,892945.0,820560.0,965330.0,False,898000.0,56480.0,0.917785,4.622457,10,2,0
2025-04-01,retro,2025-04-01,2025-11-01,7,895705.0,823320.0,968090.0,False,898000.0,56480.0,0.917785,4.622457,10,2,0
2025-04-01,retro,2025-04-01,2025-12-01,8,904904.0,832519.0,977289.0,False,898000.0,56480.0,0.917785,4.622457,10,2,0
2025-04-01,retro,2025-04-01,2026-01-01,9,901224.0,828839.0,973609.0,False,898000.0,56480.0,0.917785,4.622457,10,2,0
2025-04-01,retro,2025-04-01,2026-02-01,10,903064.0,830679.0,975449.0,False,898000.0,56480.0,0.917785,4.622457,10,2,0
2025-04-01,retro,2025-04-01,2026-03-01,11,903064.0,830679.0,975449.0,False,898000.0,56480.0,0.917785,4.622457,10,2,0
2025-04-01,retro,2025-04-01,2026-04-01,12,903064.0,830679.0,975449.0,False,898000.0,56480.0,0.917785,4.622457,10,2,0
2025-04-01,retro,2025-04-01,2026-05-01,13,903064.0,830679.0,975449.0,False,898000.0,56480.0,0.917785,4.622457,10,2,0
2025-04-01,retro,2025-04-01,2026-06-01,14,903064.0,830679.0,975449.0,False,898000.0,56480.0,0.917785,4.622457,10,2,0
2025-04-01,retro,2025-04-01,2026-07-01,15,903064.0,830679.0,975449.0,False,898000.0,56480.0,0.917785,4.622457,10,2,0
2025-04-01,retro,2025-04-01,2026-08-01,16,903064.0,830679.0,975449.0,False,898000.0,56480.0,0.917785,4.622457,10,2,0
2025-04-01,retro,2025-04-01,2026-09-01,17,903064.0,830679.0,975449.0,False,898000.0,56480.0,0.917785,4.622457,10,2,0
2025-04-01,retro,2025-04-01,2026-10-01,18,903064.0,830679.0,975449.0,False,898000.0,56480.0,0.917785,4.622457,10,2,0
2025-05-01,retro,2025-05-01,2025-06-01,1,871804.0,800307.0,943302.0,False,898000.0,55788.0,0.917798,4.515027,10,2,0
2025-05-01,retro,2025-05-01,2025-07-01,2,847645.0,776147.0,919143.0,False,898000.0,55788.0,0.917798,4.515027,10,2,0
2025-05-01,retro,2025-05-01,2025-08-01,3,853164.0,781667.0,924662.0,False,898000.0,55788.0,0.917798,4.515027,10,2,0
2025-05-01,retro,2025-05-01,2025-09-01,4,862363.0,790865.0,933861.0,False,898000.0,55788.0,0.917798,4.515027,10,2,0
2025-05-01,retro,2025-05-01,2025-10-01,5,865123.0,793625.0,936621.0,False,898000.0,55788.0,0.917798,4.515027,10,2,0
2025-05-01,retro,2025-05-01,2025-11-01,6,867882.0,796385.0,939380.0,False,898000.0,55788.0,0.917798,4.515027,10,2,0
2025-05-01,retro,2025-05-01,2025-12-01,7,877081.0,805584.0,948579.0,False,898000.0,55788.0,0.917798,4.515027,10,2,0
2025-05-01,retro,2025-05-01,2026-01-01,8,873402.0,801904.0,944899.0,False,898000.0,55788.0,0.917798,4.515027,10,2,0
2025-05-01,retro,2025-05-01,2026-02-01,9,875241.0,803744.0,946739.0,False,898000.0,55788.0,0.917798,4.515027,10,2,0
2025-05-01,retro,2025-05-01,2026-03-01,10,876161.0,804664.0,947659.0,False,898000.0,55788.0,0.917798,4.515027,10,2,0
2025-05-01,retro,2025-05-01,2026-04-01,11,876161.0,804664.0,947659.0,False,898000.0,55788.0,0.917798,4.515027,10,2,0
2025-05-01,retro,2025-05-01,2026-05-01,12,876161.0,804664.0,947659.0,False,898000.0,55788.0,0.917798,4.515027,10,2,0
2025-05-01,retro,2025-05-01,2026-06-01,13,876161.0,804664.0,947659.0,False,898000.0,55788.0,0.917798,4.515027,10,2,0
2025-05-01,retro,2025-05-01,2026-07-01,14,876161.0,804664.0,947659.0,False,898000.0,55788.0,0.917798,4.515027,10,2,0
2025-05-01,retro,2025-05-01,2026-08-01,15,876161.0,804664.0,947659.0,False,898000.0,55788.0,0.917798,4.515027,10,2,0
2025-05-01,retro,2025-05-01,2026-09-01,16,876161.0,804664.0,947659.0,False,898000.0,55788.0,0.917798,4.515027,10,2,0
2025-05-01,retro,2025-05-01,2026-10-01,17,876161.0,804664.0,947659.0,False,898000.0,55788.0,0.917798,4.515027,10,2,0
2025-05-01,retro,2025-05-01,2026-11-01,18,876161.0,804664.0,947659.0,False,898000.0,55788.0,0.917798,4.515027,10,2,0
2025-06-01,retro,2025-06-01,2025-07-01,1,848557.0,777568.0,919546.0,False,907000.0,55391.0,0.917634,4.500655,10,2,0
2025-06-01,retro,2025-06-01,2025-08-01,2,881715.0,810726.0,952704.0,False,907000.0,55391.0,0.917634,4.500655,10,2,0
2025-06-01,retro,2025-06-01,2025-09-01,3,890908.0,819920.0,961897.0,False,907000.0,55391.0,0.917634,4.500655,10,2,0
2025-06-01,retro,2025-06-01,2025-10-01,4,893666.0,822678.0,964655.0,False,907000.0,55391.0,0.917634,4.500655,10,2,0
2025-06-01,retro,2025-06-01,2025-11-01,5,896424.0,825436.0,967413.0,False,907000.0,55391.0,0.917634,4.500655,10,2,0
2025-06-01,retro,2025-06-01,2025-12-01,6,905618.0,834629.0,976607.0,False,907000.0,55391.0,0.917634,4.500655,10,2,0
2025-06-01,retro,2025-06-01,2026-01-01,7,901940.0,830951.0,972929.0,False,907000.0,55391.0,0.917634,4.500655,10,2,0
2025-06-01,retro,2025-06-01,2026-02-01,8,903779.0,832790.0,974768.0,False,907000.0,55391.0,0.917634,4.500655,10,2,0
2025-06-01,retro,2025-06-01,2026-03-01,9,904698.0,833709.0,975687.0,False,907000.0,55391.0,0.917634,4.500655,10,2,0
2025-06-01,retro,2025-06-01,2026-04-01,10,905618.0,834629.0,976607.0,False,907000.0,55391.0,0.917634,4.500655,10,2,0
2025-06-01,retro,2025-06-01,2026-05-01,11,905618.0,834629.0,976607.0,False,907000.0,55391.0,0.917634,4.500655,10,2,0
2025-06-01,retro,2025-06-01,2026-06-01,12,905618.0,834629.0,976607.0,False,907000.0,55391.0,0.917634,4.500655,10,2,0
2025-06-01,retro,2025-06-01,2026-07-01,13,905618.0,834629.0,976607.0,False,907000.0,55391.0,0.917634,4.500655,10,2,0
2025-06-01,retro,2025-06-01,2026-08-01,14,905618.0,834629.0,976607.0,False,907000.0,55391.0,0.917634,4.500655,10,2,0
2025-06-01,retro,2025-06-01,2026-09-01,15,905618.0,834629.0,976607.0,False,907000.0,55391.0,0.917634,4.500655,10,2,0
2025-06-01,retro,2025-06-01,2026-10-01,16,905618.0,834629.0,976607.0,False,907000.0,55391.0,0.917634,4.500655,10,2,0
2025-06-01,retro,2025-06-01,2026-11-01,17,905618.0,834629.0,976607.0,False,907000.0,55391.0,0.917634,4.500655,10,2,0
2025-06-01,retro,2025-06-01,2026-12-01,18,905618.0,834629.0,976607.0,False,907000.0,55391.0,0.917634,4.500655,10,2,0
2025-07-01,retro,2025-07-01,2025-08-01,1,873936.0,801987.0,945884.0,False,917000.0,56140.0,0.916697,4.618998,10,2,0
2025-07-01,retro,2025-07-01,2025-09-01,2,896601.0,824653.0,968550.0,False,917000.0,56140.0,0.916697,4.618998,10,2,0
2025-07-01,retro,2025-07-01,2025-10-01,3,899357.0,827408.0,971305.0,False,917000.0,56140.0,0.916697,4.618998,10,2,0
2025-07-01,retro,2025-07-01,2025-11-01,4,902112.0,830163.0,974061.0,False,917000.0,56140.0,0.916697,4.618998,10,2,0
2025-07-01,retro,2025-07-01,2025-12-01,5,911297.0,839348.0,983245.0,False,917000.0,56140.0,0.916697,4.618998,10,2,0
2025-07-01,retro,2025-07-01,2026-01-01,6,907623.0,835674.0,979571.0,False,917000.0,56140.0,0.916697,4.618998,10,2,0
2025-07-01,retro,2025-07-01,2026-02-01,7,909460.0,837511.0,981408.0,False,917000.0,56140.0,0.916697,4.618998,10,2,0
2025-07-01,retro,2025-07-01,2026-03-01,8,910378.0,838430.0,982327.0,False,917000.0,56140.0,0.916697,4.618998,10,2,0
2025-07-01,retro,2025-07-01,2026-04-01,9,911297.0,839348.0,983245.0,False,917000.0,56140.0,0.916697,4.618998,10,2,0
2025-07-01,retro,2025-07-01,2026-05-01,10,911297.0,839348.0,983245.0,False,917000.0,56140.0,0.916697,4.618998,10,2,0
2025-07-01,retro,2025-07-01,2026-06-01,11,911297.0,839348.0,983245.0,False,917000.0,56140.0,0.916697,4.618998,10,2,0
2025-07-01,retro,2025-07-01,2026-07-01,12,911297.0,839348.0,983245.0,False,917000.0,56140.0,0.916697,4.618998,10,2,0
2025-07-01,retro,2025-07-01,2026-08-01,13,911297.0,839348.0,983245.0,False,917000.0,56140.0,0.916697,4.618998,10,2,0
2025-07-01,retro,2025-07-01,2026-09-01,14,911297.0,839348.0,983245.0,False,917000.0,56140.0,0.916697,4.618998,10,2,0
2025-07-01,retro,2025-07-01,2026-10-01,15,911297.0,839348.0,983245.0,False,917000.0,56140.0,0.916697,4.618998,10,2,0
2025-07-01,retro,2025-07-01,2026-11-01,16,911297.0,839348.0,983245.0,False,917000.0,56140.0,0.916697,4.618998,10,2,0
2025-07-01,retro,2025-07-01,2026-12-01,17,911297.0,839348.0,983245.0,False,917000.0,56140.0,0.916697,4.618998,10,2,0
2025-07-01,retro,2025-07-01,2027-01-01,18,911297.0,839348.0,983245.0,False,917000.0,56140.0,0.916697,4.618998,10,2,0
2025-08-01,retro,2025-08-01,2025-09-01,1,897193.0,825485.0,968901.0,False,918000.0,55952.0,0.916441,4.630841,10,2,0
2025-08-01,retro,2025-08-01,2025-10-01,2,926694.0,854986.0,998402.0,False,918000.0,55952.0,0.916441,4.630841,10,2,0
2025-08-01,retro,2025-08-01,2025-11-01,3,929448.0,857740.0,1001156.0,False,918000.0,55952.0,0.916441,4.630841,10,2,0
2025-08-01,retro,2025-08-01,2025-12-01,4,938628.0,866920.0,1010336.0,False,918000.0,55952.0,0.916441,4.630841,10,2,0
2025-08-01,retro,2025-08-01,2026-01-01,5,934956.0,863248.0,1006664.0,False,918000.0,55952.0,0.916441,4.630841,10,2,0
2025-08-01,retro,2025-08-01,2026-02-01,6,936792.0,865084.0,1008500.0,False,918000.0,55952.0,0.916441,4.630841,10,2,0
2025-08-01,retro,2025-08-01,2026-03-01,7,937710.0,866002.0,1009418.0,False,918000.0,55952.0,0.916441,4.630841,10,2,0
2025-08-01,retro,2025-08-01,2026-04-01,8,938628.0,866920.0,1010336.0,False,918000.0,55952.0,0.916441,4.630841,10,2,0
2025-08-01,retro,2025-08-01,2026-05-01,9,938628.0,866920.0,1010336.0,False,918000.0,55952.0,0.916441,4.630841,10,2,0
2025-08-01,retro,2025-08-01,2026-06-01,10,938628.0,866920.0,1010336.0,False,918000.0,55952.0,0.916441,4.630841,10,2,0
2025-08-01,retro,2025-08-01,2026-07-01,11,938628.0,866920.0,1010336.0,False,918000.0,55952.0,0.916441,4.630841,10,2,0
2025-08-01,retro,2025-08-01,2026-08-01,12,938628.0,866920.0,1010336.0,False,918000.0,55952.0,0.916441,4.630841,10,2,0
2025-08-01,retro,2025-08-01,2026-09-01,13,938628.0,866920.0,1010336.0,False,918000.0,55952.0,0.916441,4.630841,10,2,0
2025-08-01,retro,2025-08-01,2026-10-01,14,938628.0,866920.0,1010336.0,False,918000.0,55952.0,0.916441,4.630841,10,2,0
2025-08-01,retro,2025-08-01,2026-11-01,15,938628.0,866920.0,1010336.0,False,918000.0,55952.0,0.916441,4.630841,10,2,0
2025-08-01,retro,2025-08-01,2026-12-01,16,938628.0,866920.0,1010336.0,False,918000.0,55952.0,0.916441,4.630841,10,2,0
2025-08-01,retro,2025-08-01,2027-01-01,17,938628.0,866920.0,1010336.0,False,918000.0,55952.0,0.916441,4.630841,10,2,0
2025-08-01,retro,2025-08-01,2027-02-01,18,938628.0,866920.0,1010336.0,False,918000.0,55952.0,0.916441,4.630841,10,2,0
2025-09-01,retro,2025-09-01,2025-10-01,1,926935.0,855749.0,998122.0,False,926000.0,55545.0,0.916361,4.607149,10,2,0
2025-09-01,retro,2025-09-01,2025-11-01,2,943016.0,871829.0,1014203.0,False,926000.0,55545.0,0.916361,4.607149,10,2,0
2025-09-01,retro,2025-09-01,2025-12-01,3,952193.0,881006.0,1023380.0,False,926000.0,55545.0,0.916361,4.607149,10,2,0
2025-09-01,retro,2025-09-01,2026-01-01,4,948522.0,877335.0,1019709.0,False,926000.0,55545.0,0.916361,4.607149,10,2,0
2025-09-01,retro,2025-09-01,2026-02-01,5,950358.0,879171.0,1021544.0,False,926000.0,55545.0,0.916361,4.607149,10,2,0
2025-09-01,retro,2025-09-01,2026-03-01,6,951275.0,880088.0,1022462.0,False,926000.0,55545.0,0.916361,4.607149,10,2,0
2025-09-01,retro,2025-09-01,2026-04-01,7,952193.0,881006.0,1023380.0,False,926000.0,55545.0,0.916361,4.607149,10,2,0
2025-09-01,retro,2025-09-01,2026-05-01,8,952193.0,881006.0,1023380.0,False,926000.0,55545.0,0.916361,4.607149,10,2,0
2025-09-01,retro,2025-09-01,2026-06-01,9,952193.0,881006.0,1023380.0,False,926000.0,55545.0,0.916361,4.607149,10,2,0
2025-09-01,retro,2025-09-01,2026-07-01,10,954028.0,882841.0,1025215.0,False,926000.0,55545.0,0.916361,4.607149,10,2,0
2025-09-01,retro,2025-09-01,2026-08-01,11,954028.0,882841.0,1025215.0,False,926000.0,55545.0,0.916361,4.607149,10,2,0
2025-09-01,retro,2025-09-01,2026-09-01,12,954028.0,882841.0,1025215.0,False,926000.0,55545.0,0.916361,4.607149,10,2,0
2025-09-01,retro,2025-09-01,2026-10-01,13,954028.0,882841.0,1025215.0,False,926000.0,55545.0,0.916361,4.607149,10,2,0
2025-09-01,retro,2025-09-01,2026-11-01,14,954028.0,882841.0,1025215.0,False,926000.0,55545.0,0.916361,4.607149,10,2,0
2025-09-01,retro,2025-09-01,2026-12-01,15,954028.0,882841.0,1025215.0,False,926000.0,55545.0,0.916361,4.607149,10,2,0
2025-09-01,retro,2025-09-01,2027-01-01,16,954028.0,882841.0,1025215.0,False,926000.0,55545.0,0.916361,4.607149,10,2,0
2025-09-01,retro,2025-09-01,2027-02-01,17,954028.0,882841.0,1025215.0,False,926000.0,55545.0,0.916361,4.607149,10,2,0
2025-09-01,retro,2025-09-01,2027-03-01,18,954028.0,882841.0,1025215.0,False,926000.0,55545.0,0.916361,4.607149,10,2,0
2025-10-01,retro,2025-10-01,2025-11-01,1,933359.0,862641.0,1004077.0,False,935000.0,55179.0,0.916265,4.579303,10,2,0
2025-10-01,retro,2025-10-01,2025-12-01,2,915885.0,845167.0,986602.0,False,935000.0,55179.0,0.916265,4.579303,10,2,0
2025-10-01,retro,2025-10-01,2026-01-01,3,912215.0,841497.0,982933.0,False,935000.0,55179.0,0.916265,4.579303,10,2,0
2025-10-01,retro,2025-10-01,2026-02-01,4,914050.0,843332.0,984768.0,False,935000.0,55179.0,0.916265,4.579303,10,2,0
2025-10-01,retro,2025-10-01,2026-03-01,5,914967.0,844249.0,985685.0,False,935000.0,55179.0,0.916265,4.579303,10,2,0
2025-10-01,retro,2025-10-01,2026-04-01,6,915885.0,845167.0,986602.0,False,935000.0,55179.0,0.916265,4.579303,10,2,0
2025-10-01,retro,2025-10-01,2026-05-01,7,915885.0,845167.0,986602.0,False,935000.0,55179.0,0.916265,4.579303,10,2,0
2025-10-01,retro,2025-10-01,2026-06-01,8,915885.0,845167.0,986602.0,False,935000.0,55179.0,0.916265,4.579303,10,2,0
2025-10-01,retro,2025-10-01,2026-07-01,9,917719.0,847002.0,988437.0,False,935000.0,55179.0,0.916265,4.579303,10,2,0
2025-10-01,retro,2025-10-01,2026-08-01,10,917719.0,847002.0,988437.0,False,935000.0,55179.0,0.916265,4.579303,10,2,0
2025-10-01,retro,2025-10-01,2026-09-01,11,917719.0,847002.0,988437.0,False,935000.0,55179.0,0.916265,4.579303,10,2,0
2025-10-01,retro,2025-10-01,2026-10-01,12,917719.0,847002.0,988437.0,False,935000.0,55179.0,0.916265,4.579303,10,2,0
2025-10-01,retro,2025-10-01,2026-11-01,13,917719.0,847002.0,988437.0,False,935000.0,55179.0,0.916265,4.579303,10,2,0
2025-10-01,retro,2025-10-01,2026-12-01,14,917719.0,847002.0,988437.0,False,935000.0,55179.0,0.916265,4.579303,10,2,0
2025-10-01,retro,2025-10-01,2027-01-01,15,917719.0,847002.0,988437.0,False,935000.0,55179.0,0.916265,4.579303,10,2,0
2025-10-01,retro,2025-10-01,2027-02-01,16,917719.0,847002.0,988437.0,False,935000.0,55179.0,0.916265,4.579303,10,2,0
2025-10-01,retro,2025-10-01,2027-03-01,17,917719.0,847002.0,988437.0,False,935000.0,55179.0,0.916265,4.579303,10,2,0
2025-10-01,retro,2025-10-01,2027-04-01,18,917719.0,847002.0,988437.0,False,935000.0,55179.0,0.916265,4.579303,10,2,0
2025-11-01,retro,2025-11-01,2025-12-01,1,915942.0,845935.0,985949.0,False,943000.0,54625.0,0.916325,4.512348,10,2,0
2025-11-01,retro,2025-11-01,2026-01-01,2,872267.0,802260.0,942274.0,False,943000.0,54625.0,0.916325,4.512348,10,2,0
2025-11-01,retro,2025-11-01,2026-02-01,3,874102.0,804095.0,944109.0,False,943000.0,54625.0,0.916325,4.512348,10,2,0
2025-11-01,retro,2025-11-01,2026-03-01,4,875019.0,805012.0,945026.0,False,943000.0,54625.0,0.916325,4.512348,10,2,0
2025-11-01,retro,2025-11-01,2026-04-01,5,875937.0,805929.0,945944.0,False,943000.0,54625.0,0.916325,4.512348,10,2,0
2025-11-01,retro,2025-11-01,2026-05-01,6,875937.0,805929.0,945944.0,False,943000.0,54625.0,0.916325,4.512348,10,2,0
2025-11-01,retro,2025-11-01,2026-06-01,7,875937.0,805929.0,945944.0,False,943000.0,54625.0,0.916325,4.512348,10,2,0
2025-11-01,retro,2025-11-01,2026-07-01,8,877771.0,807764.0,947778.0,False,943000.0,54625.0,0.916325,4.512348,10,2,0
2025-11-01,retro,2025-11-01,2026-08-01,9,877771.0,807764.0,947778.0,False,943000.0,54625.0,0.916325,4.512348,10,2,0
2025-11-01,retro,2025-11-01,2026-09-01,10,876854.0,806847.0,946861.0,False,943000.0,54625.0,0.916325,4.512348,10,2,0
2025-11-01,retro,2025-11-01,2026-10-01,11,876854.0,806847.0,946861.0,False,943000.0,54625.0,0.916325,4.512348,10,2,0
2025-11-01,retro,2025-11-01,2026-11-01,12,876854.0,806847.0,946861.0,False,943000.0,54625.0,0.916325,4.512348,10,2,0
2025-11-01,retro,2025-11-01,2026-12-01,13,876854.0,806847.0,946861.0,False,943000.0,54625.0,0.916325,4.512348,10,2,0
2025-11-01,retro,2025-11-01,2027-01-01,14,876854.0,806847.0,946861.0,False,943000.0,54625.0,0.916325,4.512348,10,2,0
2025-11-01,retro,2025-11-01,2027-02-01,15,876854.0,806847.0,946861.0,False,943000.0,54625.0,0.916325,4.512348,10,2,0
2025-11-01,retro,2025-11-01,2027-03-01,16,876854.0,806847.0,946861.0,False,943000.0,54625.0,0.916325,4.512348,10,2,0
2025-11-01,retro,2025-11-01,2027-04-01,17,876854.0,806847.0,946861.0,False,943000.0,54625.0,0.916325,4.512348,10,2,0
2025-11-01,retro,2025-11-01,2027-05-01,18,876854.0,806847.0,946861.0,False,943000.0,54625.0,0.916325,4.512348,10,2,0
2025-12-01,retro,2025-12-01,2026-01-01,1,872579.0,802891.0,942267.0,False,952000.0,54376.0,0.91622,4.508045,10,2,0
2025-12-01,retro,2025-12-01,2026-02-01,2,927674.0,857986.0,997362.0,False,952000.0,54376.0,0.91622,4.508045,10,2,0
2025-12-01,retro,2025-12-01,2026-03-01,3,928591.0,858904.0,998279.0,False,952000.0,54376.0,0.91622,4.508045,10,2,0
2025-12-01,retro,2025-12-01,2026-04-01,4,929508.0,859821.0,999196.0,False,952000.0,54376.0,0.91622,4.508045,10,2,0
2025-12-01,retro,2025-12-01,2026-05-01,5,929508.0,859821.0,999196.0,False,952000.0,54376.0,0.91622,4.508045,10,2,0
2025-12-01,retro,2025-12-01,2026-06-01,6,929508.0,859821.0,999196.0,False,952000.0,54376.0,0.91622,4.508045,10,2,0
2025-12-01,retro,2025-12-01,2026-07-01,7,931342.0,861655.0,1001030.0,False,952000.0,54376.0,0.91622,4.508045,10,2,0
2025-12-01,retro,2025-12-01,2026-08-01,8,931342.0,861655.0,1001030.0,False,952000.0,54376.0,0.91622,4.508045,10,2,0
2025-12-01,retro,2025-12-01,2026-09-01,9,930425.0,860738.0,1000113.0,False,952000.0,54376.0,0.91622,4.508045,10,2,0
2025-12-01,retro,2025-12-01,2026-10-01,10,931342.0,861655.0,1001030.0,False,952000.0,54376.0,0.91622,4.508045,10,2,0
2025-12-01,retro,2025-12-01,2026-11-01,11,931342.0,861655.0,1001030.0,False,952000.0,54376.0,0.91622,4.508045,10,2,0
2025-12-01,retro,2025-12-01,2026-12-01,12,931342.0,861655.0,1001030.0,False,952000.0,54376.0,0.91622,4.508045,10,2,0
2025-12-01,retro,2025-12-01,2027-01-01,13,931342.0,861655.0,1001030.0,False,952000.0,54376.0,0.91622,4.508045,10,2,0
2025-12-01,retro,2025-12-01,2027-02-01,14,931342.0,861655.0,1001030.0,False,952000.0,54376.0,0.91622,4.508045,10,2,0
2025-12-01,retro,2025-12-01,2027-03-01,15,931342.0,861655.0,1001030.0,False,952000.0,54376.0,0.91622,4.508045,10,2,0
2025-12-01,retro,2025-12-01,2027-04-01,16,931342.0,861655.0,1001030.0,False,952000.0,54376.0,0.91622,4.508045,10,2,0
2025-12-01,retro,2025-12-01,2027-05-01,17,931342.0,861655.0,1001030.0,False,952000.0,54376.0,0.91622,4.508045,10,2,0
2025-12-01,retro,2025-12-01,2027-06-01,18,931342.0,861655.0,1001030.0,False,952000.0,54376.0,0.91622,4.508045,10,2,0
2026-01-01,retro,2026-01-01,2026-02-01,1,918185.0,846791.0,989578.0,False,955000.0,55707.0,0.914958,4.644332,10,2,0
2026-01-01,retro,2026-01-01,2026-03-01,2,945228.0,873834.0,1016621.0,False,955000.0,55707.0,0.914958,4.644332,10,2,0
2026-01-01,retro,2026-01-01,2026-04-01,3,946145.0,874751.0,1017538.0,False,955000.0,55707.0,0.914958,4.644332,10,2,0
2026-01-01,retro,2026-01-01,2026-05-01,4,946145.0,874751.0,1017538.0,False,955000.0,55707.0,0.914958,4.644332,10,2,0
2026-01-01,retro,2026-01-01,2026-06-01,5,946145.0,874751.0,1017538.0,False,955000.0,55707.0,0.914958,4.644332,10,2,0
2026-01-01,retro,2026-01-01,2026-07-01,6,947979.0,876585.0,1019372.0,False,955000.0,55707.0,0.914958,4.644332,10,2,0
2026-01-01,retro,2026-01-01,2026-08-01,7,947979.0,876585.0,1019372.0,False,955000.0,55707.0,0.914958,4.644332,10,2,0
2026-01-01,retro,2026-01-01,2026-09-01,8,947062.0,875668.0,1018455.0,False,955000.0,55707.0,0.914958,4.644332,10,2,0
2026-01-01,retro,2026-01-01,2026-10-01,9,947979.0,876585.0,1019372.0,False,955000.0,55707.0,0.914958,4.644332,10,2,0
2026-01-01,retro,2026-01-01,2026-11-01,10,942477.0,871083.0,1013870.0,False,955000.0,55707.0,0.914958,4.644332,10,2,0
2026-01-01,retro,2026-01-01,2026-12-01,11,942477.0,871083.0,1013870.0,False,955000.0,55707.0,0.914958,4.644332,10,2,0
2026-01-01,retro,2026-01-01,2027-01-01,12,942477.0,871083.0,1013870.0,False,955000.0,55707.0,0.914958,4.644332,10,2,0
2026-01-01,retro,2026-01-01,2027-02-01,13,942477.0,871083.0,1013870.0,False,955000.0,55707.0,0.914958,4.644332,10,2,0
2026-01-01,retro,2026-01-01,2027-03-01,14,942477.0,871083.0,1013870.0,False,955000.0,55707.0,0.914958,4.644332,10,2,0
2026-01-01,retro,2026-01-01,2027-04-01,15,942477.0,871083.0,1013870.0,False,955000.0,55707.0,0.914958,4.644332,10,2,0
2026-01-01,retro,2026-01-01,2027-05-01,16,942477.0,871083.0,1013870.0,False,955000.0,55707.0,0.914958,4.644332,10,2,0
2026-01-01,retro,2026-01-01,2027-06-01,17,942477.0,871083.0,1013870.0,False,955000.0,55707.0,0.914958,4.644332,10,2,0
2026-01-01,retro,2026-01-01,2027-07-01,18,942477.0,871083.0,1013870.0,False,955000.0,55707.0,0.914958,4.644332,10,2,0
2026-02-01,retro,2026-02-01,2026-03-01,1,945498.0,874364.0,1016633.0,False,958000.0,55505.0,0.914825,4.644339,10,2,0
2026-02-01,retro,2026-02-01,2026-04-01,2,933331.0,862196.0,1004465.0,False,958000.0,55505.0,0.914825,4.644339,10,2,0
2026-02-01,retro,2026-02-01,2026-05-01,3,933331.0,862196.0,1004465.0,False,958000.0,55505.0,0.914825,4.644339,10,2,0
2026-02-01,retro,2026-02-01,2026-06-01,4,933331.0,862196.0,1004465.0,False,958000.0,55505.0,0.914825,4.644339,10,2,0
2026-02-01,retro,2026-02-01,2026-07-01,5,935164.0,864030.0,1006299.0,False,958000.0,55505.0,0.914825,4.644339,10,2,0
2026-02-01,retro,2026-02-01,2026-08-01,6,935164.0,864030.0,1006299.0,False,958000.0,55505.0,0.914825,4.644339,10,2,0
2026-02-01,retro,2026-02-01,2026-09-01,7,934247.0,863113.0,1005382.0,False,958000.0,55505.0,0.914825,4.644339,10,2,0
2026-02-01,retro,2026-02-01,2026-10-01,8,935164.0,864030.0,1006299.0,False,958000.0,55505.0,0.914825,4.644339,10,2,0
2026-02-01,retro,2026-02-01,2026-11-01,9,929664.0,858530.0,1000799.0,False,958000.0,55505.0,0.914825,4.644339,10,2,0
2026-02-01,retro,2026-02-01,2026-12-01,10,925081.0,853946.0,996215.0,False,958000.0,55505.0,0.914825,4.644339,10,2,0
2026-02-01,retro,2026-02-01,2027-01-01,11,925081.0,853946.0,996215.0,False,958000.0,55505.0,0.914825,4.644339,10,2,0
2026-02-01,retro,2026-02-01,2027-02-01,12,925081.0,853946.0,996215.0,False,958000.0,55505.0,0.914825,4.644339,10,2,0
2026-02-01,retro,2026-02-01,2027-03-01,13,925081.0,853946.0,996215.0,False,958000.0,55505.0,0.914825,4.644339,10,2,0
2026-02-01,retro,2026-02-01,2027-04-01,14,925081.0,853946.0,996215.0,False,958000.0,55505.0,0.914825,4.644339,10,2,0
2026-02-01,retro,2026-02-01,2027-05-01,15,925081.0,853946.0,996215.0,False,958000.0,55505.0,0.914825,4.644339,10,2,0
2026-02-01,retro,2026-02-01,2027-06-01,16,925081.0,853946.0,996215.0,False,958000.0,55505.0,0.914825,4.644339,10,2,0
2026-02-01,retro,2026-02-01,2027-07-01,17,925081.0,853946.0,996215.0,False,958000.0,55505.0,0.914825,4.644339,10,2,0
2026-02-01,retro,2026-02-01,2027-08-01,18,925081.0,853946.0,996215.0,False,958000.0,55505.0,0.914825,4.644339,10,2,0
2026-03-01,retro,2026-03-01,2026-04-01,1,933389.0,862929.0,1003848.0,False,952000.0,54977.0,0.914909,4.574955,10,2,0
2026-03-01,retro,2026-03-01,2026-05-01,2,907192.0,836732.0,977651.0,False,952000.0,54977.0,0.914909,4.574955,10,2,0
2026-03-01,retro,2026-03-01,2026-06-01,3,907192.0,836732.0,977651.0,False,952000.0,54977.0,0.914909,4.574955,10,2,0
2026-03-01,retro,2026-03-01,2026-07-01,4,909025.0,838566.0,979484.0,False,952000.0,54977.0,0.914909,4.574955,10,2,0
2026-03-01,retro,2026-03-01,2026-08-01,5,909025.0,838566.0,979484.0,False,952000.0,54977.0,0.914909,4.574955,10,2,0
2026-03-01,retro,2026-03-01,2026-09-01,6,908108.0,837649.0,978567.0,False,952000.0,54977.0,0.914909,4.574955,10,2,0
2026-03-01,retro,2026-03-01,2026-10-01,7,909025.0,838566.0,979484.0,False,952000.0,54977.0,0.914909,4.574955,10,2,0
2026-03-01,retro,2026-03-01,2026-11-01,8,903525.0,833066.0,973984.0,False,952000.0,54977.0,0.914909,4.574955,10,2,0
2026-03-01,retro,2026-03-01,2026-12-01,9,898942.0,828483.0,969401.0,False,952000.0,54977.0,0.914909,4.574955,10,2,0
2026-03-01,retro,2026-03-01,2027-01-01,10,898942.0,828483.0,969401.0,False,952000.0,54977.0,0.914909,4.574955,10,2,0
2026-03-01,retro,2026-03-01,2027-02-01,11,898942.0,828483.0,969401.0,False,952000.0,54977.0,0.914909,4.574955,10,2,0
2026-03-01,retro,2026-03-01,2027-03-01,12,898942.0,828483.0,969401.0,False,952000.0,54977.0,0.914909,4.574955,10,2,0
2026-03-01,retro,2026-03-01,2027-04-01,13,898942.0,828483.0,969401.0,False,952000.0,54977.0,0.914909,4.574955,10,2,0
2026-03-01,retro,2026-03-01,2027-05-01,14,898942.0,828483.0,969401.0,False,952000.0,54977.0,0.914909,4.574955,10,2,0
2026-03-01,retro,2026-03-01,2027-06-01,15,898942.0,828483.0,969401.0,False,952000.0,54977.0,0.914909,4.574955,10,2,0
2026-03-01,retro,2026-03-01,2027-07-01,16,898942.0,828483.0,969401.0,False,952000.0,54977.0,0.914909,4.574955,10,2,0
2026-03-01,retro,2026-03-01,2027-08-01,17,898942.0,828483.0,969401.0,False,952000.0,54977.0,0.914909,4.574955,10,2,0
2026-03-01,retro,2026-03-01,2027-09-01,18,898942.0,828483.0,969401.0,False,952000.0,54977.0,0.914909,4.574955,10,2,0
2026-04-01,retro,2026-04-01,2026-05-01,1,897327.0,827274.0,967380.0,False,947000.0,54660.0,0.914844,4.561739,10,2,0
2026-04-01,retro,2026-04-01,2026-06-01,2,871014.0,800961.0,941067.0,False,947000.0,54660.0,0.914844,4.561739,10,2,0
2026-04-01,retro,2026-04-01,2026-07-01,3,872847.0,802794.0,942899.0,False,947000.0,54660.0,0.914844,4.561739,10,2,0
2026-04-01,retro,2026-04-01,2026-08-01,4,872847.0,802794.0,942899.0,False,947000.0,54660.0,0.914844,4.561739,10,2,0
2026-04-01,retro,2026-04-01,2026-09-01,5,871930.0,801877.0,941983.0,False,947000.0,54660.0,0.914844,4.561739,10,2,0
2026-04-01,retro,2026-04-01,2026-10-01,6,872847.0,802794.0,942899.0,False,947000.0,54660.0,0.914844,4.561739,10,2,0
2026-04-01,retro,2026-04-01,2026-11-01,7,867348.0,797295.0,937401.0,False,947000.0,54660.0,0.914844,4.561739,10,2,0
2026-04-01,retro,2026-04-01,2026-12-01,8,862767.0,792714.0,932819.0,False,947000.0,54660.0,0.914844,4.561739,10,2,0
2026-04-01,retro,2026-04-01,2027-01-01,9,862767.0,792714.0,932819.0,False,947000.0,54660.0,0.914844,4.561739,10,2,0
2026-04-01,retro,2026-04-01,2027-02-01,10,861850.0,791797.0,931903.0,False,947000.0,54660.0,0.914844,4.561739,10,2,0
2026-04-01,retro,2026-04-01,2027-03-01,11,861850.0,791797.0,931903.0,False,947000.0,54660.0,0.914844,4.561739,10,2,0
2026-04-01,retro,2026-04-01,2027-04-01,12,861850.0,791797.0,931903.0,False,947000.0,54660.0,0.914844,4.561739,10,2,0
2026-04-01,retro,2026-04-01,2027-05-01,13,861850.0,791797.0,931903.0,False,947000.0,54660.0,0.914844,4.561739,10,2,0
2026-04-01,retro,2026-04-01,2027-06-01,14,861850.0,791797.0,931903.0,False,947000.0,54660.0,0.914844,4.561739,10,2,0
2026-04-01,retro,2026-04-01,2027-07-01,15,861850.0,791797.0,931903.0,False,947000.0,54660.0,0.914844,4.561739,10,2,0
2026-04-01,retro,2026-04-01,2027-08-01,16,861850.0,791797.0,931903.0,False,947000.0,54660.0,0.914844,4.561739,10,2,0
2026-04-01,retro,2026-04-01,2027-09-01,17,861850.0,791797.0,931903.0,False,947000.0,54660.0,0.914844,4.561739,10,2,0
2026-04-01,retro,2026-04-01,2027-10-01,18,861850.0,791797.0,931903.0,False,947000.0,54660.0,0.914844,4.561739,10,2,0
2026-05-01,retro,2026-05-01,2026-06-01,1,871265.0,801112.0,941418.0,False,951000.0,54739.0,0.914499,4.592047,10,2,0
2026-05-01,retro,2026-05-01,2026-07-01,2,925702.0,855549.0,995855.0,False,951000.0,54739.0,0.914499,4.592047,10,2,0
2026-05-01,retro,2026-05-01,2026-08-01,3,925702.0,855549.0,995855.0,False,951000.0,54739.0,0.914499,4.592047,10,2,0
2026-05-01,retro,2026-05-01,2026-09-01,4,924786.0,854633.0,994939.0,False,951000.0,54739.0,0.914499,4.592047,10,2,0
2026-05-01,retro,2026-05-01,2026-10-01,5,925702.0,855549.0,995855.0,False,951000.0,54739.0,0.914499,4.592047,10,2,0
2026-05-01,retro,2026-05-01,2026-11-01,6,920205.0,850052.0,990358.0,False,951000.0,54739.0,0.914499,4.592047,10,2,0
2026-05-01,retro,2026-05-01,2026-12-01,7,915624.0,845471.0,985777.0,False,951000.0,54739.0,0.914499,4.592047,10,2,0
2026-05-01,retro,2026-05-01,2027-01-01,8,915624.0,845471.0,985777.0,False,951000.0,54739.0,0.914499,4.592047,10,2,0
2026-05-01,retro,2026-05-01,2027-02-01,9,914708.0,844555.0,984861.0,False,951000.0,54739.0,0.914499,4.592047,10,2,0
2026-05-01,retro,2026-05-01,2027-03-01,10,915624.0,845471.0,985777.0,False,951000.0,54739.0,0.914499,4.592047,10,2,0
2026-05-01,retro,2026-05-01,2027-04-01,11,915624.0,845471.0,985777.0,False,951000.0,54739.0,0.914499,4.592047,10,2,0
2026-05-01,retro,2026-05-01,2027-05-01,12,915624.0,845471.0,985777.0,False,951000.0,54739.0,0.914499,4.592047,10,2,0
2026-05-01,retro,2026-05-01,2027-06-01,13,915624.0,845471.0,985777.0,False,951000.0,54739.0,0.914499,4.592047,10,2,0
2026-05-01,retro,2026-05-01,2027-07-01,14,915624.0,845471.0,985777.0,False,951000.0,54739.0,0.914499,4.592047,10,2,0
2026-05-01,retro,2026-05-01,2027-08-01,15,915624.0,845471.0,985777.0,False,951000.0,54739.0,0.914499,4.592047,10,2,0
2026-05-01,retro,2026-05-01,2027-09-01,16,915624.0,845471.0,985777.0,False,951000.0,54739.0,0.914499,4.592047,10,2,0
2026-05-01,retro,2026-05-01,2027-10-01,17,915624.0,845471.0,985777.0,False,951000.0,54739.0,0.914499,4.592047,10,2,0
2026-05-01,retro,2026-05-01,2027-11-01,18,915624.0,845471.0,985777.0,False,951000.0,54739.0,0.914499,4.592047,10,2,0
2026-06-01,retro,2026-06-01,2026-07-01,1,925797.0,854593.0,997001.0,False,954000.0,55558.0,0.913569,4.679315,10,2,0
2026-06-01,retro,2026-06-01,2026-08-01,2,912790.0,841587.0,983994.0,False,954000.0,55558.0,0.913569,4.679315,10,2,0
2026-06-01,retro,2026-06-01,2026-09-01,3,911874.0,840670.0,983078.0,False,954000.0,55558.0,0.913569,4.679315,10,2,0
2026-06-01,retro,2026-06-01,2026-10-01,4,912790.0,841587.0,983994.0,False,954000.0,55558.0,0.913569,4.679315,10,2,0
2026-06-01,retro,2026-06-01,2026-11-01,5,907293.0,836090.0,978497.0,False,954000.0,55558.0,0.913569,4.679315,10,2,0
2026-06-01,retro,2026-06-01,2026-12-01,6,902712.0,831509.0,973916.0,False,954000.0,55558.0,0.913569,4.679315,10,2,0
2026-06-01,retro,2026-06-01,2027-01-01,7,902712.0,831509.0,973916.0,False,954000.0,55558.0,0.913569,4.679315,10,2,0
2026-06-01,retro,2026-06-01,2027-02-01,8,901796.0,830593.0,973000.0,False,954000.0,55558.0,0.913569,4.679315,10,2,0
2026-06-01,retro,2026-06-01,2027-03-01,9,902712.0,831509.0,973916.0,False,954000.0,55558.0,0.913569,4.679315,10,2,0
2026-06-01,retro,2026-06-01,2027-04-01,10,897215.0,826012.0,968419.0,False,954000.0,55558.0,0.913569,4.679315,10,2,0
2026-06-01,retro,2026-06-01,2027-05-01,11,897215.0,826012.0,968419.0,False,954000.0,55558.0,0.913569,4.679315,10,2,0
2026-06-01,retro,2026-06-01,2027-06-01,12,897215.0,826012.0,968419.0,False,954000.0,55558.0,0.913569,4.679315,10,2,0
2026-06-01,retro,2026-06-01,2027-07-01,13,897215.0,826012.0,968419.0,False,954000.0,55558.0,0.913569,4.679315,10,2,0
2026-06-01,retro,2026-06-01,2027-08-01,14,897215.0,826012.0,968419.0,False,954000.0,55558.0,0.913569,4.679315,10,2,0
2026-06-01,retro,2026-06-01,2027-09-01,15,897215.0,826012.0,968419.0,False,954000.0,55558.0,0.913569,4.679315,10,2,0
2026-06-01,retro,2026-06-01,2027-10-01,16,897215.0,826012.0,968419.0,False,954000.0,55558.0,0.913569,4.679315,10,2,0
2026-06-01,retro,2026-06-01,2027-11-01,17,897215.0,826012.0,968419.0,False,954000.0,55558.0,0.913569,4.679315,10,2,0
2026-06-01,retro,2026-06-01,2027-12-01,18,897215.0,826012.0,968419.0,False,954000.0,55558.0,0.913569,4.679315,10,2,0
